5124 5193 5513 5407 5343 5543 5445 5324 5228 5162 4658 5553 5074 5206 4820 5002 5067 5286 5232 4613 5270 4858 4599 5319 4940 5036 5430 5008 5163 4908 4879 5350 5050 5508 5183 4823 4938 5217 5477 5635 5583 5165 5134 5281 4848 5371 5323 5214 5423 5022 5445 5085 4894 5595 5386 4962 4805 5750 5473 4757 5648 5127 4632 4906 5280 5223 5640 4857 5216 5225 5391 5065 5233 5075 5155 5310 5132 4834 5230 5469 5142 4840 5133 5489 4925 4562 5218 5183 5174 5095 5160 5252 5543 5449 5345 4627 4887 4847 5116 5181 5537 5377 4440 5448 5118 5203 5396 5005 5402 5002 5092 5132 5375 5273 5551 5439 5273 5554 5010 5455 5288 4882 5239 4879 5158 4582 5285 5511 5345 5327 5427 4961 4995 4823 5042 5003 4681 4984 5331 4909 5324 5144 4479 5176 4997 5101 5269 5199 4907 4977 5105 5031 5400 5442 4843 5215 5254 5669 5544 5288 5318 4780 5379 4809 5042 5358 5157 4790 5488 4935 5612 5301 5213 5609 5215 5320 4762 5161 5246 5179 5136 5032 5276 5237 5570 5121 4860 4701 5255 5007 5013 5527 5465 5073 5115 5283 5043 4501 5146 5082 4939 4869 4878 5135 5143 5052 5020 5084 5295 5112 5401 5107 5539 5088 4452 5604 4916 5724 5032 5219 4743 5126 5099 5589 5210 4875 5462 5297 5084 4439 5396 4798 5037 5042 4683 4951 5012 5091 5296 4865 5090 5324 5253 5245 5284 5027 5085 4951 5073 4852 5234 4840 4909 5461 5016 5082
4687 4713 4781 4961 4774 5240 4959 4943 4456 4705 4123 4931 4868 5090 4562 4604 4390 4610 4732 4141 4943 4515 4322 4933 4650 4497 4813 4716 4719 4697 4685 4973 4400 5062 4679 4663 4528 4756 5096 5136 5069 4844 4565 4803 4437 4720 5197 4774 4846 4639 4978 4540 4706 4925 4992 4466 4522 5469 4916 4382 4895 4986 4292 4609 4979 5046 5201 4546 4832 4827 4913 4485 4723 4576 4834 4770 4420 4623 4807 5217 5007 4591 4505 4666 4582 4258 4918 4385 4606 4932 4713 5144 4865 4911 4798 4338 4390 4368 5034 4842 5234 5189 4282 5098 4741 4981 4973 4967 5059 4730 4568 4846 4931 4935 4854 5114 4733 4948 4880 4815 4620 4321 4612 4780 4621 4305 4766 5139 4746 4900 4893 4171 4854 4631 4815 4784 4680 4481 4618 4535 4704 4613 4377 4667 4695 4852 4727 4897 4504 4900 4562 4568 4786 4867 4629 4767 4875 5064 4898 4692 4752 4486 4904 4466 4561 4782 4675 4358 4925 4471 5105 4752 4870 4855 4871 5278 4402 4732 4840 4970 4935 4613 4646 4513 4739 4867 4874 4452 4938 4966 4707 4815 4802 4549 4692 4898 4782 4196 4941 4930 4246 4578 4685 4803 4731 4859 4595 4670 4934 5045 4911 4869 5327 4633 4071 5153 4642 5401 4557 5077 4298 4779 4949 5058 4586 4488 4751 4930 4624 4222 4505 4597 4485 4511 4538 4517 4717 4621 4756 4586 4289 4953 4742 4612 4752 4833 4938 4890 4689 4546 4894 4657 4334 5033 4698 4954
4910 4902 4999 5094 4925 5209 5238 5235 4921 4943 4543 5159 4985 5382 4699 4945 4719 5085 5088 4438 5053 4876 4382 5130 4707 5006 5400 4664 5261 4717 4892 5409 4812 5037 4893 4893 4574 5212 5217 5674 5511 4891 5158 5135 4920 4878 5319 4810 5050 4937 5308 5075 4842 5062 5445 4708 4711 5591 5366 4805 5155 5003 4599 4700 5271 5147 5429 4852 5106 4832 5122 4934 4931 5092 4964 5075 4655 4712 5129 5390 4870 4806 4840 5092 4748 4560 5321 4724 4758 5069 5034 5225 5286 5156 5042 4503 4813 4813 5451 5278 5622 5289 4689 5337 5128 5151 5342 5033 5148 5129 4760 4877 4988 5487 5446 5379 5022 5440 4961 5115 5183 4914 4931 4915 5003 4486 4919 5239 5035 5290 5304 4568 4818 4795 5186 5097 4790 4622 5077 4901 5193 4938 4642 4816 5027 5124 5026 4877 4683 5024 5078 4629 5059 5340 4558 5149 5170 5503 5384 5023 4894 4876 4888 4796 4660 5190 5069 4664 5108 4924 5400 4967 5269 5238 5241 5349 4711 4812 4961 5033 5186 5032 5292 5028 5379 4853 4941 4624 5185 4979 4724 5350 5019 4947 5238 5216 4830 4592 5319 5293 4549 4731 4775 5032 5144 5171 4749 4874 5172 5426 4919 5058 5290 4912 4531 5162 5137 5208 4997 5264 4582 5140 5354 5739 4940 4980 4976 5220 4909 4620 5095 4338 5145 4711 4559 4610 4671 5019 5144 4983 4593 5337 4916 4970 5259 4758 4887 4878 4853 4628 5388 4987 4813 5688 5059 4971
5349 5313 5304 5422 5404 5797 5340 5825 5276 5187 4624 5469 5129 5488 5008 5221 5029 5158 5417 4471 5368 4802 4999 5542 5243 4902 5523 5489 5484 4999 5188 5489 4844 5595 5030 4997 4916 5180 5486 5691 5705 5240 5031 5256 5039 5195 5718 4975 5236 5265 5462 5138 5049 5367 5726 4975 4767 5843 5479 5105 5541 5166 4969 4895 5604 5414 5780 4793 5544 5128 5462 5183 5050 4982 5428 5446 5362 4934 5455 5710 5175 5019 5101 5223 4948 4893 5612 5339 5319 5029 5273 5537 5557 5265 5357 4877 5092 5191 5409 5401 5514 5576 4744 5520 5330 5314 5399 5165 5558 5200 5258 5249 5481 5567 5343 5677 5158 5465 5092 5394 5249 4690 5078 4964 5085 4596 5136 5522 5432 5237 5398 5300 5535 4843 5039 5165 5071 4914 5328 5301 5435 5129 4843 5038 5040 5057 5226 5255 4917 5020 5191 4893 5393 5710 4955 5300 5269 5610 5479 5047 4923 4972 5212 4998 4893 5220 5204 4970 5556 4988 5843 5324 5439 5314 5171 5192 4659 5055 5158 5316 5401 5178 5529 4917 5598 5078 5213 4691 5368 5306 5369 5533 5301 5264 5356 5565 5326 4856 5559 5350 4777 5300 4994 5266 5149 5378 5155 5066 5117 5406 5188 5198 5747 4906 4385 5349 5229 6024 5154 5567 4737 5257 5305 5612 5424 4851 5329 5267 5102 4611 5260 4979 5164 4944 4834 5241 5262 5063 5396 5342 4816 5515 5195 5318 4982 4975 5329 5170 4971 4963 5601 5336 4995 5621 5545 5414
5098 5197 5283 5328 5429 5555 5763 5578 5075 5286 4762 5292 5084 5388 4883 5329 5103 4807 5154 4777 5382 4721 4787 5102 5273 5062 5402 5134 5177 4867 4904 5579 4988 5449 4990 5366 4711 5442 5798 5702 5447 5256 5137 5286 5104 5318 5550 5210 5435 5210 5448 5179 5144 5534 5403 4908 4885 5883 5667 4989 5304 5649 4940 5209 5478 5437 5742 4893 5379 5419 5281 4980 5123 5138 5058 5350 4787 4989 5626 5626 5227 5122 5053 5254 5346 4579 5461 5210 4958 5529 5244 5329 5449 5658 5216 4581 5014 5258 5467 5152 5414 5658 4572 5607 5431 5457 5784 5275 5353 5215 5146 5311 5106 5264 5632 5467 5394 5413 5218 5141 5385 4933 5084 5065 5388 4552 5161 5446 5207 5218 5225 4879 5028 4945 5173 5242 4737 5339 4982 5020 5301 4942 4743 5135 5012 5228 5061 5207 4840 5097 5332 4978 5632 5378 4991 5330 5241 5661 5791 5207 5214 4902 5369 4688 4895 5192 5136 4947 5426 5032 5509 5229 5467 5469 5265 5622 4488 5067 5092 5458 5362 5158 5424 5215 5281 5257 5075 4580 5320 5411 5025 5548 5475 5029 5236 5408 5281 4931 5338 5355 4891 4938 5009 5077 4961 5427 5201 5127 5083 5436 5089 5311 5566 4844 4699 5517 5387 5665 5201 5669 5078 5292 5319 5599 5280 5185 5398 5681 5185 4703 5288 5042 5144 5040 4893 4922 4865 4985 5100 5058 4716 5299 5203 5005 5244 5347 5158 5180 4827 4963 5295 5171 4976 5261 5265 5169
5517 5545 5622 5683 5537 5943 5833 5576 5320 5549 5253 5719 5473 5580 5274 5435 5150 5569 5503 4972 5411 5117 4997 5683 5308 5209 5770 5359 5594 5217 5469 5733 5330 5777 5109 5180 5277 5502 5807 5861 5830 5526 5396 5388 5341 5316 5925 5308 5584 5456 5931 5328 5317 5538 6025 5101 5074 6422 6040 5426 5650 5595 4939 5362 5715 5796 6075 5357 5609 5216 5602 5228 5285 5439 5665 5639 5263 5337 5665 5819 5577 5365 5657 5528 5410 5010 5743 5366 5317 5753 5509 5750 5679 5630 5571 5163 5168 5370 5727 5556 5590 5693 4881 5678 5368 5544 5844 5439 5517 5523 5518 5653 5611 5876 5715 5879 5441 5717 5604 5626 5627 5115 5562 5452 5635 4755 5513 5932 5579 5514 5726 5079 5509 5307 5590 5339 5252 5199 5358 5307 5486 5426 5143 5410 5322 5452 5612 5514 5114 5508 5540 5286 5657 6004 5218 5603 5798 6199 5947 5822 5384 5322 5510 5375 5098 5512 5703 5129 5669 5387 5753 5578 5617 5550 5577 5694 4670 5342 5322 5701 5676 5339 5539 5370 5596 5486 5736 5180 5564 5627 5473 5584 5627 5466 5550 5435 5357 5049 5558 5600 5103 5138 5344 5441 5501 5531 5389 5242 5670 5697 5570 5633 5567 5071 4912 5747 5629 5989 5192 6006 5187 5736 5685 5898 5631 5769 5843 6005 5413 4925 5675 5165 5494 5351 4954 5409 5286 5240 5596 5400 5088 5691 5414 5331 5423 5537 5309 5429 5237 5414 5595 5446 5372 5814 5552 5479
5516 5622 5847 5672 5635 5925 5934 5793 5634 5680 5217 5845 5381 5670 5300 5521 5274 5555 5619 5057 5607 5264 5051 5681 5219 5425 5788 5354 5724 5535 5289 6154 5551 5745 5419 5436 5117 5672 5968 6388 6174 5634 5532 5596 5230 5695 6012 5305 5888 5226 5939 5620 5268 5556 6051 5375 5291 6319 5980 5408 5796 5446 5026 5749 6053 5786 5969 5168 5698 5655 5637 5432 5317 5651 5676 5697 5302 5618 5628 5842 5644 5606 5467 5632 5660 4896 6074 5687 5753 5689 5766 5921 6044 5902 5625 5179 5144 5335 5782 5601 6071 6001 4897 5897 5609 5689 6022 5408 5899 5357 5420 5592 5730 6013 5999 6065 5696 5787 5660 5602 5504 5272 5818 5244 5824 5168 5743 6007 5819 5673 5814 5106 5684 5575 5450 5475 5098 5183 5603 5316 5952 5633 5299 5446 5522 5780 5363 5595 5407 5571 5794 5571 5871 5909 5385 5476 5817 5963 6210 5742 5698 5301 5750 5199 5214 5654 5762 5018 5735 5308 6029 5666 5893 5581 5715 5838 5210 5479 5617 5821 6018 5518 5888 5457 6029 5521 5478 4927 5545 5509 5306 5721 5818 5710 5618 5857 5695 4968 6014 5823 5188 5436 5406 5773 5630 5454 5725 5342 5601 5881 5771 5600 5914 5388 5268 5892 5795 5936 5439 5996 5225 5783 5814 6235 5395 5606 5731 5977 5187 5033 5905 5395 5566 5196 5228 5215 5511 5654 5606 5613 5213 5786 5556 5445 6031 5417 5588 5688 5107 5190 5677 5424 5509 5999 5536 5791
5253 5301 5214 5166 5081 5525 5489 4792 4926 5019 4599 5356 4984 5223 4463 5151 4705 4861 4944 4466 4993 4681 4716 5304 4840 4727 5291 5024 5117 4978 4730 5518 4988 5490 4785 4918 4749 4926 5283 5482 5740 5184 4968 4898 4652 4911 5152 4854 5229 5092 5350 4899 4816 5187 5431 4635 4650 5865 5338 4707 5297 5136 4824 5063 5127 5262 5456 4563 5313 5118 5209 4873 4819 5116 5039 4908 4824 5015 4936 5329 4908 4982 4583 5047 4679 4712 5227 4962 4964 4932 5049 5309 5265 5185 5046 4764 4780 4852 5206 4743 5383 5366 4468 5326 5007 5196 5107 4810 5217 4817 4898 4892 5375 5451 5378 5315 5014 5341 5186 5100 5140 4600 5004 4629 5190 4446 5229 5216 5074 5199 5122 4683 5241 4901 5042 5241 4829 4859 5006 4868 5289 5110 4417 5002 4849 5070 5087 5045 4836 5063 5044 4765 4963 5459 4770 5177 5030 5271 5474 5224 4850 4907 5188 4830 4711 4944 5220 4483 5134 4974 5141 5190 5408 5253 5099 5228 4538 4652 4662 4982 5136 4743 5491 4885 5338 4878 5225 4631 5037 5388 5185 5297 5087 5051 5011 5298 4954 4408 4880 5190 4618 4903 4748 5086 5104 5053 5089 4825 4866 5173 5076 5043 5197 4949 4495 5212 5059 5501 4895 5285 4700 5262 5293 5304 5191 5003 5259 5221 4923 4708 5112 4830 5052 4959 4466 4801 4870 4864 5237 5143 4675 5440 5095 4923 5157 5001 5273 4908 4892 4935 5089 4815 5045 5105 5087 4947
5123 5177 5161 5452 5205 5508 5388 4979 4811 5191 4583 5611 4794 5105 4537 5102 5074 4957 5173 4601 5030 4873 4806 5087 4889 5177 5653 4981 4805 4975 4696 5569 4738 5463 4774 4835 4892 5130 5373 5608 5695 5066 5113 5010 4689 5070 5396 5238 5191 5016 5348 5000 4929 5604 5429 4678 4660 5777 5399 5168 5311 5000 4885 5002 5411 5388 5727 5021 5088 5047 5237 4948 4966 5033 5246 5107 4918 4849 5143 5237 5028 4932 4675 5208 5044 4898 5631 5063 4672 5062 5262 5283 5203 5254 5011 4607 5058 4868 5166 4991 5586 5379 4679 5289 5154 5279 5391 5067 5427 5065 4923 5063 5091 5164 5567 5455 5278 5531 4914 5068 5037 4824 4905 4773 5267 4645 5464 5259 5199 5152 5124 4861 5220 4942 4831 5034 4846 4655 5104 4938 5335 5070 4601 5083 5042 5480 5178 5085 4912 4913 5030 4851 5006 5449 4792 4974 5141 5240 5637 5114 5091 4770 5085 4766 4743 5264 5123 4694 5391 4808 5298 5303 5297 5155 5255 5205 4545 4748 4987 5501 5007 5067 5350 4793 5379 4759 4861 4581 5158 5208 5134 5334 5401 4973 5209 5238 5152 4770 5226 5281 4701 4825 5066 5188 5259 5151 5172 4896 5084 5224 5117 5129 5198 4825 4534 5389 5199 5676 4966 5331 4738 5238 5252 5505 4979 5106 5578 5301 4881 4527 5229 4581 4917 4887 4800 4784 4785 4924 4994 4884 4960 5497 5235 4700 5025 5201 4837 5048 4863 4946 5390 4810 4836 5568 5152 5070
4839 5130 5372 5412 5339 5652 5486 5274 4992 5162 4748 5333 4981 5345 4819 5030 5099 5172 5165 4666 5133 4901 4908 5477 5037 4977 5624 4874 5198 4952 5017 5600 5108 5292 5017 4989 4787 5010 5336 5452 5659 5211 5184 5198 4953 4921 5531 4990 5463 4944 5329 4984 4844 5229 5603 4616 4883 5905 5472 5171 5569 5098 4638 4979 5415 5316 5572 5038 5233 5364 5119 4983 4908 5077 5261 5335 4874 4933 5281 5404 4947 5162 5223 5257 4907 4402 5403 5164 4867 5024 5161 5674 5665 5287 5051 4712 4961 5037 5463 5078 5382 5633 4680 5185 5117 5185 5305 5097 5385 5124 5253 5212 5274 5466 5551 5442 5129 5131 5023 5224 5049 4852 4982 4966 5114 4420 5338 5397 5214 5276 5064 4906 5056 4994 4939 5161 4857 4942 5157 5094 5129 5214 4621 5062 4904 5360 4975 5096 4865 5020 5567 5142 5430 5465 5056 5048 5454 5522 5488 5357 5028 4991 5381 5177 4678 5090 5389 5115 5577 5062 5391 5122 5200 5272 5221 5434 4710 5181 5325 5408 5163 5181 5429 4935 5448 5041 5227 4709 5273 5309 5146 5353 5058 5177 5049 5301 4894 4749 5278 5264 4715 4810 4981 5136 5189 5255 4944 4914 5035 5320 5092 5156 5505 5079 4674 5320 5150 5824 5031 5157 4707 5093 5073 5486 5244 5197 5409 5204 4994 4637 5281 4826 5061 4959 4805 4845 4971 5186 5251 5082 5097 5375 5290 5193 5268 4917 5086 5216 4806 4985 5149 5165 5049 5557 5249 5424
5176 5043 5393 5090 5106 5484 5242 5472 4961 5285 4738 5394 5127 5097 5016 5066 4886 4615 5250 4462 5202 4737 4585 5189 5027 5158 5377 5028 5030 4874 4798 5378 4799 5467 4980 5055 4983 5182 5180 5685 5517 5135 5056 4979 4711 4930 5284 4932 5232 4992 5328 4889 4884 5322 5462 5000 4880 5723 5643 4957 5504 5115 4628 5022 5439 5683 5356 4595 5289 5041 5443 4812 4972 5032 4962 5339 4837 4979 5332 5482 5321 4979 4934 5146 5010 4609 5171 5117 5170 5097 5119 5536 5298 5231 5178 4672 4738 4991 5537 5339 5521 5568 4713 5437 5144 5061 5261 4913 5187 5057 4684 4819 5355 5255 5127 5541 5028 5435 5275 5180 5038 4769 4957 4778 5156 4599 5266 5704 5487 5045 5315 4972 5109 4940 5148 5013 4900 4609 4936 4883 5005 4864 4778 4776 4881 5119 5210 5096 4975 5235 5157 5004 5298 5303 4956 5224 5027 5427 5699 4958 4973 4720 5242 4904 4970 5002 5006 4753 5411 4876 5378 5178 5461 5248 4989 5505 4655 5028 4863 5393 5572 4944 5277 4948 5228 4922 5169 4485 5176 5314 5063 5223 5395 5265 5243 5295 4688 4701 5123 4914 4714 5050 5026 4994 5069 4891 5051 5093 5057 5263 5212 5261 5313 4953 4750 5464 5220 5473 5124 5451 4766 5323 5315 5502 5067 5058 5318 5562 4762 4575 5252 4651 5098 4972 4734 4904 4860 4951 5334 4994 4854 5124 5187 4912 4752 5288 5161 4989 4900 4771 5173 5287 5028 5427 5058 5130
4973 4850 5239 5182 5228 5291 5552 5164 4935 5258 4401 5324 4813 5114 4815 4991 4763 5026 5168 4390 4842 5073 4551 5062 4948 4595 5240 4904 5023 4770 4893 5344 4924 5516 4900 4842 4914 5238 5254 5532 5394 5015 5337 4912 5004 5040 5160 4931 5269 5023 5344 4822 4697 4996 5389 4719 4785 5489 5270 5053 5368 5030 4692 4852 5294 5279 5487 4754 5030 4876 5327 4918 4953 4799 5035 5029 4607 4951 5077 5391 4925 4812 4934 5138 4676 4678 5363 4901 4721 5010 5000 5401 5403 5191 4936 4223 5051 4726 5199 4914 5356 5171 4447 5300 5105 5123 5263 5047 5249 4714 4997 5159 5131 5264 5253 5353 4998 5253 5149 5313 5123 4965 4816 4813 5132 4352 5106 5221 5008 5186 5109 4468 4784 4403 5112 5123 4970 4719 5204 4650 5088 5029 4673 5028 5048 4965 5146 5092 4768 4901 5113 4850 5149 5262 4798 5028 5306 5243 5336 5135 5046 4799 4717 4821 4486 5158 4983 4640 5370 4900 5181 4858 4939 5092 5395 5286 4668 5117 4865 5412 5065 5007 5285 4919 5225 4904 4970 4643 5196 4920 4881 5079 5059 4854 5106 5307 5233 4591 5017 5099 4867 4723 4965 5059 5162 5154 4951 4901 5081 5211 5046 5030 5374 4709 4411 5283 5031 5594 4744 5164 4718 5125 5283 5639 5311 5006 5310 5346 4882 4392 4926 4618 5153 4933 4661 4749 4928 4931 5197 4758 4649 5276 5265 4857 5231 4938 5147 5100 4900 4828 5151 4695 4834 5579 4938 5126
5030 4864 5092 5029 4825 5066 4806 4809 4826 4681 4457 4966 4695 4894 4534 4867 4718 4719 4751 4397 4831 4494 4361 4942 4792 4642 5130 4484 4772 4631 4674 5061 4746 4963 4554 4783 4686 4879 4864 5410 5183 5073 4836 4665 4407 4999 4918 4237 4901 5118 4873 4739 4497 5016 5195 4579 4557 5418 5176 4417 5086 4662 4271 4531 5199 4937 5179 4379 4955 4945 4861 4608 4576 4717 4657 4913 4693 4551 4889 5278 4897 4939 4651 4968 4789 4332 5034 4714 4717 5075 4800 5085 5102 5111 4691 4288 4495 4590 4947 4741 5323 5334 4242 5065 4870 4973 4849 4761 5007 4780 4587 4665 5007 5027 4925 5148 4856 5069 4834 4955 4968 4616 4844 4531 4804 4257 4973 5050 4965 4720 5000 4567 4967 4629 4780 4803 4620 4520 4977 4750 4786 4716 4184 4682 4720 4986 4881 4772 4642 4972 4688 4383 4943 5169 4578 4610 5081 5337 4962 4653 4804 4533 4805 4544 4727 4973 4952 4590 5050 4502 5237 5192 5245 4985 4662 5101 4198 4712 4693 4933 4932 4699 4878 4691 5207 4847 4851 4312 5185 5069 4706 4901 5184 4752 4843 4929 4492 4438 4852 5074 4484 4703 4778 4775 4874 4862 4894 4785 4928 4883 5098 4796 5212 4664 4385 5058 4871 5259 4819 5165 4593 4836 4846 5142 4671 4876 4734 4887 4603 4287 5242 4582 4712 4987 4738 4651 4503 4745 4819 4486 4588 5054 4860 4873 4604 4597 4769 4545 4591 4622 4913 4634 4639 5281 5032 5135
4938 5060 5198 5172 5067 5618 5374 5079 4969 5277 4596 5337 5142 4991 4884 5108 4773 4921 5121 4660 5241 4929 4844 5200 5085 4903 5419 4866 4958 4930 4852 5329 5161 5327 4951 4897 4823 5154 5622 5443 5485 5348 5198 4994 4924 5070 5369 5197 5598 4873 5458 4867 4967 5110 5530 5004 4956 5655 5339 4902 5494 4978 4738 5239 5335 5406 5709 4848 5375 5005 5328 5105 5119 5221 5037 5220 4985 4889 5138 5347 5133 4986 5327 5377 4943 4438 5267 5293 5120 5076 5150 5451 5459 5268 5034 4736 4863 4715 5467 4973 5256 5372 4638 5175 5109 5230 5400 5060 5312 4973 5047 5141 5298 5458 5336 5218 4985 5384 5173 5373 5102 4782 5014 4874 5030 4490 5288 5809 5239 5222 5152 4602 5204 4935 4949 5133 4969 4934 5088 4858 5137 5032 4534 4995 4925 5185 5049 4928 4777 4908 5272 4851 5163 5448 4971 5234 5343 5394 5408 5353 5048 5116 5137 4790 4705 5207 5220 4414 5325 4839 5458 5042 5245 5231 5296 5308 4663 4976 4993 5334 5314 5024 5378 4950 5215 5057 5190 4849 5169 5062 4806 5262 5122 5406 5078 5275 4755 4708 5134 5426 4691 5118 4738 5027 5049 5240 4746 5034 5293 5081 5158 4934 5426 4883 4723 5606 5197 5684 5029 5440 4638 5243 5292 5551 5297 5237 5445 5335 4886 4578 5127 4790 4892 4628 4852 4838 5068 5218 5352 5039 5052 5216 5209 5013 5255 4785 5237 5176 5002 4904 5199 5008 5045 5764 5159 5068
5362 5146 5301 5298 5359 5675 5557 5174 5222 5168 4636 5516 5276 5362 5075 5370 5048 5046 4882 5109 5326 4993 4697 5490 4990 5168 5574 5268 5125 5082 4828 5568 5187 5501 4956 5045 5059 5446 5225 5823 5436 5420 5539 4952 4753 5173 5429 5227 5590 4965 5565 5310 4979 5178 5289 5093 5086 6025 5403 4951 5341 5028 4893 5041 5619 5508 5559 4834 5357 5254 5332 4907 4887 5069 5006 5091 5289 4809 5630 5726 5150 5066 4870 5383 5203 4810 5383 5290 5108 5282 5341 5237 5646 5330 5185 4673 4964 5086 5538 5180 5517 5442 4825 5396 5096 5307 5612 5041 5571 4974 5278 5390 5605 5407 5409 5745 5105 5380 5094 5486 5228 4871 5232 5023 5404 4432 5351 5352 5371 5262 5502 5040 5108 5050 5058 5313 4894 4839 5410 4975 5335 5192 4512 5043 5095 5307 5056 5209 4893 5483 5549 4937 5241 5359 5213 5166 5351 5579 5733 5291 4996 5044 5249 4711 4777 5360 5212 4528 5522 5033 5663 5309 5438 5449 5124 5509 4504 5295 5070 5389 5227 5127 5297 5280 5303 5225 5182 4731 5291 5426 5083 5321 5361 5066 5338 5344 4891 4953 5399 5649 4893 5049 4986 5036 5258 5196 5102 4962 5497 5073 5266 5051 5532 4888 4842 5528 5167 5793 5050 5632 4915 5296 5416 5329 5287 5083 5565 5517 4927 4605 5498 5044 5065 4900 5078 4818 5061 4930 5144 4967 5013 5549 5070 5042 5056 5270 5371 5100 5236 5065 5178 5060 4903 5798 5124 5187
5585 5445 5338 5875 5488 6065 6011 5645 5220 5490 5053 5583 5328 5835 4980 5609 5459 5614 5526 4884 5753 5305 5162 5943 5414 5215 5886 5063 5708 5269 5300 5920 5126 5810 5385 5599 5249 5482 5857 5893 5947 5762 5457 5582 5341 5427 5820 5260 5740 5449 5687 5544 5390 5920 5832 5238 5226 6344 5681 5367 5650 5574 5168 5551 5645 5808 5984 5336 5686 5479 5590 5323 5587 5793 5357 5626 5195 5467 5599 5964 5734 5377 5470 5844 5364 4956 5722 5607 5471 5685 5895 5922 5866 5853 5588 4862 5182 5395 5975 5468 5824 6097 5138 5871 5704 5412 5729 5548 5678 5388 5492 5558 5810 5898 5855 5943 5659 5938 5442 5825 5617 5283 5486 5232 5595 4838 5528 5923 5683 5749 5630 5187 5448 5072 5596 5470 5245 5402 5527 5282 5753 5576 5083 5510 5561 5416 5616 5397 5194 5648 5683 5720 5704 5929 5190 5551 5700 5809 5842 5556 5556 5266 5587 5355 5456 5607 5674 5258 5772 5500 5632 5664 5789 5696 5731 5638 4978 5246 5455 5600 5693 5655 5589 5555 5824 5566 5481 4972 5529 5774 5411 5816 5964 5314 5546 5850 5057 4992 5755 5581 5267 5333 5197 5317 5957 5392 5394 5385 5652 5655 5610 5640 5696 5220 5173 5709 5562 5895 5499 5877 5162 5509 5771 5902 5410 5673 5806 5798 5316 4885 5891 5091 5654 5173 4971 5410 5264 5600 5732 5600 5447 5925 5471 5393 5291 5504 5505 5434 5264 5271 5740 5730 5556 5708 5692 5513
4882 5323 5415 5229 5368 5524 5366 5485 5086 5215 4751 5483 4986 5466 4657 4975 5124 5192 5010 4799 5213 4682 4607 5435 5011 5191 5166 4982 5411 4835 4971 5406 4900 5446 4973 5017 4826 5560 5228 5830 5507 5530 5033 5433 4895 5251 5537 5054 5560 5241 5333 4904 5198 5337 5632 4982 5010 6008 5451 5159 5551 5249 4986 5141 5556 5424 5505 4769 5747 5359 5392 4900 5090 5178 5161 5220 4886 4893 5517 5560 5081 5319 5181 5173 5165 4950 5419 5367 5303 5353 5375 5248 5460 5606 5390 4647 5101 4904 5349 5021 5687 5517 4380 5649 4993 5166 5393 5018 5525 5085 5180 5217 5199 5357 5226 5304 5228 5429 5150 5127 5205 4751 5030 4817 5121 4709 5339 5623 5297 5313 5334 4834 5414 5007 5096 5305 5022 5203 5388 5129 5197 5168 4713 5073 5025 5239 5074 5332 4912 5538 5719 5051 5445 5615 5014 5188 5256 5745 5484 5277 5053 4664 5473 4790 4986 5271 5308 4896 5151 5106 5521 5301 5151 5418 5273 5470 4715 5234 5052 5249 5509 5224 5557 5123 5595 5273 5337 4894 5377 5466 5212 5371 5395 5172 5255 5393 5199 4784 5144 5342 4871 5240 5050 5211 5199 5288 5128 5136 5197 5313 5039 5213 5677 4812 4790 5609 5206 5580 4968 5574 4730 5351 5413 5505 5180 5207 5405 5367 5154 4857 5439 4746 4813 4876 4804 4832 4908 5089 5270 4781 4976 5486 5245 4934 5428 5108 5246 5159 4980 5111 5136 5352 4913 5389 5266 5165
5167 5358 5353 5553 5480 5609 5626 5474 5006 5187 4728 5618 5068 5456 4970 5353 5072 5194 5365 4527 5120 4817 5156 5267 5226 5235 5404 5155 5322 4976 4937 5426 4909 5442 5186 5257 4945 5581 5469 5698 5612 5216 5226 5525 4924 5120 5503 5137 5524 5216 5693 5078 5259 5348 5448 4805 4962 6111 5617 5031 5618 5389 4885 5072 5582 5386 5721 5034 5494 5176 5549 5104 5164 5199 5088 5266 5066 5039 5627 5675 5241 5289 5252 5537 5029 5060 5522 5304 5194 5295 5399 5840 5558 5546 5540 4830 4979 5268 5640 5392 5824 5723 5005 5601 5427 5357 5401 5287 5401 5044 5151 5586 5324 5687 5353 5626 5523 5398 5017 5852 5245 4891 5157 5244 5226 4718 5348 5760 5427 5314 5268 4853 5403 5031 5337 5394 5123 5063 5345 5013 5392 5371 4892 5000 5034 5144 5015 5373 5085 5328 5732 5221 5799 5737 5155 5431 5234 5719 5858 5363 5280 4954 5354 4970 4732 5198 5181 4987 5495 5237 5746 5448 5407 5442 5285 5331 4698 5242 5030 5551 5170 5328 5509 5185 5616 5101 5209 4949 5283 5496 5062 5323 5388 5290 5325 5273 5189 4867 5431 5228 4925 4980 5125 5057 5385 5137 5227 5022 5422 5472 5179 5271 5534 5226 4673 5465 5320 5697 5143 5385 4830 5330 5575 5378 5231 5225 5610 5529 4963 4605 5318 4937 5223 5173 4636 4979 5031 5120 5277 4980 5116 5450 5179 5244 5235 5450 5321 5132 5211 4985 5230 5361 5096 5766 5188 5258
4921 4646 4879 4746 5027 5252 5004 5006 4790 4749 4339 5156 4637 5037 4137 5011 4589 4745 5026 4190 4902 4720 4562 4958 4686 4883 5195 4587 5180 4296 4534 5128 4563 5113 4885 4652 4531 4858 5040 5097 5133 4939 4829 4683 4639 4683 5013 4522 4832 4768 4974 4649 4489 5165 5415 4564 4563 5301 5097 4553 4928 4861 4534 4791 4898 4889 5323 4593 4835 4860 4753 4662 4843 5213 4856 4813 4721 4839 4794 5212 4957 4675 4693 4775 4711 4425 5140 5069 4573 4779 4914 5137 5253 4811 4826 4337 4594 4559 5010 4710 5219 5036 4504 5097 4889 5099 5200 4691 5194 4694 4555 4495 4944 5091 5037 5355 4750 5149 4690 4877 4921 4735 4792 4640 5140 4087 5313 4992 4881 4869 4874 4643 4827 4324 4771 4900 4661 4628 4909 4443 4943 4718 4284 4769 4696 4727 5023 4693 4487 4754 4658 4768 4781 5056 4573 4977 5105 5155 5099 4924 4791 4603 5158 4491 4801 4762 4911 4474 4953 4461 4965 5008 4960 4897 4949 4996 4348 4648 4716 5057 4766 4840 5045 4761 5071 4765 4816 4520 5000 5175 4630 5105 4918 4770 4868 5086 4580 4305 4678 4942 4350 4584 4627 4812 5003 4959 4690 4510 4942 5010 4623 4714 4934 4573 4709 4995 4770 5242 4725 5081 4433 4776 5061 5422 4903 4860 5010 5163 4690 4303 5046 4479 4742 4500 4264 4491 4665 4556 4904 4782 4540 5203 4959 4754 4796 4723 4686 4696 4685 4456 4731 4615 4642 5086 4983 5012
5142 5190 5382 5333 5375 5808 5410 5363 5146 5328 4972 5553 5225 5389 4869 5149 4996 5198 5161 4922 5278 4702 4903 5433 4976 4975 5282 5177 5141 4990 5119 5560 5101 5742 5075 5188 4879 5281 5549 5584 5655 5219 5117 5215 5048 5275 5672 4939 5509 5285 5412 4949 5161 5489 5705 4851 4932 5949 5355 5152 5489 5365 5025 5050 5348 5498 5730 4908 5346 5274 5509 5084 4970 5262 4985 5304 5177 5120 5187 5842 5295 5208 5101 5157 5179 4736 5504 5438 5082 5329 5388 5695 5678 5325 5291 4753 5177 5302 5545 5383 5400 5572 4632 5594 5217 5334 5589 5192 5250 5022 5252 5301 5342 5471 5367 5540 5355 5657 5341 5446 5361 4911 5027 5032 5253 4595 5342 5559 5246 5294 5317 4821 5344 4877 5020 4790 4838 4919 5259 4971 5194 5042 4637 5372 5238 5364 5476 5237 4682 5402 5230 4885 5432 5594 4875 5301 5442 5701 5684 5130 5402 4903 5464 4871 5057 5374 5517 4864 5535 5188 5669 5343 5438 5365 5328 5624 4809 5127 5326 5424 5490 5147 5210 5298 5618 5162 5177 4544 5352 5329 5077 5337 5430 5147 5482 5538 5054 4668 5393 5357 4837 5021 5027 5143 4909 5319 5208 5084 5249 5318 5449 5250 5304 4938 4769 5452 5221 5890 5023 5544 5069 5195 5328 5794 5140 5121 5435 5698 5039 4577 5426 5149 5173 5011 4917 5069 5158 4906 5387 5106 4761 5479 5350 5192 5378 5152 5417 5150 5127 4975 5329 5003 5056 5428 5402 5437
5524 5100 5552 5850 5831 6057 5677 5638 5476 5671 5173 5641 5170 5717 5034 5604 5210 5519 5521 4762 5480 5372 4783 5703 5565 5500 5587 5304 5600 5114 5101 5791 5058 5887 5266 5414 5330 5641 5699 6107 5828 5494 5491 5275 5503 5507 5695 5313 5622 5593 5734 5434 5247 5589 5941 5064 5295 6281 5938 5498 5481 5637 5247 5414 5626 5768 6213 5270 5504 5472 5629 5432 5486 5306 5471 5727 5224 5413 5735 5913 5203 5355 5209 5583 5288 4993 5773 5583 5451 5449 5599 5543 5791 5552 5743 4782 5192 5206 5663 5341 5897 5820 5079 5742 5544 5498 5851 5426 5862 5132 5462 5414 5853 5810 5587 5921 5360 5654 5377 5513 5583 5164 5401 5225 5586 4853 5640 5773 5427 5557 5416 5042 5615 5051 5361 5615 5386 5445 5577 5215 5649 5239 5158 5389 5293 5652 5540 5595 5244 5459 5572 5531 5629 5736 5492 5320 5592 5932 6108 5631 5306 4995 5436 5240 5120 5754 5403 5252 5663 5500 5986 5529 5434 5550 5734 5538 5053 5498 5519 5601 5818 5226 5682 5245 5738 5452 5555 4976 5690 5727 5349 5594 5773 5551 5769 5583 5548 4987 5735 5626 5095 5331 5384 5489 5643 5483 5378 5101 5485 5649 5872 5496 5822 5187 5012 5738 5815 6101 5257 5787 5249 5436 5574 6093 5526 5563 5717 5810 5070 4850 5418 4991 5244 5117 4897 5333 5255 5229 5654 5278 5042 5617 5463 5617 5410 5607 5506 5706 5288 5361 5608 5404 5269 5626 5712 5327
5273 5339 5168 5361 5348 5549 5527 5696 5137 4996 4599 5299 5158 5499 4934 5022 4845 4928 5307 4790 5343 4957 4824 5324 5117 4959 5450 4894 5526 4773 5264 5441 5184 5603 5113 5213 4805 5349 5499 5678 5777 5574 5222 5162 4787 4916 5406 4923 5321 5111 5333 4997 4996 5504 5726 4881 4821 5704 5663 4902 5525 5016 4729 4986 5485 5498 5759 4894 5212 5472 5288 4904 5096 5541 5173 5264 5108 5080 5425 5576 5028 5232 5123 5257 4990 4711 5278 5203 4854 5393 5241 5785 5449 5436 5094 4709 4990 5091 5552 5474 5502 5390 4752 5505 5181 5387 5426 5126 5346 5097 5165 5122 5519 5477 5717 5225 5179 5390 5279 5287 5285 4714 5014 5278 4899 4444 5394 5478 5400 5104 5481 4634 5285 4993 5151 5088 5087 4874 4807 4988 5273 5196 4602 5226 5112 5117 5292 4976 4831 5191 5315 5124 5390 5505 4845 5522 5437 5466 5470 5266 4966 4746 5330 4956 4744 5330 5186 4799 4986 5148 5254 5073 5119 5290 5178 5584 4584 5015 5241 5268 5353 5068 5340 5225 5560 5324 5277 4665 5391 5443 5085 5259 5387 4935 5291 5296 4960 4820 5172 5397 4968 4777 5025 5239 5196 5262 4961 4875 5155 5226 5329 5138 5243 5009 4712 5355 5300 5595 5071 5595 4985 5270 5398 5703 5220 5137 5384 5282 4748 4645 5433 4906 5151 4982 4633 4979 4933 5076 4975 4999 4947 5340 5216 5306 5412 5031 5205 5053 5106 4771 5274 5061 5130 5249 5130 5265
5165 5128 5381 5604 5176 5602 5595 5189 5036 5502 4558 5551 5093 5536 5139 5270 5384 5172 5467 4545 5192 5171 4751 5153 4854 5138 5506 4938 5345 4966 5036 5601 5239 5776 5305 5123 5130 5236 5674 5786 5596 5438 5501 5294 5180 5208 5247 4869 5367 5332 5632 4948 5199 5393 5444 4969 4952 5859 5734 5030 5371 5283 5106 5166 5475 5373 6019 5067 5565 5301 5634 5206 5168 5291 5109 5248 4955 4991 5396 5509 5467 5141 5214 5560 5399 4861 5746 5367 5187 5444 5241 5503 5623 5490 5472 4565 5082 5039 5514 5490 5734 5517 4912 5645 5396 5333 5367 5076 5453 4952 5253 5199 5450 5215 5513 5516 5322 5552 5250 5218 5535 5066 5068 5027 5357 4751 5327 5594 5220 5204 5497 4980 5221 5041 4977 5310 5256 5102 5449 5067 5597 5176 4783 5243 4978 5337 5359 5204 5003 5251 5145 5018 5302 5496 5284 5461 5500 5640 5789 5287 5224 5092 5528 5074 5060 5279 5482 5151 5572 5167 5510 5268 5275 5472 5277 5558 4640 5219 5192 5628 5362 5187 5574 5003 5672 5196 4994 4886 5263 5213 4934 5407 5473 5153 5237 5547 5090 4735 5195 5398 4950 4886 5079 5246 5299 5331 5085 5397 5371 5342 5389 5220 5773 5017 4864 5626 5320 5914 5328 5611 4746 5370 5556 5779 5406 5327 5602 5484 4953 4972 5420 4818 5081 5107 4756 4825 4826 5244 5568 4987 5141 5489 5326 5171 5415 5263 5303 5054 5203 5091 5270 5262 5119 5520 5389 5218
5533 5370 5717 5819 5642 5706 5774 5724 5089 5499 5017 5791 5444 5599 5100 5503 5349 5195 5639 4775 5525 4965 5026 5430 5380 5517 5816 5430 5645 5427 5455 5768 5049 6120 5484 5519 5326 5825 5658 6012 5943 5721 5506 5748 5271 5478 5754 5106 5653 5498 5980 5173 5348 5501 5846 5075 5148 6004 5847 5400 5946 5519 5185 5166 5838 5647 5865 5086 5701 5593 5725 5365 5542 5587 5177 5481 5371 5451 5570 5858 5606 5509 5336 5594 5261 5019 5601 5695 5612 5803 5397 5903 5781 5746 5553 4968 5222 5409 5730 5724 5915 5679 4812 5659 5660 5737 5604 5035 5621 4997 5750 5609 5445 5813 5731 5902 5591 5880 5427 5690 5468 5280 5371 5331 5739 4784 5569 5591 5402 5567 5681 5074 5652 5041 5379 5611 5449 5150 5420 5415 5702 5719 5148 5314 5243 5448 5640 5389 5243 5548 5675 5263 5792 5883 5332 5640 5591 5879 5930 5644 5348 5339 5588 5401 5124 5506 5525 5082 5830 5280 5835 5557 5621 5577 5741 5794 4846 5390 5343 5739 5433 5449 6011 5252 5533 5180 5583 5085 5252 5564 5490 5625 5655 5242 5717 5515 5036 5081 5387 5607 5130 5594 5142 5386 5356 5511 5411 5353 5693 5445 5031 5460 5633 5255 5087 5763 5591 6162 5367 5761 5161 5599 5682 6075 5520 5789 5752 5830 5423 5044 5560 5362 5270 5191 5028 5088 5401 5327 5551 5158 5149 5884 5605 5251 5469 5453 5575 5521 5379 5449 5523 5462 5332 5808 5381 5570
5275 5258 5495 5708 5466 5838 5652 5320 5198 5291 4883 5726 5115 5380 5181 5460 5238 5114 5311 5007 5656 5123 4951 5435 5080 5193 6008 5234 5309 5101 5022 5646 5377 5626 5110 5145 5145 5335 5680 5931 5923 5755 5641 5338 4670 5243 5614 5103 5579 5411 5757 5302 5315 5361 5835 5147 5080 6092 5631 5345 5772 5424 4926 5359 5841 5655 5792 5009 5637 5398 5509 5080 5181 5369 5193 5615 5069 4870 5642 5581 5359 5316 5338 5404 5505 4829 5655 5368 5287 5269 5316 5509 5736 5449 5488 4951 4987 5382 5650 5166 5811 5762 5000 5580 5439 5462 5652 5348 5570 5366 5477 5291 5676 5698 5790 5850 5261 5722 5715 5455 5437 5089 5384 5091 5378 4607 5376 5698 5679 5276 5877 5022 5506 5187 5210 5299 5004 5113 5465 5186 5430 5402 4918 5309 5243 5515 5180 5392 4837 5146 5678 5355 5713 5702 5070 5458 5481 5704 5690 5311 5298 5311 5286 5367 5089 5421 5544 5095 5746 5407 5828 5374 5719 5397 5411 5912 4905 5235 5347 5613 5647 5352 5682 5038 5572 5282 5536 5167 5395 5373 5031 5667 5473 5841 5478 5760 4971 4915 5485 5575 4989 5086 4907 5255 5537 5367 5224 5203 5577 5445 5445 5480 5593 5086 5029 5769 5439 5954 5486 5832 5012 5020 5344 5445 5528 5366 5709 5838 5155 4894 5632 4908 5282 5215 4983 5055 5115 5209 5278 5188 5028 5530 5310 5654 5189 5413 5650 5357 5198 5590 5826 5467 5184 5776 5450 5457
5501 5260 5661 5292 5617 6045 5817 5428 5296 5268 4735 5552 5457 5685 5120 5457 5281 5063 5358 4876 5641 4945 5070 5575 5240 5290 5822 5512 5370 5538 5322 6073 5239 5939 5228 5122 5240 5375 5807 6168 5815 5265 5451 5607 5192 5270 5784 5429 5930 5347 5844 5343 5354 5691 5662 5155 5096 6158 5786 5411 5657 5581 5103 5208 5640 5821 5950 5211 5577 5623 5650 5056 5039 5354 5377 5440 5013 4928 5560 5831 5617 5114 5267 5567 5321 4977 5589 5533 5241 5366 5465 5591 5644 5569 5537 4866 5150 5329 5699 5535 5889 5845 4929 5618 5469 5642 5542 5260 5567 5233 5627 5377 5785 5697 5607 5726 5276 5589 5234 5609 5148 5034 5088 5184 5554 4957 5494 5756 5485 5373 5644 5034 5348 5230 5488 5416 5239 5360 5790 5319 5566 5472 5009 5357 5536 5346 5196 5090 4973 5522 5627 5360 5540 5657 5162 5569 5456 5682 6006 5470 4970 5147 5521 5316 4957 5474 5708 5120 5847 5305 5723 5386 5498 5516 5635 5669 4912 5251 5442 5490 5184 5457 5821 5263 5744 5300 5274 5019 5354 5450 5375 5668 5678 5300 5428 5769 5417 5234 5390 5597 5027 5093 5196 5290 5541 5467 5194 5301 5420 5458 5426 5559 5661 5269 4847 5745 5385 6109 5280 5653 5043 5710 5642 5789 5668 5320 5822 5615 5371 4861 5808 5074 5237 5206 5026 5296 5322 5373 5495 5308 5121 5968 5423 5396 5449 5261 5588 5363 5300 5480 5653 5350 5401 5762 5416 5205
5493 5185 5407 5678 5433 5570 5653 5536 5036 5279 4896 5657 4910 5521 4767 5506 5176 5118 5514 5008 5393 4833 4918 5452 5240 5302 5667 4879 5610 5041 5268 5755 5209 5637 5133 5161 5245 5481 5636 5952 6026 5707 5246 5174 5061 5332 5244 5340 5464 5487 5542 5394 5309 5579 5887 5136 5170 5930 5902 5289 5508 5301 4864 5087 5838 5530 5710 5002 5549 5586 5499 5205 5390 5518 5424 5379 5040 5388 5521 5843 5432 5439 5122 5511 5463 5086 5538 5311 5253 5344 5330 5761 5742 5563 5350 4966 4908 5187 5435 5292 5972 5642 4953 5627 5397 5585 5365 5496 5605 5410 5315 5258 5636 5823 5654 5388 5448 5761 5326 5341 5521 4819 5382 5180 5154 4748 5493 5689 5348 5301 5538 5010 5401 5160 5266 5239 5135 5171 5294 5278 5406 5198 4709 5185 5102 5488 5548 5146 5169 5362 5614 5147 5593 5669 5134 5566 5474 5792 5648 5152 5233 5029 5245 5180 4890 5545 5533 5097 5529 5015 5884 5439 5643 5524 5332 5605 4682 5266 5206 5529 5509 5294 5597 5016 5638 5432 5358 5093 5270 5609 5327 5448 5530 5501 5510 5475 4963 4885 5265 5585 5012 5204 5337 5334 5273 5397 5083 5334 5459 5524 5661 5479 5719 5185 4964 5695 5377 5755 5313 5776 5254 5534 5691 5468 5301 5224 5447 5560 4861 4830 5415 5040 5248 5005 5039 5017 5071 5346 5265 5244 5047 5588 5268 5378 5346 5407 5123 5493 5259 4917 5407 5065 5226 5617 5389 5365
5190 4965 5114 5198 5442 5389 5314 5194 5016 5161 4650 5414 5060 5412 4810 5164 4868 5079 5122 4631 5154 4937 4768 5097 4981 5061 5495 5036 5229 5146 4735 5605 5077 5424 4916 4846 4881 5092 5433 5868 5566 5152 5186 4994 5228 5050 5427 5103 5309 4776 5335 5100 4829 5295 5339 4797 4814 5654 5395 5045 5300 5164 4888 5174 5193 5224 5617 4946 5186 5020 5240 4977 5102 5083 5186 5295 4647 4949 5113 5478 5373 5130 4995 5244 4829 4769 5178 5204 4979 5249 5117 5307 5302 5366 5404 4480 4822 4947 5330 5258 5492 5262 4633 5530 5289 5171 5594 5082 5320 4991 5276 5308 5293 5753 5346 5425 5201 5369 4912 5362 5127 4644 4941 5117 5151 4644 5273 5186 5019 5438 5332 4888 5122 4948 4801 5135 4987 4930 5392 5038 5397 5287 4594 5019 5009 5105 5043 4929 4680 4984 5294 4948 5291 5237 4736 5127 5210 5299 5736 5362 4988 4859 5351 5221 4620 5249 5184 4764 5367 4933 5230 5335 5386 5224 5164 5381 4337 4886 4894 5291 5070 5191 5479 5143 5337 5020 5196 4765 5121 5200 4983 5088 5282 5136 5298 5217 4894 4690 5232 5324 4675 4978 4886 5071 5190 5116 4939 4830 5142 4999 5129 5409 5352 5028 4722 5207 5090 5523 5147 5556 4674 5224 5061 5561 5322 5300 5493 5573 4937 4671 5229 4801 5013 4809 4934 4943 4946 4918 5301 5177 4806 5345 5191 5295 5155 5190 5102 5087 4971 5208 5337 5016 4699 5446 5065 5077
5561 5279 5917 5787 5567 5815 5993 5504 5244 5546 4803 5698 5355 5388 5420 5445 5416 5417 5585 4875 5525 5271 5103 5531 5417 5102 5846 5510 5352 5204 5542 5733 5190 6056 5500 5348 5277 5553 5724 6066 5757 5427 5560 5244 5252 5188 5452 5508 5740 5480 5953 5331 5054 5824 6149 5101 5337 6305 5774 5484 5646 5772 5246 5385 5792 5902 5850 5150 5625 5409 5711 5043 5482 5543 5385 5596 5198 5449 5560 5818 5563 5028 5324 5637 5239 5159 5963 5499 5401 5390 5441 6027 5646 5511 5594 5274 5223 5426 5685 5442 5856 5625 4874 5906 5583 5704 5619 5357 5728 5338 5349 5333 5917 6046 5566 5943 5444 5847 5344 5525 5462 5004 5402 5264 5479 4772 5658 6048 5483 5612 5724 5103 5408 5254 5415 5493 5450 5381 5332 5392 5495 5486 5198 5459 5225 5393 5757 5397 5262 5642 5516 5217 5521 5617 5410 5866 5584 5945 5964 5367 5056 5269 5584 5377 5169 5484 5619 4836 5823 5468 5873 5707 5675 5496 5381 5777 4808 5163 5378 5737 5538 5494 5595 5230 5971 5385 5737 5048 5706 5814 5518 5835 5571 5564 5554 5725 5368 5143 5395 5395 5086 5329 5157 5248 5665 5464 5468 5360 5406 5592 5486 5480 5725 5280 5149 5755 5388 6106 5456 5864 5059 5607 5785 5880 5614 5343 5668 5650 5296 5055 5521 4896 5050 5361 4828 5350 5286 5374 5743 5459 5442 5835 5518 5618 5536 5405 5576 5522 5551 5315 5616 5239 5356 5932 5409 5471
5280 5187 5505 5719 5632 5399 5594 5407 5179 5280 4763 5525 4999 5702 4798 5320 5282 5128 5394 4670 5393 4842 4802 5302 4895 5212 5557 5080 5299 4923 5155 5626 4926 5689 5279 5022 4935 5556 5545 5666 5751 5304 5569 5145 4969 5551 5360 5014 5438 5388 5860 5216 5314 5296 5773 5259 5089 6121 5487 5244 5484 5377 4894 5447 5859 5895 5723 4839 5172 5130 5480 5309 5247 5342 5322 5177 4878 5124 5316 5527 5155 5285 4936 5473 5091 4792 5775 5091 5096 5204 5371 5443 5439 5341 5391 4721 5103 5240 5574 5305 5802 5460 4853 5605 5386 5538 5639 5287 5522 5032 5297 5147 5486 5628 5417 5605 5414 5557 5065 5460 5285 4967 5208 5029 5466 4761 4922 5647 5190 5494 5539 4890 5374 5183 5283 5236 4988 4964 5117 4933 5495 5178 4929 5063 5338 5130 5296 5453 5155 5407 5631 5289 5397 5468 5126 5387 5369 5611 5661 5308 5457 4767 5290 4880 4860 5396 5194 4976 5607 5283 5563 5596 5582 5382 5600 5646 4905 5065 5161 5406 5373 5218 5577 5239 5604 5152 5143 4750 5148 5275 5108 5522 5248 5207 5504 5400 5122 4791 5321 5298 4740 5058 5074 5483 5557 5038 5481 5148 5301 5462 5324 5266 5491 4818 4665 5441 5191 5841 4914 5560 5198 5376 5430 5822 5120 5049 5539 5593 4987 4956 5248 4705 5111 5003 5005 4875 4827 5211 5525 5072 4932 5588 5104 5234 5175 5171 5424 5445 5200 5088 5542 5234 5089 5657 5310 5527
5743 5816 5845 5677 5718 6035 5942 5717 5409 5530 5188 5911 5319 5882 5395 5561 5626 5674 5674 5116 5922 5317 5291 5461 5302 5533 6107 5355 5694 5424 5401 6057 5569 6004 5497 5619 5178 5746 6071 6168 6239 6054 5736 5662 5480 5838 5890 5447 5837 5710 5919 5237 5562 5935 6070 5297 5278 6389 6107 5325 6029 5550 5289 5537 5831 5864 5980 5313 5723 5717 5604 5230 5538 5707 5428 5755 5396 5347 5895 5933 5833 5373 5477 6003 5431 5135 5852 5828 5562 5675 5719 6062 5839 5890 5596 4961 5281 5446 5805 5478 5996 6168 5156 5962 5953 5717 5588 5485 6059 5399 5776 5733 5918 6031 5742 5986 5509 5983 5588 5893 5886 5482 5397 5509 5585 5125 5887 5931 5702 5430 5666 5222 5503 5384 5167 5356 5426 5532 5658 5453 5849 5517 5278 5498 5695 5762 5726 5638 5319 5427 5551 5497 5755 6046 5422 5472 5605 6117 6057 5577 5474 5408 5626 5201 5266 5862 5600 5247 5871 5207 6176 5855 5808 5975 5638 5891 5028 5438 5804 5817 5740 5665 5863 5432 6109 5302 5729 5218 5799 5773 5480 5631 5975 5519 5683 5981 5382 5241 5605 5823 5307 5413 5385 5752 5694 5612 5793 5417 5776 5738 5893 5667 5943 5496 4710 5805 5838 6260 5493 5883 5199 5692 5662 5909 5773 5714 5936 5851 5354 4899 5910 5122 5631 5435 4997 5459 5345 5625 5663 5411 5608 5830 5626 5602 5399 5484 5627 5435 5225 5348 5616 5334 5431 6151 5471 5905
4981 4941 4837 5462 5207 5343 5364 4902 4993 5073 4546 5245 5014 4921 4683 4954 4800 4840 4841 4329 4869 4457 4437 5163 4647 4663 5365 4867 4677 4658 4717 5357 4835 5344 4727 5028 4791 5209 5191 5527 5651 4958 5182 5022 4749 5234 5259 4984 5372 4845 5226 4643 4875 4907 5437 4538 4714 5819 5247 4874 5048 4980 4744 4899 5197 5406 5440 4841 5032 5018 5401 4519 5044 5186 4999 5180 4824 4830 5192 5252 5027 4932 4794 5195 5168 4479 5268 4841 4824 4904 4810 5476 5147 5173 4841 4439 4727 4922 5165 5247 5293 5067 4406 5255 5068 5157 5256 4743 4944 4906 5011 4774 5052 5116 4984 5150 4730 5403 4978 4868 4863 4876 5021 4640 5064 4365 5042 5239 5048 5248 5229 4878 5270 4816 4872 4849 4850 4785 5098 4724 4940 5081 4502 5010 5070 5128 5186 4937 4554 5104 5052 4734 4941 5305 4845 5154 4936 5566 5666 5042 5080 4808 5067 4638 4581 4956 4927 4863 5200 4835 5177 5013 5087 5083 5148 5204 4544 4759 4943 5441 5150 4889 5227 5089 5536 5161 4693 4640 5067 5176 4813 5087 4981 4870 5026 5003 4869 4515 4988 5140 4761 4748 5013 4714 5202 4995 5284 4925 5062 4950 5149 4715 5023 4703 4467 5323 4943 5635 5107 5336 4748 5052 4969 5423 5003 5135 5124 5132 4827 4649 5349 4577 5235 5107 4856 4769 4646 4835 4825 4933 4882 5338 5068 5049 4952 4895 5023 4955 4803 4694 5153 4589 4897 5403 5155 4934
5178 5009 5249 5227 4949 5605 5605 5247 5106 4939 4708 5247 4825 5147 4784 5217 5141 5082 4924 4408 5182 4794 4630 5271 5258 4780 5491 4762 5072 4645 4923 5388 4846 5437 5182 5201 4838 5196 5435 5769 5533 5555 5239 5272 4919 5115 5688 5032 5210 4914 5306 5035 4812 5257 5589 4897 4761 5805 5261 4913 5359 5192 4767 5074 5302 5413 5556 4732 5235 5292 5487 4827 5265 5202 5426 5325 4889 4710 5213 5709 5184 5020 5006 5212 5046 4705 5316 5179 4985 5180 5258 5455 5321 5378 5251 4593 4954 4869 5118 4932 5514 5497 4577 5409 5108 5414 5148 4975 5229 4969 5024 4925 5366 5344 5298 5378 5091 5441 4878 5021 5165 4619 5103 4998 5049 4611 5339 5464 5246 5313 5286 4700 5241 4885 4937 5202 4988 5266 5142 4790 5198 5002 4888 5295 4958 5090 5175 4832 4831 4872 5060 5178 5366 5223 4982 5080 5354 5456 5418 4884 5026 4840 5243 4838 4952 4965 4964 4867 5099 5015 5309 4958 5213 5329 5202 5254 4665 5082 4885 5203 5371 4956 5374 4911 5837 5112 5294 4564 5193 5171 5017 5554 5236 5070 5204 5310 5254 4670 5412 5223 4679 4984 4900 4899 5138 5076 5014 4993 5170 5359 5011 5010 5253 4827 4960 5486 5151 5527 4834 5198 5236 5250 5176 5552 5226 5170 5354 5157 4860 4417 5225 4660 5114 5081 4718 4896 4984 5029 5385 5018 4884 5380 5197 5025 4956 5034 5053 5134 5140 4669 5097 5226 5012 5349 5440 5061
5024 5055 5250 5294 4992 5284 5420 5266 4806 5057 4570 5115 5158 5072 4683 5167 5093 5052 5072 4664 5070 4851 4682 5195 4893 4791 5347 4623 5046 4951 4826 5313 4947 5383 5086 4898 4862 4860 5504 5517 5437 4880 5237 5129 4822 4789 5100 4972 5446 5024 5604 5096 4962 5273 5202 4652 4731 5663 5213 5060 5319 5138 4499 4848 5307 5372 5582 4627 5160 4966 5176 5142 5093 5040 5113 5260 4943 4875 5024 5222 5212 4954 4787 5271 4888 4512 5282 4861 4907 4712 5288 5245 5482 5101 5039 4558 4850 4908 5390 5307 5471 5577 4852 5107 5138 5336 5426 5123 5223 4902 4948 5147 5016 5405 5444 5370 5009 5400 5230 5532 4988 4549 4941 5104 5134 4408 5156 5407 5337 5316 5314 4640 4639 4634 5042 5062 4874 4801 5161 4851 5161 5159 4890 4792 5204 4995 5141 5027 4674 4931 5261 5082 5012 5070 4863 5149 5237 5410 5423 5014 5084 4918 5109 4843 4438 5358 5165 4623 5394 4941 5245 5228 4967 5213 5244 5280 4748 4824 5143 5363 5210 5048 5365 4996 5309 4926 4818 4654 4936 5025 5011 5353 5368 5084 4932 5432 4968 4610 5156 5014 4887 4655 4616 5023 5385 4944 5016 5137 5246 5128 4965 5069 5262 4869 4701 5251 5200 5603 5186 5669 4804 5130 5335 5464 5098 4923 5318 5319 4864 4500 5354 4714 4978 4662 4536 4808 4699 5036 5227 4993 4927 5331 4977 5159 4993 4781 5046 5256 5036 4891 5182 4964 5078 5576 5168 5320
5163 5065 5289 5395 5332 5490 5611 5379 5192 5215 4799 5534 5340 5440 5203 5128 5218 5164 5095 4700 5361 4886 4833 5451 4898 5095 5594 4986 5383 5038 4840 5456 5349 5416 5038 5005 5015 5357 5760 5819 5709 5264 5125 5230 5181 5126 5513 5226 5371 5579 5377 5000 5330 5363 5597 5183 5030 6005 5434 4904 5515 5307 4728 5155 5369 5341 5629 5101 5317 5396 5297 5203 5277 5296 5239 5528 4825 5352 5383 5351 5199 4967 5154 5467 5077 5001 5538 5088 4877 5365 5392 5565 5698 5495 5281 4684 5396 5013 5472 5327 5523 5679 4723 5524 5106 5173 5547 5146 5292 5106 5144 5217 5617 5778 5551 5479 5228 5720 5235 5331 5167 5059 4991 4970 5404 4775 5169 5532 5457 5266 5510 4704 5255 5210 4914 5203 5039 5065 5173 5304 5271 5055 4893 5167 5212 5255 5140 5172 5024 5279 5174 5081 5193 5572 4878 5080 5369 5569 5654 5390 5078 4911 5482 5169 4967 5294 5620 5023 5491 5177 5637 5328 5209 5523 5416 5564 4704 4840 5135 5390 5293 5306 5530 5133 5518 5363 5221 4906 5385 5413 5061 5471 5387 5192 5309 5756 4999 4709 5423 5406 5090 4690 5228 5035 5291 5127 4937 4813 5303 5297 5245 5359 5582 5161 4578 5582 5524 5786 5129 5552 4885 5371 5353 5319 5268 5257 5566 5503 4825 4684 5512 4748 5155 5091 4790 4792 4902 5116 5474 5053 5068 5410 5324 5206 5180 5198 5216 5166 5312 4936 5427 5018 4783 5673 5262 5081
5079 4926 5190 5247 5251 5717 5438 5478 5214 5064 4421 5346 4819 5483 4948 5151 4978 4968 5357 4562 5073 5150 4900 5417 5223 5106 5392 4960 5287 4864 4955 5341 4867 5533 5103 5153 5008 5380 5322 5498 5457 5323 5163 5232 5209 5145 5527 5163 5110 5045 5698 4928 4834 5259 5759 4878 5044 6002 5291 5105 5214 5089 4823 5296 5413 5389 5649 4858 5188 5083 5390 4766 4992 5147 5075 5317 4905 5033 5430 5642 5109 5171 5144 5179 4753 4862 5447 5039 4917 5302 5226 5335 5298 5237 5171 4517 4998 5154 5275 5273 5304 5295 4712 5520 5029 5386 5451 5243 5259 5149 5268 5277 5394 5540 5141 5449 5058 5372 5116 5537 5432 4877 4919 4923 5034 4552 5354 5417 5420 5486 5647 4782 5272 5038 5192 5006 5085 4994 5209 4879 5323 5023 4727 5154 4978 5068 5024 5146 4753 4952 5474 5075 5373 5353 4831 5403 5124 5565 5532 5227 5091 4888 5340 4818 4891 5351 5158 4842 5534 4982 5617 5051 5170 5502 5370 5498 4713 5182 5011 5233 5127 5187 5170 5131 5478 5055 5422 4700 5454 5363 5143 5382 5478 4993 5389 5267 5029 4885 5293 5484 4942 5055 4910 5009 5206 5172 4780 4872 5164 4987 4977 5132 5505 4809 4693 5351 5074 5600 4792 5262 4829 4931 5259 5646 5116 4768 5541 5383 4853 4530 5299 4757 5036 4736 4704 4929 4798 4937 5118 5213 4731 5456 5052 5174 4903 5084 5252 5130 5129 4725 5344 5112 4988 5355 5310 5105
5283 5060 5098 5242 5183 5434 5205 5306 4947 5193 4595 5332 4795 5394 4660 5091 4643 5232 5369 4592 5201 4715 4491 4947 4963 5014 5393 4565 5196 4919 4796 5580 4896 5498 4854 5137 4730 5110 5229 5598 5354 5249 4965 5211 5091 5137 5464 4941 5273 5297 5284 4940 5112 5145 5527 4942 5055 5787 5367 5049 5412 5182 4873 4865 5429 5359 5608 4812 5338 4970 5294 4924 4882 4938 4992 5162 4935 4909 4975 5299 5108 5032 4903 5073 4948 4511 5285 5149 5111 5193 5223 5201 5504 5285 5203 4581 4967 4850 5493 5058 5420 5579 4626 5409 4952 5312 5466 5165 5028 4990 4899 5271 4900 5364 5263 5523 5037 5579 5006 5217 5240 4758 4813 4937 5216 4458 5234 5239 5156 5273 5261 4706 5009 4891 4969 4974 4992 5083 5117 4855 5236 4957 4752 5126 5107 5276 5069 4988 4631 5031 5175 5094 5283 5382 5099 5007 5208 5626 5419 5233 4892 4867 5065 4789 4918 5259 5146 4893 5230 4738 5335 5301 4945 5083 5426 5370 4626 4901 5165 5120 5391 5050 5176 5192 5484 4937 5177 4644 5193 5297 4939 4995 5228 5047 5223 5344 4947 4566 4918 5390 4729 4698 4756 4997 5233 5143 5059 5002 5100 5256 5213 4979 5160 4855 4575 5192 5228 5539 4848 5279 5031 5039 5049 5509 4961 5168 5001 5202 4729 4435 5048 4859 5218 4908 4352 4811 4768 4955 5129 4912 4527 5404 5026 4935 5175 5158 5228 5129 5208 4751 5317 5187 4821 5357 5293 5001
5643 5420 5535 5314 5701 5910 5664 5691 5503 5476 4631 5765 5414 5670 4947 5415 5058 5334 5253 4880 5373 4944 5026 5291 5098 5245 5882 5134 5378 5410 5243 6039 5243 5826 4906 5278 5369 5305 5285 5633 5709 5222 5098 5458 5316 5281 5666 5311 5380 5347 5541 5389 5425 5551 5854 4918 5126 6228 5685 5232 5503 5688 4899 5045 5496 5775 5977 5290 5527 5340 5502 5172 5374 5445 5520 5587 5266 5134 5653 5896 5491 5387 5110 5590 5296 4886 5978 5277 5334 5338 5568 5560 5805 5369 5308 5045 5029 5283 5530 5455 5810 5852 4749 5757 5287 5529 5607 5385 5286 5091 5315 5346 5621 5461 5724 5835 5363 5448 5294 5371 5329 5092 5288 5095 5265 4971 5460 5703 5720 5512 5816 5091 5426 5202 5266 5140 5101 5267 5574 5340 5385 5292 5103 5204 5199 5420 5495 5331 4801 5455 5399 5152 5290 5790 5263 5475 5406 5971 5860 5332 5098 4907 5659 4959 5107 5376 5485 5134 5579 5028 5702 5493 5467 5685 5496 5668 4622 5099 5490 5665 5526 5531 5443 5307 5815 5209 5078 4978 5423 5755 5646 5413 5407 5242 5405 5704 5199 4913 5539 5481 5009 4946 5254 5209 5526 5472 5496 5391 5234 5519 5714 5435 5788 5032 4653 5627 5460 5841 5256 5641 4846 5428 5382 5596 5324 5419 5549 5657 5428 4948 5718 5034 5340 5168 5020 4918 5143 5217 5537 5285 4827 5739 5442 5674 5276 5243 5427 5224 5223 4842 5563 5230 4796 5524 5592 5443
5334 5300 5563 5910 5471 5827 5549 5382 5336 5694 4979 5776 5439 5494 5094 5479 5233 5229 5389 4799 5694 4971 4767 5671 5294 5561 5488 5390 5344 5338 5027 5878 5141 5902 5337 5219 5207 5578 5661 5748 6050 5397 5303 5416 5267 5235 5643 5219 5473 5657 5774 5465 5220 5624 5809 5037 5254 5938 5958 5741 5718 5648 5187 5285 5709 5814 6113 5126 5722 5453 5628 5363 5237 5357 5393 5616 5188 5341 5608 5861 5558 5162 5184 5587 5201 4915 5999 5411 5436 5309 5608 5687 5771 5555 5659 5056 5197 5255 5716 5299 6054 5867 5156 5906 5593 5443 5848 5328 5731 5157 5194 5312 5745 5750 5769 5674 5304 5514 5370 5493 5403 5227 5280 5314 5605 4840 5404 5586 5370 5570 5461 5267 5336 5146 5196 5325 5149 5090 5559 5105 5526 5227 4773 4992 5596 5615 5471 5373 5172 5162 5500 5188 5436 5756 5134 5663 5521 5639 5853 5494 5458 5217 5389 4967 5175 5433 5349 5315 5576 5174 5660 5524 5490 5393 5645 5605 5002 5381 5269 5366 5649 5414 5751 5537 5645 5282 5530 4899 5601 5566 5296 5428 5525 5542 5332 5606 5176 4720 5474 5774 5212 5170 5154 5256 5288 5292 5383 5130 5760 5538 5646 5314 5687 5361 5030 5788 5349 5971 5333 5601 5117 5434 5463 5973 5179 5705 5718 5760 5201 4830 5594 5118 5377 4944 4833 5356 5312 5140 5445 5133 4971 5626 5316 5416 5411 5523 5370 5228 5505 5215 5492 5560 5296 5650 5645 5505
4978 4766 4916 5050 5057 5485 5175 5219 4903 5281 4312 5273 4647 5106 4544 5200 4831 4812 4724 4196 4943 4868 4678 5036 4843 4768 5317 4851 5049 4676 4651 5399 4702 5494 4983 4683 4640 5048 5084 5532 5226 5109 5057 4810 4693 4811 5081 5068 5064 4847 5070 5113 4751 5159 5050 4678 4664 5536 5112 4900 5271 5158 4496 4784 5055 5171 5326 4433 4954 4872 5085 4711 4892 4882 5047 4974 4955 4778 4962 5348 4817 4619 4793 5082 4667 4414 5106 4727 4687 4982 4985 5157 5121 5133 4839 4250 5047 4712 5449 5019 5418 5158 4722 5160 5234 5013 4933 5066 5183 4790 4838 4863 5139 5132 5299 5306 5095 5065 4823 4960 5056 4647 4747 4740 4933 4477 4911 5200 4764 4983 4982 4656 4814 4675 4802 5047 4890 4708 4755 4908 5198 5049 4603 4886 4771 5127 5044 5083 4639 4931 4884 4608 5066 5003 4623 4969 5129 5213 5199 4834 5109 4686 5147 4651 4725 4964 4930 4824 5290 5030 5251 5031 5100 5305 5116 5253 4261 4793 4920 5124 4957 4759 5246 5050 5185 4837 4654 4518 5029 4859 4797 5149 5357 4947 4917 4809 4803 4368 4826 5189 4729 4735 4948 4894 4894 5046 5000 5013 4933 5061 4972 5079 5111 4591 4539 5093 4806 5533 4897 5196 4548 5014 5313 5658 4799 4833 5220 4980 4720 4510 5215 4554 4908 4474 4829 4727 4816 4677 5160 4805 4733 5036 5184 4905 4760 4763 4944 4947 4781 4479 4958 4784 4639 5360 5065 4776
5135 5006 5360 5393 5170 5446 5530 5187 5037 5148 4826 5428 5113 5287 5123 4969 4808 4987 4912 4393 5213 5063 4801 5139 4988 5134 5349 4923 5134 4895 4887 5692 4726 5322 5067 5247 4899 5012 5198 5433 5456 5404 5116 5087 4868 4827 5385 4816 5296 4944 5311 5065 4913 5155 5394 4883 4704 6128 5534 5044 5430 5285 4845 5032 5090 5570 5612 4879 5298 5194 5312 4941 4871 5121 5220 5262 4809 5033 5418 5271 5016 5130 5031 5105 5155 4711 5311 4834 5110 5396 5272 5240 5443 5174 5204 4609 4824 4886 5614 5184 5504 5432 4757 5362 5284 4908 5207 5126 5268 5110 5044 5253 5343 5202 5633 5359 5198 5355 5274 5160 5219 4594 5114 4889 5268 4766 5314 5505 5057 5217 5363 4959 5106 5068 5040 4939 5083 4942 4894 5199 5035 5096 4657 5195 4941 5104 5080 5059 4868 5238 4959 5100 5347 5516 4925 5092 5079 5186 5572 4951 4935 4965 5207 4838 5098 4916 5167 4841 5215 5144 5184 5258 5274 5294 5298 5356 4519 4998 4990 5247 5319 4860 5299 4958 5642 4996 5254 4679 5313 4865 5017 5343 5364 5136 5083 5342 4831 4830 5195 5429 4768 4846 4938 5093 5109 5259 4995 5247 5299 5329 5152 5037 5377 4848 4643 5604 5116 5560 4953 5320 4655 5453 5256 5581 5116 5211 5470 5654 5053 4676 5400 4431 5005 4688 4861 4925 4695 5145 5124 5166 4718 5158 5282 4874 4926 5093 4967 5187 4911 4901 5154 5180 4984 5390 5147 4961
5699 5426 5727 5529 5728 5841 5648 5942 5339 5898 5170 5696 5543 5621 5433 5522 5188 5409 5639 4932 5572 5284 5263 5803 5565 5417 5979 5222 5737 5385 5516 5941 5524 6025 5358 5539 5413 5458 5782 6466 5823 5417 5612 5521 5639 5304 5766 5471 5839 5295 5841 5323 5438 5671 5998 5070 5311 6359 5854 5449 5811 5874 5292 5331 5661 5535 5818 5225 5963 5551 5507 5220 5293 5739 5631 5661 5117 5510 5752 5820 5656 5384 5342 5862 5196 5380 5778 5720 5327 5401 5555 5760 6181 5844 5815 4987 5414 5628 5880 5500 5800 5665 5106 5876 5384 5645 6051 5465 5743 5413 5385 5733 5991 5965 5768 5738 5466 5870 5357 5468 5737 5187 5514 5331 5793 4853 5741 5946 5637 5711 5669 5273 5517 5265 5411 5602 5492 5795 5487 5636 5667 5375 5236 5504 5487 5554 5583 5453 5177 5510 5823 5607 5859 5709 5347 5598 5422 5987 5889 5641 5117 5194 5734 5592 5320 5501 5752 5441 5991 5490 5932 5586 5521 5843 5761 5709 4849 5122 5328 5887 5472 5572 5908 5069 5776 5524 5743 5135 5854 5861 5584 5936 5762 5586 5679 5856 5483 5208 5753 5587 5408 5126 5191 5512 5710 5839 5507 5466 5235 5699 5529 5475 5884 5489 4993 5684 5741 6238 5524 6004 5281 5796 5785 5948 5725 5614 5730 5859 5189 5035 5771 5082 5380 5414 4868 5184 5276 5266 5833 5449 5322 5736 5630 5554 5725 5754 5489 5620 5411 5223 5893 5424 5383 5539 5608 5480
5352 5375 5352 5289 5476 5500 5503 5057 4926 5171 4828 5690 5289 5274 5047 5128 5290 5098 5175 4581 5233 4737 4720 5375 4888 5117 5625 5417 5241 4879 5113 5607 4909 5604 5333 4803 5042 5074 5328 5900 5425 5247 5205 5173 5053 5133 5333 4800 5360 5212 5355 5194 5021 5321 5685 4817 4772 5811 5455 4797 5531 5184 4987 5219 5211 5546 5836 4936 5412 5104 5330 5124 4915 5164 5199 5083 4962 4901 5290 5717 5492 5141 5079 5413 5317 4993 5473 5481 4918 5301 5359 5570 5716 5164 5253 4621 5020 5176 5564 5401 5666 5621 4759 5563 5276 5579 5762 4964 5388 5174 5169 4975 5399 5287 5434 5525 5301 5729 5158 5248 5290 4778 5244 4791 5457 4684 5262 5403 5284 5139 5539 4840 5247 4996 5102 5319 4966 4949 5349 5163 5348 5223 4703 5065 5058 5188 5257 5037 4934 5161 5214 5033 5689 5491 5003 5085 5478 5576 5858 5264 5097 5027 5632 5216 4817 5140 5514 4723 5411 5075 5608 5541 5512 5275 5414 5697 4757 4997 5133 5430 5192 5012 5325 5005 5729 5158 5330 4801 5682 5434 4976 5798 5268 4991 5216 5382 5011 4630 5225 5364 4730 4964 4972 5270 5351 5037 5216 5062 5230 5601 5137 5304 5420 4947 4828 5585 5219 5819 5058 5490 4946 5244 5338 5766 5147 5367 5540 5169 5032 4791 5279 4664 5060 5013 4945 5026 4804 5032 5315 5165 5001 5582 5391 5260 5145 5332 4911 5188 4794 5094 5324 5191 4863 5405 5147 5124
4887 5075 5173 5457 5018 5024 5368 5160 4938 4724 4921 5237 4805 5192 4655 5167 4903 4913 5079 4503 5156 4474 4746 5076 4786 5215 5289 4763 5030 4959 4915 5414 4736 5231 5078 5046 4988 5316 5151 5595 5658 5343 5217 5070 4572 5099 5213 5075 5462 5130 5295 5121 4975 5197 5496 4853 4813 5649 5410 4840 5342 5102 4718 4942 5215 5371 5444 4624 5204 5006 5112 5037 5065 5162 5038 5300 4757 4841 5112 5208 4910 4811 4848 5177 4968 4662 5465 4951 4783 5161 4842 5204 5333 5336 5388 4604 4751 4703 5204 5377 5590 5138 4675 5381 5069 5217 5131 4918 5425 5233 4802 4993 4987 5517 5361 5165 5194 5287 4979 4991 5271 4466 4879 5186 4884 4614 5161 5305 5154 5232 5476 4572 5024 4741 5052 4820 4873 4892 4966 4725 5137 5133 4499 4858 5051 5099 4963 5070 4957 5027 4940 4897 5426 5402 4782 4967 4975 5681 5607 4985 4809 4697 5120 4837 4530 4882 4874 4737 5389 4869 5366 5211 5067 5062 5129 5164 4672 4914 4773 5235 5087 4759 5219 4905 5633 5081 4766 4924 5129 5248 4882 5327 5351 5373 5365 5061 4963 4404 5232 4975 4709 4677 4908 5136 5095 4999 4958 5100 5439 5179 5093 4927 5352 4647 4521 5431 5068 5416 5060 5366 4842 5166 5180 5408 4809 4926 5227 5322 4579 4639 5545 4542 5097 4682 4708 4823 4564 4855 5028 4832 4819 5182 5117 4935 5045 4970 4697 4780 4814 4631 5074 4923 4983 5352 5213 5207
5172 5109 5406 5664 5039 5681 5506 5236 5145 5321 4749 5409 5058 5282 4808 5186 5093 5154 5144 4699 5489 4697 4648 5144 4922 5086 5444 4860 5050 4953 4733 5663 5204 5590 4772 5210 5147 5455 5314 5588 5565 5274 5243 4899 5010 5008 5197 5273 5446 5249 5471 5035 4968 5407 5705 4771 4872 6044 5728 5239 5333 5119 4788 5222 5254 5662 5754 4848 5401 5174 4969 5000 5227 5372 4945 5353 5020 4986 5361 5312 5326 4966 5026 5515 5067 4786 5587 5213 4974 5152 5481 5449 5470 5471 5345 4676 5035 4959 5290 5291 5505 5726 4633 5500 5103 5285 5427 4940 5465 4940 4894 5113 5392 5264 5466 5472 5229 5428 5235 5405 5282 4858 4855 4942 5175 4432 5474 5598 5466 5248 5403 4943 5110 4719 5026 5190 5060 4891 5254 5006 5394 4973 4844 4741 5090 5226 5127 5301 4905 5256 5468 4944 5199 5394 5139 5252 5160 5758 5676 5331 4977 4817 5324 4803 4840 5109 5306 4806 5341 5175 5835 5262 5250 5382 5201 5325 4472 5021 5169 5515 5504 5225 5386 5240 5508 5057 5133 4558 5372 5517 5196 5187 5680 5342 5064 5353 5098 4829 5436 5167 5082 4836 4923 5045 5379 5174 5067 4912 5488 5440 5324 5389 5412 5024 4728 5401 5253 5638 5223 5541 5038 5124 5451 5391 5200 5156 5525 5234 4849 4829 5552 4902 5197 4870 4772 5128 4813 5058 5453 4908 5005 5489 5145 5244 5204 5130 5272 5311 5188 4632 5165 5169 5177 5374 5218 5159
5182 5204 5356 5298 5523 5627 5199 5144 5171 5290 4888 5361 5061 5065 4879 5240 5013 4868 5101 4631 5404 4886 4656 5529 5214 5132 5616 5053 5467 5075 4877 5620 4983 5652 5056 5150 4976 5072 5304 5849 5559 5341 5259 5022 4937 5156 5431 5161 5305 5219 5352 4893 4977 5253 5572 4869 4819 5661 5511 5177 5748 5227 4917 5108 5541 5226 5679 4932 5494 5250 5626 4863 5186 5093 5391 5314 4951 5195 5511 5453 5237 5355 4880 5382 4989 4835 5492 5158 5105 5255 5177 5244 5394 5373 5231 4691 4889 5003 5534 5241 5684 5572 4441 5512 5233 5170 5370 4939 5378 4942 5031 5170 5539 5255 5196 5322 5279 5531 5399 5190 5311 4984 5049 4924 5239 4504 5169 5638 5383 5212 5340 4882 5203 5047 5201 5097 4908 5109 5083 5131 5519 5052 4832 4827 5081 5199 5417 5118 4984 5230 5157 5002 5264 5381 5092 5151 5288 5598 5664 5265 4975 4827 5328 4945 4769 5226 4996 5115 5601 5252 5456 5123 5460 5420 5305 5501 4776 4934 5006 5310 5326 5067 5453 5229 5314 5204 5190 4578 5280 5208 5047 5483 5454 5031 5205 5263 5089 4931 5058 5694 4709 5189 5159 4926 5489 5125 5039 5157 5304 5284 5357 5372 5423 4843 4680 5377 5197 5622 5081 5632 4930 5189 5273 5707 5214 5267 5397 5361 4727 4909 5361 4794 4897 5088 4759 4904 4842 5013 5363 4984 4921 5443 5277 5237 5004 5244 5225 5133 5190 4874 5367 5486 5075 5363 5273 5050
5197 5179 5170 5395 5464 5747 5412 5250 5253 5241 4591 5221 4966 5343 4846 5133 4983 4937 5371 4907 5550 5107 4966 5422 5139 4913 5434 5007 5387 4768 5028 5610 4877 5365 5175 5157 4699 5213 5387 5579 5721 5320 5214 5373 4864 5208 5612 5287 5447 5083 5486 5157 5126 5353 5748 4835 4703 5860 5456 5132 5472 5190 4864 4974 5621 5257 5647 5097 5193 5257 5438 4925 5101 5270 5298 5318 5053 5197 5455 5519 5114 5302 4905 5244 4936 4702 5294 5162 5065 5464 5441 5546 5466 5400 5096 4696 5033 5201 5204 5183 5703 5572 4442 5411 5361 5573 5560 5188 5288 4748 5477 5164 5653 5478 5574 5616 5038 5252 5357 5451 5227 5044 5155 4807 5271 4695 5425 5537 5344 5200 5428 4596 5282 5291 5415 5093 4998 4973 5272 5216 5677 5208 4930 5306 5078 5259 5244 5258 5086 5100 5421 5083 5629 5618 5179 5202 5184 5600 5511 5250 5254 4833 5580 5043 4765 5253 5483 5035 5483 5205 5422 5353 5212 5508 5266 5455 4844 5110 5305 5210 5341 5371 5436 5396 5385 4774 5442 4594 5308 5227 5043 5485 5340 5267 5440 5442 5095 4806 5309 5284 4852 5025 4928 5072 5186 5149 5085 5056 4949 5236 5249 5233 5491 4976 4608 5189 5214 5645 5069 5514 4915 5373 5180 5590 5375 5170 5542 5635 5305 4594 5368 4928 5001 5344 4708 4914 5014 4928 5380 5290 4920 5571 5175 5162 5268 4928 5239 5348 5111 4951 5419 5345 5119 5530 5183 5084
5333 5331 5405 5610 5498 5487 5601 5286 5168 5341 4991 5450 4916 5521 4828 5244 4925 5323 5300 4697 5454 5097 5167 5493 5127 4807 5410 5079 5265 5084 5070 5536 4885 5694 5269 5308 5099 5499 5503 5863 5870 5570 5207 5491 4942 5392 5645 5116 5536 5406 5572 5164 5097 5559 5745 4769 4930 5911 5568 5162 5946 5362 5027 5048 5494 5597 5921 5152 5659 5289 5478 5083 5232 5499 5155 5406 5007 5126 5475 5308 5384 5099 4985 5623 4983 4845 5525 5304 5304 5410 5347 5557 5662 5655 5361 5087 5246 5247 5767 5478 5422 5534 4726 5780 5381 5495 5539 5280 5463 5246 5343 5265 5469 5755 5823 5813 5373 5738 5220 5441 5514 5048 5248 5232 5402 4729 5273 5549 5418 5494 5509 4869 5553 4983 5260 5074 5135 5063 5330 5297 5554 5508 4758 5196 5540 5626 5308 5536 5128 4960 5317 5147 5572 5804 5097 5511 5077 6028 5765 5592 5165 5151 5264 5146 5024 5455 5284 5166 5762 5163 5684 5326 5490 5350 5331 5606 4813 5051 5199 5310 5326 5463 5582 5328 5509 5231 5408 4895 5498 5531 5173 5314 5548 5363 5208 5211 5007 4815 5488 5205 5095 5003 5265 5216 5633 5213 5447 5231 5249 5394 5276 5449 5500 5287 4771 5364 5441 5702 5117 5518 4926 5407 5181 5750 5259 5503 5550 5664 5354 4771 5357 4747 5426 5144 5020 5046 5042 5173 5407 5114 5346 5404 5232 5355 5292 5097 5228 4985 5089 5167 5433 5169 5051 5828 5274 5300
5279 5246 5240 5233 5392 5659 5378 5310 4885 5075 4871 5560 5140 5242 4822 5147 5095 4888 5138 4352 5211 4922 4885 5391 4958 5108 5408 5051 5142 5098 5178 5566 5058 5447 4790 5002 4883 5315 5428 5933 5879 5323 5049 4956 5064 5195 5297 4915 5351 5377 5625 4960 4874 5231 5514 4826 4951 5959 5469 4781 5320 5217 4735 5123 5307 5368 5685 4842 5109 5089 5193 5107 4808 5154 5105 5334 4966 4908 5139 5215 4911 5184 5195 5476 5071 4730 5347 5096 5077 5113 5116 5462 5669 5595 5290 4605 4996 4962 5206 5292 5314 5307 4672 5427 5335 5256 5112 4955 5315 4920 5257 5097 5336 5645 5374 5430 5206 5474 5282 5096 5448 4895 4928 5151 5233 4450 5181 5491 5164 5115 5162 4530 5264 4852 4879 4882 4919 4940 5032 5016 5242 5215 4756 5008 5307 5129 5177 5164 4901 5219 5172 4914 5228 5452 4993 5139 5190 5413 5502 5015 5202 5010 5072 4963 4829 5128 5227 4878 5449 5121 5551 5284 5300 5174 5445 5385 4714 4980 4968 5407 4959 5305 5383 4768 5318 5276 5066 4741 5143 5146 5134 5406 5479 5193 5320 5585 4987 4598 5147 5365 4732 4918 4944 5119 5098 4994 5217 5062 5320 5188 4965 5163 5588 4934 4506 5601 5428 5963 5284 5538 4924 5254 5557 5771 5406 5393 5339 5534 4880 4888 5116 4914 5195 4927 4894 5054 5169 5086 5260 4871 4877 5563 5214 5050 5212 4928 5368 5226 4955 5011 5386 5061 4967 5719 5242 5376
5154 5127 5318 5461 5166 5605 5319 5097 4980 5246 4804 5491 5246 5398 4792 4940 5115 5129 5323 4707 5128 5115 4525 5371 5164 5167 5594 5169 5365 5051 5253 5448 5107 5780 5144 5132 4862 5038 5523 5818 5884 5245 5486 5296 5173 5252 5482 5070 5296 4899 5602 5052 5140 5243 5693 5058 4646 6055 5394 4905 5371 4883 5039 4988 5483 5204 5455 4937 5430 5411 5458 5145 5104 5189 5207 5479 5082 5292 5162 5552 5149 5179 5311 5177 5177 4806 5419 5425 4894 5319 5224 5638 5508 5430 5123 4578 5033 5157 5374 5541 5739 5452 4614 5704 4909 5251 5591 5192 5200 5354 5058 4993 5674 5310 5671 5420 4970 5568 5339 5153 5334 4769 5508 4831 5203 4653 5443 5483 5377 5476 5481 4948 5239 5006 5220 5321 5200 5124 5259 5165 5237 4984 4674 5223 5255 5038 5421 5142 4959 5539 5322 5020 5417 5498 4935 5216 5126 5538 5805 5303 4988 4812 5372 4890 5109 5279 5360 4821 5556 5166 5485 5269 5244 5369 5408 5572 4926 5085 5274 5114 5378 5111 5316 5115 5695 5022 5247 4795 5356 5120 4853 5729 5454 5390 5296 5535 5146 4544 5288 5295 4792 5118 4891 5067 5278 5061 5205 5004 5146 5287 5294 5110 5489 5068 4557 5651 5442 5807 5232 5325 4858 5371 5065 5679 5330 5124 5151 5453 4749 4868 5226 4764 5030 4753 4792 4951 4887 5432 5179 5143 4756 5487 5303 5123 5353 5083 5047 5243 4901 4852 5330 5011 5050 5635 5241 5245
5129 5456 5587 5886 5407 5757 5834 5669 5202 5209 4735 5654 5329 5653 4983 5176 4993 5399 5457 4534 5257 4741 4935 5600 5396 5294 5407 5311 5219 5272 5132 5760 5026 5609 5120 5111 5009 5571 5691 5912 6067 5250 5247 5386 5335 5542 5627 5237 5744 5221 5714 5328 5138 5608 5742 5011 5050 5990 5779 5345 5593 5472 4931 5099 5558 5747 5844 5124 5793 5453 5487 5248 5418 5450 5347 5570 5203 5318 5599 5558 5219 5002 5333 5611 5224 4802 5759 5141 5360 5214 5390 5571 5577 5537 5453 4947 5032 5204 5541 5414 5496 5729 4662 5609 5270 5444 5503 5248 5600 5215 5238 5220 5411 5615 5723 5787 5541 5582 5345 5530 5531 5047 5296 5015 5425 4834 5235 5741 5437 5468 5296 4722 5593 4998 5305 5403 5082 5039 5381 5108 5471 5373 4816 5197 5380 5364 5334 5219 5070 5192 5557 5242 5409 5572 5213 5482 5338 5736 5638 5450 5288 4970 5356 5072 5140 5566 5257 5211 5472 5116 5852 5427 5266 5456 5454 5273 4816 5255 5392 5275 5277 5378 5512 5127 5541 5377 5136 4918 5423 5528 5509 5717 5712 5295 5331 5551 5426 4881 5442 5423 4950 5025 5030 5154 5272 5351 5181 5049 5472 5636 5342 5361 5706 5272 4789 5564 5527 5858 5174 5573 5003 5350 5455 5571 5251 5386 5568 5440 5153 4924 5476 4905 5136 4837 4923 5147 5054 5046 5286 5294 5059 5630 5269 5508 5142 5172 5265 5320 5123 5310 5550 5061 5082 5721 5414 5395
5478 5005 5529 5225 5343 5577 5618 5651 5137 5307 4771 5438 4999 5342 5121 5237 4985 5482 5286 4772 5225 4997 4709 5596 5131 5130 5539 4885 5251 5236 5080 5700 4845 5767 5009 5174 5032 5390 5380 5720 5652 5571 5064 5357 5215 5406 5845 4954 5591 5334 5564 5189 5053 5419 5523 4848 5192 6103 5669 5194 5689 5502 4862 5054 5456 5388 5805 4897 5339 5302 5476 4952 5146 5331 5234 5120 5074 4905 5567 5687 5408 5036 5167 5593 5145 4932 5471 5190 5299 5334 5424 5546 5788 5484 5316 4754 5129 5000 5452 5241 5684 5700 4559 5704 5408 5511 5199 5190 5411 5107 5213 5493 5671 5372 5492 5607 5129 5600 5412 5393 5361 5284 5089 5208 4996 4765 5240 5924 5428 5125 5577 4992 5240 4955 5068 5221 4897 4960 5112 5118 5353 5175 4867 5218 5352 5475 5444 5034 5210 5259 5330 5473 5515 5574 5203 5126 5259 5675 5681 5323 5237 5096 5204 5129 4744 5298 5281 5026 5446 5271 5783 5222 5491 5530 5377 5595 4918 5201 5209 5643 5419 5282 5488 5052 5614 5114 5382 5019 5374 5155 5255 5531 5696 5221 5411 5571 4974 4631 5370 5642 4958 5096 5205 5210 5197 5200 5207 5238 5478 5325 5366 5170 5696 5034 4927 5671 5475 5862 5184 5315 5014 5417 5283 5809 5274 5368 5616 5625 5116 4880 5530 4733 5393 5028 4749 5125 5123 5134 5223 5124 4835 5370 5425 5250 5413 5290 5400 5278 5186 4911 5393 5058 4977 5513 5082 5335
4948 4738 5382 5441 5067 5456 5419 5327 5090 5230 4627 5568 5025 5304 4922 5277 4971 5045 5311 4744 5103 5018 5025 5349 5195 5282 5236 4837 5267 4985 5113 5532 4963 5557 5021 4985 4947 5248 5505 5781 5517 5379 5116 4951 4948 5184 5432 5183 5304 4971 5419 4751 4974 5561 5419 4739 4722 6033 5507 5150 5517 5409 4669 4936 5291 5265 5643 4844 5306 5156 5388 5047 5241 5030 5067 5452 4708 5061 5471 5653 5088 5140 5136 5290 5120 4765 5543 5182 5010 5203 5237 5385 5560 5309 5290 4884 5085 5223 5571 5139 5796 5616 4698 5595 5316 5214 5396 5225 5180 4964 4945 5229 5426 5210 5528 5332 5129 5321 5208 5456 5217 4941 4972 5070 5070 4661 5145 5795 5294 5369 5240 4682 5308 5076 5218 5294 5138 5222 5062 5146 5331 5330 4587 5127 5394 5131 5340 5223 4974 5277 5141 5277 5795 5448 5115 5101 5196 5391 5714 5159 5157 4820 5289 4990 4968 5207 5178 5088 5585 5212 5569 5090 5219 5133 5399 5375 4661 5126 5053 5424 5258 5414 5224 5270 5392 5204 4854 4640 5160 5444 5039 5346 5281 5244 5284 5570 5110 4899 5413 5293 4933 4940 5118 5056 5133 5245 5306 5267 5309 5333 5368 5227 5337 5006 4495 5442 5638 5620 5015 5357 5118 5168 5361 5402 5168 5199 5343 5662 4806 4787 5244 4861 5127 5067 4730 4899 4717 5086 5326 4856 4677 5341 5197 5192 5107 5156 5393 5373 5260 4703 5337 5187 4922 5366 5346 5099
5271 5359 5318 5357 5367 5603 5534 5564 5291 5367 4649 5517 4988 5645 4917 5356 5200 5214 5569 4806 5468 4983 4812 5269 5075 5371 5561 4857 5253 4893 5094 5765 5115 5589 4995 5050 5005 5554 5625 5971 5603 5665 5275 5104 5167 5273 5641 5264 5663 5384 5635 5500 5213 5299 5664 4975 5132 6036 5545 4950 5412 5311 5112 5195 5342 5597 6063 5134 5163 5124 5217 5447 5293 5237 4949 5432 5370 5047 5468 5518 5464 5089 5368 5292 5136 4806 5721 5419 5165 5482 5631 5700 5587 5553 5218 4886 5152 5051 5754 5391 5814 5685 5028 5462 5628 5180 5361 5141 5577 4962 5358 5169 5322 5445 5598 5626 5320 5796 5128 5640 5395 4890 5175 5196 5555 4784 5382 5535 5221 5410 5397 4972 5347 4933 5069 5351 4975 5272 5281 5270 5715 5423 4891 5280 5100 5192 5362 5162 5086 5438 5162 5171 5756 5675 4891 5463 5428 5825 5818 5357 5507 5136 5270 5089 4940 5728 5360 5096 5468 5194 5565 5461 5196 5473 5478 5722 4799 5043 5228 5363 5260 5507 5364 5329 5536 5244 5121 4852 5292 5545 5103 5358 5573 5475 5430 5739 5266 4987 5348 5385 5140 4788 5094 5227 5290 5355 5035 5085 5549 5414 5028 5277 5569 4932 4805 5697 5581 5925 5315 5565 5095 5415 5520 5743 5258 5211 5804 5311 5077 4717 5550 4961 5075 4925 4778 4865 4920 5173 5322 5119 4917 5521 5270 5177 5382 5166 5381 5264 5067 5005 5523 5370 5044 5611 5389 5394
4980 5429 5343 5691 5313 5606 5448 5323 5085 5224 4953 5543 5325 5454 4937 5465 4926 5138 5264 5010 5223 4894 5016 5503 5018 5340 5424 5090 5371 5201 4867 5705 5167 5526 5193 5086 4949 5279 5618 5855 5933 5522 5268 5323 5062 5262 5588 5066 5426 5333 5597 5363 5112 5219 5591 5263 4948 5869 5973 5081 5661 5122 4883 5183 5512 5584 5843 4926 5668 5316 5423 5349 5307 5424 5189 5509 5058 5161 5397 5702 5328 5340 5228 5599 4934 4830 5630 5270 5112 5431 5565 5531 5692 5626 5396 4838 5104 4939 5562 5527 5617 5541 4768 5636 5426 5407 5523 5329 5912 5146 5265 5361 5543 5718 5670 5700 5285 5486 5308 5378 5623 4738 5041 5031 5309 4792 5291 5528 5625 5342 5311 4769 5297 4821 5189 5109 5152 4984 5304 5111 5426 5230 4777 5262 5371 5450 5317 5292 5219 5288 5230 4867 5185 5406 5270 5187 5314 5908 5867 5606 5051 4952 5349 4851 4879 5378 5474 4971 5635 5106 5608 5607 5484 5404 5299 5460 4903 5444 5269 5241 5413 5229 5497 5226 5358 5335 5140 4671 5471 5437 5142 5355 5683 5276 5221 5482 5006 4770 5318 5407 4934 4833 5304 5388 5436 5376 5093 4863 5613 5283 5472 5472 5529 5163 4776 5554 5355 5860 5330 5411 4970 5158 5272 5568 5258 5248 5640 5629 4868 4744 5334 4980 5169 5088 4858 4924 5040 5205 5504 5037 5193 5584 5423 5375 5436 5179 5162 5039 5049 5014 5411 5363 5330 5695 5391 5308
5445 5474 5505 5688 5329 5762 5572 5667 5169 5458 4759 5728 5309 5436 5189 5164 5299 5329 5262 5108 5272 5008 5071 5463 5092 5403 5576 4956 5450 5325 5270 5900 5466 5792 5295 5463 5084 5549 5479 6053 5934 5426 5635 5480 5139 5318 5593 4988 5631 5148 5868 5104 5150 5515 5855 5299 4907 6056 5828 5295 5754 5275 5053 5490 5731 5521 5799 4992 5682 5244 5581 5259 5448 5266 5402 5414 5029 5330 5481 5455 5310 5247 5110 5576 4774 4709 5555 5526 5440 5518 5384 5565 5940 5756 5450 4781 5267 5551 5434 5601 5695 5757 4808 5904 5411 5307 5849 4983 5493 5123 5208 5539 5486 5418 5591 5641 5201 5757 5496 5591 5533 5112 5162 4924 5423 4737 5440 5575 5511 5523 5479 5098 5350 5221 5177 5130 4960 5196 5400 5226 5434 5333 4972 5265 5245 5531 5318 5277 5188 5386 5520 5386 5555 5565 5358 5386 5436 5797 5995 5461 5372 4984 5466 5294 5004 5615 5477 5036 5474 5347 5666 5519 5456 5605 5610 5732 4922 5235 5313 5544 5761 5422 5605 5246 5528 5165 5320 4738 5464 5606 5562 5535 5521 5211 5483 5708 5037 4842 5722 5447 5092 5057 5148 5454 5362 5316 5392 5316 5368 5301 5570 5276 5662 5047 4629 5668 5477 6020 5135 5733 5250 5482 5552 5715 5305 5198 5493 5679 5158 5016 5384 4943 5105 5390 4797 5002 5129 5201 5485 4942 5034 5817 5474 5507 5368 5313 5360 5327 5203 5115 5733 5295 5215 5554 5443 5492
5072 5104 5297 5210 5296 5777 5480 5126 5036 5119 4681 5164 4981 5677 4701 5194 5132 5029 5129 4699 5214 4786 4583 5304 5043 4926 5610 4836 5215 4971 4651 5325 5060 5409 5033 4800 4922 5133 5444 5375 5615 5315 5140 5334 4838 5303 5367 4918 5052 5012 5583 4887 5156 5315 5441 5054 4809 5793 5366 4958 5249 5140 4788 5147 5480 5442 5695 4765 5566 5357 5446 4823 4912 5258 5126 5188 4947 4953 5486 5243 5260 5119 4927 5272 4878 4630 5453 5206 4922 5198 5237 5297 5458 5476 5195 4561 4890 5029 5307 5068 5532 5423 4617 5539 5132 5180 5354 5081 5369 5000 5077 4949 5412 5562 5415 5373 5023 5597 5176 5187 5365 4888 4923 5105 5176 4529 5012 5438 5449 5002 5349 4804 5114 5076 5176 4891 4834 5047 5162 4914 5077 4741 4561 4828 4801 5076 4955 4975 4887 5107 5409 5013 5121 5154 4840 5135 5084 5759 5597 5079 4967 4717 5493 4930 4784 5287 5230 4966 5263 4879 5531 4930 5453 5317 5177 5410 4522 5060 4867 5133 5259 5007 5272 4939 5097 5158 5074 4551 5027 5311 4864 5456 5333 5032 4990 5410 4903 4801 5306 5527 4780 5068 5071 5083 5306 5096 4933 4905 5310 5237 5289 5297 5437 4920 4608 5370 5296 5415 5091 5400 4695 5121 5433 5271 4998 5069 5341 5373 4741 4778 5414 4888 5158 4803 4719 4826 4687 4994 5095 4941 4853 5488 5186 5145 4972 4950 5297 5077 4996 4767 5386 5111 4791 5285 5039 5024
4868 4860 4997 5278 5046 5315 4993 4800 4703 4955 4351 5439 4733 5060 4655 4804 4760 4757 4773 4145 5128 4446 4499 5103 4674 4835 5043 4856 4821 4759 4906 5553 4981 5105 4748 4825 4438 4941 5185 5535 5318 4990 4763 4955 4860 4693 5293 4562 5025 4969 5362 4893 4925 5069 5375 4585 4663 5459 5411 4713 5037 4946 4528 4848 5149 5188 5358 4939 5003 4828 5078 4870 4737 4896 4993 5032 4552 4561 4976 5248 5042 4948 4542 5045 4905 4548 5231 4709 4924 4921 5135 5201 5269 5172 4956 4339 4759 4879 5111 4972 5324 5189 4674 4857 4796 4957 5210 4731 4780 4834 4835 4769 4876 4992 5075 5273 5033 4952 4910 4902 5310 4750 4661 4647 5001 4206 4937 5042 4999 4972 5199 4333 4915 4695 4734 4832 4855 4863 4875 4759 5155 4619 4528 4682 4859 5043 4712 4829 4627 4804 5243 4907 5227 5349 4825 4966 4756 5259 5510 4993 4776 4656 4952 4828 4596 4813 5258 4557 5317 4973 5099 4875 4948 5115 5009 5101 4495 4535 4640 4880 5134 4860 5020 4731 5203 4774 4978 4513 5118 5098 4867 5025 5115 4754 5039 4792 4859 4506 5054 5245 4703 4683 4687 4921 5040 4716 4903 4663 5008 4858 5021 4812 4922 4654 4426 5099 5012 5524 4861 5340 4556 5002 4931 5153 5068 4895 5259 5046 4881 4356 5034 4652 4770 4650 4370 4823 4796 4643 4950 5043 4643 5181 4618 4764 4899 4948 4825 4990 4677 4697 5333 4970 4747 5296 5129 4943
5616 5379 5622 5654 5462 5866 5778 5693 5420 5622 4901 5741 5103 5652 5255 5448 5278 5183 5620 5093 5572 4977 5039 5309 5475 5458 5595 5216 5371 5578 5244 5892 5292 5851 5432 5303 5070 5471 5939 6067 5873 5674 5470 5396 5213 5484 5606 5534 5597 5470 5852 5258 5392 5669 6140 5289 5270 6181 5835 5597 5769 5275 5075 5338 5723 5913 6077 5128 5588 5244 5655 5473 5352 5413 5328 5658 5308 5419 5680 5903 5545 5426 5509 5523 5338 4959 5751 5366 5112 5331 5471 5860 5931 5583 5556 5098 5358 5494 5710 5528 5648 5995 4829 5604 5404 5776 5851 5552 5270 5396 5692 5606 5686 5941 5778 5659 5300 5904 5311 5745 5482 5088 5517 4910 5565 4976 5428 5792 5646 5629 5685 4905 5548 5399 5239 5357 5147 5326 5694 5377 5490 5482 4813 5125 5611 5673 5513 5270 5048 5289 5598 5320 5624 5859 5320 5552 5653 5754 5866 5522 5415 5274 5515 5280 5184 5532 5729 5090 5800 5267 5835 5644 5586 5662 5702 5710 4964 5119 5404 5487 5765 5507 5573 5242 5698 5337 5488 4751 5655 5859 5386 5624 5590 5515 5600 5811 5307 4862 5420 5598 5066 4967 5532 5367 5606 5511 5394 5444 5284 5627 5620 5432 5587 5216 5129 5786 5735 5939 5482 5999 5230 5739 5381 5706 5521 5439 5779 5709 5381 4848 5762 5190 5449 5390 5394 5229 5049 5331 5635 5416 5247 5857 5569 5304 5615 5398 5408 5490 5377 5208 6013 5795 5110 5817 5770 5581
5585 5151 5499 5436 5441 5597 5661 5548 5113 5192 4784 5634 5339 5326 5117 5234 4958 4957 5499 4957 5356 4822 4876 5310 5096 4877 5792 5065 5547 5127 5265 5564 4959 5676 5140 5199 4996 5311 5589 5909 5559 5575 5186 5353 5106 5424 5658 5041 5223 5158 5335 5017 5224 5635 5736 5172 5099 5930 5676 5184 5754 5440 4934 4932 5514 5496 5606 4886 5372 5124 5448 5301 5058 5047 5368 5441 5016 5365 5318 5824 5079 5186 5408 5425 5060 4968 5494 5160 4937 5395 5406 5773 5544 5424 5134 4977 5191 5060 5310 5411 5666 5620 4633 5502 5416 5508 5634 5284 5262 4972 5478 5144 5397 5724 5807 5547 5345 5529 5235 5457 5403 4985 5073 5209 5529 4581 5253 5595 5234 5296 5681 4804 5440 4996 5028 5421 5184 5034 5152 5380 5429 5246 4792 5306 5147 5321 5311 5182 5124 5354 5298 5155 5518 5740 5050 5339 5494 5542 5904 5270 5336 5061 5396 5349 5191 5225 5258 5069 5482 5139 5760 5347 5280 5435 5421 5559 4698 5088 5292 5417 5272 5198 5314 5096 5568 5051 5492 4880 5565 5257 5153 5517 5125 5111 5407 5684 5349 4645 5208 5490 4821 4929 5416 5332 5195 5333 5256 5239 5095 5362 5196 5463 5577 5044 4755 5567 5502 5912 5304 5619 4896 5268 5314 5582 5612 5065 5492 5631 4758 4761 5718 5001 5235 5273 4951 4937 4984 5197 5467 5174 4887 5638 5671 5460 5188 5232 5265 5349 5209 5084 5238 5320 4984 5727 5072 5320
5216 5234 5447 5351 5448 5662 5683 5470 5216 5222 4647 5602 5077 5525 4965 5121 4948 5397 5139 4568 5439 4977 5292 5418 5212 5143 5666 5141 5184 5067 5028 5771 5141 5318 5153 4928 5024 5347 5663 5698 5767 5377 5318 5647 4967 5092 5553 5208 5441 4998 5542 5175 5027 5450 5634 4990 4999 5988 5467 5135 5626 5164 4849 5230 5341 5433 5627 4906 5669 5284 5584 4968 5325 5270 5140 5450 4999 5024 5445 5623 5494 5290 4999 5408 5060 4834 5477 5248 5123 5564 5227 5404 5409 5612 5305 4719 4950 5244 5386 5457 5594 5709 4885 5727 5675 5518 5618 5085 5575 5203 5339 5317 5442 5709 5607 5573 5287 5407 5427 5693 5328 4977 5009 4959 5385 4863 5459 5633 5353 5526 5468 5057 5273 5105 5209 5180 4898 4966 5413 5126 5497 5338 4842 5423 5272 5640 5316 5374 4873 5229 5355 4998 5474 5679 5287 5596 5329 5700 5521 5223 5268 5174 5395 5106 4997 5490 5302 5147 5426 5059 5481 5502 5392 5393 5309 5498 4544 5257 5333 5375 5471 5307 5557 5149 5267 5103 5326 5042 5538 5350 5340 5470 5682 5097 5317 5516 5100 5075 5267 5608 5027 4961 5074 5061 5184 5255 5154 5215 5369 5348 5149 5489 5494 5053 4812 5425 5335 5443 5113 5458 4906 5446 5576 5729 5381 5357 5445 5655 5283 4897 5509 5129 5178 4884 4828 4956 4885 5025 5260 5161 5009 5614 5214 5190 5112 4971 5266 5059 5168 5174 5417 5206 5204 5507 5215 5409
4963 4714 5071 5094 4890 5270 5072 5067 4590 5018 4450 5250 4696 5311 4797 4881 4891 5001 4907 4143 4853 4732 4508 5069 4857 5084 5138 4742 5066 4864 4814 5127 4967 5308 4830 4644 4626 5224 5177 5508 5549 4968 4998 5139 4933 4597 5256 4679 5201 4889 5204 4636 4627 5311 5306 4712 4322 5715 5179 4749 5175 4886 4263 4852 5128 5083 5585 4678 5015 4973 5070 4599 4755 4938 5085 4874 4500 4630 5101 5311 4993 4689 4871 5210 4749 4638 5278 4849 4623 4921 4983 5201 5181 5167 4926 4184 4780 4701 4988 4859 5196 5434 4614 5304 5364 5113 5191 4969 5028 4717 4883 5084 5036 5184 5119 5148 5271 5054 4759 5293 5029 4459 4733 4790 4911 4173 4930 5433 4896 5009 5033 4727 4933 4920 4758 4856 4827 4884 4819 4666 4924 4842 4662 4858 4901 5094 4729 4966 4848 5216 5074 5163 5121 5306 4703 4933 4872 5185 5336 5111 4632 4551 5069 4628 4594 5099 4743 4671 5377 4890 4985 5015 5002 5150 5085 5143 4461 4855 4700 4973 5058 5089 5244 4875 5276 4702 5004 4572 4866 5136 4931 4931 5014 4820 5173 5149 4890 4502 5365 4963 4724 4836 4955 4808 4791 5025 4828 4758 4863 5098 5138 4954 5104 4790 4331 5092 5055 5384 4651 5143 4574 5280 5270 5258 4862 4820 5347 4975 4653 4259 4962 4345 4874 5072 4264 4756 4520 4842 5036 5106 4813 4906 4793 4868 4816 4824 4849 5094 4724 4590 5006 5113 4693 5118 5106 4951
5396 5234 5464 5483 5470 5651 5515 5475 5319 5164 4551 5747 4950 5504 5050 5370 5217 5278 5521 4869 5615 4992 5055 5496 5103 5035 5634 5182 5319 5171 5213 6035 5240 5885 5262 4979 5133 5563 5541 5982 5790 5605 5508 5639 5005 5456 5727 5113 5288 5330 5755 5132 5304 5478 5609 4868 4994 6165 5864 5257 5697 5536 5055 4888 5514 5737 5891 5136 5438 5282 5708 5190 5514 5299 5242 5373 5204 5026 5561 5534 5443 5102 4920 5567 5244 4798 5764 5294 5283 5267 5399 5629 5785 5336 5134 4510 5372 5421 5482 5366 5855 5466 4859 5599 5549 5665 5453 5257 5326 5099 5514 5473 5774 5617 5472 5611 5287 5477 5383 5663 5291 5100 5044 5109 5327 4800 5370 5340 5479 5551 5363 4918 5411 5175 5251 5311 5074 5135 5571 4885 5423 5309 4871 5347 5247 5432 5580 5077 5055 5052 5435 5230 5406 5923 5212 5467 5368 5803 5956 5322 5355 5037 5293 5275 4923 5508 5493 5140 5606 5058 5732 5346 5536 5459 5297 5472 4795 5070 5345 5698 5171 5400 5481 5100 5673 5006 5303 4891 5334 5324 5246 5353 5424 5009 5340 5635 5195 4785 5124 5666 4890 4895 5418 5284 5393 5013 5540 5323 5240 5431 5426 5252 5631 5079 4762 5480 5337 5727 5237 5630 5189 5352 5238 5711 5334 5461 5559 5543 5049 4756 5651 4988 5274 5031 4676 4959 5039 5170 5321 4977 5098 5750 5572 5466 5383 5443 5541 5047 5351 5000 5643 5234 4996 5716 5280 5358
5045 4670 5215 5162 5151 5545 5277 4953 4957 4976 4293 5136 4926 5327 4751 4652 4792 5055 4842 4575 5281 4627 4772 5072 4803 4869 5218 4891 5132 5121 4814 5278 4684 5192 4899 4780 4717 5080 5210 5401 5460 4764 5100 4864 4795 4937 5279 4744 4936 4981 5375 4694 5007 5212 5387 4818 4522 5617 5262 4980 5098 5186 4784 4947 5288 5129 5285 4846 5110 4838 5190 4776 5029 5090 4984 5323 4873 4882 5158 5028 4817 4780 4930 4978 4966 4592 5513 5071 4767 4928 5090 5410 5173 5276 5132 4483 4898 4973 5317 4999 5450 5441 4564 5387 5123 4999 5019 4945 5043 5018 4915 4787 5110 5071 5237 5030 4823 5046 5042 4964 4993 4472 4948 4843 4969 4510 5093 5636 5088 5035 5201 4738 5028 4708 5023 5043 4553 4876 4801 5114 5188 4717 4720 5040 4710 4923 5145 4833 4871 5245 5112 4830 4915 5454 5003 4926 5096 5336 5407 4725 4489 4478 5028 4853 4740 5140 5092 4837 5463 4901 5416 5251 4979 5099 5269 5295 4265 4714 5036 5088 4988 5059 5076 5164 5256 5052 4941 4427 4905 5139 4933 5130 5329 4931 4948 5191 4711 4483 5107 5062 4759 4775 4920 4785 4983 5128 5059 4777 4932 5020 5040 5211 5239 4603 4647 5048 5072 5488 4879 5104 4715 5043 5039 5256 4868 5029 5046 5171 4933 4377 4935 4640 4759 4850 4665 4828 4799 4673 5156 4871 4620 5019 4914 5090 5083 4875 5149 4877 5179 4899 5239 4732 4627 5336 5175 4900
5617 5710 5661 5730 5681 6045 5729 5493 5268 5548 4947 5697 5390 5787 5332 5660 5216 5436 5697 4528 5504 5188 5196 5737 5481 5541 5812 5593 5609 5461 5334 5897 5540 5996 5237 5169 5354 5673 5844 6221 6085 5476 5569 5454 5239 5565 5539 5318 5668 5413 5917 5515 5314 5594 5991 5154 5027 6055 5890 5447 5743 5520 5481 5518 5807 5646 6161 5257 5861 5418 5758 5150 5268 5299 5527 5708 5528 5294 5803 5769 5601 5305 5295 5589 5324 5126 5980 5562 5464 5462 5668 5914 5852 5676 5628 5062 5356 5492 5779 5525 6106 5736 5070 6125 5418 5787 5668 5678 5782 5201 5504 5687 5944 5920 5854 5652 5310 5591 5496 5893 5861 5196 5491 5223 5563 4733 5423 5795 5844 5366 5754 5169 5737 5256 5386 5575 5409 5374 5653 5305 5717 5731 4994 5327 5475 5689 5623 5340 5315 5383 5519 5073 5662 6011 5465 5614 5518 5930 6021 5722 5322 5478 5637 5348 4983 5346 5762 5200 5959 5091 5974 5613 5839 5746 5486 5726 5052 5352 5451 5949 5529 5643 5761 5337 5813 5524 5417 5051 5740 5807 5529 5643 5563 5509 5514 5686 5428 5018 5424 5727 5147 5041 5259 5360 5454 5704 5644 5326 5615 5741 5931 5350 5784 5255 4612 5575 5623 6158 5426 5866 5005 5719 5568 5927 5790 5671 5697 5860 5155 5126 5731 5440 5459 5170 5056 5399 5374 5111 5660 5182 5258 5783 5629 5530 5797 5479 5811 5150 5322 5243 5643 5542 5043 5720 5727 5839
5304 5284 5583 5579 5533 5788 5561 5691 5097 5304 4966 5707 5381 5818 4981 5385 5128 5319 5459 4659 5508 4920 4907 5667 5261 5022 5560 5251 5600 5360 4964 5729 5131 5721 5246 5156 5313 5800 5820 6166 5638 5548 5430 5375 5087 5329 5622 5036 5561 5328 5629 5199 5435 5353 5500 4976 4946 5965 5665 5169 5771 5677 5098 5444 5756 5995 5833 5110 5611 5553 5710 5044 5047 5340 5117 5585 4928 5136 5502 5819 5289 5457 5304 5391 5326 5083 5584 5275 5155 5491 5463 5628 5771 5452 5495 4645 5255 5280 5536 5338 5695 5712 4743 5757 5345 5300 5620 5266 5753 5145 5462 5193 5427 5698 5426 5519 5323 5770 5462 5834 5490 5008 5274 4977 5374 4783 5279 5613 5461 5465 5487 5091 5487 5137 5268 5176 5327 5160 5443 4981 5568 5469 4970 5044 5445 5494 5200 5351 5126 5402 5504 5266 5577 5854 5287 5372 5488 5539 5647 5569 5323 4933 5383 5096 5040 5536 5586 5217 5665 5321 5480 5342 5296 5485 5355 5798 4822 5048 5181 5509 5299 5241 5639 5374 5546 5267 5500 4996 5456 5347 5158 5428 5702 5227 5456 5490 5320 4747 5204 5620 4942 4952 5352 5487 5439 5250 5241 5205 5374 5295 5469 5423 5713 4924 4571 5734 5316 6004 5104 5830 4964 5549 5608 5786 5523 5343 5609 5674 5040 4914 5401 4926 5120 4958 4939 5098 5006 5134 5308 5157 5129 5640 5449 5099 5180 5448 5464 5154 5266 5205 5483 5352 5313 5696 5358 5447
5398 5365 5622 5676 5643 5690 5916 5440 5275 5076 4789 5702 4914 5681 4898 5351 4970 5402 5350 5009 5446 5104 5105 5515 5362 5026 5661 4996 5175 5066 5287 6030 4852 5553 5161 5149 4974 5577 5883 5886 5845 5489 5402 5535 5100 5422 5700 5118 5628 5667 5770 5385 5427 5442 5846 5026 5358 6371 5748 5243 5582 5550 5062 5269 5780 5621 5945 5421 5555 5360 5522 5210 5401 5323 5395 5611 5308 5185 5771 5456 5479 5504 4963 5620 5335 4892 5827 5278 5120 5502 5526 5510 5757 5484 5388 4724 5469 5383 5558 5510 6080 5645 4991 5857 5371 5592 5705 5510 5744 5241 5455 5363 5361 5622 5806 5771 5349 5654 5334 5615 5420 5064 5282 5430 5300 5119 5528 5717 5641 5685 5263 4810 5351 5116 5634 5327 5213 5278 5448 5425 5616 5088 4835 5407 5374 5605 5480 5313 5263 5548 5518 5316 5759 5752 5603 5609 5549 5975 5927 5679 5247 5077 5425 4927 4883 5685 5555 5114 5660 5314 5597 5772 5460 5359 5313 5506 5052 5448 5208 5649 5449 5388 5688 5341 5710 5263 5180 4891 5477 5606 5375 5579 5704 5308 5501 5439 5395 4937 5341 5748 4999 4951 5387 5280 5539 5384 5309 5295 5391 5669 5375 5234 5606 5050 5014 5707 5566 6104 5170 5799 5195 5522 5559 5554 5251 5315 5879 5630 5099 4946 5775 4997 5170 5135 4954 4903 5191 5030 5285 5121 5381 5682 5423 5148 5388 5463 5189 5328 5399 5001 5509 5356 5237 6086 5423 5516
5186 5140 5781 5681 5651 5643 5732 5520 5460 5594 4791 5497 5205 5815 5166 5292 5455 5371 5692 4976 5610 5117 4975 5611 5256 5301 5418 5215 5607 5291 5203 5692 5224 5654 5251 5285 4891 5447 5775 5837 5826 5602 5334 5263 5343 5481 5895 5193 5643 5221 5736 5329 5281 5712 5814 5185 4872 6155 5830 5454 5695 5305 4872 5173 5583 5446 6146 5298 5492 5430 5451 5440 5416 5358 5433 5556 5097 5196 5619 5690 5452 5371 5508 5383 5425 4771 5693 5339 5299 5444 5578 5563 5757 5566 5489 5152 4880 5316 5671 5548 5759 5850 4908 5673 5405 5476 5624 5378 5653 5455 5359 5506 5403 5492 5743 5880 5613 5584 5135 5376 5501 5119 5022 4963 5373 4879 5590 5941 5524 5351 5421 5097 5448 5277 5089 5436 5144 5320 5400 5426 5668 5350 4864 5362 5238 5584 5394 5296 5064 5206 5241 5475 5744 5667 5022 5395 5676 5994 5972 5516 5295 5269 5614 5209 4981 5664 5387 5305 5706 5273 5902 5346 5626 5402 5451 5494 4861 5368 5578 5485 5554 5394 5523 5252 5640 5331 5302 4857 5228 5409 5372 5758 5472 5336 5261 5642 5596 5097 5819 5658 4814 5284 5401 5089 5302 5549 5282 5243 5453 5584 5706 5624 5669 5351 4907 5714 5655 6171 5247 5853 5023 5500 5433 5825 5331 5388 5544 5819 5371 4898 5398 4919 5234 5128 5018 5219 5185 5237 5474 5375 5163 5824 5131 5294 5374 5227 5331 5660 5006 5119 5626 5577 5145 5600 5710 5600
5255 5306 5774 5702 5645 5964 5826 5495 5286 5371 4827 5509 5162 5840 5134 5434 5503 5350 5559 5303 5661 5323 5099 5562 5239 5193 5565 5449 5560 5348 5097 5760 5170 5807 5307 5270 5069 5705 5918 5891 5760 5635 5726 5340 5361 5411 6021 5382 5737 5393 5730 5236 5215 5591 5891 5178 4834 6204 5796 5313 5592 5518 5145 5349 5921 5756 5939 5139 5721 5413 5479 5240 5462 5205 5471 5572 5135 5147 5586 5888 5454 5332 5432 5497 5379 5004 5664 5654 5260 5525 5634 5774 5748 5619 5353 4866 5385 5508 5618 5538 5924 5844 5013 6058 5662 5550 5657 5281 5481 5212 5630 5462 5754 5799 5803 5660 5673 5812 5432 5744 5433 5001 5251 5238 5396 4854 5537 6085 5591 5598 5554 4992 5490 5388 5463 5479 5406 5063 5264 5274 5848 5459 5116 5388 5305 5541 5404 5452 5346 5505 5661 5169 5751 5752 5538 5758 5764 5882 6219 5579 5564 5136 5395 5099 4944 5572 5410 5244 5705 5236 5823 5430 5668 5470 5514 6031 4895 5249 5536 5563 5517 5465 5668 5415 5742 5520 5468 4946 5439 5782 5046 5515 5656 5632 5573 5705 5299 5170 5936 5399 5154 5200 5169 5473 5544 5312 5222 5357 5805 5623 5476 5760 5779 5165 4968 5524 5711 6047 5144 5967 5143 5563 5533 6072 5723 5315 5771 6057 5223 5052 5558 5220 5526 5311 4925 5260 5222 5349 5630 5213 5177 5523 5331 5304 5632 5482 5624 5413 5266 5455 5437 5677 5222 5900 5449 5397
4928 5243 5345 5325 5279 5627 5232 5271 4788 5237 4649 5442 5046 5127 4820 5042 5233 5027 5024 4608 5377 4810 4586 5261 5209 4879 5302 4979 5094 4916 4905 5299 5044 5644 4769 5375 4931 5197 5160 5823 5387 5166 5127 5191 4951 4910 5288 4987 5262 4903 5466 4866 4977 5169 5503 4619 4883 5820 5542 5137 5342 5102 4678 4939 5302 5493 5584 5080 5206 5282 5262 4769 4999 5131 4994 5219 4938 4845 5374 5482 5161 5098 5019 5259 5113 4364 5300 5340 5017 5227 5224 5408 5701 5009 5194 4582 4817 5108 5404 5015 5522 5608 4484 5122 4844 5221 5523 4897 5282 5082 5056 5136 5393 5355 5431 5491 4983 5424 4946 5121 4978 4871 5094 4559 5174 4416 5273 5594 5312 4857 5105 4616 5004 4898 5229 4936 5171 4783 5421 4863 4992 5139 4635 5167 4991 5140 5064 5212 4670 5038 5425 4908 5189 5419 4820 4940 5259 5403 5465 5051 4861 4563 5243 4904 4780 4920 5273 4623 5297 5052 5332 5128 5298 4921 5120 5496 4603 5019 5187 5340 5379 4891 4958 4730 5574 5038 5331 4782 5261 5315 4862 5293 5211 5213 5286 5185 4788 4433 5264 5265 4874 5009 4878 5070 5211 5096 5007 5062 5082 5201 5373 4891 5482 5029 4597 5541 5307 5865 4825 5384 4809 5265 5139 5544 5193 5056 5339 5224 4789 4693 5303 4783 4856 4831 4731 4808 4786 4849 5079 5007 4884 5596 5424 4865 4902 5122 4792 5268 4775 5042 5166 5148 4981 5342 5323 4930
5271 5076 5565 5401 5279 5825 5478 5116 4959 5473 4855 5677 5179 5452 4844 5256 5049 5265 5394 4634 5368 5069 4908 5309 5036 5257 5554 4941 5349 5184 4991 5686 5361 5612 4989 4894 4943 5355 5209 5751 5702 5360 5274 5133 5049 5406 5637 5275 5633 5010 5579 5246 5131 5393 5618 4885 5019 6111 5730 5266 5526 5557 4913 5336 5383 5262 5456 5022 5332 5294 5333 4988 5326 5248 5277 5349 5000 5011 5358 5640 5450 5224 4954 5183 4984 4906 5563 5038 5084 5102 5359 5466 5659 5418 5489 4798 5194 5012 5454 5144 5738 5528 4481 5486 5363 5570 5564 5388 5343 5082 5478 5487 5637 5432 5531 5539 5437 5429 5179 5110 5211 4898 5023 4988 5477 4735 5471 5592 5354 5461 5471 4814 5063 5236 5158 5167 5151 5059 5262 5201 5358 5145 4924 5140 5316 5440 4985 5272 5077 5304 5214 5123 5513 5406 5137 5230 5218 5801 5693 5495 5181 5028 5444 5242 4824 5408 5541 5080 5523 5356 5447 5465 5343 5327 5265 5569 4921 5096 5216 5330 5393 4994 5449 5090 5417 5090 5176 4754 5401 5631 5252 5264 5537 5363 5436 5307 5150 4706 5340 5460 4823 4886 5028 5204 5467 5313 5296 5050 5333 5175 5424 5223 5453 5212 4858 5518 5188 5954 5170 5435 4852 5424 5489 5547 5395 5192 5659 5739 5095 4642 5404 4884 5111 5215 4788 4925 4969 5201 5718 5167 4994 5559 5577 5283 5298 5338 5329 5243 5119 5007 5497 5221 5002 5709 5233 5238
5370 5227 5332 5321 5388 5341 5703 5319 5007 5108 4728 5659 4973 5371 5159 5401 4727 5135 5144 4573 5204 4896 5016 5263 5190 5107 5533 4866 5236 4867 4784 5447 4962 5256 4938 5166 4738 5398 5197 5274 5528 5295 5161 5402 5112 4976 5333 5165 5401 4937 5433 5197 5064 5058 5600 4770 4864 6321 5615 4816 5497 5090 4722 4915 5375 5363 5592 4897 5521 5350 5011 4735 5217 5358 5122 5241 5001 4784 5332 5549 5262 5114 5018 5438 4965 4819 5387 5151 5138 5185 5142 5319 5479 5643 5216 4354 4775 5056 5512 5106 5226 5529 4591 5344 5366 5487 5197 5143 5415 4903 5102 5225 5596 5486 5508 5636 5227 5387 5314 5407 5232 4684 5165 4825 5164 4738 5089 5623 5406 5355 5199 4802 5330 5146 5258 5063 4829 5045 4998 5188 5458 5277 4684 4984 5155 5100 5305 5131 5146 5268 5485 4972 5420 5455 5016 5389 5011 5459 5535 5057 5029 4854 5139 4791 4504 5274 5204 4988 5332 4996 5267 5413 5257 5642 5146 5204 4521 5290 5194 5360 5200 5161 5550 5005 5389 4978 5202 4796 5226 5318 5067 5448 5314 5132 5239 5283 4926 4876 5476 5199 4980 4919 4907 5131 5474 4973 5053 4969 5276 5106 5103 5056 5521 5127 4845 5527 5225 5776 5148 5445 4562 5379 5235 5446 5086 5108 5901 5599 5127 4779 5580 4729 5076 5108 4464 5103 4871 4986 5081 5297 4942 5334 5225 4930 5025 5045 5077 5089 4888 4849 5251 5258 5146 5422 5129 4946
5272 4980 5153 5381 5188 5382 5301 5215 4833 5096 4761 5264 4984 5289 4892 5284 4882 4934 5021 4518 5134 4637 4692 5072 4586 5076 5399 5020 5273 4808 4499 5361 4789 5457 5017 4988 4713 5317 5267 5498 5600 5193 5201 5133 4940 5136 5477 4745 5114 5096 5502 4780 5000 4903 5454 4982 4865 5704 5582 4988 5217 5034 4849 5034 5345 5303 5501 4673 5337 5132 5084 4910 4941 5083 4918 5219 5199 4717 5089 5321 5139 4663 4822 5004 4669 4414 5402 5148 5160 5031 5150 5470 5464 5148 5190 4363 5062 5054 5262 5191 5445 5328 4462 5389 4951 5069 5434 4863 5376 4901 4993 4951 5204 5369 5305 5584 5108 5437 5119 5451 5200 4715 5120 4907 5181 4435 5085 5025 5013 5238 5388 5029 5214 4851 4870 4813 4758 4787 5124 4788 5233 4901 4626 4898 5071 5292 5170 5211 4814 4977 5162 4968 5151 5646 4680 5242 5015 5297 5617 5075 5240 5131 5257 4876 4793 5087 5061 4905 5264 4560 5456 5336 5227 5159 5299 5157 4522 4932 4915 5321 5186 4945 5187 5014 5260 4771 5124 4758 5111 5056 4999 5191 5133 5102 5157 5274 4896 4747 5296 5522 4711 4741 4742 4925 5188 5108 5148 4850 5151 4960 5119 4843 5530 4846 4569 5467 5031 5491 5041 5646 4794 5434 5149 5523 4980 5145 5151 5322 4964 4513 5227 4829 5174 4634 4482 4983 5034 4740 5209 4820 4797 5424 4873 4906 4936 5115 5192 4859 4850 5044 5279 4880 4843 5232 5026 4957
5346 5356 5466 5702 5452 5905 5463 5655 5193 5748 4858 5868 5061 5514 5299 5533 5091 5287 5246 4947 5445 4960 5050 5393 5246 5160 5767 5064 5363 5102 5164 5703 5171 5874 5279 5156 4777 5183 5690 6042 5920 5461 5457 5482 4960 5103 5741 5115 5551 5308 5785 5292 5288 5597 5699 5099 4941 6317 6128 5304 5579 5512 4931 4937 5904 5886 5848 5221 5607 5485 5382 5323 5319 5506 5305 5365 5351 5324 5484 5878 5590 5307 5344 5605 5449 5151 5592 5276 5337 5547 5453 5548 5797 5534 5511 4826 5205 5393 5634 5378 5569 5684 4903 5346 5353 5752 5697 5325 5562 5253 5379 5485 5903 5634 5808 5902 5482 5544 5636 5599 5582 5100 5423 5148 5368 4669 5446 5810 5587 5362 5423 4880 5470 5050 5212 5507 5176 4999 5424 5142 5438 5424 4870 5132 5472 5495 5328 5447 5317 5458 5647 5201 5702 5592 5343 5546 5509 5554 5785 5369 5594 5218 5410 5064 5038 5226 5421 5105 5714 5321 5496 5661 5592 5504 5163 5613 4762 5312 5234 5666 5541 5264 5546 5139 5843 5187 5261 4988 5437 5408 5446 5510 5723 5548 5431 5573 5022 4749 5305 5341 5317 5046 5175 5567 5450 5334 5419 5207 5508 5572 5734 5347 5473 5174 4734 5384 5579 5947 5325 5753 5113 5320 5392 5766 5299 5436 5831 5732 5017 4703 5566 5165 5391 5258 4923 5234 5186 5091 5394 5275 5185 5589 5438 5365 5370 5287 5398 5392 5270 5112 5324 5307 5332 5800 5344 5365
4768 4563 4600 4864 5027 5295 4846 4831 4656 4745 4297 5181 4808 4836 4421 4594 4492 4433 4724 4352 4685 4459 4444 5036 4563 4759 4977 4568 4683 4266 4475 5053 4746 5063 4720 4574 4310 4697 5087 5276 5164 4797 4833 4489 4691 4834 5133 4772 5015 4599 4983 4638 4682 4877 5324 4693 4486 5359 5032 4521 4738 4832 4438 4844 5048 4965 4983 4599 4751 4611 4962 4724 4755 4780 4710 5100 4471 4409 4884 5233 4860 4647 4648 4812 4917 4408 5183 4752 4400 4859 4909 5200 4974 4934 4680 4359 4579 4744 4907 4690 5247 4991 4488 4949 4606 4987 5228 4654 4978 4671 4726 4500 5091 5078 4849 4933 4748 5145 5003 4651 4819 4207 4753 4449 5019 4323 4743 5047 4902 4710 4798 4389 4793 4633 4701 4618 4727 4723 4466 4579 4775 4554 4447 4744 4573 4801 4944 4735 4507 5021 4799 4575 4896 4978 4525 4678 4916 5092 5294 4801 4815 4452 4970 4705 4768 4714 5082 4608 4826 4688 4951 4814 4723 4932 4893 4916 4322 4643 4649 4774 4997 4799 5022 4711 5189 4718 4981 4300 4770 4884 4369 4876 5102 4923 4981 4993 4459 4241 4837 4855 4360 4605 4631 4781 4867 4688 4730 4324 4704 4879 4962 4694 5122 4598 4215 5216 4873 5204 4722 5045 4547 4835 4686 5064 4827 4928 5071 4957 4410 4198 4848 4456 4566 4572 4521 4721 4408 4468 4881 4657 4538 4866 4578 5092 4772 4664 4736 4707 4506 4751 5014 4523 4501 5073 5160 4573
5425 5225 5466 5417 5682 5571 5785 5629 5335 5421 4975 5624 5325 5445 4988 5299 4963 5264 5186 4802 5345 4985 4811 5376 5227 5192 5714 4952 5464 5058 5265 5838 5131 5721 5183 5226 5123 5604 5523 5831 5727 5495 5663 5333 5032 5250 5401 5060 5490 4911 5663 5286 5117 5319 5767 4694 5144 6214 5449 5454 5457 5551 4921 5112 5352 5659 5648 4961 5507 5370 5628 5194 5236 5347 5432 5107 4936 5002 5523 5732 5310 5202 4979 5608 5196 4803 5554 5065 5103 5212 5125 5539 5634 5416 5545 4938 5128 5285 5523 5418 5805 5331 4866 5601 5648 5653 5521 5176 5347 4904 5492 5291 5839 5632 5565 5719 5375 5652 5381 5463 5503 5274 5185 5196 5345 4580 5294 5670 5337 5283 5475 4831 5321 5180 5321 5424 4996 5224 5771 4882 5555 5425 4764 4894 5180 5368 5286 5246 5056 5508 5523 5209 5446 5393 5211 5496 5300 5625 5852 5347 5064 4981 5219 5186 4793 5253 5311 5124 5402 5243 5555 5483 5364 5481 5256 5382 4924 5285 5379 5590 5388 5485 5717 5168 5654 5153 5354 4875 5447 5603 5330 5148 5424 5207 5350 5523 5125 4837 5286 5277 4988 5012 5217 5438 5610 5545 5451 5337 5429 5565 5534 5183 5552 5040 4631 5595 5249 6156 5439 5669 5022 5566 5533 6104 5388 5254 5744 5726 5169 5022 5702 4935 5406 5099 4648 4846 5136 5122 5582 5188 4888 5651 5437 5504 5455 5127 5556 5407 5323 5033 5406 5084 4958 5725 5224 5363
4988 5239 5406 5388 5203 5349 5305 5222 4831 5094 4682 5453 5052 5426 4751 5329 5008 4983 5179 4636 5223 4772 4706 5286 5051 4812 5549 4838 5033 4801 4800 5804 5021 5534 4874 5050 4553 5211 5385 5528 5711 5193 5043 5304 5016 5212 5176 4974 5227 4918 5629 4976 4832 5370 5598 4938 4928 5790 5600 4933 5195 5186 4928 5064 5246 5290 5463 4952 5218 5088 5117 4873 5079 5090 5002 5495 4927 5054 5297 5245 5081 5039 5106 5363 4803 4616 5192 5087 5107 5093 5300 5492 5599 5398 5125 4717 5016 5219 5031 5092 5546 5498 4849 5400 5240 5355 5432 4988 5064 4997 5336 5059 5438 5347 5553 5547 5318 5557 5307 5340 5119 4683 5186 4887 5350 4336 5455 5559 5525 5259 5052 4860 4946 4739 4852 5055 4976 4771 5119 4985 5307 5098 4738 4917 4891 5075 5159 5085 4793 5265 5388 5002 5389 5329 4816 5189 5296 5507 5409 5216 5014 4833 5332 5096 4595 5326 5161 4846 5427 4945 5451 5319 5240 5109 5255 5529 4688 5053 5134 4991 5345 5067 5379 4968 5330 5061 5098 4655 5075 5434 5123 5436 5403 5149 5252 5151 4984 4709 5153 5213 4844 4717 5288 5029 5052 4914 5031 4818 5133 5240 5052 5217 5351 4980 4433 5382 5304 5545 5248 5570 4982 5027 5664 5555 5214 5168 5227 5360 4815 4778 4943 4632 4998 4924 4631 4918 4930 4797 5186 5241 4870 5226 5277 5008 5150 4803 5247 5420 4868 5027 5162 5085 4786 5379 5282 5242
5569 5300 5578 5469 5480 5388 5625 5442 5288 5439 4874 5452 5372 5324 4990 5161 5054 5110 5557 4757 5167 4730 4678 5633 4855 4937 5576 5126 5119 4978 5014 5579 4998 5716 5190 5111 5152 5218 5579 5818 5785 5383 5154 5416 5309 5275 5768 4931 5439 5583 5491 5081 5121 5212 5512 5002 5098 5925 5759 5261 5474 5416 4968 5143 5451 5533 5573 5036 5382 5243 5360 4926 5135 5287 5230 5511 4955 5129 5496 5378 5396 4986 5243 5453 5318 4948 5737 5294 5225 5203 5193 5454 5760 5457 5310 4539 5280 5207 5271 5353 5678 5494 4842 5593 5024 5324 5644 5173 5493 5074 5259 5275 5297 5532 5318 5361 5073 5503 5247 5480 5282 5118 5254 4952 5213 4563 5240 5477 5407 5471 5410 5010 5383 4964 5149 5022 5037 4970 5247 5131 5356 5047 4867 5064 5336 5163 5220 5325 4954 5147 5208 5154 5418 5711 4980 5057 5385 5603 5820 5466 5124 5066 5511 4865 4913 5173 5495 4958 5544 5167 5509 5318 5452 5236 5556 5445 4998 5193 5151 5398 5491 5193 5556 5076 5625 5216 5238 4918 5377 5415 5201 5417 5399 5218 5426 5627 5130 4830 5358 5621 4967 4876 5040 5095 5073 5329 5212 5111 5170 5440 5324 5074 5512 5043 4508 5600 5411 5765 5107 5449 4944 5389 5369 5536 5227 5320 5325 5413 5175 4622 5473 4833 5270 5183 4862 5074 4966 5077 5288 4989 5244 5454 5238 4947 5292 5433 5270 5134 4868 5178 5438 5007 5365 5544 5177 5383
4784 4436 4844 4942 5069 5251 5056 4940 4786 4834 4455 5384 4710 4693 4613 4640 4762 4735 4832 4204 4806 4525 4198 4828 4383 4623 4969 4769 4492 4497 4279 5122 4405 5215 4719 4643 4519 4835 5108 5156 5268 4633 4843 4853 4837 4679 4992 4831 4779 4783 5174 4602 4720 4921 5106 4455 4621 5346 5069 4679 4842 4807 4536 4935 4897 4970 5303 4649 5143 4657 4673 4502 4698 4804 4503 4934 4434 4723 4688 5112 4800 4562 4729 4851 4658 4573 4948 4717 4502 5036 4871 5090 4737 5225 4913 4248 4462 4388 4776 4997 5031 5065 4500 5333 4705 4752 5011 4716 4761 4788 4864 4756 4749 5100 4545 5035 4739 5016 4948 5068 4880 4452 4469 4316 4832 4195 4859 4993 4970 5208 5181 4572 4991 4393 4690 4683 4494 4358 4843 4565 4882 4698 4420 4596 4731 4990 4685 4947 4502 4727 4749 4604 4952 5213 4557 4797 4645 5154 5388 4815 4863 4347 5031 4471 4536 4830 4761 4391 5058 4704 5075 4752 4853 4647 4868 5076 4433 4512 4778 4907 4679 4449 4825 4870 5169 4689 4828 4178 4962 5146 4718 5015 5092 4724 4822 5066 4452 4408 5116 4710 4678 4454 4754 4610 4577 4865 4861 4361 4989 4792 4631 4884 4817 4408 4255 5187 4744 5105 4629 4866 4523 4492 4794 5054 4619 4805 5135 5401 4575 4173 4722 4277 4839 4449 4283 4461 4527 4650 4655 4679 4472 5146 4682 4578 4745 4707 4788 4653 4741 4426 4882 4554 4534 5102 4775 4768
5237 5176 5445 5262 5345 5445 5484 5244 4972 5196 4866 5116 4798 5176 4809 5223 4944 5033 5385 4658 5283 4682 4667 5217 5153 5070 5362 4827 5160 4840 4847 5338 4985 5219 4923 5169 4830 5297 5511 5463 5734 5261 5112 4930 4931 5235 5299 4882 5489 5223 5215 4820 5015 5501 5414 5088 4796 5818 5481 4983 5436 5166 4884 5001 5618 5375 5616 4671 5030 5091 5216 5077 5069 5317 4982 5306 4869 4967 5349 5480 5013 5279 5011 5248 4960 4886 5109 5256 4989 5073 5223 5481 5289 5386 5122 4526 4717 4878 5348 5177 5483 5379 4608 5335 5470 5168 5525 5105 5274 4986 4953 5087 5321 5500 5302 5381 5208 5384 5213 5335 5171 4883 5031 5002 5247 4850 5226 5675 5067 5383 5265 4552 5150 4929 5128 5120 4919 4855 4881 4980 5350 4903 4550 5191 4971 5211 5257 5181 5134 5350 5209 4978 5184 5156 4896 5294 5155 5419 5364 5259 5209 4873 5242 4809 4725 5419 4969 4973 5379 4919 5544 5517 5424 5625 5015 5655 4407 5013 4780 5306 5173 5058 5397 5115 5047 5067 5195 4587 5443 5174 4960 5525 5167 5083 5112 5273 4719 4769 5162 5316 4781 4911 4954 5145 5100 5091 4886 4944 5055 5155 5185 5257 5364 4913 4846 5315 5292 5436 5205 5456 4711 5262 5391 5586 5233 5231 5466 5532 4973 4706 5414 4686 4917 5046 4823 4638 4813 5184 5106 4967 4854 5333 5254 4991 4933 4999 5251 5152 4904 5020 5193 5146 4764 5446 4946 5149
5160 5339 5138 5406 5405 5449 5376 5518 5118 5337 4727 5521 5231 5500 4977 5204 5139 4990 5127 4524 5413 4853 4886 5120 4958 5161 5491 5056 5343 4988 5170 5430 5195 5414 5110 5188 5055 5517 5351 5785 5678 5317 5262 5081 4861 5193 5183 5031 5286 5113 5541 4934 4991 5549 5507 4863 4746 5778 5446 5014 5436 5274 4724 5350 5226 5579 5560 4931 5235 5291 5273 5012 4879 5437 5198 5340 4915 5053 5514 5672 5179 5048 5196 5142 5031 4820 5276 5261 5024 5284 5483 5368 5347 5233 5012 4852 4799 5097 5435 5354 5498 5647 4728 5403 5235 5161 5531 5017 5316 5073 5075 5041 5302 5724 5405 5440 5156 5490 5175 5313 5255 4903 5215 4959 5190 4607 5176 5654 5231 5242 5379 4792 5178 4886 4938 5100 5127 5028 5027 5249 5232 5254 4851 5068 5210 5407 5201 5347 4665 5235 5232 5080 5330 5652 4910 5363 5270 5515 5502 5161 4902 4998 5448 5152 4845 5385 5418 4921 5259 5010 5746 5339 5155 5244 5435 5350 4304 4855 5338 5364 5316 5400 5529 5030 5455 4990 5241 4672 5353 5539 5265 5367 5488 5097 5317 5419 4990 5037 5423 5203 4949 4754 4992 5164 5254 5233 5299 5039 5113 5455 5190 5367 5379 4952 4656 5495 5278 5645 4870 5582 4924 5307 5551 5746 5135 5263 5490 5365 4925 4671 5409 4736 5156 4896 4787 4902 4844 5138 5145 4986 4959 5399 5171 5261 5001 4890 5359 5127 5059 5091 5112 5145 4802 5315 5111 5269
5224 5033 5256 5279 5076 5671 5461 5329 5205 5297 4392 5279 4806 5183 5035 5106 4915 5021 5222 4704 5230 4917 4822 5335 4883 4977 5579 4896 5087 4906 4941 5408 4847 5451 4904 5103 5108 5110 5131 5633 5248 5226 5076 5159 4744 5150 5359 5041 5421 4823 5224 5055 4842 5368 5457 4884 4806 5706 5306 5159 5413 5443 4836 5137 5275 5576 5496 5017 5107 5015 5434 4738 5210 4864 5175 5205 4855 4692 5265 5656 5081 4857 4926 5053 5081 4829 5337 4949 5063 5111 5299 5307 5343 5013 5378 4784 4913 5058 5261 5133 5361 5500 4799 5378 5031 5151 5444 5012 5145 4710 4982 5354 5308 5551 4982 5395 4958 5309 5002 5336 5214 4588 4926 5073 4940 4495 5491 5371 5101 5096 5376 4882 5044 4776 4933 5168 4949 4645 5006 4982 5245 5297 4888 4951 4893 5062 4824 4983 4674 4856 5211 5103 5222 5522 4874 5195 5254 5389 5508 4946 4943 5110 5208 4905 4888 4940 5138 4880 5330 4882 5591 5209 5135 5203 5016 5255 4370 5082 5159 5512 5234 5183 5067 4908 5691 5000 5426 4719 5033 5279 5376 5201 5332 5199 5213 5182 4988 4742 5078 5367 4611 4645 5082 4962 5207 5017 5050 4973 5114 5237 5269 5160 5370 4996 4620 5235 5212 5379 4924 5244 4845 5125 5241 5453 5315 5000 5145 5354 4819 4388 5175 4869 5075 5013 4756 4882 4989 4965 5219 4883 4868 5601 5194 5112 4897 5397 5280 5155 4916 4873 5144 4900 4797 5367 5024 4859
5192 4986 5727 5160 5355 5435 5462 5234 5093 5052 4702 5450 4909 5222 4744 5175 4901 5047 5297 4926 5455 4894 4928 5103 5133 5114 5386 4883 5155 5184 4857 5685 4777 5564 5003 4988 4999 5503 5326 5562 5509 5422 5133 5224 4818 5288 5524 5097 5377 5088 5324 5194 4790 5377 5791 4818 4851 5862 5512 4955 5464 5234 4626 5057 5509 5285 5579 4759 5311 5061 5218 4791 5000 4923 5122 5384 5044 4865 5541 5442 5136 5261 4887 5150 5163 4568 5307 5152 5016 5361 5082 5271 5346 5326 5275 4907 4951 4905 5399 5423 5773 5743 4868 5560 5302 5365 5368 4932 5259 4878 5074 4908 5218 5105 5735 5320 5113 5601 5420 5294 5120 5127 5120 4903 5189 4484 5392 5483 5375 5084 5507 4866 5189 5130 5202 5066 4650 4992 5214 5070 5286 5287 4590 5086 5125 5378 5304 5049 4744 5049 5352 4839 5509 5393 4817 5180 5230 5545 5813 5133 5026 4949 5205 5101 4707 5428 5129 4879 5365 4958 5759 5243 5359 5422 5184 5597 4730 5163 5287 5251 5335 5056 5224 5078 5402 5297 5259 4779 5164 5252 5055 5571 5224 5156 5279 5360 5007 4728 5174 5321 4932 4917 5051 5021 5181 5154 5060 5193 5195 5240 5368 5399 5462 4845 4596 5555 5385 5652 5130 5470 4881 5234 5214 5373 5229 4958 5459 5398 5011 4765 5386 4882 5154 4899 4855 4831 4709 4870 4993 5007 4774 5361 5081 5220 5234 4942 5211 5218 4823 5058 4979 4879 4695 5333 5272 5080
5048 5063 5151 5037 5313 5436 5682 5427 4924 5175 4258 5379 4689 5239 4790 5206 4853 5108 5261 4438 4874 4634 4603 5100 4925 5036 5306 4705 4938 4808 4906 5402 5027 5431 4741 4724 4798 5429 5225 5420 5248 5140 5112 5177 4979 5278 5164 4947 5240 4855 5368 5033 4943 5033 5516 4815 4883 5878 5385 5024 5167 5086 4710 5318 5406 5434 5570 4850 5093 4946 4960 5093 4968 4972 4862 5118 5145 4764 5505 5382 5126 4857 5091 4940 5055 4289 5377 5265 5149 4977 5097 5173 5590 5351 5291 4724 4727 5157 5341 5131 5475 5315 4680 5365 4984 4799 5403 5003 5270 4954 5098 5033 5308 5438 5419 5631 4976 5292 5121 5136 5167 4813 5119 4649 5225 4628 4935 5517 5305 5081 5100 4810 5208 5056 4833 4959 4680 5025 5101 4696 5236 5158 4779 4785 4969 5159 5155 5240 4798 5435 5032 5102 5230 5593 4971 4823 5248 5575 5725 5209 5141 4862 5279 4779 4820 5149 5173 4630 5165 4759 5398 5211 5376 5259 5099 5291 4660 5122 5243 5327 5195 4989 5238 4846 5307 5296 4932 4434 5019 5357 4932 5213 5219 5068 5242 5242 4852 4748 5067 5161 4786 5016 4637 4957 5300 5053 5188 4820 5165 5147 5379 4935 5474 4624 4499 5445 5151 5663 4975 5479 4590 5165 5171 5425 5041 4944 5433 5319 4866 4608 5193 4835 4876 4808 4537 4619 4852 4793 5024 4785 5017 5352 5040 5232 5118 4992 5107 5090 4629 4870 5288 4944 4723 5529 5262 5098
5172 5337 5335 5603 5440 5471 5396 5691 5236 5341 4494 5709 5430 5572 5263 4940 5209 5146 5288 4856 5591 4745 5048 5593 5299 5005 5660 5284 5357 5116 5480 5629 5005 5794 5026 5469 5316 5657 5794 6045 5897 5457 5119 5536 5278 5444 5675 5088 5395 5522 5728 5196 5224 5566 5833 4842 5087 5891 5814 4905 5463 5594 5079 5295 5599 5569 5747 5045 5289 5341 5530 5072 5132 5256 5315 5502 5154 5098 5637 5600 5621 5201 5102 5389 5347 4843 5412 5031 5179 5634 5368 5385 5780 5578 5377 4637 5138 5356 5422 5487 5806 5653 4757 5669 5251 5419 5691 5423 5467 5033 5366 5317 5407 5648 5297 5552 5269 5540 5427 5521 5242 4942 5308 5111 5455 4715 5292 5445 5378 5525 5493 4987 5132 5216 5347 5049 5186 5211 5313 5121 5349 5150 4804 5318 5175 5532 5440 5205 4905 5511 5459 5128 5565 5609 5208 5321 5430 5786 5988 5401 5086 5110 5383 5073 4939 5375 5492 5217 5535 5160 5698 5436 5479 5331 5375 5582 4741 5191 4981 5479 5483 5394 5564 5010 5791 5050 5531 5039 5309 5430 5479 5332 5702 5282 5342 5529 4986 4933 5305 5640 5083 5192 4679 5340 5184 5131 5417 5314 5336 5370 5507 5305 6024 5225 4664 5820 5468 5929 4990 5973 5109 5537 5247 5891 5352 5423 5601 5709 5045 4993 5553 4616 4955 4929 4815 5004 5141 5185 5214 5303 4926 5616 5250 5512 5210 5208 5306 5437 4982 5092 5358 5246 5066 5508 5335 5192
5465 5824 5622 5477 5908 6011 5756 5739 5479 5376 4898 5850 5316 5703 5286 5329 5283 5274 5446 5100 5481 5240 4999 5434 5597 5563 5838 5184 5510 5386 5483 5652 5200 5848 5206 5263 5299 5611 5575 6143 5793 5887 5529 5505 5039 5602 5624 5330 5653 5155 5644 5215 5477 5543 5977 5215 5284 6344 5804 5211 5878 5379 4800 5339 5680 5688 5944 5019 5535 5285 5648 5390 5392 5477 5657 5668 5518 5317 5900 5883 5515 5438 5285 5733 5318 4681 5518 5477 5328 5532 5556 5663 5756 5729 5590 4830 5161 5279 5721 5469 5936 5893 4878 5491 5464 5516 5841 5279 5853 5117 5587 5487 5576 5777 5687 5768 5428 5889 5727 5705 5522 5131 5386 5248 5568 4930 5566 6195 5669 5512 5607 4867 5503 5373 5503 5332 5160 5453 5635 5527 5542 5381 5063 5404 5458 5361 5273 5792 5268 5684 5698 5305 5658 5756 5248 5438 5579 5920 5937 5390 5170 5240 5759 5254 5054 5703 5665 5055 5691 5539 5947 5708 5659 5657 5572 6005 4835 5346 5436 5671 5715 5327 5746 5210 5740 5494 5587 4950 5419 5542 5423 5462 5664 5500 5705 5483 5283 5237 5554 5791 4982 5287 5502 5629 5694 5650 5591 5377 5418 5394 5553 5602 5613 5348 4912 5720 5588 6051 5292 5823 5182 5500 5698 5674 5623 5353 5707 5702 5076 4977 5694 5144 5176 5296 5023 5038 5098 5429 5490 5290 5319 5825 5520 5362 5522 5263 5574 5547 5248 5037 5693 5572 4962 5974 5316 5436
4786 5047 5194 5242 5099 5379 5292 4961 4965 5233 4765 5314 4913 5354 4739 4956 5007 4971 4841 4583 5173 4882 4723 5350 4778 5057 5191 4896 4949 4819 4857 5478 4877 5504 4781 4758 4784 5220 5075 5419 5552 5052 5124 4858 4935 4917 5196 5145 5427 5308 5236 4857 4727 5373 5323 4695 4914 6004 5593 4983 5265 5091 4779 5069 5263 5286 5467 4660 5096 4920 5122 4721 4875 5088 5070 5173 4693 4869 5212 5290 5354 5090 4679 4983 4842 4676 5330 4781 4781 4979 5349 5446 5448 5249 5101 4698 4855 4872 5420 5019 5589 5284 4588 5178 5150 5055 5345 4946 5330 4963 4983 5102 5236 5266 5434 5500 5049 5034 5267 5050 5018 4639 4827 4922 5086 4714 5044 5283 5181 5084 5175 4957 4977 4988 4857 4815 4786 4910 4842 4954 5096 4833 4716 4829 5176 4988 5066 5055 4713 5058 5025 5043 5327 5076 4839 5065 5062 5432 5538 5230 4937 4905 5309 4909 4447 5079 5049 4603 5412 4934 5336 5193 5221 5303 5051 5470 4691 4954 4818 4979 5068 4891 5286 5234 5031 5048 5063 4493 5244 5091 5035 5272 5273 5087 5063 5184 4905 4471 5020 5209 4841 4978 4961 5182 5075 5015 4913 4643 5084 4903 5095 5007 5298 4804 4519 5333 5242 5466 5127 5583 4677 4971 5374 5214 4949 5130 5393 5261 5049 4523 5254 4802 4692 4702 4533 4999 4717 4801 4981 4956 4416 5117 5021 4987 5120 4944 4989 5074 5049 4765 5302 4951 5003 5266 5144 4974
5261 5100 5345 5339 5330 5546 5429 5336 4829 5059 4763 5432 5203 5396 4930 5081 5166 5054 5261 4517 5343 4937 4518 5021 5037 5118 5400 4868 5318 5008 5060 5557 4885 5520 4962 4947 4797 5071 5430 5866 5298 5313 4958 5232 4889 5152 5356 4850 5010 5032 5549 5177 5226 5187 5680 4992 4865 5744 5713 4757 5637 5156 4668 5093 5212 5209 5498 5060 5327 5125 5138 4941 5135 4950 4895 5234 4724 5003 5428 5399 5115 5212 5123 5362 5160 4955 5321 5217 5274 5043 5465 5674 5574 5483 5466 4846 4751 4879 5344 5301 5614 5591 4635 5333 5265 5198 5256 4940 5260 4982 5330 5039 5460 5500 5432 5378 5226 5785 4900 5242 5192 4929 4921 4930 5110 4604 5024 5671 5324 5039 5459 5021 5227 4919 5001 5212 4962 5073 5062 5357 5255 5316 4751 5056 5202 5139 5117 5136 4840 5261 5369 5108 5423 5506 5244 5257 5176 5584 5785 5061 5034 5049 5151 4875 4795 5274 5310 4923 5447 4968 5629 5243 5293 5418 5285 5361 4789 5059 5209 5506 5361 5326 5143 5007 5422 5247 5098 4862 4894 5396 4845 5514 5332 5189 5517 5513 4946 4671 5631 5438 4797 4884 4654 4902 5218 5160 5308 4973 5308 5269 5332 5259 5530 5023 4632 5472 5274 5915 4906 5365 4918 5560 5256 5566 5445 4907 5411 5412 4727 4809 5400 4886 5354 5100 4758 5032 4662 5172 5213 5135 4952 5510 5095 5060 5189 5243 5179 5339 4861 4838 5230 5130 4989 5395 5215 5323
5324 4969 5221 5070 5381 5293 5566 5229 4911 5061 4545 5506 4980 5338 4827 4977 4832 4831 5080 4696 4773 4838 4536 5027 4799 5170 5466 4633 5130 4775 5039 5535 4989 5371 5116 4827 4744 5102 5450 5649 5457 5279 5188 5182 4839 5099 5452 4896 5175 4953 5323 4947 4938 5036 5432 5116 4872 5962 5503 4790 5445 5260 4678 5186 5197 5274 5408 5028 5240 5031 5297 5087 4938 5004 4988 5060 4755 4871 5219 5628 5058 5040 5189 5352 4789 4729 5369 4716 4886 5138 5334 5592 5401 5424 5152 4535 4878 4770 5211 5175 5436 5317 4686 5257 5024 5301 5350 4962 5211 4775 5206 5074 5239 5397 5290 5313 5241 5481 5045 5484 5211 4772 4797 4915 4964 4641 4911 5453 5179 4941 5261 4879 5151 4986 4988 5053 5027 4962 4896 4923 5223 5051 4557 4791 4967 4933 5138 5194 5083 5337 4907 5134 5190 5294 5170 5168 5253 5293 5462 5148 5099 4962 5224 4806 4668 5050 5160 4754 5304 5003 5256 4998 5122 5513 5226 5534 4936 5042 5024 5292 5129 5049 5253 5177 5383 4983 5095 4598 5014 5103 4902 5392 5149 4964 5139 5326 4938 4575 5124 5245 4736 4581 4938 4941 5151 5286 5057 4937 5177 5124 5062 5022 5292 4632 4448 5529 5290 5776 4821 5185 4928 5216 5258 5274 5073 4968 5418 5362 4941 4515 5154 4774 5142 5048 4546 4957 4613 4996 5298 4869 4895 5184 5015 5040 5085 4932 5006 5073 4968 4564 5310 5014 4783 5782 5111 5217
5476 5217 5753 5846 5601 5701 5740 5756 5396 5410 4869 5838 5369 5507 5358 5426 5158 5331 5705 4850 5618 4941 4695 5677 5298 5342 5779 4933 5765 5019 5218 6050 5415 5983 5441 5242 5343 5759 5718 5872 6060 5460 5383 5559 5178 5482 5793 5092 5414 5440 5868 5392 5239 5597 6041 5197 5033 6111 5744 5502 5654 5688 5134 5338 5817 5459 6018 5232 5485 5500 5756 5465 5443 5572 5532 5715 5128 5266 5657 5761 5492 5366 5325 5761 5516 4823 5916 5623 5099 5289 5515 5669 5941 5489 5642 4826 5328 5164 5698 5582 6045 6082 5150 5974 5535 5558 5736 5479 5535 5358 5186 5553 5759 5728 5569 5626 5601 5797 5625 5437 5405 4988 5489 5205 5607 4912 5523 5799 5412 5518 5614 5285 5464 5153 5418 5335 5215 5281 5262 5289 5687 5422 5131 5228 5521 5470 5967 5395 5355 5517 5537 5447 5726 5954 5024 5428 5606 5748 6127 5406 5401 5020 5525 5170 5111 5544 5474 5222 5795 5409 5816 5356 5560 5687 5617 5627 5108 5064 5635 5597 5565 5438 5763 5270 5814 5372 5510 4886 5580 5643 5265 5870 5723 5134 5748 5731 5422 4888 5694 5626 5215 5325 5159 5334 5625 5227 5400 5344 5725 5644 5477 5290 5719 5003 5100 5898 5283 6229 5356 6097 5202 5488 5590 5998 5288 5637 5671 5492 5055 4854 5765 4663 5448 5316 4818 5368 4951 5136 5593 5221 5059 5583 5509 5704 5302 5254 5678 5602 5182 5106 5544 5514 5154 5462 5544 5640
5209 5045 5415 5279 5324 5414 5410 5259 4935 5035 4598 5469 5049 5394 5031 5260 4863 5139 5054 4598 5134 4856 4637 5315 5010 4932 5349 5138 5205 4915 5019 5471 4968 5513 4781 5104 4899 5256 5379 5446 5733 5199 5232 5163 4910 4909 5381 4944 5331 5118 5480 5146 5065 5218 5578 4801 4774 5927 5535 5075 5471 5246 4899 4850 5177 5459 5752 4772 5471 5139 5441 5317 4947 4977 4985 5236 4939 4666 5390 5600 5204 4964 4982 5182 4848 4939 5324 5042 5081 5064 5352 5699 5208 5136 5195 4732 4902 5000 5237 5353 5721 5311 4646 5271 5043 5197 5195 4978 5478 4887 5119 4953 5276 5658 5598 5490 5094 5500 5136 5374 5095 4701 5085 5076 5332 4801 5060 5577 5081 5208 5381 4898 5273 4701 5286 5241 4989 4834 5231 4904 5187 5189 4539 5223 5034 5041 5115 5161 4817 5487 5276 4769 5048 5552 4933 5474 5154 5445 5620 5097 4760 5142 5277 5106 4675 5180 5233 4839 5433 4968 5467 5018 5443 5274 5241 5393 4553 5066 5072 5375 5056 5250 5484 4906 5416 4961 5114 4977 5205 5114 4983 5365 5366 5103 5126 5478 5097 4608 5302 5036 4907 4965 4939 5121 5535 5122 5300 5265 5166 5335 5211 5132 5472 4945 4755 5383 5217 5489 4857 5375 4949 5228 5414 5555 5456 5074 5514 5554 4991 4745 5373 4453 5134 4813 4647 4958 4781 5090 5122 5046 4685 5467 5093 5228 5140 4918 5278 5074 5132 5062 5164 5196 4944 5543 5262 5011
4559 4665 4896 5096 4855 5065 5070 4796 4639 4886 4325 5253 4554 4839 4346 4580 4542 4772 4771 3872 4856 4543 4582 4852 4423 4422 4865 4660 4783 4777 4661 5404 4561 5040 4459 4690 4649 4881 4924 5562 5252 4898 4816 4899 4591 4836 4976 4616 4871 4878 5164 4612 4274 4899 5114 4588 4642 5534 4926 4912 4919 4743 4498 4765 4824 5012 5312 4520 4768 4728 4868 4689 4616 4902 4982 4858 4500 4493 5077 4921 4681 4799 4615 4803 4711 4400 5074 4784 4633 4985 4871 4928 5022 4974 4835 4368 4629 4559 4808 4997 5170 5213 4256 5351 4828 4897 4808 4625 4820 4693 4705 4660 4851 4842 5092 4852 5025 4913 4812 4895 4788 4377 4818 4469 4761 4335 4907 5140 5071 4850 4897 4248 5006 4358 4964 4527 4789 4478 4816 4486 5062 4604 4408 4660 4648 4978 4917 4756 4408 4821 4822 4530 4961 5173 4688 4740 4723 5308 5375 5038 4529 4579 4915 4359 4389 4835 4968 4548 4937 4775 5397 4926 4977 4853 4840 4871 4582 4537 4732 4867 5031 4732 4875 4529 5001 4761 4738 4294 5166 5006 4635 5134 4915 4737 4914 4887 4897 4472 4947 4809 4420 4554 4748 4916 4999 4736 4614 4581 4697 5240 4864 4957 4944 4458 4468 5154 5037 5115 4614 4904 4448 4944 4975 5450 4785 4734 4785 4952 4654 4345 4867 4227 4766 4424 4420 4532 4625 4633 4949 4363 4528 4870 4832 4717 4561 4639 4866 4859 4699 4549 4787 4631 4561 4907 4743 4781
5364 5531 5442 5719 5559 5716 5667 5459 5135 5774 5200 5669 5238 5795 5079 5652 5289 5255 5407 4770 5484 5075 5083 5640 5249 5227 5761 5070 5214 5138 5012 5889 5135 5647 5365 5327 5220 5528 5598 5876 5777 5440 5549 5652 5213 5465 5744 5244 5529 5465 5906 5481 5299 5621 5724 5101 5007 6375 5922 5244 5555 5681 5135 5281 5707 5803 5924 5062 5554 5457 5785 5199 5451 5630 5584 5467 5049 5230 5507 5739 5477 5455 4995 5822 5184 5105 5708 5442 5397 5535 5510 5637 5930 5743 5541 4789 5137 5095 5502 5426 5839 5829 5020 5926 5621 5560 5730 5262 5622 5063 5457 5384 5572 5711 5688 5679 5296 5763 5330 5412 5425 5090 5226 5514 5796 4911 5553 5676 5372 5746 5645 5154 5431 5199 5260 5212 5214 5342 5476 5210 5584 5320 4940 5080 5323 5498 5331 5425 5163 5287 5617 5281 5621 5761 5101 5583 5337 5754 5761 5352 5248 5122 5522 5244 5022 5473 5138 5217 5416 5225 5730 5614 5692 5535 5780 5670 4714 5189 5133 5510 5532 5216 5977 5279 5558 5429 5281 4953 5462 5563 5271 5587 5615 5544 5463 5543 5281 4892 5412 5513 4914 5383 5100 5589 5848 5411 5354 5475 5720 5605 5445 5559 5532 5038 4895 5728 5545 6083 5362 5835 5041 5476 5683 6050 5507 5659 5673 5775 5467 5196 5730 5039 5467 5208 4889 5274 5250 5311 5510 5244 5174 5648 5275 5255 5441 5312 5598 5441 5338 5063 5493 5552 5326 5727 5536 5446
5461 5350 5730 5698 5752 5739 5755 5380 5060 5456 5091 6007 4937 5653 5014 5360 5210 5436 5345 5016 5718 5299 4881 5461 5241 5302 5832 5243 5404 5305 5316 5962 5223 5730 5365 5442 4962 5577 5679 5958 5704 5557 5633 5439 5356 5539 5765 5510 5594 5300 5741 5375 5217 5753 5920 5181 5235 6240 5751 5180 5638 5282 4890 5205 5612 5664 5792 5249 5396 5572 5458 5234 5547 5533 5298 5309 5110 5314 5244 5727 5567 5430 5186 5391 5261 4860 5776 5326 5143 5646 5386 5766 5840 5518 5452 4926 5472 4964 5525 5412 5957 5658 4853 5768 5246 5512 5703 5255 5764 5288 5224 5222 5368 5555 5681 5810 5575 5715 5503 5577 5410 5326 5094 5193 5630 4823 5652 5741 5258 5640 5614 4774 5469 5344 5422 5512 5129 5372 5426 5298 5696 5298 4823 5211 5469 5763 5404 5260 5133 5410 5545 5373 5644 5564 5272 5432 5779 5694 6123 5666 5076 4971 5492 5270 4979 5453 5464 5257 5756 5034 5807 5446 5763 5295 5705 5716 5019 5334 5552 5551 5126 5525 5621 5275 5633 5458 5345 4807 5465 5880 5294 5542 5559 5474 5346 5803 5161 4828 5479 5373 5020 4927 5344 5414 5535 5494 5221 5378 5738 5375 5686 5498 5480 5124 4882 5817 5608 5937 5387 5613 5198 5360 5404 5833 5485 5509 5661 5561 5258 5016 5539 4967 5327 5196 4806 5237 5099 5311 5268 5284 5184 5900 5332 5286 5658 5316 5196 5402 5318 5169 5358 5496 5173 5677 5404 5388
5220 5068 5525 5629 5412 5615 5418 5560 5096 5266 4735 5836 5216 5403 5069 5484 5156 5171 5400 4625 5252 4923 4965 5507 4999 5223 5376 5026 5375 5169 4853 5513 5197 5808 5103 5159 4912 5334 5246 5722 5660 5504 5256 5099 5057 5004 5419 5069 5585 5116 5537 5043 5223 5154 5767 4886 5061 5993 5843 5151 5582 5407 4631 5265 5412 5811 5793 4874 5441 5408 5453 5076 5428 5208 5321 5378 5127 5077 5241 5575 5347 5137 5252 5384 4937 4618 5358 5227 5129 5155 5180 5526 5666 5254 5419 4642 5020 4916 5444 5329 5467 5605 4618 5397 5098 5233 5496 5298 5570 5126 5338 5551 5362 5720 5296 5518 5118 5525 5299 5586 5298 4916 5304 4934 5258 4728 5418 5650 5520 5236 5465 4919 5450 5220 5119 5107 5143 4974 5109 5239 5113 5516 4984 5081 5264 5248 5184 5458 4843 5054 5373 5190 5629 5867 5059 5175 5499 5541 5638 5178 5102 5079 5469 5100 4678 5125 5346 4755 5353 5155 5556 5242 5260 5301 5411 5332 4594 5128 5361 5605 5487 5220 5448 5009 5600 5528 5222 4956 5163 5471 5233 5057 5590 5300 5468 5461 4999 4894 5486 5359 4952 5033 5152 5193 5156 5083 5412 5150 5422 5172 5234 5143 5426 4690 4729 5533 5357 5744 5046 5712 4994 5362 5443 5502 5181 5393 5555 5763 5121 4639 5241 4861 5012 4937 4944 4816 5006 4983 5354 4952 4801 5438 5322 5273 5261 5166 5335 5213 5033 5157 5515 4887 5158 5461 5488 5173
4876 4832 5083 5345 5156 5070 5300 4988 4658 4889 4433 5017 4678 5152 4704 5082 4637 4855 4920 4376 4959 4405 4779 4924 4790 4810 5223 4752 5140 4847 4796 5525 4796 5164 4801 4944 4773 5073 4915 5327 5493 4962 4998 4678 4787 4959 4920 4751 5137 4954 5168 4840 4814 4971 5237 4561 4567 5366 5422 5005 5106 4906 4643 4604 4961 5173 5403 4548 5007 5061 4983 4934 4836 5101 5000 5118 4526 5011 4769 5259 4936 4602 4830 4978 4849 4505 5261 4839 4756 4739 4925 5079 5206 5116 5023 4449 4337 4828 5064 4973 5390 5357 4397 5014 4958 4953 5354 4775 5086 4680 4753 4690 5279 5281 5232 5529 5023 5225 4705 5105 4947 4585 4911 4889 5035 4454 4628 5179 4941 4784 4860 4437 4905 4573 4561 4819 4565 4514 4961 5006 5035 4860 4391 4846 4820 4761 5027 4787 4505 4871 4969 4929 4910 5146 4680 4913 4956 5186 5613 4880 4793 4707 5036 4761 4618 4769 5053 4578 5342 4835 5196 4749 5186 4850 5047 4977 4534 4718 4880 5069 4961 4893 5072 4764 5223 4954 4851 4605 4766 5051 4898 4923 5224 4753 5165 5036 4598 4543 5078 4982 4491 4543 4859 4891 4777 4878 4808 4719 5099 5089 5122 4878 5195 4793 4498 5278 5131 5421 4819 5263 4536 4996 5068 5353 5100 5135 5163 5009 4987 4386 4855 4556 4760 4761 4569 4839 4533 4516 5007 4870 4428 5150 4781 4926 4794 4937 5052 4972 4736 4550 5112 4567 4691 4908 4923 4816
5215 5208 5349 5797 5686 6099 5550 5630 5223 5587 4847 5603 5168 5703 5162 5153 5145 5308 5577 4847 5326 5210 5067 5930 5294 5308 5706 5030 5544 5055 5266 5853 5063 5852 5279 5293 5073 5489 5977 5888 5964 5487 5256 5462 5166 5502 5793 5244 5586 5305 5731 5305 5247 5669 5898 5120 5059 5920 6001 5348 5794 5346 5110 5647 5791 5590 5974 5253 5941 5465 5798 5368 5282 5403 5368 5509 5012 5319 5531 5801 5636 5244 5305 5608 5323 4945 5629 5503 5246 5691 5612 5704 5704 5760 5365 5035 5016 5271 5786 5520 5787 6052 5009 5773 5606 5462 5822 5219 5534 5178 5195 5415 5785 5766 5658 5944 5203 5558 5504 5630 5483 5342 5352 5070 5760 5026 5397 6048 5490 5478 5572 5173 5577 5194 5435 5470 5313 5322 5477 5236 5759 5395 5086 5588 5307 5537 5451 5447 5469 5392 5451 5360 5802 5837 5328 5523 5498 6143 5878 5476 5419 5325 5647 5164 5154 5511 5547 5164 5664 5451 5693 5499 5458 5554 5535 5743 5135 5302 5606 5347 5602 5360 5610 5356 5590 5329 5617 5073 5664 5628 5383 5737 5666 5360 5585 5592 5264 4919 5360 5730 5164 5158 5222 5548 5858 5344 5297 5063 5522 5659 5585 5599 5824 5030 5005 5723 5803 5814 5153 5790 4945 5592 5406 5977 5534 5572 5675 5657 5034 4917 5530 5144 5282 5166 5027 5347 5056 5454 5481 5483 5100 5713 5535 5417 5397 5268 5270 5524 5119 5220 5366 5704 5276 5822 5603 5318
5263 5146 5590 5508 5570 5709 5660 5415 5229 4974 4814 5672 5160 5652 4921 5128 4936 5188 5219 4822 5421 4766 5059 5365 5123 5033 5328 5221 5172 5270 4960 5691 4948 5650 5196 5215 4924 5452 5522 5634 5779 5521 5028 5012 5177 5259 5431 5126 5377 5572 5503 5181 5450 5475 5857 5127 5227 6288 5891 4993 5681 5238 4971 5105 5624 5698 5899 5050 5471 5122 5312 5106 5142 5298 5081 5353 4936 5034 5444 5610 5317 5094 5220 5454 5396 4715 5411 5265 5029 5366 5227 5525 5711 5786 5256 4904 5072 5463 5645 5347 5523 5571 4747 5525 5212 5272 5612 5174 5298 5363 5362 5121 5454 5645 5615 5550 5112 5541 5215 5440 5442 4920 5163 5092 5386 4793 5228 5590 5538 5443 5584 5018 5293 5145 5266 5273 4824 5006 5271 5099 5412 5291 4732 5218 5286 5239 5364 5029 5004 5268 5481 5085 5493 5391 5324 5493 5315 5549 5901 5497 5327 4886 5462 4888 4906 5494 5521 5011 5551 4908 5366 5592 5369 5395 5506 5409 4760 5244 5280 5214 5421 5209 5467 5212 5732 5178 5122 4700 5233 5603 5187 5392 5432 5160 5271 5432 5013 4778 5626 5466 5064 4813 5170 5127 5296 4884 5286 4989 5278 5136 5472 5355 5622 5248 4732 5518 5463 5668 5214 5673 4980 5448 5518 5501 5008 5218 5462 5718 5002 4790 5414 5019 5206 5093 4771 5067 4817 5195 5081 5300 4811 5689 5120 5190 5101 5120 5185 5281 5071 4940 5692 5266 4939 5747 5329 4991
5386 5231 5487 5597 5398 5612 5453 5486 5052 5222 4971 5545 5335 5573 5214 5142 5202 5076 5372 4658 5332 4747 4952 5436 5069 5310 5496 5259 5339 5123 5017 5721 5154 5667 5281 5030 4927 5484 5427 5448 5599 5165 5262 5269 5049 5250 5332 5043 5531 5274 5688 5109 5052 5245 5736 4887 4866 5938 5816 5166 5610 5402 4945 5224 5527 5889 5764 5018 5401 5317 5432 4977 4960 5442 5277 5198 5006 5038 5496 5563 5310 5121 5119 5337 5280 4819 5749 5143 5048 5055 5231 5737 5596 5131 5255 4727 5066 5129 5616 5416 5572 5639 4913 5608 5335 5354 5422 4884 5200 5183 5168 5088 5686 5509 5432 5433 5422 5389 5206 5030 5247 4859 5101 4575 5333 4623 5211 5562 5411 5203 5641 5092 5213 5109 5152 5189 4904 4916 5147 5240 5275 5212 4852 5067 5377 5394 5175 5034 5028 5114 5257 5285 5442 5466 5047 5239 5331 5730 5757 5472 5150 5077 5508 5054 4925 5040 5457 5103 5582 5123 5973 5367 5421 5496 5260 5489 4791 5117 5493 5371 5211 5271 5427 5038 5613 5262 5260 4666 5372 5381 5067 5624 5466 5335 5219 5406 4933 4781 5640 5423 4861 4671 5307 5123 5114 5237 5258 4961 5325 5331 5447 5263 5395 4975 4667 5435 5177 5803 4828 5369 4915 5279 5323 5637 5276 5154 5407 5431 4985 4943 5463 4698 5317 5038 4752 5226 4905 4983 5344 5203 4826 5343 5371 5123 5269 5189 5294 5102 4923 5275 5304 5180 4855 5552 5380 5342
4803 5330 5352 5351 5186 5659 5136 5086 5055 4970 4770 5198 4973 5126 4838 5119 4908 4873 5315 4587 5323 4910 4565 5130 4840 4924 5445 4841 5036 4838 4759 5465 4852 5295 4934 5048 4760 5266 5300 5400 5550 5188 5032 5327 5000 4968 5737 5189 5272 5132 5526 4765 5031 5274 5548 4812 4840 6014 5668 4795 5398 5203 4718 4950 5262 5379 5752 4752 5221 4811 5213 4920 5166 4925 5095 5124 4954 5052 5336 5067 5201 5037 4996 5137 4873 4665 5390 5080 5062 4981 5213 5467 5475 5361 5200 4742 4864 4830 5321 5169 5394 5514 4615 5395 5002 5295 5330 5078 5215 5114 4994 5045 5113 5386 5666 5318 5108 5425 5005 5102 5041 4919 5048 4853 5108 4686 5264 5211 5292 5472 5233 5073 5172 5000 5048 5213 4650 4783 5035 4800 5249 4791 4874 4955 4992 5232 5126 5022 4723 5016 5261 4855 5188 5414 5124 5151 5110 5462 5294 5139 4990 4725 5364 5067 4800 5241 5081 4928 5173 4757 5434 5174 5287 5288 5334 5348 4579 4776 5086 4989 5371 4909 5082 4797 4979 4750 5190 4644 5395 5333 4769 5546 5332 5021 5247 5235 5076 4586 5136 5123 4606 4984 4881 4934 5172 5196 4985 5174 5303 5312 5245 4947 5228 4827 4490 5204 5131 5470 4777 5589 4936 5143 5210 5369 5048 4904 5173 5534 4838 4478 5399 4844 4913 4681 4636 4782 4736 4918 5063 5038 4889 5366 5118 4711 5068 5263 5159 4976 4819 4712 5279 5330 4738 5542 5135 5119
4887 4727 5021 5232 4829 5052 5142 4808 4905 4832 4369 5082 4551 4991 4659 4713 4552 4799 4843 4715 4919 4438 4309 4903 4697 4737 4988 4586 4919 4442 4702 5365 4567 5191 4576 4853 4723 4703 5058 5253 5191 4941 4913 4577 4453 4938 5070 4666 5273 4828 4956 4617 4855 4925 5080 4513 4665 5339 5225 4545 5187 5056 4493 4663 5029 5075 5261 4482 5067 5000 4710 4758 4868 4996 4692 4913 4780 4761 4934 5271 4927 4726 4773 5183 4802 4448 5189 4968 4640 4985 5016 5156 5330 4859 4864 4552 4560 4351 5092 4948 5209 5090 4106 5179 4594 4800 5006 4740 5164 4489 4925 5048 5261 5196 5030 5315 4754 5015 4855 4869 4954 4709 4940 4694 4834 4554 4928 5138 4936 4935 4903 4370 4677 4597 4621 4903 4644 4702 4878 4749 4836 4885 4218 4779 4828 5029 4691 4891 4492 4979 4875 4815 4690 5006 4719 4913 4864 5127 5017 4879 4722 4715 5089 4419 4684 4903 5005 4321 4963 4762 5333 4959 5004 4963 4726 5150 3968 4608 4836 5072 4758 4701 4957 4915 4988 4464 4714 4534 5011 4994 4639 5161 5146 4915 4815 5153 4447 4314 4904 5079 4706 4556 4635 4914 4802 4801 4826 4590 5027 5066 4875 4817 4971 4483 4607 5128 4911 5250 4754 4887 4642 4922 5217 5034 4711 4858 5119 5326 4666 4440 5157 4441 4667 4326 4781 4451 4595 4733 4991 4349 4789 4975 4968 4905 4873 4818 4862 4949 4742 4491 4676 4680 4764 5330 4701 5118
4802 5242 5197 5181 5122 5764 5557 5242 4883 5400 4542 5476 4882 5194 4850 5273 5065 5048 5189 4709 5065 4968 4674 5121 4948 4989 5428 4915 4847 4732 4898 5215 5021 5497 4907 4730 4913 5292 5364 5626 5264 5070 5182 5228 4787 5189 5579 5099 5502 5001 5463 5025 5052 5206 5319 5052 4523 5804 5325 4926 5236 5161 4784 5091 5563 5415 5765 4807 5275 5023 5498 4773 5241 5108 5077 5259 5225 4780 5244 5511 5084 4880 4991 5320 5074 4747 5521 5120 5027 5152 5163 5685 5255 5006 5047 4922 4988 4898 5353 5252 5522 5321 4556 5448 5010 5510 5197 5279 5318 4803 5013 4987 5152 5580 5278 5440 4951 5442 5241 5305 5121 4728 5143 4991 5149 4561 5319 5628 5174 5306 5439 4659 5316 5085 5165 5124 5040 4973 5203 4968 5166 5291 4627 4993 4986 5334 4799 5278 4939 5291 5382 4777 5197 5333 5221 5248 5211 5541 5570 5172 5011 4818 5007 4799 4828 5248 5008 5024 5179 4808 5440 5217 5252 4899 5068 5398 4285 5304 5058 5427 5097 5223 5367 5176 5435 5033 5079 4721 4931 5445 4817 5175 5159 5344 5181 5388 5021 4722 5070 5149 4646 4934 5129 5146 5452 5232 5229 5003 5196 5269 5130 5095 5504 4914 4562 5532 5058 5756 5126 5370 4727 5188 5271 5353 5281 5105 5364 5501 4816 4817 5345 4787 5057 4898 4886 4726 5110 5202 5037 4924 5053 5536 5309 5283 5202 5001 5219 5295 4850 4753 5368 5168 4931 5653 5194 5193
4798 5007 5061 5271 5267 5227 5318 5040 4778 5015 4478 5253 5171 5267 4885 4997 4831 4963 4757 4344 5127 4596 4702 5205 4807 4967 5252 4907 4950 4934 4557 5387 5003 5248 4838 4713 4628 4977 5287 5626 5446 4753 4985 4962 4718 4749 5328 4971 5322 5041 5080 4945 5064 5060 5306 4822 4599 5740 5508 4679 5290 4773 4613 4925 5015 5075 5379 4671 5082 5130 4854 4845 5082 4992 5026 5005 4702 4855 4914 5272 4936 4874 4982 5378 4868 4857 5252 5023 5020 4753 5017 5348 5217 5327 4998 4692 4667 4644 5282 5097 5409 5427 4324 5169 5101 5091 5026 4872 5069 4957 4791 4919 5234 5399 5324 5248 4835 5031 4665 5051 5137 4457 4719 4815 5101 4580 4964 5631 5037 5140 5066 4445 5076 4581 4975 5179 4864 4834 4985 5002 4995 4953 4420 4911 4963 4781 4869 4970 4754 4830 5012 4890 5095 5330 4807 5200 4843 5431 5516 4641 4859 4664 5173 4645 4506 5037 5092 4734 5025 4890 5132 5075 5176 5179 5234 5257 4390 4695 5011 5067 5054 4933 5413 5119 5372 5167 5008 4691 5265 5297 4924 5120 4976 5139 4873 5250 4855 4441 5286 4971 4518 4577 4828 4982 5140 4771 4941 4798 5158 4977 4959 5023 5201 4905 4737 5082 5055 5587 4951 5330 4579 5279 4934 5407 5141 4823 5175 5287 4915 4607 5328 4390 4853 4801 4659 4889 5011 4997 5131 4915 4964 5198 4939 5041 5361 4889 4747 5019 4812 4746 5041 5280 4858 5524 5132 5077
5346 5401 5453 5515 5586 5804 5427 5565 5195 5390 5081 5796 5162 5663 4951 5455 4914 5240 5277 4839 5597 4779 5207 5542 5431 5383 5848 5103 5453 5219 5038 5941 5540 5685 5092 5135 5127 5737 5506 5886 5836 5549 5345 5362 4913 5136 5544 5154 5813 5150 5540 5114 5068 5697 5964 4837 4979 6283 5794 5232 5708 5559 4837 5256 5591 5352 5976 5020 5532 5667 5535 5040 5122 5514 5381 5529 5187 5225 5423 5815 5519 5499 5350 5448 5491 5006 5706 5444 5223 5386 5316 5427 5883 5818 5416 4944 4998 5163 5548 5243 5950 5672 4728 5840 5376 5617 5452 5238 5644 5056 5146 5495 5352 5642 5585 5838 5362 5527 5556 5447 5231 5162 5153 5341 5558 4754 5811 5666 5285 5393 5438 5188 5423 5329 5428 5299 4956 5240 5242 5132 5323 5516 4925 5091 5289 5586 5491 5491 5082 5546 5468 5311 5752 5934 5163 5374 5397 5985 5815 5456 5251 5267 5685 5282 4986 5322 5429 4979 5564 5332 5958 5166 5555 5598 5269 5861 4696 5294 5361 5592 5502 5403 5707 5312 5683 5533 5394 5108 5487 5355 5172 5624 5725 5566 5487 5609 5094 4898 5469 5463 5238 5321 5226 5181 5367 5320 5399 5387 5443 5413 5576 5407 5735 5063 5100 5517 5582 6070 5139 5802 5056 5512 5536 5698 5272 5275 5514 5779 5502 4843 5805 5173 5201 5321 4916 4967 5099 5158 5409 5095 5031 5666 5168 5170 5461 5306 5306 5044 5117 5120 5500 5337 5032 5860 5440 5640
4953 5058 5270 5106 5210 5310 5198 5134 4787 4834 4626 5187 5039 4839 4710 5106 4495 4783 4953 4415 5155 4432 4596 5112 4699 4865 5426 4720 4790 4980 4723 5208 4794 5303 4842 5056 4837 5255 4988 5523 5516 4813 4818 4942 4719 4722 5222 4808 5057 5025 5048 4744 4838 5112 5218 4727 4520 5581 5339 4833 5321 5081 4487 4460 5116 5279 5174 4652 5028 5043 5227 4519 4814 5105 5195 5228 4679 4779 5212 5231 4929 4801 4759 5137 4903 4602 5204 4752 4950 4953 4762 5051 5319 5291 5199 4588 4485 4994 5190 4979 5320 5062 4267 5376 4764 5301 5019 4825 5057 4846 4828 4918 5132 5205 5089 5265 4866 5072 4806 4876 4944 4578 4853 4925 4905 4341 5061 5424 5183 4990 5338 4499 5249 4748 5137 4835 4865 4844 4772 4662 4767 4797 4653 4761 5142 4997 4816 4856 4794 5182 4954 4779 5075 5248 4606 4956 4760 5486 5535 5103 4555 4603 4902 4676 4429 4657 5058 4508 5300 4628 5133 4919 5070 5173 5066 5491 4709 4649 4738 5058 5063 4864 5325 4863 5127 4983 5008 4965 5030 5074 4964 5150 5137 4836 5111 4873 4640 4575 5003 4866 4873 4638 4667 4725 5016 4814 4979 4785 4941 5014 5068 4852 5174 4728 4204 5069 4979 5463 5013 5351 4557 5198 5087 5385 4885 4969 4979 5298 4831 4435 5252 4565 4693 4921 4551 4868 4632 4846 5020 4689 4750 5141 4938 4928 4927 4988 4832 4840 4663 4713 5021 5006 4887 5155 5188 4995
4652 5021 5104 5216 5040 5159 5018 5037 4851 4518 4647 5134 4630 5029 4626 4809 4761 4651 5030 4356 5145 4751 4416 5239 4719 5008 5094 4722 4908 4574 4763 5549 4569 4927 4615 4803 4578 5159 5153 5249 5402 5089 4912 4864 4582 4965 5217 4803 5203 4897 5033 4864 4745 4913 5380 4730 4757 5596 5179 4609 5210 4712 4337 4750 5105 5058 5384 4640 5053 4804 5214 4684 4800 4976 4855 4715 4672 4384 4973 5177 5010 4817 4730 5140 4971 4301 4992 5076 4639 5034 4804 5301 5153 5121 4907 4528 4901 4863 5239 5129 5305 5266 4493 5000 4985 4893 4921 4846 5200 4858 4639 4739 5007 5159 5319 5159 4878 5216 4933 4978 5069 4618 4603 4733 5037 4386 5000 5471 5035 4879 5213 4571 4778 4749 4985 4834 4465 4744 5089 4838 4903 4790 4542 4887 4850 4864 4883 4818 4622 4967 5180 4853 5094 5133 4623 5158 4819 5358 5470 4954 5046 4674 5111 4580 4559 5224 5012 4731 5189 4843 5410 4878 5190 5245 4911 4830 4459 4780 4896 5149 4905 5031 5055 4849 4931 4804 4703 4356 4744 5023 4738 5076 5039 5080 5002 5173 4618 4305 5050 5173 4614 4572 4669 4741 4870 4658 4506 4719 4975 5048 4819 5017 5197 4681 4678 5200 4782 5290 4943 5187 4711 4932 5182 4994 5083 4719 5154 5061 4436 4484 5153 4555 4949 4578 4291 4658 4584 4865 4905 4836 4532 5360 4739 4801 4919 4703 4943 4975 4817 4622 4859 4810 4859 5303 4969 5037
5130 5263 5442 5479 5421 5562 5578 5240 5128 5320 5040 5557 5003 5632 4902 5186 5047 5202 5274 4718 5426 5036 5147 5571 5134 5198 5585 5241 5240 5149 5038 5710 4964 5678 5091 5139 4819 5331 5596 5561 5853 5441 5342 5190 5068 5079 5752 5025 5565 5316 5626 5208 4928 5316 5957 5034 5011 6094 5649 5205 5311 5495 5060 4993 5568 5743 5830 5190 5407 5260 5559 5068 5274 5290 5283 5377 5077 5056 5492 5551 5241 5197 4951 5221 5203 4716 5619 5077 5142 5426 5211 5617 5540 5286 5228 4682 5150 5302 5402 5293 5712 5322 4697 5629 5138 5455 5455 5093 5261 5069 5195 5203 5575 5920 5741 5733 5268 5367 5127 5192 5396 4864 5209 5007 5350 4658 5396 5525 5349 5556 5603 4885 5147 5017 5246 5049 5114 5113 5309 5084 5477 5175 4875 5044 5309 5435 5291 5017 4974 5124 5413 5311 5531 5426 5105 5484 5545 5663 6019 5541 4972 5042 5445 4898 4789 4995 5301 5059 5419 4912 5390 5459 5481 5194 5319 5367 4718 5233 5338 5316 5193 5172 5580 5167 5755 5254 5244 4933 5153 5435 5333 5284 5628 5462 5278 5404 5165 4617 5350 5470 4941 4786 5244 5299 5464 5273 5400 4879 5389 5293 5549 5222 5614 4972 4728 5537 5409 5836 5150 5660 4679 5513 5152 5563 5287 5276 5495 5499 5127 4807 5687 5091 5366 5045 4752 5024 4976 5020 5454 5113 4775 5500 5208 4996 5193 5266 5023 5313 5054 5168 5688 5152 5098 5647 5442 5368
5242 5129 5194 5403 5286 5353 5276 5178 5336 5334 4415 5666 5044 5523 4894 4816 4787 5075 4939 4693 5256 5004 4904 5321 4890 5084 5019 5154 5210 5021 4996 5615 5186 5373 5195 4874 4912 5318 5286 5559 5556 5223 5190 5131 4679 5351 5413 5181 5320 5116 5478 5172 5188 5538 5627 5105 4836 6075 5588 4946 5477 4869 4935 4920 5393 5288 5468 5008 5147 5056 5286 4963 4889 5076 5122 5004 4937 4873 5243 5453 5426 5084 4959 5337 5100 4542 5513 4908 4826 5273 5351 5254 5401 5523 5294 4664 4855 5272 5496 5192 5549 5536 4763 5421 5364 5307 5458 4882 5273 5115 5115 5504 5517 5291 5526 5440 5116 5075 5075 5262 5351 4980 4978 5030 5194 4667 5177 5415 5553 5112 5361 4866 5191 5061 5079 5284 4971 5113 5192 5000 5371 5376 4605 4935 5387 5142 4883 5220 5019 5170 5239 5061 5525 5464 4857 5343 5147 5555 5722 5197 5207 5028 5191 4815 4748 5215 5139 4815 5346 5217 5382 5482 5318 5493 5551 5341 4838 5161 5065 5189 5238 5146 5421 5109 5405 4916 5153 4731 5168 5372 5029 5317 5233 5159 5375 5410 5130 4557 5430 5228 5197 4939 4825 5231 5147 5117 5175 4952 5082 5268 5331 5213 5386 4892 4509 5525 5209 5605 5183 5645 4781 5139 5468 5428 5230 4717 5385 5345 5070 4811 5276 4634 5001 4908 4824 4970 4800 4782 5229 5004 4972 5280 5151 5043 5051 5341 4971 5000 4861 5069 5372 5311 5122 5350 5357 4961
5450 4924 5467 5455 5593 5576 5551 5243 5254 5464 4739 5517 4909 5377 5041 5144 5075 5094 5128 4625 5406 4980 4902 5262 4852 5314 5559 5301 5421 5014 5311 5640 5039 5726 5103 5022 5095 5399 5356 5952 5545 5242 5434 5097 4967 4949 5463 5173 5356 5236 5484 5179 4926 5467 5575 4838 4727 6134 5722 5219 5524 5322 4920 5265 5282 5513 5749 4901 5354 5405 5209 4881 5142 5401 5249 5338 4946 5095 5593 5826 5537 5008 5030 5259 4997 4893 5730 5340 5196 5302 5216 5630 5404 5122 5271 4854 5113 5277 5597 5428 5782 5572 4927 5525 5168 5525 5428 4946 5385 5291 4891 5214 5366 5571 5519 5656 5696 5692 5061 5416 5140 5134 5151 4991 5325 4631 5421 5539 5339 5287 5409 4762 5253 5075 5159 5364 5304 4835 5183 5024 5243 5345 4787 4983 5111 5222 5220 5320 4811 5419 5288 5074 5325 5478 5268 5414 5538 5624 5777 5510 5099 5123 5372 4842 4913 5137 5409 4943 5891 5123 5412 5354 5261 5226 5331 5486 4824 5061 5435 5487 5433 5278 5289 4943 5656 5003 5127 4822 5210 5533 5053 5739 5490 5296 5388 5420 5059 4775 5488 5218 4846 4872 4982 5168 5361 5528 5064 5126 5409 5466 5441 5142 5548 5164 4728 5588 5308 5932 4846 5735 4922 5354 5460 5761 5471 5085 5514 5414 5138 4805 5459 5034 5199 5092 4988 5073 4904 4998 5183 5021 5071 5320 5255 5098 5311 5235 5124 5222 5197 5248 5532 5305 5238 5294 5198 5266
5149 5201 5281 5517 5381 5573 5622 5336 5125 5201 4563 5392 5041 5513 5186 5107 4832 5048 5315 4724 5439 4993 4774 5512 5102 5110 5435 4984 5212 4987 5082 5603 4860 5536 5021 4936 4846 5351 5382 5729 5639 5441 5273 5418 5061 5241 5589 5033 5432 5065 5350 5257 4996 5402 5596 4796 4967 5752 5620 5389 5693 5273 5120 5317 5527 5528 5763 4985 5403 5256 5378 4953 5197 5246 5294 5431 5050 5033 5415 5657 5251 5055 5027 5381 4947 4935 5571 5336 5081 5195 5392 5630 5551 5219 5467 4784 5191 4971 5387 5232 5811 5215 4811 5749 5327 5433 5525 5257 5471 5078 5264 5113 5472 5710 5399 5442 4876 5290 5060 5410 5311 4801 5173 5067 5167 4579 5192 5436 5074 5293 5337 4823 5378 4985 5113 5097 5212 4966 5118 4942 5543 5189 4736 5339 5185 5424 5258 5078 5026 5109 5458 4964 5515 5426 5101 5324 5316 5485 5758 5267 5091 5181 5155 5204 4720 5127 5141 5010 5401 5019 5650 5356 5494 5234 5161 5296 4667 5222 5312 5217 5254 5053 5425 5048 5494 4926 5278 4853 5530 5390 5121 5385 5206 5181 5300 5385 5209 4855 5129 5432 4761 4786 5078 5277 5045 5254 4959 5161 5404 5225 5457 5065 5414 4926 4655 5166 5215 5638 5210 5469 4849 5251 5148 5600 5413 5267 5358 5344 4897 4665 5472 4749 5111 5019 4870 4886 5010 4949 5346 4944 5295 5353 5437 5222 5385 5124 5144 5112 5077 5076 5126 5207 4976 5613 5238 5412
5229 4888 5140 5157 5373 5435 5310 5211 4805 5137 4570 5286 4703 5186 4490 5089 4919 4910 4934 4350 4984 4640 4642 4827 5025 4805 5189 4883 5019 4736 4908 5280 4467 5211 4730 4822 5022 4797 5479 5553 5160 5152 4871 4929 4929 5001 5160 5060 4981 4870 5051 4717 4685 5266 5306 4681 4597 5614 5246 5000 5054 4921 4680 4923 5121 5091 5346 4715 5303 5055 5096 4822 4966 4750 5181 5026 4839 4884 5135 5346 4953 4779 4844 5103 4819 4635 5237 5230 4882 4904 5144 5176 5394 5182 5054 4402 4733 4913 4873 4894 5238 5170 4409 5334 4926 5138 5262 4794 5044 4686 4877 5035 5157 5347 5213 5407 4885 5303 4780 5243 5248 4557 4990 4918 4891 4087 5136 5211 5226 5056 5116 4790 4965 4882 4906 4856 4788 4844 5089 4850 5136 5208 4631 4884 4650 4892 4910 4769 4599 4919 5095 4900 5200 5065 5018 5336 4953 5054 5563 4775 4940 4862 5264 4828 4817 4974 5062 4667 5249 4820 5180 5134 5400 5162 4949 5129 4524 4856 4777 5156 5012 5034 5052 4730 5328 4951 5201 4510 5025 5136 5130 5163 4996 5010 4926 5185 4590 4424 4957 5098 4903 4571 4983 4938 4907 5019 4975 4749 4977 4823 5132 5055 5259 4896 4517 5437 5067 5465 5168 5191 4520 5107 5004 5303 5133 4872 4959 5161 4760 4563 5012 4641 5005 4996 4505 4647 4930 4701 5037 4678 4776 5370 5134 4943 5019 5039 4956 5044 4940 4659 5236 4933 4772 5290 4849 4974
4692 4965 4771 4896 5006 5329 4892 5062 4586 4842 4158 4958 4708 4821 4482 4695 4673 4735 4916 4180 4900 4304 4540 4834 4594 4244 5075 4525 4562 4578 4464 5060 4601 5347 4421 4646 4697 4977 4816 5316 4915 5013 4494 4813 4453 4457 5184 4875 4814 4787 5000 4557 4457 4950 5075 4440 4341 5151 5214 4775 4918 4664 4431 4509 4914 5073 5077 4348 4848 4660 4892 4383 4601 4827 4550 4947 4787 4484 5075 5025 4981 4657 4470 4962 4511 4310 5010 4609 4742 4853 4850 5248 5034 5013 4835 4392 4515 4759 5060 4720 5055 5242 4312 4700 4711 4829 4753 4566 4727 4766 4709 4536 4917 4983 4785 5144 4576 5037 4948 4877 4797 4569 4740 4441 4818 4387 5011 5199 4903 4674 4838 4631 4900 4851 4503 4494 4486 4353 4599 4764 4954 4858 4469 4672 4364 4567 4747 4736 4548 4505 4812 4562 4969 5121 4472 4765 4623 5210 5073 4552 4865 4531 5078 4529 4375 4813 4817 4414 4851 4731 5169 4746 5262 5020 4751 4778 4462 4487 4494 4710 5061 4783 4832 4594 4964 4761 5009 4549 4661 4709 4599 4512 5079 4719 5001 4928 4636 4379 4584 4953 4367 4564 4794 4389 4868 4833 4812 4709 4900 4692 4719 4848 5136 4565 4341 4848 4724 5116 4826 5014 4557 4814 4818 5106 4716 4883 4677 4691 4636 4202 4870 4384 4698 4794 4202 4410 4499 4520 4683 4667 4492 5168 5014 4798 4846 4769 4901 4498 4414 4477 5005 4530 4530 5002 4779 4725
5200 5391 5586 5341 5766 5874 5648 5315 5284 5238 5109 5606 5266 5379 4996 5550 5176 5401 5192 4887 5574 4823 5175 5487 5100 5329 5901 5222 5394 5042 5013 6066 5372 5751 5169 5219 5025 5640 5774 6074 5722 5521 5238 5456 4925 5250 5803 5181 5880 5329 5703 5411 4909 5520 5849 5046 5002 6050 5818 5372 5635 5407 4908 5312 5636 5489 5875 5053 5538 5431 5696 5150 5373 5236 5195 5323 5053 5169 5922 5572 5410 5424 5127 5630 5354 5036 5765 5532 5623 5418 5549 5618 5636 5844 5200 5274 5199 5385 5721 5539 5762 5770 4809 5744 5421 5647 5524 5160 5517 5115 5249 5392 5645 5706 5972 5901 5473 5577 5469 5450 5400 5126 5357 5303 5589 4696 5688 5948 5321 5207 5678 5094 5098 5634 5330 5368 5041 5194 5087 5508 5727 5549 5140 5237 5263 5606 5552 5279 5108 5343 5442 5198 5839 5966 5303 5515 5677 6172 5990 5627 5336 5172 5688 5323 4844 5443 5627 5356 5617 5160 5803 5368 5653 5581 5330 5712 4837 5413 5070 5263 5475 5710 5852 5298 5661 5384 5575 4950 5391 5289 5200 5486 5521 5429 5313 5458 5085 4820 5471 5767 4892 5049 5196 5096 5551 5257 5393 5492 5458 5492 5554 5453 5670 5385 5032 5490 5396 5901 5151 5691 4993 5620 5552 5847 5427 5222 5512 5597 5031 4828 5665 5089 5376 5398 4846 5070 5191 5368 5322 5163 5205 5692 5236 5286 5468 5288 5274 5363 5023 5088 5332 5378 5107 6037 5407 5460
5013 5053 5372 5811 5251 5515 5356 5130 5008 5247 4617 5471 5255 5196 4761 4876 5270 5113 5019 4818 5301 4935 4948 5495 4981 5067 5459 5320 5230 4962 4976 5540 5128 5564 5292 4982 4769 5368 5310 5863 6052 5072 5295 5284 4907 5133 5352 5199 5292 5390 5406 4875 4959 5354 5620 5162 4879 5830 5695 5054 5669 4843 4901 5125 5409 5270 5566 4932 5386 5142 5555 4883 5148 5211 5400 5254 4916 5158 5446 5478 5249 5318 5172 5344 5175 4883 5562 4949 5035 5170 5446 5699 5469 5452 5251 4953 5037 5245 5374 5391 5889 5672 4626 5421 5357 5375 5578 5192 5375 5349 5239 5250 5194 5586 5495 5245 5396 5387 4983 5239 5223 4635 5125 4995 5166 4794 5218 5371 5359 5401 5420 5005 5238 4981 5025 5317 4978 4930 5105 5043 5208 5303 4739 5167 4962 5317 5225 5151 4868 5194 5387 5069 5388 5545 5035 5344 5260 5688 5806 5338 5398 4905 5435 4872 4992 5295 5356 5224 5520 5198 5499 5429 5271 5197 5511 5271 4764 4944 5051 5374 5478 5207 5426 5212 5435 5011 5089 4826 5137 5484 5380 5519 5464 5357 5349 5385 5107 4533 5367 5419 4730 5090 4895 5087 5099 5249 5244 4991 5269 5407 5170 5198 5438 5078 4573 5544 5262 5518 5181 5730 5105 5317 5441 5440 5283 5370 5354 5323 5143 4859 5354 4606 4949 4964 4841 5070 4805 4898 5292 5172 4737 5396 5126 5307 5148 5160 5357 5310 5117 4999 5235 5160 5074 5503 5527 5122
5387 5198 5271 5383 4997 5226 5200 5099 5023 4961 4474 5446 5132 5029 4944 4823 4742 4962 5057 4291 5139 4870 4623 5282 4786 4856 5280 4863 5120 5052 5183 5223 5090 5503 5008 4740 4962 5023 5368 5443 5711 5351 4895 5076 4766 4820 5006 4948 5196 5031 5278 4815 4815 5379 5208 4673 4730 5658 5519 4934 5493 5168 4533 4802 5175 5197 5411 4864 5020 4914 5260 4699 4808 5104 4995 4975 4729 4839 5055 5291 5208 5021 4998 5356 4611 4620 5309 4773 4802 4843 5047 5443 5053 5282 5094 4540 4879 5017 5235 5004 5543 5362 4619 5233 5129 5217 5215 4934 5174 4795 4924 5155 5272 5140 5382 5174 4756 5108 4955 5218 5104 4772 4817 4936 4925 4700 5152 5394 5180 5002 5150 4609 5182 4860 4898 5047 5020 4601 4932 4941 5230 4890 4609 4961 5152 5033 4903 5036 4844 5019 4829 4916 5194 5429 4992 5035 4842 5252 5450 5128 4746 4673 5019 4828 4677 4981 5301 4606 5306 4939 5329 5193 5096 5264 5134 5193 4482 4835 4876 5191 5149 5161 5259 4777 5328 4928 5017 4664 5055 5138 5110 5059 5342 5016 5026 5282 4847 4844 5067 5267 4793 4852 4811 5114 5020 5023 5050 4869 4675 5167 4922 5082 5400 4958 4406 5500 5283 5558 4955 5343 4598 5107 5363 5341 5159 4804 5350 5320 4826 4563 5262 4447 4868 4867 4475 4695 4590 4941 5303 5055 4950 5440 5171 4943 5084 5183 5042 4909 5182 4757 5503 4934 5058 5030 5055 4951
5365 5098 5409 5273 5458 5668 5546 5471 5063 5446 4589 5651 5169 5464 4963 5368 5056 5154 5258 4866 5416 4859 4849 5294 5251 5278 5454 5018 5312 5062 4895 5753 5407 5535 5060 5041 4975 5416 5452 5547 5680 5174 5169 5232 4996 5110 5565 5167 5504 5049 5548 5034 5285 5352 5414 4814 4973 5889 5569 5099 5428 5447 4817 5094 5465 5270 5717 4991 5451 5441 5169 5043 5123 5377 5407 5438 5262 4919 5507 5551 5254 5059 5137 5219 5181 4859 5714 5352 5295 5112 5111 5437 5763 5427 5290 4656 5084 4889 5361 5051 5792 5460 4675 5836 5282 5439 5304 5349 5409 5091 5073 5205 5412 5708 5408 5648 4968 5343 5209 5276 5039 5070 5088 5093 5334 4491 5433 5477 5216 5384 5381 4611 5022 5204 5264 5160 4969 5194 5197 5172 5170 5039 4875 4972 5280 5389 5224 5089 4767 5465 5437 4909 5241 5335 4922 5293 5363 5609 5523 5023 5035 5084 5367 4865 5072 5345 5423 5114 5458 5139 5643 5289 5269 5397 5242 5414 4355 5161 5264 5513 5332 5113 5587 5250 5466 5143 5124 4831 5390 5560 5271 5442 5454 5105 5242 5687 5109 4936 5136 5883 4955 4926 4959 5071 5192 5179 5168 5070 5487 5467 5427 5189 5668 5084 4819 5428 5234 5738 5126 5452 4863 5348 5388 5436 5259 5352 5420 5428 5146 4842 5375 4870 5248 4971 4768 4994 4955 5035 5277 4972 4890 5580 5233 5248 5266 4918 5621 5138 5147 4946 5166 5056 5084 5580 5314 5357
5323 5057 5378 5443 5141 5472 5532 5162 5151 5302 4742 5410 5079 5376 5022 5284 5298 4943 5117 4733 5331 4904 4508 5262 4888 5085 5418 4990 5580 4895 4933 5458 5267 5358 5047 5037 4996 5264 5574 5602 5585 5334 5405 5410 4889 5230 5192 5170 5473 5189 5432 4968 5038 5487 5291 4956 4707 5880 5724 5055 5434 5207 4587 5015 5316 5446 5671 4990 5212 5198 5361 4836 5185 5136 5260 5079 4820 5006 5456 5551 5077 5115 5064 5359 4899 4781 5295 5173 4919 5100 5279 5581 5595 5464 5300 4719 5150 5057 5356 5183 5610 5515 4640 5313 5376 5191 5328 4824 5022 5076 5378 5254 5613 5390 5362 5284 4994 5330 5205 5271 5391 4887 5085 5136 5356 4475 5285 5447 5228 5036 5250 4918 5251 5134 5078 5281 5091 5011 5176 4959 5403 5408 4981 5105 5226 5310 5117 5121 5028 5170 5320 5153 5362 5751 4994 5218 5322 5687 5607 5120 5155 5055 5201 5107 4765 5358 5254 5114 5465 4981 5379 5431 5419 5556 5412 5567 4645 5099 4950 5382 5136 5318 5414 5235 5406 5242 5211 4654 5240 5303 5112 5380 5363 5064 5339 5206 5023 4750 5121 5423 4818 4932 5097 5217 5309 5266 5176 5047 5177 5087 5185 5174 5451 5024 4641 5454 5463 5702 5215 5534 4931 5413 5298 5653 5290 5126 5399 5405 5137 4743 5489 4723 5344 5213 4706 4993 5206 5111 5363 5052 5116 5345 5302 5103 5211 5340 5195 5338 5127 5096 5151 5348 5197 5572 5258 5109
5026 4908 5422 5206 5073 5313 5610 5255 5091 5012 4780 5403 4975 5354 4774 4881 4991 5339 5065 4615 5408 4950 4435 5236 5076 5066 5537 4872 5064 4906 4794 5428 5107 5288 5031 5177 4837 5009 5405 5605 5293 5274 5083 5463 5166 5071 5272 5227 5155 4891 5486 4945 5003 5232 5687 4807 4920 5753 5615 4882 5508 5341 4790 5140 5249 5494 5416 4928 5086 5342 5435 4869 5375 4928 4976 5229 4718 5009 5161 5174 4935 5018 5239 5026 4898 4571 5560 4994 5080 5238 5200 5360 5476 5438 5451 4810 5037 4953 5250 4985 5576 5468 4438 5406 5112 5012 5456 4998 5334 5051 5149 5064 5299 5501 5431 5332 5006 5711 5052 5195 5115 4795 5073 4849 4945 4641 5291 5403 5367 5262 5305 4840 4890 5057 5232 5054 4835 5025 5143 5074 5048 5130 4797 5048 4991 5083 5166 4922 4651 5163 5386 4997 5270 5481 4839 5057 5349 5568 5558 5353 5077 4732 5120 5210 4684 5197 5124 4872 5208 4888 5467 5185 5187 5256 5156 5512 4527 4921 5133 5139 5108 5176 5082 5178 5419 5199 5129 4954 5386 5374 5049 5533 5580 5272 5054 5458 5116 4497 5211 5025 5082 4834 4913 4874 5174 5212 5129 4952 5094 5115 5127 5095 5249 5015 4696 5620 5441 5749 5173 5504 4854 5328 5379 5457 5015 5168 5255 5433 5190 4924 5266 4778 4909 4760 4530 4708 4852 4952 5230 4900 4717 5346 5069 5169 5250 5231 5053 5097 5248 5239 5475 4831 4825 5521 5144 4951
5418 5217 5556 5532 5344 5642 5604 5400 5142 5400 4905 5711 5227 5385 5063 5076 5060 5312 5194 4623 5480 4866 4886 5703 5136 5216 5641 5170 5365 5044 5218 5836 5244 5618 4946 5120 4818 5599 5317 5955 5985 5118 5250 5480 5054 5115 5335 5203 5582 5108 5702 5305 5189 5284 5551 4744 4995 6166 5871 5220 5641 5341 4853 5034 5339 5662 5968 5156 5383 5210 5222 4953 5112 5318 5104 5415 4923 5174 5624 5793 5507 5091 5166 5348 5180 5333 5569 5288 5321 5134 5604 5536 5616 5514 5411 4856 4937 5023 5500 5454 5790 5238 4874 5382 5569 5518 5651 5039 5441 5094 5278 5499 5609 5594 5589 5449 5461 5434 5274 5333 5355 4823 5193 5068 5554 4735 5476 5717 5647 5260 5491 4613 5165 5074 5205 5016 5115 5041 5269 5047 5628 5452 5084 5227 5260 5226 5219 5317 5336 5297 5445 5094 5553 5602 5246 5401 5416 5842 5844 5272 5396 5084 5282 4978 4781 5305 5080 5001 5492 5216 5623 5453 5260 5517 5372 5312 4869 5298 5502 5548 5121 4982 5700 5115 5721 4898 5333 4690 5137 5293 5273 5362 5475 5272 5486 5572 4953 4686 5612 5351 4991 4808 5193 5128 5280 5209 5278 4985 5399 5532 5295 5233 5495 5159 4736 5541 5278 5773 5418 5603 5154 5387 5658 5729 5342 5117 5878 5439 4916 4844 5376 4934 5026 4933 4729 4956 4986 5203 5297 5099 4856 5506 5560 5103 5237 5389 5291 5258 5325 5109 5381 5124 5185 5674 5245 5222
5430 5332 5627 5557 5736 5933 5715 5619 5500 5566 4935 5782 5444 5602 5095 5470 5133 5293 5432 4978 5466 4976 5011 5278 5437 5498 6000 4865 5340 4952 5355 5905 5304 5926 5220 5207 5159 5733 5941 6254 5945 5644 5519 5321 5171 5173 5547 5532 5599 5326 5761 5420 5199 5599 5885 4988 5264 6210 6067 5300 5777 5701 4943 5281 5714 5777 5765 5152 5572 5485 5417 5504 5459 5351 5293 5640 5063 5496 5773 5697 5365 5332 5425 5835 5476 4995 5737 5452 5493 5410 5482 5652 5837 5992 5731 4986 5197 5027 5571 5151 5770 5648 5029 5791 5605 5585 5738 5502 5686 5258 5507 5432 5802 5678 5934 6045 5437 5727 5481 5447 5604 5185 5423 5193 5565 4909 5549 5818 5499 5732 5437 4995 5399 5202 5511 5335 5319 5265 5243 5322 5608 5537 5103 5347 5288 5549 5458 5413 5131 5652 5659 5345 5827 5591 5445 5597 5470 5973 5836 5503 5522 5204 5525 5051 5214 5426 5482 4921 5856 5322 5781 5387 5752 5712 5431 5677 4838 5437 5357 5659 5587 5490 5730 5156 5592 5416 5545 5185 5597 5597 5278 5637 5608 5728 5561 5803 5096 5071 5653 5615 5305 5080 5342 5072 5418 5350 5375 5282 5631 5662 5521 5510 5720 5122 5052 5643 5552 5691 5300 5942 5295 5571 5635 5837 5416 5596 5730 5922 5023 4832 5650 5026 5429 5291 5161 5102 5094 5345 5553 5317 5185 5748 5648 5513 5542 5280 5509 5433 5412 5020 5606 5376 5079 5916 5378 5414
5240 4870 5304 5205 5187 5364 5262 5365 4845 4982 4585 5338 4844 5261 4675 4964 4804 4897 4958 4556 5110 4655 4535 4672 5018 4929 5257 4638 5067 4666 4685 5440 4731 5528 5103 4922 4688 4908 5534 5420 5192 5160 5110 5015 4773 4993 5256 4880 5044 4924 5462 4790 4680 4985 5256 4950 4919 5470 5207 5095 5454 5076 4616 4873 5448 5319 5301 4749 4952 5218 4995 4964 4858 4794 4880 4943 4728 4818 5293 5502 4949 4953 5107 5012 4750 4701 5394 5027 4584 5167 5068 5125 5360 5338 4957 4689 4684 4805 5211 5371 5350 5216 4341 5449 4853 5061 5174 4777 5160 4655 4933 5194 5343 5369 5214 5175 4982 5218 4984 5242 5078 4655 4924 4892 4614 4430 5094 5257 5013 5218 5090 4482 4957 5022 4789 4940 4875 4935 5095 4735 5193 5160 4427 4733 4942 5092 5035 4844 4629 5070 4974 4887 5490 5212 4867 5074 5141 5224 5399 4971 5055 4765 5207 4654 4943 5090 5114 4652 5265 4903 5264 5210 5056 5052 4995 5289 4447 4934 5054 5166 5163 5038 5117 5004 5240 4901 5019 4461 5178 5136 4879 5162 5444 4914 5096 5401 4915 4669 4917 5222 4759 4725 4652 5125 4782 5013 5036 4853 4890 5224 5089 5002 5246 4693 4424 5219 4936 5891 5055 5285 4747 5132 5096 5463 5035 4998 5203 5315 4736 4643 5083 4620 4895 4688 4808 4733 4664 4761 4979 4526 4770 5161 4993 4981 4792 5020 4913 4975 4939 4863 5071 5091 4820 5377 5202 5223
5193 4977 5506 5262 5143 5077 5372 5183 4612 4891 4686 5047 4888 5194 4709 5015 4923 4972 5048 4477 5054 4395 4608 4850 4831 5075 5159 4721 5040 4864 4870 5352 4933 5295 4864 4893 4871 5321 5483 5450 5340 5090 4986 4875 4764 4877 4905 4803 5020 5118 5508 5005 4850 5269 5553 4927 4693 5624 5421 4918 5214 4951 4585 4913 5572 5338 5328 4575 4907 4895 5174 4837 5009 5024 4991 5191 4592 4870 5003 5062 5123 4879 4818 5385 4947 4352 5262 5165 5015 4999 5165 5372 5267 5310 5372 4682 4701 4749 5226 4832 5369 5581 4599 5346 5081 4773 5425 4835 5340 4391 4778 4920 5181 5041 5348 5408 5150 5320 5187 4996 5160 4958 4894 4798 5356 4561 5006 5406 4951 4754 4970 4811 4847 5058 4573 4898 4458 4808 4887 4949 5123 4838 4618 4797 4842 5043 5160 4930 4728 4739 5116 5062 5277 5275 5046 5176 5173 5200 5519 5231 4892 4711 5097 5002 4757 5129 5029 4408 5163 4766 5417 4947 5201 5288 5072 5252 4675 4979 4842 5178 5118 5154 5239 4726 5185 5104 5212 4681 5081 4802 4773 5315 5214 4986 5019 5073 4813 4348 5184 5168 4641 5130 4834 4880 4930 4805 4911 4793 5229 5007 5215 5186 5064 4934 4570 5436 5094 5791 4948 5540 4835 5054 5645 5452 4862 4963 5323 5320 4862 4555 5059 4724 4730 4790 4605 4893 4781 4654 5142 4762 4773 5266 4795 4986 5030 4989 5117 5050 4842 5192 5046 4750 4778 5300 4705 5282
5489 4991 5318 5431 5479 5718 5738 5505 5182 5345 4746 5765 5055 5385 4885 5187 5158 5251 5500 4828 5377 4910 5056 5307 5103 5337 5504 5326 5332 5042 5276 5584 5275 5591 5091 5288 5184 5122 5573 5795 5708 5246 5628 5249 5106 5326 5567 5173 5499 5093 5767 5137 5316 5597 5688 5152 4818 6161 5648 5277 5329 5338 4991 5176 5549 5481 5624 5117 5470 5240 5535 5284 5279 5296 5030 5376 4843 5022 5338 5546 5404 5152 5360 5468 5152 4781 5690 5359 5246 5486 5221 5616 5672 5387 5176 4570 5092 5327 5529 5379 5732 5490 4791 5646 5532 5502 5775 5251 5347 5208 5114 5522 5707 5541 5408 5445 5437 5651 5244 5409 5567 5020 5133 4985 5357 4681 5299 5423 5362 5582 5650 4841 5242 5051 5397 5091 4988 5001 5067 5277 5547 5310 5119 5188 5219 5342 5177 5203 5179 5459 5578 5204 5642 5720 5006 5462 5505 5685 5917 5398 5397 4888 5476 4985 4923 5419 5406 5013 5428 5236 5712 5405 5419 5461 5723 5584 4866 5097 5514 5718 5406 5148 5656 5291 5451 5447 5164 4815 5174 5586 5382 5689 5407 5145 5482 5548 5097 4771 5783 5249 5287 5044 5142 5334 5347 5403 5414 4887 5543 5431 5215 5501 5704 4862 4492 5659 5274 5901 5300 5661 4944 5424 5621 5840 5421 5151 5692 5852 5055 5159 5447 4818 5383 5165 5200 5187 4813 5255 5393 5098 4895 5748 5445 5312 5250 5241 5272 5266 5075 5224 5623 5306 5114 5482 5360 5239
5193 5143 5220 5705 5242 5594 5539 5520 5259 5075 4707 5289 5036 5442 4913 4951 4960 5186 5267 4617 5090 4737 4838 5183 4875 5164 5355 4794 5099 4993 5065 5729 5153 5364 4987 5040 4796 5564 5597 5594 5684 5281 5149 5267 4927 5177 5476 4977 5456 5204 5613 5238 5035 5425 5659 4862 4798 5890 5679 5070 5402 5403 4826 5219 5450 5565 5561 4952 5344 5082 5361 5125 5076 5211 5213 5389 4828 5036 5511 5401 4918 5253 5056 5478 4914 4605 5534 5103 5042 5203 5087 5591 5320 5491 5206 4734 4857 5062 5379 5434 5605 5654 4992 5457 5237 5068 5263 5119 5275 5053 4925 5013 5278 5604 5615 5474 5277 5345 5106 5201 5450 4963 5042 4917 5344 4687 5269 5596 5058 5480 5230 4827 5279 5217 4972 5155 4987 5110 4960 5054 5506 5313 4763 5209 5321 5168 5160 5433 4929 5224 5221 5042 5397 5500 5138 5349 5300 5673 5747 5289 5139 4974 5223 4931 4786 5267 5452 5058 5354 5160 5834 5375 5216 5489 5088 5192 4531 5022 5284 5331 5212 5126 5236 5240 5526 5382 4991 4777 5105 5108 5058 5465 5484 5029 5430 5359 5097 4749 5223 5521 4863 5065 5010 4962 5241 5133 5193 4997 5443 5328 5218 5452 5447 4850 4676 5382 5374 5780 4911 5719 4939 5040 5395 5483 5217 5094 5378 5406 4862 4593 5507 4909 5087 4798 4748 4909 4720 5039 5086 4896 4928 5502 5101 5264 5179 4934 5348 5115 5015 4934 5537 4981 5157 5506 5224 5515
5255 5191 5585 5594 5305 5610 5687 5574 5254 5445 5044 5518 5242 5431 5211 5294 5160 5230 5342 4886 5331 5114 4897 5606 5264 5102 5486 5095 5399 5039 5124 5480 5189 5645 5339 5139 5058 5543 5595 5691 5979 5344 5572 5538 5092 5131 5381 5138 5783 5252 5636 5143 5135 5449 5761 4917 4853 6103 5591 5282 5614 5343 4872 5131 5729 5532 5834 4710 5781 5361 5658 5138 4871 5234 5441 5390 4993 5089 5567 5531 5249 5077 5050 5625 5269 4840 5774 5281 4930 5327 5382 5771 5548 5307 5509 4996 5076 5317 5676 5454 5769 5561 4923 5889 5238 5553 5634 5152 5764 5260 4950 5371 5733 5603 5513 5433 5349 5648 5645 5391 5513 4784 5305 5107 5162 4922 5357 5622 5470 5515 5554 5025 5453 5345 5325 5292 4966 4985 5306 4814 5565 5228 4857 5187 5445 5345 5363 5435 5169 5398 5347 5028 5568 5603 5189 5517 5367 5716 5649 5270 5142 5025 5499 4988 4802 5186 5417 5085 5355 5182 5812 5458 5460 5607 5371 5676 4961 5371 5370 5441 5351 5260 5670 5355 5682 5382 5355 5023 5657 5169 5195 5716 5607 5318 5533 5556 5417 4894 5558 5362 5028 5213 5306 5226 5512 5322 5169 5065 5512 5616 5278 5584 5816 5167 4846 5827 5504 5832 5158 5793 4799 5475 5462 6067 5258 5250 5602 5718 5154 4947 5459 4847 5191 4916 4830 5208 5053 5125 5299 5248 4962 5683 5237 5251 5218 5180 5369 5246 5005 5143 5572 5349 4963 5653 5251 5251
5602 5608 5699 5746 5752 5692 5862 5805 5459 5607 4940 5581 5448 5580 5112 5569 5070 5316 5476 5148 5468 5196 5086 5378 5288 5266 5859 5263 5584 5531 5217 5811 5332 6035 5286 5456 5163 5571 5797 6040 6073 5574 5564 5289 5353 5691 5717 5356 5726 5562 5723 5248 5353 5768 5888 5263 5226 6268 5813 5692 5816 5309 5087 5218 5733 5716 5818 5160 5672 5472 5663 5289 5548 5348 5419 5684 5198 5616 5676 5694 5520 5359 5339 5832 5225 4938 5692 5382 5386 5470 5543 5922 5791 5731 5360 5098 5091 5474 5833 5530 5955 5764 4786 5795 5471 5711 5691 5279 5568 5219 5404 5635 5924 5889 5933 5729 5459 5772 5438 5721 5502 5138 5545 5122 5447 5074 5590 5906 5824 5502 5441 4890 5739 5257 5323 5577 5322 5575 5568 5462 5680 5564 4984 5187 5391 5299 5507 5488 5409 5447 5564 5569 5551 5822 5360 5362 5595 5961 6041 5605 5413 5046 5727 5219 5096 5578 5546 5197 5784 5331 5849 5507 5665 5583 5765 5765 5207 5274 5377 5688 5566 5433 5805 5525 5755 5540 5566 4853 5547 5735 5407 5535 5671 5303 5608 5575 5147 5175 5589 5704 5183 5422 5508 5373 5636 5730 5518 5256 5364 5567 5504 5381 5792 5169 4750 5676 5642 5972 5547 5780 5322 5459 5646 5758 5425 5531 5790 5867 5253 4910 5816 5044 5446 5221 5086 5084 5188 5242 5733 5311 5145 5573 5570 5467 5466 5430 5530 5417 5183 5254 5792 5407 5371 5605 5652 5695
5435 5385 5351 5555 5731 5773 5850 5477 5196 5149 4938 5669 5341 5452 4949 5606 5041 5309 5329 4606 5453 4721 4933 5483 5298 5263 5786 5295 5611 5281 5012 5797 5030 5509 5297 5084 5163 5731 5479 6022 5709 5269 5141 5357 5008 5361 5736 5136 5459 5196 5727 5407 5243 5449 5979 5196 5128 5946 5573 5049 5597 5465 5186 5367 5476 5633 5739 4971 5433 5326 5496 5114 5289 5452 5408 5413 5157 5054 5636 5871 5389 5164 5047 5443 5238 5154 5637 5365 5276 5479 5263 5604 5488 5597 5647 4732 5236 5320 5779 5499 5684 5660 4905 5775 5392 5787 5595 5395 5572 5132 5694 5209 5468 5927 5390 5859 5456 5708 5219 5268 5372 4996 5200 5272 5438 4787 5443 5629 5509 5370 5804 4933 5528 5153 5372 5246 5075 5387 5424 5207 5447 5336 4838 5297 5287 5490 5204 5320 4992 5454 5783 5112 5752 5864 4829 5384 5357 5846 5910 5539 5168 4875 5623 5273 4973 5286 5354 4904 5568 5289 5743 5660 5370 5447 5631 5654 4551 5320 5138 5401 5387 5190 5728 5410 5772 5328 5543 4724 5406 5445 5085 5628 5699 5173 5789 5632 5166 4487 5388 5520 4946 5001 5212 5238 5414 5137 5440 5079 5317 5648 5418 5355 5611 5250 4880 5421 5387 5793 5207 5511 5198 5476 5348 5760 5244 5645 5723 5685 4984 5031 5487 5094 5392 5119 4909 5294 5065 5117 5630 5252 5033 5755 5474 5378 5321 5359 5435 5143 5316 4993 5463 5317 5220 5654 5382 5490
5240 5147 5272 5352 5042 5526 5405 5103 5083 5115 4741 5261 4931 5359 4758 5185 4911 5027 5186 4550 5301 4578 4868 5073 4975 5099 5588 4875 5215 4937 5083 5613 4797 5222 5212 5073 4794 5064 5464 5675 5444 5174 5282 5205 5001 5125 5290 4848 5041 4831 5523 4911 5012 5106 5368 4630 4945 5668 5253 4954 5192 5182 4762 4908 5287 5382 5533 4894 5095 5212 5359 4818 4948 5165 5247 5295 4872 5099 5124 5461 5194 4861 4927 5236 4936 4735 5166 5060 4897 5052 5105 5548 5431 5382 5327 4691 4724 5057 5336 5277 5462 5593 4803 5560 4986 5131 5453 4740 5247 4791 5232 4985 5339 5343 5423 5329 4962 5434 5079 5086 5073 4867 5099 5005 5174 4369 5051 5365 5158 5381 5341 4761 5167 4956 4858 4796 4596 5097 5332 5172 5246 5019 4553 4967 5148 5193 5087 5020 4735 4950 5274 5152 5245 5542 4858 5202 5260 5528 5523 5040 4868 5043 5446 5000 4747 4992 5146 4901 5358 4686 5310 5204 4991 5178 5313 5427 4562 4857 5009 5193 4956 5094 4956 5084 5619 5088 4977 4674 5326 5253 5106 5372 5166 5077 5165 5300 4756 4422 5218 5171 4809 4574 4902 5077 5120 5201 5197 4979 5277 5183 5200 4979 5351 4847 4475 5368 5192 5688 5214 5241 4894 5403 5048 5435 4989 5197 5511 5310 5039 4890 5226 4822 5204 5046 4681 4881 4695 4902 5184 5100 4986 5198 4943 5298 5243 4996 5142 4857 4932 4903 5172 4903 4872 5161 4958 5170
5059 5048 5494 5295 4994 5278 5445 5166 4926 5113 4702 5323 5038 5194 4857 5428 4913 4985 5286 4484 5309 4548 4605 5095 5194 4831 5542 4907 4965 4893 4557 5485 4791 5329 4916 5199 4893 5416 5201 5656 5545 5189 4937 5053 4836 5268 5341 5025 5051 5037 5494 5059 5040 5210 5478 4789 4972 5752 5523 5135 5339 5112 4657 4911 5331 5294 5440 5000 5367 5055 5362 5041 5097 5216 4975 5385 4912 4939 5251 5382 5090 5093 4956 5196 5107 4596 5551 5041 4528 5026 5168 5217 5347 5190 5342 4520 4820 4726 5218 5052 5641 5552 4663 5358 4883 5046 5245 5022 5241 4949 5044 4896 5224 5308 5278 5672 5226 5231 5052 5251 5325 4848 4951 4815 5371 4487 5404 5327 5300 5271 5359 4805 4972 4807 5103 5227 4746 4963 5065 5085 5239 5087 4737 4851 5444 5268 5288 5091 4898 4985 5168 4891 5215 5413 4697 5173 5074 5627 5671 5028 5037 4862 5247 5091 4989 4978 5053 4714 5435 5060 5414 5069 5288 5014 5052 5288 4774 4922 5213 5324 5100 4711 5238 4955 5502 4957 5015 4637 5450 5344 4919 5188 5230 5147 5257 5366 5002 4759 5108 5330 4828 4724 4993 5095 5175 5106 5012 4798 5328 5184 5326 5162 5147 4730 4678 5229 5252 5592 4924 5182 4772 4789 5194 5353 4891 5084 5307 5349 4759 4698 5152 4549 4990 5028 4453 4872 4658 4769 5185 4910 4641 5383 5364 5139 5033 5047 5297 5153 4797 4900 4972 4888 5006 5196 5044 5111
5246 5025 5226 5459 5231 5261 5360 5232 4948 5364 4759 5414 5035 5129 4725 5455 5051 4905 5090 4603 5026 4707 4845 5310 5124 4971 5315 4827 4985 4811 5047 5718 5093 5453 4944 5039 4714 5183 5416 5564 5807 5195 5357 4837 4805 5112 5095 5170 5334 5068 5435 4822 4687 5452 5511 4693 4722 5678 5489 5088 5327 5239 4587 5100 5389 5434 5797 4622 5448 5026 5280 5087 5030 5198 5215 5238 4772 4946 5030 5188 5144 4921 4791 5365 5069 4539 5482 5188 5070 5066 5218 5581 5505 5021 5278 4615 4793 5056 5246 5192 5378 5409 4635 5461 5039 5434 5471 5045 5315 4792 4759 5046 5264 5270 5292 5495 5107 5298 4880 5169 5206 4773 5119 4742 5017 4477 5083 5431 5308 5418 5158 4932 5327 4828 5148 4965 4862 4881 5052 4871 5161 4750 4709 4990 5056 5178 5234 5126 4816 5131 5007 4969 5289 5335 5024 5304 5235 5411 5393 5171 4825 4850 5222 4786 4595 5150 5190 4839 5280 4944 5315 5127 5359 5303 5424 5373 4533 4933 4867 5099 5254 4996 5487 4878 5334 5025 5049 4538 5202 5250 5139 5520 5290 5075 5403 5243 4843 4589 5188 5123 4748 4847 5283 5052 5227 5054 4955 4893 5136 5314 5282 5044 5314 4655 4662 5586 5144 5477 4994 5615 4750 5370 5279 5631 5102 5364 5250 5395 4979 4797 5070 4682 5072 4999 4775 4941 4688 5017 5131 4876 4739 5313 5106 4936 5101 5105 5000 5159 4738 4802 5372 5251 4705 5412 5260 5251
5189 4835 5128 5262 5242 5600 5285 4988 4961 5095 4673 5322 5077 5124 4550 5043 4813 4939 5368 4485 5163 4804 4562 5228 5043 5034 5551 4910 5043 4961 5008 5262 4703 5657 4878 5105 4825 5254 4919 5660 5471 4959 5014 4993 4584 5112 5230 4785 5175 5079 5518 4749 4883 5050 5330 4848 4508 5760 5332 4952 5280 4949 4494 5057 5260 5244 5406 4582 5172 5046 5501 4832 4912 5158 5032 5369 5003 5009 5172 5638 4907 5031 4893 5447 4755 4714 5413 5042 5138 5064 5214 5387 5389 5077 5018 4575 4787 4859 5047 5295 5636 5386 4492 5272 5035 5275 5160 5108 5233 4825 5006 5068 5423 5507 5294 5327 4878 5504 4867 5319 5026 4829 5057 4747 5140 4602 5217 5407 5377 5136 5360 4879 5101 4894 5027 5090 4961 4855 5082 5006 5303 5420 4749 4965 5040 5152 5040 5238 4923 5059 4970 4821 5028 5458 4853 5151 5102 5474 5338 5033 5259 4796 4981 4922 4832 4913 5173 4750 5500 5124 5379 4879 5361 5132 5285 5360 4658 4783 5097 5512 5082 4965 5365 4850 5242 5055 5189 4820 5162 5376 4877 5264 5447 5138 5314 5062 4669 4569 5134 5227 4542 4870 5033 4983 5185 5251 5190 4802 5304 5119 5165 4891 5379 4785 4536 5437 5008 5567 5036 5409 4843 5185 5330 5594 5274 5109 5051 5458 4714 4670 5389 4723 5079 4886 4785 4910 5045 4870 5260 4899 4732 5319 5326 5201 5187 5231 5176 4927 4928 4840 5076 5073 4854 5443 5180 5153
4987 5135 5540 5528 5430 5341 5568 5320 5112 5177 4969 5546 4993 5454 4982 5071 5059 5481 5224 4644 5242 4950 4803 5384 5137 4916 5425 4933 5114 4942 5063 5600 5001 5299 5127 4986 4930 5395 5422 5563 5821 5314 5112 5229 4993 5186 5334 5121 5493 5236 5790 4877 5011 5397 5622 4729 4806 6043 5358 5141 5422 5345 4714 5034 5412 5373 5697 4828 5492 5206 5188 4976 4955 5197 5108 5431 4856 5151 5431 5520 5386 5174 4884 5353 5083 4788 5417 5172 5084 4993 5317 5157 5666 5250 5205 4639 4922 5263 5434 5279 5379 5410 4820 5546 5155 5356 5562 5224 5435 5126 5196 5069 5477 5567 5522 5423 5225 5365 5188 5360 5260 4779 5200 4975 5285 4497 5372 5419 5462 5396 5171 4871 5228 5109 4972 5021 4974 4830 5267 5159 5451 5115 4566 5071 5144 5145 5047 5091 4895 5029 5291 5204 5524 5492 4978 5230 5237 5583 5528 5379 5123 4716 5320 5118 4854 5299 5124 4851 5458 5097 5567 5397 5332 5186 5302 5325 4592 5262 5194 5304 5229 5100 5523 4794 5618 5107 5150 4972 5294 5501 4963 5230 5415 5378 5203 5349 4876 4892 5297 5301 4985 4764 5154 5012 5458 4930 4966 5109 5386 5426 5328 5217 5547 5032 4716 5527 5279 5506 5040 5485 4934 4988 5473 5445 5190 5093 5364 5394 4794 4672 5276 4482 5147 4860 4746 4891 4826 4952 5169 5039 5190 5260 5432 5171 5111 5112 5180 5220 5070 5154 5375 4969 5034 5345 5203 5130
4976 4774 5520 5370 5272 5288 5318 5280 5051 5007 4660 5456 4710 5506 4882 5132 4801 5008 5214 4633 5177 4905 4842 5191 5009 4863 5344 4817 5379 4674 5019 5490 4659 5534 5042 5049 4754 5227 5382 5628 5374 5419 5420 4829 4823 5151 5077 4919 5388 4894 5320 5027 5128 5427 5485 4660 5004 5898 5487 4795 5259 5209 4631 4920 5290 5390 5612 4468 5230 4916 5272 4879 5351 5077 4932 5095 4674 4813 5124 5356 5296 4945 4920 5395 4937 4706 5399 5165 4840 4964 5271 5576 5397 5354 5146 4568 4731 4955 5370 5098 5522 5410 4670 5530 5242 5207 5519 4926 5442 4841 5157 5051 5395 5462 5234 5545 4988 5422 5031 5450 5131 4804 4816 5061 5066 4718 5113 5762 5283 5119 5160 4623 5133 4933 4922 5307 4918 5020 5367 4909 5245 5311 4715 4800 5116 5049 5120 5085 4803 5007 5063 5054 5232 5437 4914 5226 5203 5424 5408 5079 5099 4853 5355 4911 4694 5336 5076 4759 5311 4958 5373 5150 5289 4913 4993 5473 4808 5046 5339 5207 5211 4929 5345 5085 5467 5180 5058 4649 5426 5356 4970 5221 5266 5157 5264 5595 4721 4618 5200 5058 4781 4881 5117 5363 5343 4940 5049 4967 5060 5115 5021 5029 5393 4876 4870 5338 5227 5455 5135 5583 4712 4921 5547 5456 5060 5029 5421 5548 4658 4596 4873 4671 4948 4730 4765 4602 4634 4839 5147 4886 4908 5268 4989 5040 5147 5146 5352 5084 4938 4879 5236 5226 4713 5481 5120 5074
5481 5460 5452 5531 5586 5888 5691 5721 5578 5430 4776 5669 5257 5505 5294 5394 5383 5035 5516 5114 5617 4961 4811 5601 5329 5263 5447 5233 5473 4981 5314 5805 5092 5644 5176 5140 5190 5669 5777 5967 6208 5407 5328 5496 5103 5495 5466 5316 5402 5266 5637 5366 5500 5601 5780 4958 5171 5933 5750 5260 5614 5592 5060 5354 5490 5675 5850 5180 5583 5485 5624 5198 5297 5255 5354 5378 5199 5345 5598 5663 5395 5122 5152 5790 5331 4891 5425 5546 5364 5277 5437 5694 5881 5518 5766 4683 5143 5454 5435 5381 5661 5752 5089 5757 5509 5282 5718 5216 5284 5135 5224 5166 5839 5536 5624 5602 5196 5812 5531 5416 5606 5068 5317 5207 5461 4817 5323 5743 5430 5522 5440 5022 5218 5315 5115 5120 5032 5192 5402 5107 5715 5077 4899 5170 5184 5320 5361 5443 5091 5315 5648 5249 5507 5726 5090 5501 5458 5944 5868 5238 5344 5110 5577 5125 4939 5388 5337 5075 5637 5196 5718 5331 5394 5473 5320 5498 4919 5346 5243 5553 5410 5179 5633 5351 5702 5102 5204 4755 5370 5578 5134 5572 5524 5577 5611 5450 5307 4774 5576 5672 5133 5167 5193 5146 5515 5281 5319 5217 5383 5213 5476 5402 5777 4990 4816 5804 5454 5836 5235 5741 5146 5457 5480 5840 5361 5074 5618 5450 5090 5028 5614 5003 5315 5210 4870 5196 5118 5141 5464 5514 5209 5602 5440 5344 5293 5539 5533 5247 5312 5042 5595 5174 5068 5653 5220 5322
5512 5311 5834 5824 5497 5882 5954 5444 5505 5422 4825 5708 5317 5593 5309 5657 5129 5447 5345 5074 5256 5224 5015 5598 5367 5350 5653 5208 5641 5145 5321 5723 5271 5690 5193 5382 5319 5569 5678 5861 5778 5467 5681 5355 5111 5515 5768 5302 5679 5402 5669 5244 5301 5646 5739 5312 5088 6203 5982 5389 5669 5532 4978 5174 5479 5646 5935 5098 5622 5460 5484 5332 5374 5538 5489 5609 5246 5250 5780 5762 5454 5280 5382 5451 5263 4864 5870 5547 5306 5318 5564 5456 5869 5508 5646 5002 5230 5421 5788 5302 5734 5768 5102 5900 5689 5505 5702 5167 5964 5226 5434 5685 5866 5935 5710 5733 5411 5835 5425 5523 5570 5114 5146 5424 5725 5153 5541 5811 5562 5425 5238 5051 5372 5183 5434 5462 5142 5248 5558 5135 5591 5415 4969 5443 5508 5522 5510 5401 5299 5587 5609 5359 5323 5664 5136 5295 5448 5796 5752 5506 5185 5302 5635 5103 4950 5721 5520 5044 5575 5181 5705 5613 5599 5680 5436 5575 4908 5396 5504 5539 5349 5425 5636 5146 5501 5338 5742 4852 5640 5729 5505 5743 5561 5382 5710 5726 5331 4958 5765 5570 5261 5204 5169 5471 5504 5489 5434 5104 5638 5672 5511 5421 5625 5373 4910 5757 5797 5925 5249 5814 5287 5452 5787 5752 5559 5539 5585 5787 5185 4956 5393 4970 5237 4925 4964 5146 5091 5053 5686 5116 5176 5696 5462 5500 5356 5515 5509 5447 5322 5327 5757 5572 5158 5904 5519 5252
5218 5454 5433 5494 5563 5787 5603 5201 5158 5296 4816 5497 5120 5403 4798 5105 5027 5175 5369 4910 5361 4869 4641 5118 5152 5010 5453 5040 5333 5026 5075 5904 5096 5687 5151 4935 4862 5598 5426 5685 5636 5423 5245 5135 4951 5245 5698 5044 5350 5135 5551 5267 5224 5441 5743 5041 4904 6019 5722 5146 5301 5395 5097 5110 5550 5580 5875 5036 5107 5295 5357 5124 4875 5463 5215 5184 5067 5019 5346 5440 5307 5213 5172 5460 5193 4706 5399 5272 5193 5127 5439 5734 5470 5597 5223 4672 4994 5204 5473 5176 5765 5630 4939 5384 5413 5468 5645 5144 5387 5125 5514 5048 5267 5428 5746 5663 5475 5590 5134 5408 5083 5056 5131 4998 5594 4988 5464 5490 5414 5243 5068 5011 5435 4858 5186 5227 5038 5272 5467 4966 5556 5120 4926 5212 4920 5203 5234 5364 5004 5298 5304 5138 5350 5589 5124 5200 5099 5543 5786 5519 5329 4823 5307 4830 4822 5395 5420 4788 5527 5027 5282 5382 5369 5347 5459 5525 4729 5010 5317 5400 5293 5167 5626 5172 5493 5050 5157 4633 5370 5579 5190 5337 5462 5061 5372 5291 5301 5077 5460 5312 5103 5154 4889 5512 5450 5584 5229 4980 5247 5623 5304 5036 5463 5006 4945 5512 5349 5962 5037 5471 5269 5621 5346 5734 5288 5395 5792 5658 5168 4666 5481 4897 5160 4938 4679 5032 4895 5085 5263 5022 4740 5360 5191 5256 5446 5274 5359 5265 5168 4943 5266 5069 5125 5663 5232 5225
5289 5224 5309 5488 5345 5448 5395 5202 5154 5375 4547 5384 5200 5224 4995 5201 5131 4846 5105 4756 5207 4872 5250 5406 4967 5155 5544 4932 5407 4803 4993 5559 5011 5384 4858 5212 4954 5298 5659 5710 5881 5512 5197 5163 5019 5048 5652 5075 5386 5489 5526 4708 5085 5316 5586 4795 4895 5967 5726 4828 5540 5095 4772 4985 5510 5351 5707 4934 5278 5171 5316 5001 5018 5089 5259 5154 5044 5119 5352 5384 5249 5072 5194 5257 5018 4781 5546 5336 5036 5240 5194 5382 5330 5549 4973 4870 4884 5189 5400 5168 5577 5511 4655 5308 5211 5378 5259 4955 5499 4995 5163 5430 5432 5506 5259 5585 5086 5434 5247 5537 5367 4986 5084 4973 5114 4561 5328 5585 5422 5149 5338 4743 5417 5066 5125 5233 4840 5044 5001 4869 5305 5351 4728 5195 5271 5334 5114 5118 4897 5460 5071 5120 5060 5591 5071 5466 5362 5473 5640 5242 5328 5019 5326 5027 4977 5253 5248 4927 5353 5106 5464 5276 5436 5493 5436 5472 4621 5145 5145 5701 5450 5236 5645 5125 5448 5002 5096 4895 5140 5412 5258 5213 5194 5155 5187 5479 4932 4924 5472 5453 5033 4733 5155 5251 4999 4893 5057 5064 5321 5351 5223 5132 5470 4754 4726 5448 5328 5581 4985 5380 4874 5283 5494 5762 5325 5128 5435 5561 5187 4688 5177 4981 5094 5172 4931 4751 5223 5116 5308 5005 4963 5576 5243 4982 5186 5335 5342 5147 5057 4910 5386 5252 5194 5473 5350 5241
5467 5383 5557 5743 5657 5823 5705 5718 5534 5114 5033 5687 5275 5796 4994 5390 5570 5247 5442 4948 5607 5107 4697 5523 5417 5374 5439 5286 5487 5048 5118 5463 4974 5833 5281 5253 5109 5659 5788 5972 6068 5595 5544 5191 5136 5242 5535 5311 5427 5493 5614 5096 5295 5805 5833 5060 5379 6092 5569 5470 5766 5479 5102 5207 5729 5852 5965 4973 5574 5579 5550 5137 5148 5495 5540 5333 5020 5299 5662 5689 5504 5333 5093 5663 5147 4967 5526 5536 5013 5355 5157 5485 5608 5758 5577 4820 5194 5261 5621 5407 5707 5740 4872 5660 5358 5442 5526 5139 5645 5594 5065 5360 5531 5978 5560 5720 5227 5712 5268 5509 5260 5104 5191 5177 5304 4641 5434 5932 5428 5487 5598 4951 5609 5245 5194 5379 5006 5215 5424 5138 5545 5256 4824 5249 5321 5441 5329 5405 4892 5491 5702 5380 5208 5343 5120 5603 5447 5730 5767 5424 5259 5052 5761 5203 4967 5295 5308 5149 5419 5105 5615 5445 5635 5564 5288 5702 4798 5171 5095 5752 5580 5420 5821 5239 5749 5291 5133 4972 5584 5721 5369 5235 5738 5353 5519 5549 5383 4957 5485 5604 4945 5125 5337 5247 5325 5291 5237 5343 5526 5619 5492 5496 5845 5116 4858 5830 5366 5762 5198 5604 5151 5339 5559 5655 5447 5424 5837 5614 5053 5344 5775 4782 5312 5017 4799 5284 4935 5008 5257 5468 5061 5788 5263 5381 5387 5028 5414 5237 5389 5176 5326 5259 5113 5316 5399 5507
5491 5431 5913 5706 5784 5742 5670 5545 5576 5541 4999 5822 5478 5742 5291 5242 5240 5116 5612 5158 5549 5292 5014 5777 5312 5490 5724 5293 5547 5199 5255 5793 5318 5893 5514 5126 5396 5749 5817 5979 6000 5695 5436 5676 5258 5578 5704 5499 5602 5331 5950 5655 5381 5520 6194 5116 5142 6393 6145 5155 5860 5504 5084 5447 5742 5820 6123 5196 5777 5417 5804 5389 5307 5526 5257 5625 5181 5423 5724 5795 5727 5442 5252 5768 5416 5042 5898 5381 5344 5539 5501 5701 5879 5733 5628 5031 5237 5338 5809 5663 6023 5923 5265 5788 5638 5704 6041 5701 5795 5397 5767 5458 5945 5894 5961 5683 5451 5966 5630 5653 5613 5190 5328 5184 5852 5157 5657 5758 5752 5545 5869 5305 5650 5345 5656 5446 5113 5305 5761 5255 5723 5616 5053 5362 5642 5672 5401 5576 5272 5411 5812 5297 5898 6171 5345 5476 5487 6062 6225 5888 5512 5123 5600 5245 5000 5591 5597 4987 5684 5167 5922 5483 5804 5654 5566 5929 5064 5494 5500 5676 5717 5365 5737 5481 5899 5362 5720 5117 5634 5587 5254 5651 5869 5517 5419 5659 5441 5145 5582 5822 5401 5350 5102 5392 5503 5294 5551 5509 5543 5635 5660 5597 5812 5410 4994 5914 5659 5936 5340 6019 5340 5659 5705 5958 5513 5460 5833 6254 5258 4942 5912 5200 5441 5100 5168 5365 5204 5300 5464 5584 5191 5721 5612 5664 5383 5357 5500 5423 5179 5171 5603 5731 5500 5939 5718 5482
5186 5335 5356 5560 5203 5601 5488 5323 5066 5251 4666 5371 5142 5426 5018 5336 5079 5174 5115 4765 5130 4854 4844 5428 5112 5164 5306 5200 5203 5015 4891 5565 4940 5483 5286 5162 5042 5401 5467 5573 5787 5275 5114 5052 5025 5122 5618 5073 5283 5441 5489 5040 4990 5595 5395 4792 4915 5925 5678 5133 5610 5358 4898 4838 5257 5640 5738 4803 5433 5426 5366 5026 5212 5243 5200 5294 5009 4995 5354 5654 5124 4977 5048 5331 5223 4801 5569 4918 5103 5214 5201 5594 5764 5136 5186 4739 5090 5185 5680 5299 5553 5545 4686 5511 5258 5627 5487 5241 5371 5176 5475 5394 5494 5626 5593 5634 5323 5529 5208 5542 5361 4717 5358 5148 5165 4492 5184 5307 5268 5160 5257 4811 5343 4943 5253 5095 5105 4890 5009 5229 5307 5456 4679 5141 5143 5350 5308 5054 4902 5417 5059 4940 5237 5386 5083 5318 5481 5485 5559 5056 5267 4784 5213 4842 4972 4959 5357 4923 5618 5064 5373 5386 5523 5486 5218 5624 4676 5151 5265 5393 5108 5254 5483 5387 5510 5155 4950 4733 5301 5330 5120 5423 5326 4855 5058 5397 4815 4752 5079 5405 4973 4746 5110 5092 5254 5173 5070 5049 5432 5330 5349 4861 5458 4948 4766 5471 5282 5792 5002 5203 4912 5238 5182 5752 5040 5351 5461 5593 5192 4820 5524 4872 5154 5008 4808 5045 5044 5026 5237 5037 4938 5369 5392 5357 5406 5223 5182 5052 5286 5041 5428 5078 5068 5467 5257 5478
5302 5429 5586 5595 5339 5617 5664 5247 5398 5347 4745 5828 5004 5636 5032 5287 5102 5010 5429 4800 5407 5247 4801 5168 5031 5264 5764 5035 5230 5062 5154 5800 5199 5701 5129 5278 4946 5269 5509 5874 5516 5561 5496 5108 5104 5568 5339 4992 5510 5250 5664 5178 5001 5463 5694 4942 5052 5913 5628 5123 5552 5204 4994 5078 5350 5552 6035 4886 5346 5325 5395 4968 5165 5407 5305 5369 4990 5071 5576 5439 5256 5173 5182 5441 5284 4730 5867 5322 4996 5342 5349 5473 5478 5577 5065 4853 4912 5070 5697 5227 5672 5667 4830 5660 5132 5433 5644 5099 5459 5177 5139 5148 5671 5364 5394 5833 5373 5292 5142 5250 5344 4908 5269 5139 5381 4572 5528 5742 5525 5123 5351 4805 5510 4940 5362 5544 5349 5183 5394 5279 5364 5169 4645 5216 5403 5262 5235 5072 4935 5697 5377 4963 5483 5698 5216 5250 5332 6000 5901 5611 5163 5011 5448 5042 4824 5227 5473 4931 5614 5151 5568 5283 5495 5326 5514 5669 4892 5289 5279 5561 5373 5376 5408 5223 5761 5644 5116 4723 5539 5594 5213 5554 5401 5407 5449 5477 5423 4902 5466 5361 4818 4933 5008 5172 5560 5236 5236 5120 5361 5509 5281 5346 5623 5051 5108 5554 5546 5565 5398 5679 5086 5152 5298 5900 5397 5394 5369 5527 5110 4783 5526 4776 5155 5057 5013 5080 4828 5071 5191 5005 4933 5670 5349 5242 5300 5197 5422 5158 4862 5221 5381 5214 5291 5440 5411 5322
5149 5142 5640 5440 5253 5481 5391 5389 4923 5210 4889 5665 5174 5442 4796 5228 5299 5110 5374 4866 5397 5274 5028 5553 5035 5189 5293 5248 5315 4958 5168 5657 4947 5555 5294 5251 4757 5276 5475 5607 5624 5269 5133 4934 5011 5265 5536 5005 5616 5048 5630 5219 5064 5602 5360 4937 5079 5970 5420 4940 5649 5305 4922 5002 5633 5431 5858 4816 5455 5148 5348 5188 5075 5398 5409 5131 4823 5143 5225 5867 5327 5322 5025 5347 5002 5001 5459 5195 5109 5130 5307 5699 5820 5640 5319 4787 4993 5160 5376 5284 5811 5663 4738 5532 5533 5333 5225 5073 5589 4994 5027 5314 5521 5401 5650 5671 5179 5376 5130 5085 5110 5071 5005 4977 5365 4829 5408 5688 5367 5508 5655 4921 5220 5022 4904 5238 5100 4795 5525 5084 5350 5317 4752 5290 5022 5241 5547 5072 5051 5073 5198 5335 5505 5315 5098 5373 5277 5645 5748 5114 5303 5092 5544 5088 5191 5276 5295 4980 5574 5268 5422 5382 5393 5322 5192 5555 4862 5152 5363 5722 5219 5181 5542 5125 5347 5032 5008 4637 5419 5414 5316 5490 5631 5111 5164 5502 5212 4654 5377 5407 4848 5367 5384 5493 5450 5230 5217 5286 5518 5568 5080 5234 5668 5076 4984 5553 5447 5975 5347 5531 4920 5263 5557 5664 5483 5330 5763 5734 5274 4877 5349 4820 5245 4996 4769 4939 5035 5174 5364 5443 4704 5533 5437 5261 5238 5254 5474 5390 5071 5145 5350 5144 5061 5659 5417 5329
4823 4514 4837 4734 4886 5115 4994 5146 4581 4629 4286 4902 4415 4686 4530 4880 4364 4734 4925 4120 4901 4599 4241 4930 4455 4317 4855 4398 4471 4420 4419 5028 4577 5034 4608 4679 4513 4551 4923 4959 4954 4709 4801 4592 4544 4624 5101 4714 4772 4757 4883 4493 4751 4651 5121 4385 4394 5258 4864 4802 4823 4692 4539 4496 5021 5045 5121 4476 4571 4823 5004 4511 4497 4669 4708 4715 4516 4367 4751 5177 4735 4474 4383 4971 4504 4289 5011 4838 4596 4846 4615 5174 4945 4960 4752 4322 4330 4671 4936 4829 5195 4760 4096 5004 4723 4848 4889 4700 4828 4524 4655 4634 4985 5029 4901 5021 4707 4932 4610 4790 4910 4620 4647 4420 4836 4201 4600 5162 4839 4729 5077 4147 4634 4405 4854 4521 4535 4625 4791 4455 4851 4498 4427 4680 4449 4619 4741 4719 4734 4797 4848 4499 4703 5012 4659 4661 4668 5144 5160 4564 4492 4566 4910 4485 4484 4744 4857 4456 4921 4367 4947 4737 4943 4795 4812 4988 4294 4617 4442 5095 4869 4746 4914 4672 4907 4692 4648 4288 4830 4770 4599 4716 4919 4725 4893 5009 4594 4302 4749 4803 4482 4692 4399 4540 4679 4821 4732 4767 4734 5061 4840 4696 4864 4337 4313 4893 4644 5112 4858 4954 4600 4651 4956 5059 4969 4525 5053 5207 4571 4234 4887 4353 4663 4526 4143 4383 4635 4585 4794 4545 4265 4838 4883 4632 4689 4533 4517 4692 4604 4506 4915 4600 4418 4954 4843 4739
5285 5400 5545 5555 5461 5595 5523 5597 5248 5427 4805 5809 5231 5420 5131 5560 5438 5269 5484 4677 5608 4849 4979 5669 5227 5140 5527 5273 5122 5106 5002 5840 5249 5952 5244 5120 4998 5379 5398 5894 5738 5455 5349 5280 5124 5228 5588 5203 5364 5549 5641 5202 5097 5411 5572 4926 5117 6360 5825 5115 5797 5472 5224 5308 5687 5825 6199 5158 5390 5550 5555 5124 5117 5413 5223 5420 5249 5171 5580 6111 5658 5324 5244 5533 5196 4871 5738 5504 5411 5483 5609 5522 5612 5484 5321 4896 5071 5321 5815 5394 5870 5633 4676 5749 5609 5279 5542 5397 5579 5324 5313 5388 5629 5755 5555 5666 5232 5494 5516 5514 5432 4801 5296 5042 5402 4674 5301 5737 5615 5455 5418 5132 5438 5065 5231 5093 5137 5114 5152 5033 5557 5368 4959 5112 5309 5573 5511 5600 5056 5501 5363 4919 5545 5959 5323 5648 5411 5600 5972 5430 5515 5196 5459 4861 5019 5418 5319 5023 5393 5113 5696 5507 5725 5459 5440 5749 4823 5114 5325 5556 5496 5312 5730 5157 5523 5169 5215 4828 5418 5491 5220 5414 5489 5325 5343 5549 5087 5038 5346 5321 4984 5155 5175 5235 5499 5091 5619 5435 5309 5657 5313 5260 5507 4879 4670 5712 5437 5779 5383 5734 4893 5159 5746 5692 5301 5399 5806 5810 5175 4977 5591 4769 5081 5031 4643 5072 5164 5445 5520 5081 5011 5664 5511 5547 5305 5138 5695 5430 5172 4997 5518 5500 5123 5547 5559 5485
5213 5534 5700 5544 5425 5780 5681 5255 5298 5443 4739 5661 5128 5684 5109 5540 5256 5364 5584 4784 5548 5213 5071 5458 5211 5259 5993 5206 5432 5280 5411 5946 5067 5851 5404 5137 5260 5450 5556 5916 5753 5585 5397 5321 5342 5592 5722 5416 5387 5544 5822 5537 5187 5769 5722 4983 5312 6149 5934 5162 5604 5675 5025 5200 5850 5642 5775 4901 5438 5158 5505 5220 5224 5557 5528 5637 5170 5367 5486 5902 5352 5224 5236 5641 4953 4928 5967 5232 5241 5265 5460 5786 5694 5585 5242 4998 5163 5293 5729 5297 5961 5628 4756 5622 5581 5699 5597 5296 5717 5142 5467 5202 5626 5578 6022 5805 5348 5593 5346 5471 5420 5216 5350 5300 5372 4930 5323 5534 5291 5693 5524 4999 5299 5400 5457 5396 5184 5219 5428 5023 5715 5250 4909 5236 5465 5393 5488 5260 5262 5471 5295 5135 5461 5448 5094 5386 5399 5825 5655 5459 5416 5096 5560 4985 5301 5622 5300 5316 5501 5095 5544 5717 5416 5698 5511 5764 4804 5180 5328 5461 5201 5384 5542 5486 5711 4970 5144 5224 5622 5530 5390 5744 5352 5072 5526 5522 5380 4819 5250 5616 4856 5169 5028 5481 5755 5256 5386 5414 5433 5457 5331 5199 5800 5258 4947 5639 5329 6057 5198 5442 4917 5529 5627 5800 5348 5411 5846 5631 5225 5117 5892 4979 5240 5065 4732 4940 5178 5394 5585 5112 4997 5648 5420 5438 5416 5315 5350 5373 5309 4958 5591 5399 5287 5730 5197 5413
5407 5189 5674 5786 5465 5452 5667 5354 5254 5389 4903 5800 5349 5510 5132 5257 5154 5337 5291 4711 5452 4881 4898 5329 5041 5130 5737 5258 5452 5200 5425 6170 5245 5806 5077 5133 4865 5424 5696 6006 5876 5353 5318 5557 5143 5123 5681 5144 5281 5261 5717 5221 5285 5440 5917 5187 5225 5981 5876 5182 5381 5356 4929 5179 5479 5381 5685 4948 5328 5326 5553 5332 5100 5386 5484 5459 4950 5179 5621 5671 5443 5433 5060 5368 5064 4965 5571 5252 5085 5493 5399 5442 5512 5469 5424 4784 5037 5206 5307 5255 5908 5581 5027 5594 5316 5465 5470 5058 5495 5279 5221 5130 5332 5679 5687 5802 5494 5699 5357 5432 5513 5090 5443 5143 5474 4774 5421 5585 5294 5524 5498 5169 5140 5205 5056 5313 5085 5423 5339 5033 5594 4985 4906 5371 5143 5257 5509 5297 4913 5071 5246 5146 5406 5607 5073 5363 5386 5936 6004 5339 5182 5296 5476 4875 4988 5303 5408 5054 5558 5372 5657 5547 5568 5510 5419 5427 4604 5053 5304 5194 5594 5084 5568 4905 5740 4958 5491 4916 5426 5345 5330 5590 5539 5349 5535 5660 5300 4956 5624 5423 4824 5184 4990 5234 5347 5445 5207 5223 5227 5526 5573 5200 5621 5043 4677 5486 5462 5847 5090 5873 5128 5468 5386 5595 5453 5383 5632 5608 5260 4797 5372 4699 5217 5096 4655 5162 5036 5024 5429 5380 4811 5568 5048 5147 5419 5264 5177 5586 5005 5077 5458 5124 5190 5470 5343 5258
5296 5268 5458 5329 5553 5543 5552 5423 5013 4915 4693 5438 4858 5514 4979 5303 4792 5071 5176 4463 5155 4747 4723 5344 5127 4875 5450 5027 5215 5008 5099 5627 4999 5774 4920 5041 5091 5338 5380 5720 5356 5257 5359 5319 4882 5261 5286 4854 5364 5251 5349 5046 5015 5455 5782 4852 4712 5741 5586 4944 5463 5496 4879 5150 5496 5330 5599 4861 5248 5258 5159 5001 5034 5143 5154 5409 5029 4829 5443 5494 5123 4960 5009 5390 4992 4830 5394 5153 4969 5083 5250 5363 5526 5226 5198 4567 4869 5269 5202 5275 5563 5701 4751 5354 5138 5306 5526 5119 5478 4891 5230 5269 5458 5508 5553 5510 5151 5331 5196 5262 5327 5008 4924 4944 5193 4695 5000 5696 5286 5192 5248 4739 5146 4944 5017 5123 5008 4810 5264 4710 5183 4916 4742 5111 5235 5360 5131 5360 4674 5001 5262 5046 5186 5469 5148 5074 5098 5639 5638 5408 4748 4939 5186 4928 4782 5346 5271 5013 5351 4930 5521 5626 5238 5208 5051 5442 4473 5105 5020 5490 5367 5231 5259 5073 5742 5045 5298 4716 5555 5239 5098 5472 5362 4991 5208 5440 5200 4762 5209 5634 4899 4787 4846 5224 5259 5035 5193 4983 5068 5361 5342 5182 5395 5227 4612 5294 5302 5891 4953 5397 4822 5363 5358 5609 5089 5078 5525 5566 4840 4813 5216 4880 5185 4806 4679 4740 4850 4860 5066 5031 5098 5398 5222 5111 5185 5168 5062 5117 4877 4887 5293 5059 5005 5232 4955 5229
4705 4877 4914 5268 5092 5013 5370 4978 5027 5016 4427 5175 4639 5091 4734 4838 4822 4789 4877 4253 4819 4643 4645 5144 4785 4521 5277 4630 4984 4349 4799 5139 4483 5115 4688 4812 4902 5133 5253 5333 5227 5102 5081 4936 4695 4930 4893 5032 4831 4734 5206 4842 4940 4926 5050 4536 4591 5634 5302 4807 4947 5166 4626 4848 5081 5329 5371 4949 4980 4948 5149 4534 4931 4766 4812 4876 4748 4784 5061 5272 4868 4491 4929 5141 4877 4581 4965 4997 4539 4933 4981 5274 5190 5368 5029 4221 4594 4961 5369 5093 5146 5106 4433 5314 4989 4960 5083 4775 5011 4911 4966 4888 5127 5255 5050 5042 4655 5145 4809 5020 5078 4662 4965 4812 4979 4357 4838 5069 4826 5035 5092 4460 4958 4399 4956 4825 4761 4677 4805 4792 5123 4845 4557 4594 4758 5095 4870 5095 4686 5075 5194 4913 5131 5543 4857 5002 5060 5400 5510 4898 4660 4607 5026 4707 4652 4878 4957 4540 5060 4803 5169 4703 4908 4917 5019 4985 4319 4601 5035 5352 4987 4850 4961 4721 5166 4727 4972 4656 5090 5187 4735 4865 5091 4988 4990 4972 4756 4517 5083 5152 4820 4559 4685 5018 5014 4855 4863 4830 4981 5216 4775 4868 5065 4493 4316 5119 4928 5224 4701 5221 4667 4986 5076 5118 4868 4798 5106 5131 4701 4585 4981 4451 4857 4709 4501 4781 4520 4759 4877 4812 4701 4934 5150 4935 4583 5121 4915 5092 4785 4850 5139 5059 4575 5194 4963 4862
5049 5322 5248 5605 5514 5941 5632 5805 5032 5232 4691 5734 5052 5646 4802 5283 4982 5274 5349 4686 5336 4930 5007 5676 5334 5026 5477 4950 5441 5212 4913 5576 5042 5577 5037 5306 4898 5430 5569 5893 5940 5281 5275 5312 4982 5383 5695 5060 5550 5156 5820 5244 5150 5525 5706 5219 4970 6191 5523 5023 5349 5547 4972 5206 5562 5584 5665 4954 5308 5154 5607 5241 5384 5348 5259 5608 5303 5246 5325 5767 5163 5278 5038 5389 5228 4841 5461 5321 5242 5250 5397 5439 5852 5443 5312 4623 5074 5279 5346 5265 5527 5745 4776 5381 5187 5404 5467 5258 5457 5002 5196 5219 5432 5710 5520 5591 4913 5555 5417 5336 5447 4803 5173 5081 5256 4749 5426 5828 5352 5440 5173 4618 5412 5055 5100 5042 5063 5246 5439 4983 5345 5090 4619 5211 5247 5401 5306 5363 5127 5436 5514 5433 5364 5555 5041 5300 5326 5677 5609 5220 5322 4987 5125 5007 4872 5469 5255 4894 5386 5112 5696 5469 5266 5366 5407 5517 4852 5102 5321 5460 5367 5236 5552 5316 5530 5338 5137 5060 5144 5535 5293 5505 5477 5165 5510 5698 5263 4758 5376 5290 4831 5139 5205 5416 5574 5378 5295 5097 5070 5244 5292 5357 5665 5271 4768 5595 5355 6047 5429 5624 4942 5274 5348 5733 5261 5185 5190 5428 4905 4658 5236 5346 5155 4825 4823 4888 5182 5069 5457 5052 4910 5832 5380 5311 5186 5309 5442 5268 5418 5031 5589 4988 5099 5674 5536 5427
4902 4748 5206 5039 5184 5192 5334 5162 4884 4927 4436 5331 4645 5480 4605 4858 4847 4798 4934 4552 5119 4587 4635 4779 4913 4941 5154 4811 5161 4829 4600 5174 4735 5300 4918 4832 4630 5398 5083 5371 5239 5093 5394 4928 4912 4793 5107 4909 4974 5178 5219 4920 4699 4996 5544 4745 4746 5802 5310 4957 5379 4952 4553 5188 5234 5195 5429 4647 5124 4922 4912 4672 4828 5006 4806 4825 4684 4764 5215 5337 5079 4724 4942 4752 4817 4785 5264 5112 4670 5100 4995 5071 5266 5101 4903 4298 4999 4797 4989 5091 5418 5300 4492 5337 5042 4995 5335 4815 5194 4915 4688 5039 4864 5031 5254 5184 4730 5034 5087 5119 5175 4745 4568 4594 5135 4377 5013 5124 5020 5072 5208 4514 4918 4953 5019 5053 4622 4563 5136 4805 5279 4868 4730 4782 5084 5284 4818 4943 4526 5125 5097 5001 5187 5291 5004 4997 5258 5377 5681 5159 4852 4902 5179 4554 4576 5056 5274 4752 5111 4692 5224 5257 5128 5205 5219 5068 4519 4908 5103 5307 5215 4847 5116 4912 5389 4702 4916 4535 5041 5314 5014 5079 5054 4953 4956 5316 4885 4823 4948 5208 4660 4603 4857 4907 4892 4961 4806 4728 4882 5159 4980 4993 5099 4561 4501 5096 5015 5088 4745 5486 4633 5082 5407 5446 4950 4723 5257 5091 4715 4471 5124 4692 4893 4830 4416 4785 4664 4607 4881 4779 4662 5096 4970 4820 5038 4811 5176 4959 4736 4843 4940 5021 4704 5043 4846 4856
5027 4975 4959 5186 5147 5385 5215 5050 4969 5214 4739 5341 5016 5293 4931 4986 4719 4925 4688 4509 4931 4506 4713 5258 4677 5013 5412 4846 5407 5076 4906 5253 4776 5422 5022 5147 4758 4992 5019 5948 5377 5149 5084 4762 4665 4941 5310 4824 5536 5084 5197 5040 4990 5146 5523 4964 4727 5916 5465 5002 5319 5209 4665 4971 4987 5324 5425 4645 5314 5101 5019 4814 5067 5406 5139 5076 4408 4922 5012 5272 5245 4899 4937 5169 5026 4961 5386 4950 5071 5144 5296 5376 5424 5325 5244 4753 4897 4863 5401 5285 5150 5411 4470 5282 5026 5204 5508 4866 5287 5054 4843 4942 5223 5213 5140 5419 5126 5102 4974 4969 5077 4913 5006 4914 5191 4397 5126 5350 5054 5249 5411 4701 5195 4880 4825 5049 4577 4847 5252 4864 5071 5175 4517 5022 4832 5029 4935 5137 4756 5054 5174 5118 5337 5276 4817 5084 5168 5338 5456 4973 5084 4868 5353 4908 4742 5096 5076 4793 5276 5132 5238 5293 5230 5304 5294 5289 4311 4809 4982 5195 5264 5259 5068 4833 5434 5252 5074 4758 5193 5429 5050 5260 5214 5062 5273 5452 4719 4248 5269 5293 4569 4663 4845 5105 5200 5197 4946 5040 5172 5450 5407 5200 5627 5082 4720 5420 5134 5510 4946 5471 4707 5167 5250 5472 5058 5138 5323 5363 4676 4500 5315 4605 5037 4933 4902 4802 4523 4751 5303 4927 4780 5423 4931 5033 4986 4961 4922 4988 4629 4839 5110 5047 4861 5153 4952 5097
5636 5366 5849 5573 5556 5909 5914 5780 5384 5564 5164 5871 5233 5598 5241 5276 5468 5286 5388 4893 5573 5146 4955 5344 5409 5106 5603 5516 5519 5243 5140 5631 5206 5792 5538 5527 5055 5594 5679 6126 5928 5419 5507 5601 5292 5395 5533 5413 5823 5370 5851 5413 5380 5605 5833 5242 5175 6322 5910 5396 5794 5417 5009 5162 5642 5725 5986 5063 5808 5623 5718 5001 5290 5377 5486 5358 5146 5236 5864 6024 5331 5639 5412 5308 5440 5262 5759 5543 5206 5413 5392 5780 5830 5689 5520 5008 5076 5444 5412 5797 6095 5841 4765 5655 5326 5695 5724 5250 5557 5571 5302 5363 5739 5657 5668 5680 5585 5656 5263 5732 5381 5006 5570 5370 5136 4954 5632 5734 5709 5545 5776 5237 5562 5276 5431 5448 5211 4839 5519 5333 5484 5613 5032 5180 5448 5664 5410 5414 5019 5544 5653 5196 5727 6021 5289 5666 5681 5775 6059 5459 5575 4958 5753 5140 5225 5320 5452 5241 5660 5325 5824 5659 5701 5477 5373 5807 5169 5565 5586 5900 5710 5437 5661 5290 5984 5559 5330 5045 5654 5904 5302 5629 5746 5584 5537 5779 5306 5111 5696 5637 5114 5337 5354 5391 5432 5559 5452 5228 5338 5699 5516 5579 6065 5074 4972 5977 5502 5913 5426 5935 4953 5826 5624 6027 5591 5206 5646 5661 5369 4917 5616 4980 5427 5439 5292 5210 5015 5197 5447 5422 5130 6024 5421 5392 5295 5474 5425 5474 5204 5029 5718 5290 5337 5532 5610 5232
5090 5291 5183 5717 5373 5983 5616 5600 5175 5215 4693 5447 5167 5702 5249 5355 5198 5441 5314 4675 5244 4754 4911 5558 5040 5337 5788 5190 5360 5227 4960 5861 4882 5702 5115 4931 5227 5336 5564 5733 5588 5231 5085 5597 5110 5399 5651 5309 5472 5303 5689 5367 5130 5675 5607 5230 5000 5989 5857 5250 5474 5339 5105 5346 5837 5746 5780 5191 5318 5356 5472 5270 5478 5355 5374 5429 5387 5147 5572 5676 5442 5015 5443 5549 5050 4927 5639 5571 5228 5417 5439 5511 5449 5564 5487 4796 5215 5510 5744 5287 5817 5634 4745 5579 5510 5297 5380 5305 5575 5283 5533 5398 5515 5764 5581 5811 5102 5265 5323 5511 5312 4954 5086 5304 5369 4806 5223 5728 5425 5500 5387 5063 5250 5088 5351 5430 5129 5071 5497 5110 5440 5364 4863 5279 5129 5208 5303 5277 5158 5440 5543 5204 5493 5649 5302 5302 5341 5891 5976 5604 5299 5023 5354 5066 5064 5499 5441 5231 5821 5172 5728 5443 5543 5488 5314 5470 4697 5060 5224 5514 5372 5350 5613 5157 5764 5450 5098 5010 5445 5456 5236 5485 5374 5419 5300 5699 5170 4724 5546 5357 5066 5161 5075 5339 5463 5010 5241 5192 5500 5341 5472 5304 5768 5014 4547 5264 5365 6037 5123 5476 4765 5351 5354 5711 5201 5343 5759 5389 4882 4952 5496 4765 5429 5179 4805 5328 5173 5184 5541 4950 5123 5547 5326 5733 5292 5373 5266 5474 5432 5173 5549 5514 5208 5864 5374 5415
5128 5223 5440 5360 5463 5603 5603 5333 5171 5390 4804 5369 5183 5383 5018 5083 5396 5069 5400 4645 5444 5062 4897 5333 5036 5149 5695 5419 5340 4992 4970 5529 4651 5597 5108 5002 5227 5428 5221 5740 5403 5296 5327 5432 5209 5163 5528 5298 5418 5018 5419 5261 4885 5548 5804 5000 5112 5872 5361 5192 5385 5475 4908 5215 5328 5430 5646 5106 5103 5167 5422 5095 5108 5452 5228 5267 5107 5155 5472 5683 5341 4902 5083 5367 5185 4969 5357 5235 5078 5316 5418 5484 5501 5451 5357 4738 5152 5202 5336 5407 5733 5480 4974 5642 5410 5022 5621 5199 5502 5180 4908 5198 5545 5548 5536 5765 5443 5773 5329 5365 5417 4958 5198 5023 5285 4443 5466 5431 5164 5289 5549 5152 5195 4823 5086 5051 4595 4803 5353 5043 5391 5020 4918 5194 5038 5154 5426 5207 4837 5217 5342 5274 5535 5617 4999 5208 5378 5774 5956 5459 5355 5037 5471 5062 4894 5160 5223 4947 5517 5036 5770 5442 5625 5474 5414 5401 4801 4959 5321 5488 5208 5215 5274 5247 5992 5163 5400 4801 5530 5385 5172 5488 5525 5267 5470 5162 5174 4725 5397 5220 4912 5066 5137 5069 5397 5299 5194 5264 5371 5435 5543 5290 5602 5133 4702 5534 5088 5606 5244 5478 4728 5131 4996 5780 5089 5301 5565 5519 5080 4726 5413 4829 5341 5157 4918 5291 4973 4820 5601 5102 4976 5492 5263 5334 5222 5260 5103 5044 4958 4946 5107 4821 4795 5361 5268 5141
5232 5289 5208 5575 5405 5623 5587 5493 5095 5419 4831 5317 4848 5500 4892 5369 4928 5338 5377 4730 5392 5019 5020 5281 5114 5088 5736 5032 5236 4981 4842 5738 4953 5548 4879 5197 4824 5417 5150 5589 5532 5302 5152 5284 5140 4880 5514 5069 5341 5171 5465 5034 5138 5362 5548 4690 4871 6042 5771 5376 5482 5251 4943 5112 5256 5664 5828 4919 5327 5214 5223 5048 4990 5276 5069 5157 4920 5009 5418 5567 5344 5062 5059 5425 4984 4668 5400 5284 4995 5067 5231 5343 5952 5451 5280 4538 4817 5189 5418 5199 5474 5571 4664 5548 5345 5467 5467 5123 5297 5123 5329 5373 5200 5532 5577 5629 4924 5570 4988 5305 5165 4883 5156 5006 5230 4600 5278 5497 5423 5358 5263 4886 5196 5165 4969 5049 4875 4928 5278 5091 5324 5052 4777 5090 5141 5379 5046 5015 4979 5184 5552 5140 5254 5506 5031 5129 5225 5726 5650 5179 4910 5146 5414 5108 4625 5176 5303 4774 5255 4899 5604 5285 5285 5245 5160 5513 4751 5014 5231 5480 5363 5180 5431 5142 5529 4958 5157 4763 5378 5558 5256 5221 5436 5139 5457 5528 4955 4896 5523 5262 4871 4681 5190 5116 5077 5446 5133 5116 5142 5321 5103 5038 5402 4868 4729 5417 5450 5695 5204 5376 4838 5312 5240 5468 5151 5270 5521 5481 5435 4611 5224 4864 5119 5152 4731 4821 4867 5084 5187 5142 4802 5346 5326 5198 5351 5178 5229 5144 4855 5141 5370 5202 4791 5422 5337 5098
5258 5114 5374 5418 5562 5773 5647 5796 5164 5259 4541 5526 5118 5573 5027 5158 4866 5273 5221 4715 5325 4773 4940 5604 5300 4957 5377 5046 5275 5280 5018 6051 5145 5399 5117 4974 4988 5562 5598 5878 5841 5356 5411 5302 5148 5201 5666 5131 5519 5257 5454 5178 5112 5434 5604 5144 5138 6050 5841 5090 5408 5306 4829 5204 5626 5536 5807 5081 5619 5223 5329 5098 5279 5567 5181 5446 5040 5122 5520 5693 5477 5130 5304 5427 5135 4755 5445 5188 5028 5461 5437 5757 5898 5601 5116 4636 5212 5282 5561 5443 5655 5737 4712 5572 5322 5504 5514 5272 5559 5198 5401 5235 5360 5794 5552 5502 5383 5440 5213 5693 5613 4875 5063 5070 5475 4736 5261 5542 5407 5444 5423 4917 5482 5118 5246 5477 5026 5126 5291 5235 5583 5345 4888 5150 5036 5496 5250 5311 5169 5449 5510 5347 5665 5679 5242 5299 5413 5588 5674 5420 5440 4849 5445 5097 5029 5494 5407 5195 5414 5016 5549 5474 5379 5382 5430 5254 4598 5149 5190 5321 5286 5312 5472 5179 5455 5323 5186 4757 5147 5308 5277 5558 5554 5134 5237 5683 4955 4869 5242 5583 5088 5039 5167 5242 5075 5475 4944 5057 5430 5383 5279 5309 5776 5100 4743 5582 5367 5975 5157 5632 4952 5611 5408 5508 5302 5438 5549 5553 5097 4886 5379 4996 5229 5114 4887 5076 5013 5108 5438 5197 5154 5574 5331 5385 5431 5229 5312 5212 5092 5009 5739 5298 5119 5608 5297 5441
5232 5430 5646 5787 5414 5693 5830 5715 5131 5355 5000 5706 5361 5653 5039 5279 5468 5362 5459 5010 5617 5200 4939 5529 5476 5362 5706 5401 5170 5207 5169 5690 5143 5562 5008 5191 5191 5627 5716 5883 5623 5566 5542 5579 5026 5361 5679 5116 5460 5402 5831 5425 5250 5618 5779 5095 5056 6083 5988 5404 5657 5242 4996 5448 5752 5873 5811 5015 5577 5465 5660 5611 5302 5323 5425 5571 5387 5154 5705 5634 5202 5362 5240 5559 5346 4863 5787 5237 5500 5485 5630 5678 5903 5287 5181 5006 5117 5184 5441 5401 5989 5681 4708 5575 5405 5433 5522 5198 5680 5171 5198 5222 5439 5543 5888 5980 5181 5752 5528 5722 5424 5173 5319 5053 5656 4809 5682 5897 5654 5668 5695 5103 5203 5385 5554 5562 5293 5148 5280 5345 5582 5164 5012 5427 5300 5451 5365 5464 5250 5407 5563 5081 5748 5933 5247 5381 5544 6000 5967 5524 5236 5184 5373 4982 5230 5484 5622 5013 5472 5248 5917 5573 5697 5481 5552 5756 4833 5294 5072 5669 5555 5398 5630 5517 5784 5292 5458 4907 5652 5342 5270 5711 5601 5609 5387 5683 5684 4970 5562 5925 5238 5212 5226 5489 5520 5181 5396 5131 5614 5631 5377 5450 5694 5174 4877 5650 5435 6090 5057 5653 5139 5670 5461 5876 5399 5406 5745 5761 5219 5174 5587 4870 5323 5056 4969 5160 5305 5360 5446 5231 5190 5747 5311 5157 5208 5172 5259 5502 5219 5256 5527 5397 5212 5983 5193 5525
5193 5181 5729 5488 5344 5452 5602 5418 5291 5356 4624 5491 5083 5403 5102 5201 4998 5319 5229 4695 5326 4827 4805 5391 5297 5277 5728 4858 5247 5106 4975 5513 5102 5604 5263 5158 4992 5497 5658 5903 5832 5302 5280 5346 5088 5283 5695 5125 5312 5322 5632 5348 5162 5524 5643 4897 5110 5716 5859 5457 5479 5444 4968 5058 5703 5746 5845 5027 5431 5402 5532 4895 5166 5408 5463 5683 5074 5199 5813 5546 5230 5209 5313 5460 4889 4682 5906 5204 5229 5260 5517 5674 5433 5329 5006 4829 5326 5064 5472 5090 5900 5512 4852 5647 5446 5246 5721 5386 5896 5076 5274 5149 5355 5504 5709 5342 5138 5716 5087 5524 5322 5039 5491 5080 5295 4731 5306 5669 5528 5523 5360 4915 5350 5192 5072 4993 5007 5217 5287 5048 5373 5155 4833 5183 5436 5406 5458 5237 4908 5151 5172 5216 5294 5521 5052 5368 5589 5468 5803 5228 5262 4885 5240 4918 4667 5694 5199 5020 5701 4990 5337 5340 5357 5441 5435 5649 4819 5244 5254 5306 5213 5371 5603 5201 5468 5223 5240 4879 5512 5221 5207 5571 5301 4992 5214 5463 5377 4892 5280 5439 5044 4985 5012 5206 5188 5494 5349 5039 5202 5408 5427 5106 5441 4909 4798 5659 5451 5850 5104 5533 5007 5406 5442 5675 5385 5533 5495 5411 4923 4586 5519 4622 4924 4975 4960 4871 4841 4967 5424 4989 5111 5397 5282 5391 5313 5205 5090 5349 5287 4994 5521 5175 5122 5593 5222 5585
5333 5578 5966 5752 5943 5674 5755 5659 5389 5389 5080 5789 5201 5855 5334 5592 5547 5464 5589 5115 5666 4932 5160 5798 5435 5182 5871 5351 5272 5297 5138 6068 5188 5838 5415 5301 5325 5529 5619 6156 5949 5695 5637 5265 5522 5500 5653 5336 5819 5827 5800 5466 5392 5734 5836 4833 5088 6198 5839 5414 5672 5396 5036 5251 5822 5862 5879 4941 5711 5594 5742 5447 5467 5527 5627 5715 5354 5394 5718 5863 5469 5356 5398 5873 5458 5060 5887 5547 5124 5610 5445 5690 6019 5550 5518 5016 5461 5432 5821 5422 5880 5877 4679 6067 5719 5618 5833 5277 5735 5500 5630 5439 5746 5553 5603 5810 5440 5715 5360 5633 5648 5225 5598 5237 5805 4830 5740 5727 5553 5537 5671 5016 5344 5464 5275 5455 5061 5570 5457 5305 5687 5513 4839 5233 5595 5507 5456 5465 5386 5458 5608 5409 5627 5575 5464 5460 5683 5929 5956 5674 5401 5240 5794 5379 5082 5476 5464 5266 5720 5247 5982 5765 5800 5451 5502 5927 4999 5100 5209 5517 5747 5536 5766 5261 5918 5453 5566 5115 6009 5403 5444 6012 5563 5420 5322 5677 5359 5255 5688 5622 5127 4916 5196 5426 5506 5330 5401 5436 5610 5520 5472 5681 5760 5050 4999 5722 5588 5980 5270 5833 5251 5368 5608 6005 5271 5508 5738 5622 5380 5067 5583 5017 5279 5302 5022 5219 5240 5310 5584 5120 5213 5599 5689 5283 5641 5215 5422 5554 5404 5546 5380 5602 5172 5710 5333 5828
5212 5325 5189 5490 5799 5772 5502 5857 5200 5380 4978 5660 5185 5582 5185 5395 5222 5072 5238 4691 5276 5054 4875 5575 5133 5248 5661 4922 5459 5059 5046 5628 5004 5597 5119 5211 5033 5513 5433 5608 5580 5350 5341 5510 5233 5309 5763 5158 5562 5255 5576 5323 5634 5716 5659 4622 5105 6145 5785 5233 5598 5443 4832 5111 5744 5533 5967 5174 5413 5433 5448 5121 5149 5386 5397 5454 5162 5005 5784 5809 5299 5384 5315 5450 5202 4946 5421 5457 5018 5509 5755 5571 5804 5590 5201 4968 4985 5420 5844 5462 5640 5552 4756 5726 5497 5458 5586 5179 5383 5280 5289 5483 5528 5518 5747 5723 5332 5443 5230 5352 5366 5147 5252 5236 5533 4569 5206 5856 5446 5282 5601 4851 5513 5231 5377 5236 5094 5164 5308 5154 5506 5306 4955 5104 5179 5581 5326 5351 5247 5497 5641 5076 5500 5659 5270 5388 5525 5994 5938 5260 5405 5066 5452 4884 4838 5389 5164 5193 5439 5172 5701 5513 5401 5748 5587 5512 4787 5188 5469 5491 5606 5126 5731 5220 5676 5353 5366 4882 5564 5369 5195 5551 5346 5099 5522 5391 5295 5050 5624 5385 5015 5237 4972 5271 5598 5235 5239 5118 5479 5559 5461 5571 5620 4935 4758 5527 5386 5930 5172 5866 4739 5170 5398 5917 5421 5300 5835 5899 5229 4970 5581 4995 5284 5046 4699 5063 4921 5131 5486 5229 5014 5500 5351 5303 5302 5240 5223 5232 5210 5217 5250 5283 5110 5530 5513 5259
5148 5141 5455 5342 5223 5741 5257 5417 5403 5444 4710 5425 5051 5542 4873 5522 5111 5040 5334 4956 5451 4969 4859 5328 5098 5087 5418 5120 5230 5070 4928 5895 5354 5446 5105 5224 5034 5270 5557 5769 5754 5467 5206 5117 4907 5271 5789 5253 5484 5172 5726 5276 5154 5460 5527 5196 4766 5997 5720 5096 5326 5305 4802 4883 5592 5783 5772 4925 5395 5318 5407 5201 5117 5175 5164 5413 5036 5114 5378 5449 5046 5183 5255 5528 5032 4802 5529 5228 5146 5284 5296 5683 5513 5553 5015 4590 4963 5024 5587 5262 5647 5645 4867 5413 5433 5268 5463 5132 5521 5104 5324 5114 5446 5350 5553 5685 5376 5479 5380 5333 5391 4991 5058 4979 5346 4659 5484 5558 5358 5327 5506 5122 5166 4809 5223 5245 4856 5236 5331 5238 5351 5161 5069 5030 5283 5221 4973 5304 5170 5348 5311 5210 5551 5259 5014 5398 5260 5877 5637 5184 5434 4932 5438 4909 5067 5526 5287 4997 5579 5343 5435 5130 5515 5402 5491 5609 4753 5122 5093 5452 5265 5270 5407 5416 5362 5122 4879 4694 5261 5143 5371 5206 5537 5250 5282 5494 5228 4904 5382 5369 5067 4953 5331 5227 5477 5287 5534 5062 5199 5253 5167 5276 5359 4988 4894 5384 5338 5584 5326 5144 5215 5023 5601 5579 4982 5304 5500 5656 4933 4848 5503 5024 5360 5079 4785 5072 5029 5202 5207 4954 4661 5371 5376 5273 5433 5092 5483 5386 5165 4865 5438 4926 5378 5872 5255 5375
5257 5186 5393 5530 5495 5486 5572 5091 5251 5016 4397 5449 5068 5466 4822 4967 4979 4940 5106 4512 5266 4913 4749 5340 4847 4957 5299 5089 5026 4906 4721 5491 4771 5654 5310 5176 4807 5270 5582 5758 5629 5025 5093 5207 5098 5306 5407 5362 5688 4991 5218 4731 4955 5233 5671 5039 4800 5585 5433 4991 5427 5302 4608 5022 5400 5470 5482 4971 5150 5241 5375 4868 5105 5037 5163 5103 5072 5020 5118 5571 5178 4935 5043 5066 5060 4669 5328 4875 4878 5176 5219 5468 5363 5337 5106 4615 5014 4963 5177 5251 5517 5378 4605 5517 5255 5553 5438 5135 5493 5037 5424 5274 5208 5294 5324 5708 5233 5508 4911 5263 5265 4937 4968 4939 5208 4629 5272 5117 5199 5333 5188 4772 5214 4896 5086 5293 4873 4785 5086 5102 5196 5080 4745 5326 5100 5266 5071 5104 4713 5122 5123 4954 5449 5500 4929 5029 5153 5382 5762 5073 5350 4864 5497 4861 4876 5282 5148 4689 5305 5094 5372 5264 5376 5419 5490 5307 4485 5037 5045 5425 5167 4968 5302 5338 5667 5000 5062 4615 5143 5185 4965 5082 5485 5206 5322 5135 5034 4672 5107 5234 5016 4944 4896 4932 4996 5133 5139 4981 5019 5195 4995 5055 5240 4846 4694 5415 5096 5528 5060 5507 4887 5424 5262 5675 4994 5016 5323 5602 5199 4459 5512 4885 5277 5105 5172 4897 4890 4799 5378 5086 4659 5339 5240 5060 5265 5051 5192 5406 5144 4765 5266 4854 5075 5358 5260 5062
5051 4888 5269 5093 5176 5289 5098 5379 4844 5345 4519 5407 4914 5143 4752 5035 4720 5016 4793 4259 4852 4798 4676 5255 4840 4642 5332 4815 4848 4815 4522 5250 4967 5303 4778 5012 4620 5044 5084 5641 5485 5032 4980 5292 4685 4994 5401 4810 5189 4677 5435 4870 4777 5068 5227 4858 4554 5742 5504 5060 5280 5068 4765 4960 5024 5148 5339 4822 5181 4926 5252 4852 4604 4956 5092 5163 4780 4637 5221 5376 5091 5168 4902 5236 4887 4693 5250 4769 4960 5056 5254 4887 5335 5139 4958 4364 5099 4916 5308 5036 5391 5422 4690 5194 5190 5152 5266 4915 4958 4819 4930 5232 5120 5151 5156 5331 5166 5288 4841 5249 5046 4810 4960 4912 5248 4316 5339 5424 5139 5019 4951 4720 4681 4714 4758 5173 4992 4892 4985 4716 5065 4976 4593 4763 4909 4971 4965 4978 4820 4840 5253 4960 5186 5206 4797 5085 5180 5311 5492 5148 5205 4765 4912 4791 4591 5057 5005 4759 4999 5089 5196 5169 4938 5196 4975 5346 4681 4815 4982 4937 5208 4936 5362 4860 5578 4819 5087 4551 5125 4997 4839 5117 5163 5055 4979 5156 4778 4437 5227 5079 4811 4480 4656 4972 5135 5081 4909 4800 4895 5257 5338 4959 5187 5083 4339 5281 5314 5500 4714 5271 4400 5007 5032 5416 5101 5120 5265 5138 4804 4300 5165 4647 4981 4836 4503 4878 4702 4734 4944 4810 4767 5049 5001 4984 5061 4646 5063 5135 4831 5137 4894 5092 4767 5322 5125 5016
5354 5314 5561 5227 5482 5539 5550 5471 5207 5286 4630 5476 5166 5465 4965 5454 5235 5255 5357 4635 5213 5189 5156 5449 5139 5267 5618 4986 5077 5155 4998 5513 4836 5721 5157 5053 5101 5278 5508 5944 5651 5406 5166 5192 5313 5401 5618 5109 5603 5064 5439 5313 5059 5368 5541 4976 4861 5975 5480 4932 5501 5337 4941 5237 5522 5529 5842 5038 5415 5179 5500 5019 5069 5142 5522 5543 5174 5121 5434 5536 5340 5030 5007 5440 4902 4779 5444 5388 4836 5504 5470 5584 5526 5465 5459 4960 5416 5143 5625 5362 5767 5695 4965 5744 5442 5476 5397 5418 5484 5209 5292 5245 5257 5620 5800 5638 5389 5549 5117 5400 5394 5027 5123 5095 5367 4806 5496 5765 5203 5488 5576 4716 5390 5032 5275 5461 5314 5147 5234 5215 5380 5563 4834 5339 5208 5215 5272 5038 5004 5339 5277 5215 5550 5367 5090 5273 5255 5778 5814 5410 5084 5344 5580 5092 4898 5323 5333 5190 5677 5294 5607 5771 5323 5362 5448 5692 4720 5228 5240 5282 5098 5473 5325 5250 5449 5272 5349 4846 5430 5411 5216 5589 5371 5264 4993 5510 5054 4815 5265 5501 4913 4904 5281 5436 5558 5305 5095 5333 5364 5265 5289 5443 5451 5201 4859 5606 5364 5821 4964 5372 4896 5204 5479 5562 5442 5175 5661 5415 5182 4832 5424 4904 5166 4981 4889 4989 5096 5175 5227 5292 4843 5718 5316 5235 5370 5071 5253 5466 5158 5268 5314 5212 5161 5579 5426 5085
5183 4875 5126 5436 5015 5370 5454 5061 5304 4967 4795 5358 4995 5175 4838 5056 4972 5003 5086 4494 5130 4918 4471 5530 5051 4872 5485 4879 5290 4762 4977 5314 4863 5348 4828 4940 4970 5330 5350 5578 5712 5162 5215 5152 4864 5122 5373 4933 5174 5143 5274 5000 4790 5214 5383 4832 4592 5735 5565 5166 5319 5096 4696 4937 5481 5200 5643 4818 5014 5049 5422 4866 4965 4895 5285 5250 4862 4946 5380 5417 5168 5035 4869 5268 4897 4622 5349 4991 4745 5119 4996 5126 5026 5389 5108 4214 4953 4802 5080 5049 5486 5334 4561 5466 5372 5296 5079 4976 5198 4944 5246 5053 5296 5560 5187 5260 5008 5357 5124 5151 5107 5140 5011 4813 5047 4682 5031 5426 5122 5075 5011 4828 5149 4712 5124 4839 4924 4730 5011 4847 5289 4908 4596 4996 5074 5114 5237 4961 5032 5028 4889 4809 4981 5432 4898 4902 5065 5246 5454 5267 5096 4881 4990 4846 4399 4833 5124 4746 5236 5016 5188 5125 5247 5172 5023 5182 4508 4833 4964 4861 5096 4896 5232 5027 5559 4986 4948 4638 5243 4965 4919 5133 5349 5077 5140 5371 4886 4612 5165 5379 4695 4984 5043 5095 5316 5024 4957 4936 4911 5213 5206 5010 5345 4747 4667 5506 5395 5585 4885 5325 4788 5253 5194 5540 5070 5149 5427 5390 4831 4697 5461 4583 5116 4845 4690 4897 4706 4861 5155 4738 4598 5205 5289 5088 4900 5017 5177 5103 4872 4782 5301 4964 5013 5351 5209 4898
5272 5066 5469 5064 5206 5623 5222 5252 5242 5331 4779 5446 4837 5366 4916 5108 5209 5128 5192 4756 5332 4889 4647 5161 5000 5089 5542 5057 5150 4881 4742 5281 5155 5528 5011 4755 4996 5366 5402 5766 5531 5194 5326 5112 4983 5048 5474 4994 5266 5036 5484 4844 4905 5471 5672 4721 4851 5930 5482 4981 5404 5222 4802 5233 5428 5429 5715 4863 5202 5132 5047 4806 5004 5010 5277 5259 4790 4560 5470 5690 5128 5309 5088 5462 5039 4512 5486 5207 5039 4912 5321 5595 5629 5052 5322 4602 5213 4770 5380 5134 5585 5562 4775 5290 5204 5045 5588 5154 5256 5090 5207 5109 5192 5300 5556 5389 5302 5412 5101 5367 5202 4888 4935 4774 5121 4278 5366 5529 5357 5170 5312 4948 5137 4830 4947 5273 4887 4859 5340 5212 5422 5188 4624 5020 5193 5441 5140 5229 4914 5001 5502 5070 5460 5499 5042 5167 5400 5357 5409 5373 5090 4906 5305 5011 4619 5278 5325 4857 5523 4973 5561 5454 5174 5543 5171 5486 4518 5148 5010 5403 5343 5216 5215 5186 5537 5105 5093 4721 5515 5285 5031 5354 5344 5232 5165 5262 4989 4559 5275 5195 4772 4848 5015 4967 5216 5428 4998 5095 5228 5219 5220 5162 5495 4841 4563 5523 5252 5705 4963 5496 4751 5134 5333 5439 5466 5268 5560 5205 4933 4732 5364 4870 5220 5178 4742 5176 4743 4863 5231 5036 4984 5303 5240 5299 5390 4873 5229 5193 5169 5134 5130 5089 4774 5454 5022 5156
5309 5209 5407 5450 5320 5659 5465 5413 5102 5254 4607 5527 4832 5450 4859 5373 4825 5258 5407 4785 5462 4994 4781 5339 5228 5073 5478 5187 5164 5078 4922 5415 5134 5544 4966 5152 5202 5325 5637 5797 5781 5342 5153 5250 5129 5274 5485 5380 5624 5460 5564 5318 5028 5553 5658 4863 5125 6044 5514 5503 5313 5464 5021 4935 5640 5624 5659 5193 5211 5266 5276 5039 5317 5464 5074 5308 4979 5436 5463 5652 5261 5008 5268 5235 5084 4682 5529 5557 5090 5291 5331 5517 5653 5504 4950 4907 4963 5147 5436 5219 5709 5536 4610 5482 5407 5690 5438 5139 5613 4961 5233 5307 5626 5610 5463 5736 5070 5526 4985 5386 5305 5059 5129 4991 5577 4491 5460 5634 5235 5136 5469 4915 5402 5058 5090 5186 5135 5013 5061 5136 5454 5219 5107 5005 5043 5380 5504 5219 4943 5311 5530 5290 5347 5575 5146 5242 5324 5625 5874 5436 5042 5109 5397 5279 5129 5487 5321 4762 5351 5013 5648 5314 5620 5429 5264 5328 4623 4753 5424 5513 5433 5350 5595 5071 5225 5105 5427 4945 5326 5255 5217 5361 5516 5342 5205 5397 5155 4919 5308 5604 5043 5235 4768 5018 5290 5145 5212 4960 5273 5516 5325 5488 5370 5327 5093 5624 5580 5936 5017 5677 4754 5475 5385 5530 5314 5401 5340 5616 5184 4774 5354 4849 5183 4882 4666 5068 5031 5019 5338 4898 4971 5392 5324 5315 5051 5043 5379 5291 5429 5355 5545 5159 5199 5727 5354 5506
5123 4981 5341 5337 5247 5524 5483 5353 5094 5338 4881 5554 5023 5421 4856 5241 5070 5102 5288 4589 5322 4771 4812 5151 5211 5215 5474 5093 5187 5050 5033 5467 4832 5586 5246 5082 4903 5306 5424 5633 5649 5324 5002 5257 5038 5146 5523 5130 5055 5265 5606 5055 4741 5423 5525 4961 5050 5714 5648 5075 5532 5337 4767 5070 5617 5421 5636 4872 5209 5228 5402 5119 5174 5049 5212 5337 4903 5282 5504 5570 4995 5065 5281 5369 5137 4772 5641 5249 5224 5191 5160 5756 5614 5472 5129 4733 5010 4757 5598 5330 5651 5630 4824 5705 5249 5200 5441 5315 5285 5116 5110 5107 5212 5452 5362 5609 5158 5519 5063 5007 5218 4913 5050 5012 5031 4638 5214 5470 5235 5603 5450 5012 5067 5113 5154 5260 4991 4901 5106 5303 5085 5181 4801 4905 5033 5264 5201 5127 4911 5290 5420 5033 5352 5642 4880 5374 5303 5577 5544 5271 5139 5191 5345 5008 4936 5181 5124 4800 5643 4834 5597 5225 5300 5319 5302 5478 4703 5030 5322 5409 5210 5156 5512 5110 5520 5127 5217 4837 5423 5453 4925 5386 5122 5148 5204 5576 5082 4408 5334 5517 4834 5224 5228 5154 5021 5358 5188 5085 5266 5504 5267 5288 5432 4862 4884 5349 5231 5793 5097 5272 4647 5316 5618 5491 5074 5197 5234 5354 5067 4746 5184 4797 5192 5099 4912 5016 4911 5176 5252 4956 4850 5278 5108 5293 5284 5291 5160 5221 4917 5002 5226 5218 4787 5728 5226 5293
5580 5674 5631 6097 5618 5996 6266 5955 5552 5364 4889 6106 5727 5925 5246 5817 5510 5595 5755 5174 5664 5233 5448 5793 5470 5815 6112 5580 5801 5476 5636 5999 5316 5951 5637 5766 5403 6052 6109 6286 6239 5861 5654 5841 5428 5676 5927 5550 5823 5366 6190 5649 5383 5964 6168 5309 5331 6609 5947 5660 5845 5913 5228 5669 6080 6028 6206 5235 5858 5810 5790 5501 5640 5790 5564 5868 5359 5616 6017 6304 5677 5632 5306 5756 5444 5152 6017 5619 5540 5675 5705 5931 6019 6022 5702 5282 5365 5697 5790 5928 6217 5974 5283 5878 5691 5774 6015 5608 6083 5376 5676 5426 5976 6008 6356 6123 5520 5889 5547 5851 5753 5163 5368 5385 5782 5192 5620 5896 5816 5787 5788 5489 5901 5506 5669 5663 5750 5165 5586 5616 5737 5559 5107 5670 5377 5714 5974 5575 5286 5678 5763 5474 6024 6038 5376 5620 5889 5947 6280 5916 5547 5377 5787 5630 5316 5619 5935 5319 5909 5593 5945 5767 5792 5918 5693 5941 5253 5863 5699 5842 5736 5569 6044 5665 5922 5619 5431 5153 5691 5765 5567 5884 5899 5568 5712 5724 5462 5203 5891 5791 5338 5572 5604 5910 6083 5719 5880 5541 5992 5729 5772 5578 5851 5534 5171 5937 5809 6517 5454 5957 5362 5904 5854 6192 5617 5612 6240 6043 5416 5116 5964 5421 5704 5343 5293 5149 5471 5558 5863 5446 5591 5961 5680 5624 5609 5726 5742 5680 5595 5399 5848 5448 5484 6237 5754 5728
5487 5119 5472 5558 5392 5514 5655 5138 5344 5213 4683 5471 5148 5310 4935 5290 4960 5363 5256 4686 5459 4880 4885 5463 5054 5357 5846 4945 5210 4897 4805 5530 5099 5397 5138 4932 4996 5408 5615 5819 5544 5666 5271 5248 4941 5179 5398 5093 5538 5176 5435 5223 5140 5297 5689 4804 4990 6062 5720 5115 5531 5464 4944 5193 5497 5520 5775 4972 5446 5376 5407 4876 5086 5343 5253 5594 5032 5092 5518 5766 5480 5227 5154 5401 5396 4963 5741 5315 5268 5358 5371 5520 5611 5297 5374 4694 5196 5059 5515 5123 5826 5622 4981 5412 5389 5493 5528 5507 5517 5083 5430 5088 5435 5507 5707 5478 5267 5623 5076 5593 5224 4980 5278 5130 5333 4544 5487 5777 5611 5194 5426 4859 5448 5000 5259 5441 5082 5213 5286 4983 5390 5149 4813 5304 5071 5138 5187 5281 4956 5351 5565 5177 5477 5664 5193 5251 5525 5501 5596 5382 5304 5045 5318 5043 4833 5424 5474 4970 5441 4933 5657 5582 5398 5424 5469 5835 4541 5365 4936 5488 5346 5172 5494 5142 5933 5525 5417 4777 5447 5297 4954 5466 5169 5433 5189 5573 5245 4675 5278 5650 4816 4906 4971 5085 5140 5304 5100 4915 5575 5606 5488 5328 5522 5118 4961 5477 5415 5669 5215 5641 4986 5433 5536 5677 5421 5394 5557 5624 4918 4826 5523 5033 5211 4943 4714 4960 4961 5189 5365 5351 5245 5498 5358 5250 5369 5296 5270 5258 5275 4965 5286 5138 5007 5839 5129 5139
5336 5323 5479 5718 5828 5786 5614 5564 5200 5373 4840 5675 5574 5372 4941 5251 5371 5364 5495 4745 5666 4934 4904 5665 5206 5434 5399 5092 5564 5308 5448 5920 5315 5881 5435 5188 5092 5785 5734 5970 6038 5468 5459 5538 5135 5221 5804 5050 5569 5370 5765 5199 5130 5475 5616 5310 5041 6136 5820 5220 5531 5629 5021 5316 5649 5459 5944 5283 5652 5326 5590 5289 5365 5582 5484 5523 5163 5176 5671 5654 5468 5386 5287 5678 5280 5038 5584 5569 5600 5878 5744 5848 5604 5752 5436 5108 5391 5204 5557 5692 5954 5685 4962 5888 5680 5636 5574 5392 5523 5168 5378 5340 5553 5792 5822 5502 5418 5433 5438 5372 5445 5074 5120 5441 5421 4726 5492 5861 5490 5344 5367 4957 5525 5275 5328 5396 5361 5343 5272 5085 5616 5554 5056 5234 5114 5398 5507 5497 5136 5324 5420 5139 5668 5787 5209 5336 5551 5883 5939 5264 5465 5083 5586 5118 5067 5509 5360 5306 5745 5454 5747 5618 5364 5569 5582 5727 4722 5477 5240 5524 5478 5514 5841 5351 5569 5324 5463 4806 5445 5506 5228 5696 5535 5169 5331 5638 5353 4904 5567 5619 5127 5338 5199 5517 5219 5393 5262 5218 5442 5696 5498 5581 5822 5145 4805 5615 5456 5991 5194 5644 5294 5388 5529 5799 5423 5699 5706 5638 5233 4780 5477 4875 5275 5001 4760 5100 5193 5358 5574 5291 5118 5752 5376 5590 5509 5254 5359 5457 5484 5136 5311 5425 5307 5783 5488 5502
5685 5505 5664 5801 5869 5922 5727 5828 5208 5792 5070 5746 5180 5953 5422 5768 5381 5483 5552 4884 5557 5362 5191 5772 5571 5322 6137 5657 5635 5367 5147 5861 5367 5793 5457 5546 5307 5799 5930 6296 5960 5757 5710 5501 5434 5460 6021 5555 5742 5727 5766 5612 5177 5877 6017 5337 5385 6501 6033 5393 5782 5671 5344 5647 5850 5839 5905 5290 5924 5588 5729 5273 5402 5701 5407 5729 5063 5503 5814 5914 5517 5518 5590 5881 5664 5484 6099 5582 5350 5688 5738 5970 5949 5834 5371 5218 5485 5475 5836 5522 5843 5902 4950 5950 5665 5749 5848 5682 5864 5459 5532 5839 5894 6070 6040 6257 5443 5602 5572 5738 5908 5344 5353 5504 5739 4797 5766 6028 5648 5627 5904 5427 5740 5247 5412 5695 5366 5311 5882 5570 5838 5778 5069 5289 5333 5894 5570 5555 5273 5770 5690 5454 5921 5920 5452 5582 5631 5918 6121 5532 5532 5320 5662 5263 5309 5646 5696 5297 5941 5671 6118 5634 5928 5765 5428 5899 4899 5351 5564 5940 5652 5860 5858 5519 6044 5604 5532 5238 6120 5679 5609 5661 5881 5854 5647 5818 5564 5049 5682 5704 5093 5289 5491 5318 5769 5686 5571 5531 5688 5962 5660 5653 6132 5332 5119 5928 5739 6382 5507 5891 5008 5618 5548 5831 5816 5711 5793 6167 5359 5154 5712 5326 5464 5328 5201 5403 5284 5521 5599 5312 5147 5979 5596 5681 5692 5531 5839 5698 5357 5509 5566 5609 5384 6238 5615 5877
5384 5332 5559 5563 5359 5764 5715 5463 5167 5467 4946 5667 5258 5459 5060 5476 5350 4954 5499 4585 5410 4788 4856 5532 5523 5152 5733 5469 5307 5184 5192 5806 5000 5723 5118 5282 5216 5364 5743 5910 5757 5432 5343 5315 5193 5304 5517 5182 5562 5429 5664 5065 5121 5590 6018 5155 5111 6047 5741 5213 5473 5407 5044 5387 5802 5567 5849 5062 5373 5437 5594 5101 4987 5257 5293 5574 5087 5404 5446 5804 5347 5345 5395 5422 5315 4798 5640 5490 4971 5541 5252 5698 5714 5850 5577 4778 5232 5382 5361 5363 5732 5789 4837 5831 5317 5314 5862 5295 5524 5282 5246 5241 5570 5582 5539 5596 5357 5770 5590 5521 5381 5059 5298 5239 5467 4537 5523 5414 5303 5411 5503 5090 5360 5057 5298 5305 4889 5027 5294 5140 5583 5464 4973 5312 5351 5420 5292 5092 4938 5465 5466 5188 5561 5586 5169 5587 5567 5554 5695 5372 5339 5268 5445 5188 4864 5379 5405 5123 5841 5089 5625 5563 5595 5464 5537 5633 4791 5360 5172 5872 5151 5346 5447 5132 5622 5531 5270 4925 5411 5491 5468 5633 5476 5201 5608 5803 5176 4706 5371 5456 5036 5090 5227 5118 5274 5113 5226 5138 5508 5374 5516 5310 5614 5014 4853 5743 5470 5912 5364 5442 5211 5447 5595 5758 5160 5279 5634 5504 4926 4963 5364 5003 5179 5298 4917 5098 5387 5084 5253 5247 4913 5885 5357 5229 5516 5498 5345 5316 5298 5268 5392 5147 5281 5567 5453 5390
5279 5371 5588 5704 5608 5640 5687 5521 5207 5425 4842 5568 5217 5298 5276 5295 5300 5305 5470 4995 5685 5107 5103 5362 5173 5211 5615 5180 5389 5255 5131 5752 5460 5697 5287 5350 5074 5356 5525 5951 5777 5644 5630 5557 5231 5283 5656 5371 5644 5341 5644 5214 5129 5479 5791 5186 5129 5961 5931 5361 5553 5416 5315 5233 5654 5664 5748 4903 5438 5470 5470 5222 5175 5433 5164 5551 5406 5286 5630 5636 5367 5263 5293 5507 5295 4783 5774 5273 5418 5532 5549 5686 5756 5441 5386 4955 5245 5374 5725 5321 5881 5546 4746 5605 5471 5763 5864 5331 5457 5417 5447 5507 5492 5850 5808 5863 5494 5637 5660 5537 5711 5146 5251 5166 5354 4733 5366 5653 5553 5424 5590 4765 5354 5388 5408 5256 5235 5347 5422 5188 5514 5224 4795 5203 5269 5535 5486 5388 4984 5563 5762 5215 5741 5514 5190 5392 5532 5687 5861 5377 5313 5057 5499 5177 4970 5487 5564 5054 5831 5479 5832 5505 5472 5435 5450 5831 4844 5217 5173 5458 5587 5397 5692 5419 5356 5237 5343 5070 5465 5408 5147 5719 5358 5447 5335 5584 5343 4916 5306 5473 5155 5094 5106 5302 5315 5391 5440 5277 5507 5458 5417 5436 5529 5262 4890 5669 5429 5915 5259 5776 5163 5509 5494 5844 5504 5493 5597 5749 5448 5057 5594 5220 5263 4991 4969 5017 5278 5292 5649 5220 5025 5794 5363 5445 5600 5304 5457 5488 5511 5331 5790 5236 5149 5598 5265 5414
5186 4987 5083 5114 5194 5331 5294 5182 4687 4828 4567 4999 5017 5174 4796 5059 5045 4975 5259 4483 5218 4368 4596 4955 4967 5002 5231 4983 5005 4983 4633 5213 4689 5274 4871 4943 4735 5164 5243 5238 5290 4909 4708 4879 4819 4791 5044 4844 5302 4878 5255 4719 4973 5296 5238 4551 4746 5532 5152 4792 5612 5180 4622 4964 5093 5213 5561 4636 5167 5118 4952 4892 4900 5003 4916 5107 4847 4946 5375 5280 4696 4893 4923 5090 4682 4562 5340 5215 4833 5075 5020 5314 5281 5123 5173 4669 4536 4770 5239 5068 5249 5223 4204 5375 4995 5067 5358 5023 5069 4968 4819 5042 5052 5523 5417 5207 4919 5146 4736 4953 5250 4475 5177 4725 5208 4209 5013 5313 5045 4969 5110 4390 5021 4816 4919 5016 4593 4688 4614 5084 5236 5058 4408 4979 4849 5410 5220 4905 4750 5009 5090 4662 5431 5406 4965 5061 4993 5339 5216 4840 4765 4705 5111 4768 4710 5136 4904 4733 5257 4846 5353 5431 5173 5244 4955 5184 4388 4894 4813 5174 4926 4821 5104 4868 5162 4964 5027 4373 5385 5101 4969 5348 5227 4962 5003 5045 4772 4607 4861 5313 4431 4672 4958 4946 4937 5052 4896 5023 4899 5125 5017 4903 5442 4691 4421 5142 4984 5490 4977 5153 4616 4980 4993 5256 4852 4971 5339 5405 4697 4559 5231 4605 4888 4700 4572 4706 4669 5002 5025 4929 4759 5321 5106 4979 5068 4964 4865 5099 4870 4779 5036 4944 4684 5206 4797 5125
4826 4750 4651 4967 4845 5315 4818 4990 4826 4755 4456 5012 4480 5042 4496 5010 4501 4609 4856 4308 5061 4543 4599 5052 4742 4679 5144 4504 5080 4629 4934 5300 4450 5200 4747 4768 4771 4926 5064 5375 5192 5139 4628 4838 4508 4993 5203 4803 5067 4836 4865 4568 4662 4997 5211 4756 4759 5512 5052 4615 5149 5022 4549 4671 5057 4898 5263 4649 4954 4867 4991 4693 4727 4919 4826 4910 4552 4880 5031 5119 4986 4720 4946 5080 4667 4345 5065 4828 4725 4979 5031 5211 5241 4777 4663 4449 4639 4833 5375 4984 5167 5279 4559 5278 4731 5215 5028 5052 5087 4859 4666 4898 4973 5103 5204 5051 4877 5141 4795 4974 4682 4448 4794 4656 4526 4443 4832 5265 5070 4877 5136 4629 4987 4698 4963 4833 4800 4630 4855 4570 4942 4851 4397 4543 4948 4854 4675 4954 4651 4825 5011 4770 5052 5366 4667 4676 4938 5375 5070 4885 4840 4807 4829 4418 4733 4768 4758 4436 5290 4557 5180 4740 5019 5086 4808 4963 4376 4616 4847 5077 5086 5010 4799 4961 5035 4571 4841 4668 5223 5081 4715 4917 4734 4933 4827 4918 4546 4565 4639 5075 4707 4633 4642 4763 4763 4994 4714 4868 4655 5228 5070 4915 5175 4837 4188 5092 4889 5182 4589 5180 4329 4804 5090 5099 4724 4977 4819 5192 4491 4257 4906 4542 4921 4523 4650 4585 4508 4690 4933 4703 4423 4962 4874 5061 4647 4962 4870 4617 4750 4678 4723 4562 4706 5143 4967 4754
5019 4969 5350 5438 5212 5527 5449 5133 4873 5124 4834 5478 4982 4955 4737 4935 5027 5220 5184 4410 5241 4829 4660 5007 4793 4861 5307 4624 5304 4843 4733 5530 4865 5479 4959 4786 4955 5367 5090 5438 5442 5172 5157 5092 4909 5148 5353 4815 4928 5062 5286 4903 4681 5291 5275 4598 4538 5693 5403 4996 5415 5228 4590 4988 5071 4999 5616 4798 5249 5095 5254 4775 5052 5159 5217 5433 4735 4730 5301 5099 5027 4921 4620 5214 4993 4262 5546 4675 4782 5062 5225 5194 5385 5190 5226 4441 4790 4858 5271 5211 5312 5434 4518 5445 4969 5116 5431 4866 5118 4841 5081 5027 5167 5223 5356 5216 5154 5445 5217 5125 5073 4809 5198 4916 5096 4573 4952 5353 5182 5222 5033 4942 4797 5052 4936 4745 4701 4986 5073 5070 5394 4979 4405 4989 5207 5294 5127 4997 4950 4730 4853 5056 4843 5420 4830 5057 4913 5478 5545 5463 4900 4544 5175 4832 4644 4863 5159 4923 5330 4998 5320 4980 4915 5101 4961 5316 4789 4932 4970 4893 5026 5014 5241 5145 5462 4956 5217 4607 5066 5028 4831 5169 5277 4936 5049 5082 4799 4450 5156 5131 4687 4610 4819 4968 5249 5201 4898 5260 5079 5083 5038 4771 5408 4861 4537 5398 5242 5514 4999 5029 4617 5192 5039 5175 5026 5370 5222 5312 5039 4653 5215 4548 4842 4739 4549 4936 4740 4978 5015 4949 4846 5311 4977 5038 5021 5150 4710 4959 4734 4854 5086 4969 4710 5352 5089 4769
4911 4924 5282 5026 5173 5258 5464 5010 5036 4930 4420 5006 4621 5042 4739 4868 4572 4849 4904 4691 5061 4780 4812 5221 4644 4724 5180 4638 4961 4888 4926 5236 4887 5197 4811 4835 4716 4997 5278 5487 5365 5279 4972 4860 4555 4914 5292 4668 5227 4913 5031 4824 4720 5262 5158 4834 4533 5529 5496 4773 5313 5084 4583 4903 5147 5313 5501 4828 5208 4694 5056 4844 4940 4997 5010 5083 4643 4811 5251 5100 4935 4811 4761 4986 4764 4567 5248 4716 4904 4764 4961 5267 5213 5029 4932 4618 4811 4690 5022 5024 5417 5025 4555 5095 5030 5077 5286 4949 5030 4933 5007 4912 5274 5378 5471 5319 4966 5457 4923 5165 4999 4904 4807 4710 4917 4659 4949 5222 5087 4999 5155 4597 5082 4700 4778 4900 4650 4714 4905 4871 5006 5037 4761 4956 5126 5355 4969 4829 4701 4905 4924 4955 5016 4941 4864 5013 5112 5365 5265 5161 5063 4659 4923 4732 4619 5115 5001 4837 5331 4854 5022 4897 5306 4868 5120 5273 4533 4778 4912 5215 4840 4986 5168 4878 5011 4895 4779 4119 4997 5278 4914 5217 5065 4850 4800 5160 4967 4539 5275 5458 4520 4514 5135 5197 5190 5086 4790 4630 4923 5029 5202 4821 5227 4754 4369 5089 4895 5208 4870 5190 4742 4944 4922 5342 4806 4847 5272 5258 4758 4602 5239 4409 4985 4715 4637 4527 4694 4755 4917 5121 4792 5207 4989 4993 5057 4740 5052 4925 4842 4568 5220 4631 4936 5481 5109 4947
5611 5808 5957 6016 6084 6038 6027 5801 5605 5821 5232 6129 5619 5938 5346 5767 5703 5381 5640 5063 5567 5278 5086 6076 5423 5620 6009 5434 5894 5437 5407 6140 5474 5886 5709 5707 5225 6088 5894 6090 6337 5859 5735 5868 5395 5665 6116 5454 6103 5620 6117 5422 5651 5792 6032 5550 5365 6473 6068 5228 6265 5969 5138 5423 5919 5962 6323 5414 5792 5751 5788 5720 5640 5897 5956 5604 5415 5507 5956 5935 5697 5836 5477 5995 5707 5383 5913 5518 5502 5703 5621 6026 6098 5949 5853 5180 5289 5486 6068 5749 6023 6040 5130 5926 5751 5794 5640 5466 5725 5638 5707 5642 5513 5997 6046 6019 5723 6138 5538 5569 5836 5275 5641 5437 5775 5107 5863 6346 5930 5786 5835 5297 5761 5449 5781 5686 5397 5619 5818 5641 5733 5519 5249 5433 5525 5900 5576 5508 5578 5899 5966 5759 5810 6004 5472 5888 5800 6343 6116 5571 5643 5349 5921 5473 5186 5900 5726 5514 5780 5646 6117 5646 5796 6104 5722 6315 5041 5356 5462 5699 5739 5556 6246 5746 5999 5542 5517 5350 5588 6093 5605 5993 5854 5734 5774 5793 5404 5084 5883 5834 5340 5377 5665 5612 5766 5663 5510 5687 5742 5928 5686 5665 5779 5441 5282 6015 5745 6352 5745 5991 5244 5962 5669 5995 5528 5700 6051 6085 5568 5434 5677 5301 5642 5508 5326 5353 5368 5331 5705 5604 5380 5986 5570 5508 5673 5597 5522 5709 5478 5487 5710 5468 5242 6194 5868 5708
5461 5519 5629 5591 5438 6000 5958 5876 5302 5475 4939 5583 5360 5746 5201 5463 5391 5487 5573 4862 5778 5140 5049 5569 5432 5235 5912 5178 5375 5333 5029 5736 5365 5741 5134 5388 5226 5475 5881 5965 5821 5745 5300 5650 5221 5481 5850 5177 5442 5346 5949 5505 5105 5525 5774 5246 5231 6132 5796 5536 5652 5540 5069 5582 5796 5717 5889 5100 5474 5525 5680 5407 5309 5407 5360 5921 5406 5469 5956 5882 5239 5514 5098 5385 5268 4758 5882 5486 5230 5505 5531 5624 5765 5578 5692 4986 5372 5439 5423 5254 5998 5706 4880 5673 5485 5464 5479 5676 5771 5043 5650 5444 5688 6067 6064 5625 5168 5588 5641 5661 5582 5150 5457 5273 5420 4905 5547 5795 5654 5560 5588 4992 5562 5272 5496 5423 5362 5262 5421 5344 5714 5382 5119 5465 5417 5495 5638 5328 5321 5491 5827 5311 5742 5809 5340 5404 5431 5944 5917 5593 5475 5316 5579 5195 5015 5603 5578 5152 5461 5339 6003 5696 5527 5391 5325 5648 4957 5354 5481 5547 5660 5349 5628 5371 5657 5695 5418 5139 5744 5508 5414 5712 5802 5487 5589 6003 5538 5037 5466 5903 4884 5276 5223 5440 5836 5603 5441 5297 5566 5327 5480 5453 5958 5176 4983 5699 5854 6174 5458 5833 5021 5585 5478 5857 5758 5368 5534 5764 5296 5049 5904 5251 5584 4982 4833 5103 5248 5276 5701 5143 4966 5790 5758 5584 5451 5520 5807 5528 5392 5546 5609 5368 5245 5819 5446 5685
4938 5001 5187 5120 5278 5668 5320 5319 5137 5253 4778 5393 5163 5174 5066 5019 5150 4923 5049 4520 5208 4755 4973 5372 5178 5188 5395 5164 5306 4738 5038 5692 5035 5391 5005 4951 4882 5239 5592 5882 5676 5400 5351 5076 4875 5172 5438 5226 5432 5012 5366 4999 5023 5387 5544 4790 4703 5983 5694 4963 5473 5220 4979 5153 5312 5254 5776 5112 5330 5254 5670 4899 4936 5223 5191 5226 4892 4941 5168 5309 5225 5014 5293 5296 5321 4862 5275 5316 4917 5335 5415 5270 5458 5536 5225 4727 4912 5066 5577 5384 5643 5388 4725 5472 5012 5144 5426 5073 5318 5156 4962 5216 5500 5272 5382 5297 5193 5452 5230 5318 5400 4871 4893 4904 5100 4800 5329 5464 4993 5061 5276 4850 5126 5060 5335 5219 4915 4949 5222 4884 5655 5359 4717 5253 5140 5385 5194 5130 4817 5067 5227 4791 5344 5134 5007 5355 5183 5316 5816 5255 5427 5198 5379 4775 4654 5078 5292 4993 5248 5036 5513 5118 5310 5288 5194 5294 4953 5020 5308 5455 5072 5105 5428 5265 5667 5157 5034 4697 5298 4970 4965 5450 5507 5251 5188 5249 4990 4886 5167 5417 4819 4877 4989 4910 4859 5260 4923 5219 5357 5359 5444 5064 5524 4784 4763 5564 5218 5649 5081 5345 5026 5192 5457 5646 5305 5117 5533 5670 5138 4697 5357 4750 4774 4898 4789 4884 5063 5115 5097 4892 4973 5541 5123 5005 4995 5051 5191 5239 4896 4920 5408 5061 4768 5542 5249 4952
4766 4967 4990 5044 4935 5168 5153 5237 4849 5017 4517 5033 4752 5041 4839 4826 4630 4721 4881 4404 4927 4355 4779 5330 4501 4862 5182 4739 5088 4758 4881 5223 4661 5319 4460 4646 4611 5163 5335 5656 5473 5228 4784 4949 4738 4578 5195 4505 5084 4878 5155 4916 4662 4981 5273 4542 4709 5578 5270 4761 5078 5094 4568 4607 5032 5309 5437 4843 5169 4795 4951 4679 4536 4901 4799 5027 4771 4434 5163 5420 4888 5075 4801 5109 5018 4653 5215 4768 4790 4888 5037 5361 5152 4914 4894 4738 4610 4924 5084 4929 5444 5245 4822 4933 5165 5131 5327 4843 5136 4783 4869 5083 5115 5178 5100 5092 4990 4971 4863 4874 5026 4481 4623 4680 4940 4434 5133 5261 5174 4991 5045 4690 5047 4546 4957 4915 4878 4669 4801 4571 5098 4992 4451 4825 4901 4918 4716 4832 4724 4973 5112 4686 5166 5094 4783 5038 4976 5355 5619 4991 4833 4744 4883 4404 4462 4991 4979 4759 5164 4613 5476 5215 5148 5113 4776 5059 4465 4909 4779 5188 4950 4996 5201 4939 5264 4891 4972 4440 4919 5056 4970 5033 4960 4718 5127 4974 4711 4806 5213 5245 4627 4550 4876 4947 4902 5049 4674 4506 4872 5044 4818 5091 5397 4746 4501 5069 4983 5369 4845 5165 4590 4785 4892 5518 4982 4703 5418 5161 4509 4202 5146 4470 4776 4641 4581 4479 4704 4720 4978 4784 4668 5399 4883 4781 4901 4882 4787 4986 4583 4502 5118 5060 4688 5239 5020 5165
5274 5135 5261 4956 5077 5487 5428 5472 4809 4907 4538 5238 4858 5219 4623 5284 4806 4796 5004 4707 5126 4682 4499 5200 4983 4987 5503 4862 5143 5110 4691 5141 4785 5576 4927 5143 4550 5050 5430 5416 5601 5390 4942 5112 4868 4970 5288 4802 5278 5126 5252 4921 4798 5195 5492 4700 4905 5643 5417 4963 5397 4999 4598 4932 5319 5374 5584 4581 5319 5017 5274 4727 5038 5207 4884 5130 5055 5022 5436 5349 5059 4997 4859 5192 4816 4459 5240 5170 4991 5135 5108 5378 5504 5075 5060 4485 4927 4976 5205 5092 5364 5177 4270 5363 5131 5248 5318 4951 5479 4870 5202 5061 5157 5531 5322 5366 4899 5527 5130 5286 5189 4933 5068 4928 5128 4365 5170 5249 4902 5075 5420 4758 5090 4884 5037 4961 4742 5110 5004 4924 5183 4928 4778 4900 5184 5186 5220 4905 4809 5122 5242 5042 5218 5245 4822 5061 5225 5447 5182 5033 4840 4706 5069 4852 4793 5155 5144 4685 5147 4885 5505 5203 5297 5328 5337 5436 4394 5006 5054 5313 5294 5053 5318 5040 5139 4940 5109 4582 4996 5075 4953 5304 5264 4752 5162 5523 4723 4738 5179 5238 4742 5114 4819 5055 5044 5055 5048 4889 5118 5122 5305 5043 5389 4830 4452 5136 5092 5543 5072 5394 4877 5197 5062 5156 4949 5116 5232 5326 4875 4545 5341 4867 4912 4853 4535 4850 4672 4955 4941 5079 4624 5421 5008 5019 5113 5062 4931 5132 4713 4864 5246 5010 5039 5506 5132 5349
5748 5725 5822 5901 5794 5994 6055 5749 5636 5790 5457 5914 5439 5607 5446 5657 5400 5736 5342 4967 5526 5329 5194 5701 5402 5372 6101 5320 5581 5446 5225 6047 5550 5821 5322 5539 5495 5634 5986 6295 6187 5669 5753 5521 5463 5557 5969 5580 5854 5952 5804 5344 5320 5719 6078 5322 5130 6517 6314 5883 5758 5900 5198 5738 5733 5787 6043 5458 5840 5568 5609 5301 5441 5790 5542 5937 5237 5363 5854 5975 5694 5481 5612 6041 5564 5347 6219 5379 5400 5724 5781 5867 6026 5926 5630 5229 5515 5322 5863 5592 6089 5740 4904 5813 5812 5762 5925 5562 5843 5519 5584 5807 5911 5951 6021 5823 5599 5566 5632 5678 5818 5499 5520 5477 5730 5192 5731 6036 5744 5703 5748 5155 5623 5458 5559 5695 5455 5276 5754 5478 5812 5527 5046 5799 5610 5890 5474 5788 5549 5338 5607 5573 5757 5908 5660 5533 5699 6250 6141 5648 5573 5306 5724 5201 5252 5644 5983 5373 5887 5665 6111 5799 5781 5984 5659 5908 5093 5345 5666 5826 5825 5730 5694 5619 5987 5718 5668 5195 6152 5755 5544 5748 6041 5724 5520 5989 5427 5049 5620 5871 5358 5135 5480 5377 5847 5777 5689 5391 5547 5877 5944 5813 6037 5422 4974 5939 5758 6300 5498 5752 5276 5746 5727 6030 5642 5677 6164 5922 5402 4996 6103 5355 5585 5604 5161 5503 5300 5444 5971 5379 5395 6030 5768 5701 5783 5800 5433 5712 5552 5610 5769 5490 5341 6087 5466 5810
5238 5416 5534 5436 5576 5491 5553 5339 5034 5230 5027 5343 4981 5644 5065 5259 5029 5168 5149 4609 5281 4836 4765 5287 5180 5359 5514 5207 5227 5000 5009 5635 5019 5469 5009 5110 5180 5333 5547 5547 5520 5454 5337 5308 5057 5317 5385 4874 5412 5320 5542 5383 5103 5116 5632 5094 4913 5957 5579 5076 5519 5525 4961 5225 5383 5550 5727 5021 5298 5249 5432 5319 5259 5221 5163 5439 4889 4878 5443 5687 5309 5206 5022 5217 5200 5085 5543 5250 4961 5260 5481 5601 5341 5505 5486 4781 5036 4995 5362 5384 5772 5527 4982 5576 5356 5245 5660 5181 5416 4838 5112 5329 5665 5571 5631 5835 5470 5483 5333 5343 5507 4959 5197 5076 5448 4690 5155 5532 5466 5383 5582 5044 5237 5267 5212 5250 4910 5009 5254 5028 5338 5333 4953 5274 5298 5385 5399 5218 4984 5393 5230 5106 5579 5432 5253 5155 5354 5595 5979 5388 5135 5258 5428 5090 4693 5410 5244 5086 5624 4870 5499 5408 5404 5578 5186 5560 4599 5042 5098 5691 5161 5214 5560 4961 5522 5292 5132 4812 5238 5414 5190 5571 5577 5118 5375 5120 5137 4649 5399 5629 5078 4686 4963 5230 5496 5008 5299 4870 5524 5219 5378 5442 5509 5097 4753 5645 5399 5923 5167 5584 4671 5375 5489 5853 5349 5094 5788 5540 5233 4782 5451 4883 5294 5120 4862 4899 4968 5087 5325 4648 4808 5375 5284 5065 5267 5231 5172 5183 5072 5323 5495 5137 4681 5591 5193 5437
5354 5150 5433 5209 5202 5610 5512 5250 5117 5373 4649 5553 4987 5532 4799 5385 5360 5058 5494 4501 5131 5106 4942 5114 5100 5289 5856 4813 5371 5064 5111 5491 5223 5713 5269 4970 4996 5387 5502 5989 5862 5347 5474 5158 4985 5173 5357 5463 5495 5096 5643 5153 5165 5511 5377 4875 4885 5639 5771 5013 5281 5133 4682 5084 5715 5454 5719 5024 5324 5196 5617 4960 5169 5212 5290 5535 5287 5056 5189 5362 5095 5075 5404 5237 5043 4822 5667 5041 5097 5506 5243 5601 5589 5394 5379 4741 5108 4860 5155 5354 5727 5398 4810 5575 5139 5285 5319 5196 5313 5117 5247 5138 5314 5385 5714 5529 5328 5557 5197 5534 5528 5089 5166 5128 5160 4684 5535 5504 5385 5527 5427 5009 5079 4950 5075 5137 5223 5274 5264 5207 5250 5238 4696 5045 5280 5453 5428 5281 4863 5203 5391 5074 5402 5226 5343 5163 5372 5594 5834 5230 5513 4968 5381 4881 4865 5387 5217 5075 5364 5035 5515 5003 5290 5337 5463 5414 4716 4909 5010 5469 5227 5157 5333 5272 5797 5244 5098 4865 5486 5492 4894 5405 5490 5545 5519 5610 5158 5007 5391 5385 4939 4957 4940 4989 5233 5280 5055 5210 5297 5152 5352 5279 5597 4636 4789 5576 5354 5612 5368 5580 4690 5411 5528 5601 5155 5212 5550 5652 5102 4750 5518 4787 5239 5150 5018 5171 4938 5160 5387 4963 5136 5528 5356 5176 5050 5160 4958 5302 4889 4967 5600 5212 4885 5565 5145 5380
5183 5342 5589 5708 5528 5492 5690 5497 4947 5373 4872 5809 5306 5627 4927 5192 5057 5293 5075 4428 5424 5087 4911 5354 5224 5294 5809 5156 5421 5141 5531 5642 5151 5767 5335 5427 5070 5495 5529 6032 5828 5307 5531 5423 5089 5456 5538 4918 5344 5361 6009 5164 5394 5402 5740 5056 5046 6187 5808 5112 5702 5398 5097 4966 5416 5456 5786 5205 5470 5347 5566 5243 5285 5310 5409 5466 4999 5394 5359 5550 5520 5229 5214 5501 5082 4912 5723 5392 5039 5434 5494 5798 5673 5617 5363 4644 5337 4956 5565 5572 5690 5828 5105 5581 5612 5370 5549 5417 5612 5200 5237 5405 5395 5559 5555 5662 5390 5776 5227 5407 5613 4866 5032 5399 5288 4806 5276 5702 5440 5553 5312 4970 5093 5122 5178 5305 5205 5320 5087 5224 5287 5089 4922 5139 5358 5356 5533 5200 5234 5301 5350 5272 5523 5672 5260 5410 5288 5893 5954 5446 5168 5213 5509 4967 4916 5504 5289 4982 5646 5001 5505 5416 5124 5682 5446 5672 4900 5142 5461 5427 5527 5347 5530 5191 5569 5150 5478 5215 5422 5655 5033 5795 5554 5232 5494 5602 5377 4802 5769 5174 4969 5069 5151 5265 5469 5121 5257 5127 5625 5541 5293 5389 5555 5052 4819 5743 5449 6213 5152 5734 4746 5439 5600 5913 5309 5235 5350 5419 5292 4901 5371 5048 5237 5056 4941 5027 4906 4983 5100 5073 4885 5622 5371 5287 5167 5168 5349 5221 5155 4896 5584 5463 4979 5474 5529 5638
5334 5112 5452 5422 5421 5457 5532 5551 5257 5344 4846 5347 5029 5514 4942 5169 5140 5197 5462 4638 5523 5040 5003 5256 5268 5078 5390 4906 5139 4891 5009 5554 5205 5736 5038 5064 5025 5342 5341 5627 5521 5402 5206 5209 5222 5181 5478 5097 5159 5112 5451 4911 5011 5254 5659 4932 4956 6072 5502 5163 5482 5307 4962 5217 5641 5453 5755 5019 5297 5240 5355 5116 5235 5339 5183 5562 5052 5181 5728 5603 5471 5017 4933 5470 4937 4721 5596 5294 4981 5167 5323 5366 5747 5360 5143 4695 5023 5298 5551 5243 5488 5349 4799 5560 5193 5310 5521 5514 5464 5311 5170 5330 5624 5791 5637 5549 5135 5298 4947 5468 5364 4849 5178 4906 5273 4567 5178 5488 5435 5632 5326 5169 5214 5079 5028 5222 5093 5062 5127 5229 5206 5069 4793 4993 5186 5272 5351 5220 5004 5243 5299 5163 5382 5304 5016 5519 5102 5554 5632 5358 5059 5041 5444 4785 5041 5280 5241 5086 5575 5104 5348 5370 5540 5449 5255 5382 4497 5035 5162 5239 5555 5214 5396 5092 5320 5156 5202 4518 5274 5309 5139 5343 5506 5179 4981 5281 5002 5073 5289 5432 4848 4864 5290 4970 5188 5228 5222 5158 5304 5294 5293 5153 5449 5102 4632 5275 5033 5576 5093 5652 4766 5385 5332 5334 5335 5361 5609 5415 5105 4882 5406 4789 5103 4964 5008 4815 4842 5126 5400 5163 4848 5432 5451 5488 5187 5163 5410 5068 5056 5026 5619 5210 5068 5488 5414 5336
4981 4955 5410 5235 4968 5350 5165 5050 4760 4990 4532 5145 4795 5152 4793 5055 4574 4935 5048 4559 5109 4666 4666 5124 4980 4847 5141 4994 4939 4939 4674 5271 4895 5314 4845 4913 4779 5200 5130 5502 5493 4961 4974 5069 4685 4935 5081 4925 5068 4788 5249 4793 4514 5178 5244 4673 4663 5764 5444 4850 4996 5238 4515 4819 4997 5077 5305 4657 5162 4951 5104 4545 4651 4835 4604 5238 4823 4765 5349 5480 4837 4781 4907 5070 4851 4535 5324 4919 4722 4977 5235 5243 5273 5053 4938 4392 4795 4939 5103 4884 5411 5326 4488 5092 5039 5162 5353 4862 5145 4526 5012 4983 5131 5143 5365 5226 5077 5173 4853 5150 5016 4574 4789 4765 4958 4348 5126 5395 5344 4863 4896 4612 4854 4819 4897 4845 4935 4557 5031 4710 4792 4920 4443 4946 4796 4974 4747 5056 4769 4907 5077 4555 5201 5346 4618 4907 5059 5264 5412 5001 4749 4918 5165 4638 4704 4991 5019 4482 5138 4772 5232 5162 5010 5027 4837 5372 4420 5122 4862 5108 4957 4847 5143 4979 5212 4906 4917 4570 5210 5114 4881 5205 5306 4940 5053 5202 4888 4487 4988 5221 4901 4626 4808 4864 5056 5050 5028 4672 4759 5017 5137 4954 5305 4998 4459 5164 5426 5431 4836 5233 4639 4982 5427 5466 4997 4929 5113 5165 4606 4363 5024 4634 5154 4721 4608 4628 4674 4672 5134 4786 4940 5022 5157 4801 5075 4870 4982 4891 4793 4886 4925 4864 4753 5310 5018 4854
5633 5503 5609 5724 5604 5931 5767 5830 5317 5696 5019 5845 5384 5571 5005 5488 5281 5521 5458 4720 5647 5412 4979 5711 5498 5227 5976 5436 5677 5500 5210 5812 5234 5919 5234 5263 5426 5545 5761 6284 5888 5526 5307 5442 5347 5533 5866 5255 5772 5450 5704 5328 5425 5789 5732 5447 5112 6349 6109 5178 5871 5537 5198 5356 5407 5667 6008 5248 5462 5482 5638 5510 5268 5464 5467 5603 5210 5367 5642 5826 5448 5416 5378 5834 5401 5151 5827 5632 5668 5609 5722 5667 6018 5734 5550 4867 5360 5333 5715 5347 5970 5709 5008 5612 5699 5537 5811 5553 5850 5250 5425 5770 5583 5690 5900 5849 5534 5754 5386 5780 5377 5049 5457 5374 5667 5050 5813 5847 5788 5669 5712 5112 5323 5164 5468 5578 5169 5563 5395 5175 5740 5624 5055 5415 5428 5335 5260 5453 5597 5373 5401 5520 5743 5660 5368 5500 5584 5885 5930 5832 5656 5114 5481 5076 5197 5709 5597 5397 5818 5317 5670 5656 5591 5750 5761 6032 5109 5357 5409 5585 5431 5436 5760 5426 5820 5659 5302 4917 5768 5555 5381 5634 5824 5329 5456 5904 5284 4998 5736 5319 5370 5009 5427 5667 5606 5492 5405 5132 5299 5422 5550 5436 5909 5453 4999 5903 5568 6021 5459 5646 5016 5297 5465 5889 5492 5655 5849 6029 5199 4942 5748 5236 5251 5249 4763 5346 5321 5524 5535 5328 5201 5697 5811 5563 5489 5367 5376 5361 5375 5321 5668 5573 5241 5610 5616 5523
5119 5147 5057 5322 5083 5377 5158 5319 4812 5005 4501 5246 4937 5334 4682 5249 4856 4737 5004 4282 5003 4547 4591 5109 4936 5011 5360 4522 5143 4796 4745 5241 4763 5437 5063 4900 4704 5191 5363 5599 5364 5341 4999 5230 4705 5057 5077 4845 5018 4877 5247 4651 4767 5100 5331 4873 4823 5629 5498 4715 5321 5262 4548 4889 5099 5266 5507 4729 5139 5146 5204 4743 4903 5113 5126 5078 4915 4970 5108 5329 5067 4804 5110 5220 4790 4608 5174 4968 5051 5172 5270 5180 5238 5343 5065 4565 4940 4843 5099 4995 5061 5450 4652 5519 5198 5160 5226 5036 5211 4703 5212 5105 4992 5254 5377 5259 5053 5316 4831 5103 5050 4740 4635 4776 5070 4256 5168 5363 5083 5052 5041 4607 4967 4615 4840 4979 4896 4865 5047 4745 4874 4934 4721 4868 5017 5063 5034 5031 4557 5076 5237 4962 5140 5104 4905 4971 4924 5473 5354 4937 4848 4781 5194 4761 4781 5124 5041 4895 5194 4712 5169 5034 4842 5219 5261 5198 4363 4912 4797 5164 5139 5196 5143 4846 5290 5109 4841 4322 5058 5258 5099 5078 5180 4925 5036 5193 4758 4399 4844 5200 4801 4679 4921 4900 4892 4832 5217 4895 5086 5027 4923 4998 5058 4804 4451 5061 5058 5571 4906 5190 4873 5083 5144 5294 4938 5106 5107 5362 4746 4600 5102 4505 5239 4742 4483 4866 4641 4857 5144 5017 4872 5254 4982 5035 4831 4679 5224 5078 4923 4573 5084 4929 4772 5339 5099 5074
5433 5160 5387 5529 5734 5813 5739 5518 5489 5536 4841 5576 5043 5403 5353 5258 5359 5273 5351 4994 5598 5157 5039 5531 5569 5105 5434 5367 5476 5207 5368 5662 5068 5773 5101 5222 5087 5624 5585 5817 6049 5456 5453 5164 5184 5359 5744 5446 5705 5120 5652 5107 5084 5474 5928 5070 5157 6075 5546 5411 5750 5487 4932 5410 5541 5630 5932 5131 5403 5295 5647 5268 5219 5316 5312 5335 5338 5075 5460 5682 5493 5224 5072 5556 5296 4838 5479 5478 5153 5299 5302 5636 5664 5426 5583 4748 5152 5283 5630 5727 5693 5737 4949 5430 5448 5548 5583 5310 5259 5121 5250 5353 5556 5674 5508 5803 5275 5569 5552 5422 5317 5242 5049 4976 5171 5003 5387 5813 5803 5261 5424 4776 5472 5106 5266 5343 4944 5078 5705 5027 5491 5314 5005 5405 5263 5583 5347 5567 5116 5366 5477 5308 5575 5633 5427 5299 5305 5810 5858 5411 5341 5263 5395 5269 4935 5319 5376 5012 5855 5308 5684 5470 5507 5654 5215 5588 4966 5352 5390 5716 5439 5255 5482 5265 5785 5115 5346 4755 5530 5735 5436 5491 5829 5519 5692 5624 5143 5042 5322 5722 5203 5280 5452 5263 5340 5547 5333 5343 5011 5473 5544 5268 5831 4910 4739 5617 5437 5842 5137 5556 5004 5584 5404 5782 5388 5312 5892 5712 5209 4779 5382 5021 5464 5109 5134 4975 5205 4990 5614 5306 5186 5766 5328 5378 5252 5285 5357 5279 5210 5046 5546 5251 5053 5931 5511 5225
4759 4774 5090 4785 4916 5162 5389 5011 4563 4874 4307 5101 4538 5028 4436 4815 4604 4693 4757 4363 4906 4569 4487 4779 4706 4726 5125 4670 4857 4733 4679 4851 4484 5263 4520 4716 4620 4788 5008 5238 5007 5010 4760 4776 4431 4752 5036 4744 5104 4461 4972 4866 4834 4939 5041 4650 4425 5724 4978 4653 4885 5012 4402 4448 4858 5052 5096 4298 4941 4876 5068 4450 4799 4822 4551 4805 4800 4443 4804 5130 4815 4527 4609 4847 4918 4445 5076 4703 4573 4693 4823 5278 5194 4912 4730 4423 4658 4850 5087 4668 5044 4871 4445 4989 4964 5147 4814 4877 4821 4726 4858 4704 5273 4945 4826 5200 4958 5188 4747 4848 4843 4603 4635 4465 4807 4362 4998 5154 5101 4876 4907 4427 4858 4781 4689 4975 4484 4919 4714 4595 4651 4802 4484 4756 4615 4748 5029 4740 4593 5078 5003 4603 5111 5012 4812 4859 4956 5109 5355 4626 4645 4559 4688 4462 4412 4944 4942 4481 5101 4727 5079 4836 4886 5071 4923 5314 4220 4603 4898 5170 4913 4718 5054 4617 5004 4744 4734 4292 4833 5091 4738 5121 4850 4828 4979 4884 4837 4452 4945 4891 4580 4596 4591 4798 4830 5012 4998 4609 4860 4826 4998 4775 5032 4562 4138 4738 4892 5458 4797 4967 4654 5142 5083 5340 4726 4869 5030 5152 4605 4304 5099 4376 4966 4623 4541 4663 4610 4704 4828 4718 4361 5044 5080 4849 4625 4592 4891 4851 4284 4592 5094 4978 4459 5193 4912 4778
5142 5288 5452 5465 5430 5543 5851 5386 5265 5200 4605 5407 5285 5506 5011 5540 5008 5110 5298 4822 5430 4897 5071 5254 4864 5224 5605 5034 5055 5138 4798 5808 5241 5275 5159 5358 4949 5497 5553 5534 5888 5251 5230 5342 5048 5152 5486 5234 5350 5318 5424 5067 4946 5538 5511 4971 4982 5859 5727 5375 5553 5085 4943 5086 5605 5714 5679 5001 5349 5337 5299 5119 5053 5248 5191 5464 4920 5274 5532 5563 5205 5097 4885 5299 5245 4668 5650 5228 4885 5239 5112 5176 5613 5407 5486 4808 4701 5227 5340 5207 5848 5593 4847 5562 5256 5428 5375 5149 5467 5052 5337 5288 5227 5544 5711 5652 5245 5359 5216 5294 5441 5037 5037 5211 5290 4808 5460 5528 5306 5497 5389 4742 5222 5029 5086 5146 5118 4907 5476 4926 5593 5081 4589 5012 5230 5265 5245 5133 5062 5276 5378 4991 5449 5436 5001 5092 5406 5625 6023 5053 5188 4882 5627 4967 4732 5063 5430 4946 5338 4964 5395 5255 5497 5128 5478 5498 4955 5019 5032 5480 5017 5127 5702 5222 5455 5236 4942 4722 5436 5477 5255 5130 5295 5182 5382 5363 5190 4823 5342 5497 4856 4936 5125 5263 5335 5184 5153 5099 5412 5307 5562 5223 5240 4924 4762 5447 5264 5729 5320 5604 4970 5233 5338 5559 5148 5016 5660 5645 5142 4784 5606 4796 5062 5017 4696 4989 5200 4931 5404 5120 4903 5274 5317 5005 5334 5379 5299 5422 5049 4957 5391 5241 4924 5602 5133 5416
5104 5184 5412 5349 5059 5516 5497 5268 4786 5068 4480 5505 4886 5241 5064 5150 5194 5128 5216 4387 5325 4683 4688 5235 5064 5371 5470 5157 5067 4944 4853 5310 4844 5234 4999 5115 5005 5183 5439 5508 5858 4975 5229 5193 4989 5209 5266 5137 5401 5069 5772 5036 4897 5091 5435 4773 4976 5837 5427 4978 5432 4987 4686 5078 5580 5399 5416 4902 5236 5082 5480 4918 5305 5098 5101 5383 5076 4867 5313 5717 5012 5029 4813 5146 5023 4769 5501 5114 5048 5041 4843 5352 5478 5238 5262 4572 4927 5049 5227 5244 5496 5404 4710 5431 5312 5081 5319 5061 5305 5102 5026 5031 5259 5394 5169 5310 5192 5200 5048 5195 5155 4607 5001 4807 5025 4294 5304 5282 5119 5332 5188 4610 5062 4904 5131 4982 4861 4850 5220 4875 4994 4993 4324 5019 5198 5282 5022 4907 4983 5304 5562 5043 5439 5286 4622 5058 5248 5511 5769 5155 5121 5029 5031 5016 4825 5481 5088 4716 5360 4850 5314 5472 5112 5050 4928 5547 4393 5312 4774 5310 5128 5003 5265 5197 5468 5038 5063 4903 5141 5490 5177 5279 5267 5090 5181 5258 4946 4594 5155 5256 4807 5005 5075 5108 5152 4818 5195 4967 5450 5171 5222 4926 5272 5066 4812 5498 5297 5662 5206 5325 4830 5239 5305 5498 5288 5076 5402 5226 4746 4925 5323 4726 5167 4965 4766 4937 4822 5017 5296 4859 4865 5299 5404 5442 5042 5115 5275 5352 4915 5274 5182 5223 4964 5457 5112 5224
5512 5604 5463 5533 5491 5885 5775 5517 5279 5543 5149 5791 5230 5350 5109 5415 5383 5453 5570 4921 5540 5053 5144 5687 5219 5401 5783 5225 5336 5124 5340 5899 5378 5696 5143 5330 5284 5774 5719 5873 6116 5755 5475 5692 5183 5387 5715 5304 5592 5179 5919 5168 5255 5812 6016 5135 5094 6179 5631 5308 5650 5610 4990 5311 5705 5674 6010 5085 5761 5384 5849 5280 5372 5485 5540 5822 5385 4949 5684 5884 5549 5367 5235 5567 5124 5019 5670 5488 5562 5680 5584 5811 5682 5494 5544 4878 5260 5129 5476 5398 5885 5775 4933 5725 5263 5403 5846 5400 5545 5310 5029 5350 5635 5616 5619 5744 5352 5864 5648 5590 5670 4993 5595 5298 5420 4915 5783 5722 5490 5607 5584 4938 5420 5251 5444 5338 5375 5116 5296 5223 5501 5188 4797 5363 5355 5621 5469 5306 5255 5417 5641 5259 5709 5662 5185 5512 5490 5940 5862 5778 5325 5289 5563 5190 4870 5414 5668 5176 5460 5226 5952 5594 5696 5652 5444 5525 5102 5273 5088 5665 5579 5469 5572 5387 5650 5497 5410 5035 5501 5556 5421 5956 5667 5418 5528 5415 5437 4894 5502 5833 5157 5153 5432 5276 5552 5612 5294 5323 5522 5290 5594 5446 5654 5129 4818 5963 5503 5959 5267 5590 5157 5419 5535 5919 5316 5287 5804 5694 5117 4946 5747 4908 5254 5269 4824 5325 5141 5313 5398 5380 5322 5828 5451 5251 5250 5340 5340 5447 5434 5015 5609 5302 5250 5735 5560 5591
4859 4848 4955 5095 5182 5225 5496 5089 4869 4730 4790 5206 4846 5144 4807 4986 5042 5078 4870 4419 5052 4525 4463 5310 4871 4850 5259 4687 5002 4617 4707 5249 4873 4956 4742 4793 4479 5188 5286 5310 5649 5016 4780 4951 4718 4896 5209 4974 5442 4745 5163 4949 4462 5252 5333 4689 4551 5477 5345 4845 5173 4922 4453 5133 5281 5066 5456 4801 5004 5046 5080 4791 4850 5025 4961 5151 4838 4924 5267 5332 4837 4781 4799 4895 4830 4437 5164 4975 4629 5117 5152 5291 5317 5133 5053 4354 4698 4659 5126 4953 5274 5130 4571 5236 4822 5210 5086 5077 5310 4905 4844 4938 5139 5651 5263 5092 4945 5220 4991 5150 5021 4440 5021 4787 5137 4464 4821 5135 5040 5029 5125 4681 4927 4855 4976 4803 4444 4591 4735 4784 5042 4996 4585 4893 4937 5118 5072 4729 4790 4965 5065 4826 5372 5162 4903 4783 5257 5350 5473 4947 5095 4832 4971 4885 4142 5047 5072 4971 5143 4732 5274 4920 5274 5184 5020 4913 4455 4849 4937 4978 4722 4680 5207 4926 5518 5066 5010 4345 4994 4898 4718 5272 5290 4872 4911 5139 4600 4337 4937 5180 4713 4729 4778 4589 4985 4778 4801 4742 5209 5034 5131 4904 5294 4751 4808 5250 5128 5264 4843 5003 4789 5103 4909 5332 4761 5097 5127 5158 4578 4365 5246 4422 4957 4618 4535 4771 4652 4920 5005 4858 4847 5013 5147 4834 5080 4758 4724 4854 4591 4476 4917 4971 4848 5351 5139 4904
5597 5578 5574 5746 5501 6083 5818 5692 5513 5886 5032 5705 5433 5892 5227 5645 5549 5431 5472 5013 5812 5133 5418 5803 5426 5475 6127 5457 5696 5628 5773 6086 5430 5814 5517 5740 5234 5737 5519 6179 6094 5537 5761 5590 5591 5625 5828 5421 5651 5607 5930 5282 5459 5907 6040 5264 5351 6364 6089 5570 5870 5484 5333 5458 5773 5937 6164 5293 5722 5436 5813 5395 5318 5635 5800 5661 5341 5423 5685 6008 5592 5388 5315 5769 5442 5318 5889 5770 5575 5748 5523 6048 5930 5747 5775 5185 5325 5521 5789 5815 6308 5740 5051 5918 5584 5752 5863 5401 5770 5339 5412 5421 5747 5809 5727 5926 5606 5853 5470 5636 5916 5195 5486 5431 5621 5014 5594 5689 5498 5826 5996 5487 5505 5369 5789 5597 5334 5464 5648 5448 5857 5402 5328 5313 5308 5744 5547 5529 5382 5790 5633 5459 5837 5748 5510 5626 5836 5980 5905 5560 5494 5289 5822 5299 5442 5564 5655 5590 5903 5350 6012 5611 5775 5735 5855 5668 5027 5394 5509 5950 5588 5497 5820 5521 5992 5469 5467 5047 5670 5845 5675 5748 5605 5639 5550 5900 5304 5046 5845 5697 5149 5491 5695 5621 5745 5698 5567 5410 5711 5817 5942 5607 6021 5262 4896 5743 5723 6017 5409 5862 5399 5697 5931 6329 5269 5419 5836 5917 5435 5132 5817 5171 5406 5630 5084 5322 5490 5609 5781 5560 4914 6150 5617 5574 5500 5369 5661 5493 5309 5143 5960 5428 5392 5833 5776 5573
5303 5180 5377 5338 5457 5501 5505 5393 5116 5266 4655 5448 5132 5436 5016 5228 4989 5250 5107 4658 5301 5070 4930 5280 4873 4840 5405 5266 5111 5007 4916 5676 5259 5604 5011 5129 5002 5145 5362 5677 5615 5536 5373 5277 5040 5120 5549 5105 5395 5161 5378 5212 5015 5363 5625 5022 4805 6233 5443 5014 5316 5135 5096 5060 5346 5606 5465 4981 5536 5240 5306 4840 5193 5248 5075 5391 5169 4982 5608 5383 5189 5034 5064 5269 5188 5000 5592 5466 5190 5198 5441 5473 5496 5254 4942 4743 5142 5256 5529 5309 5519 5485 4861 5588 5163 5631 5506 5152 5208 5264 5275 5308 5505 5687 5728 5305 5084 5251 5358 5193 5347 5054 5144 5017 5356 4329 5385 5519 5534 5391 5551 4880 5303 4918 5441 5383 5160 5062 5278 5085 5260 5432 4773 5288 5266 5294 5193 5089 4874 5289 5598 4947 5215 5460 5251 5528 5266 5641 5704 5352 4969 4954 5301 4853 4857 5347 5284 5064 5542 5110 5552 5321 5283 5458 5439 5397 4728 4993 5176 5517 5448 5206 5559 4931 5699 5054 5141 5020 5405 5609 5090 5715 5350 5208 5109 5496 5036 4878 5403 5387 4925 4766 5134 5097 5401 5164 5119 5381 5254 5344 5242 5209 5571 4967 4553 5410 5142 5679 5036 5439 4783 5085 5428 5601 5542 4894 5441 5482 5237 4903 5417 4711 5175 4818 4708 4934 4812 5183 5056 5062 4934 5519 5167 5208 5245 5102 5245 5092 5077 5166 5262 5251 5243 5502 5291 5353
4963 4897 5091 5023 4965 5261 5121 5159 4514 4868 4382 5243 4853 5001 4664 4845 5018 4627 4907 4710 4895 4623 4464 4992 4569 4679 5111 4684 4840 4537 4785 5103 4455 5058 4858 4746 4654 4938 5383 5298 5229 4665 5135 5001 4774 4870 5031 4909 5209 4836 5142 4699 4949 5132 4956 4705 4310 5429 5277 4386 5192 4875 4291 4782 5175 4918 5387 4656 5018 4775 4872 4639 4918 4865 4948 5004 4809 4552 4881 5230 5127 4656 4791 4992 4657 4591 4962 4770 4565 4798 4940 5381 5328 5004 4883 4280 4912 4809 5039 4981 5202 5145 4432 5217 4892 5203 5342 5078 5060 4860 4774 5026 4960 5149 4908 5194 4735 5179 4618 5349 4997 4462 4813 4859 5073 4380 4934 5000 4995 5107 5104 4710 4719 4595 4962 5079 4629 4379 4891 4931 4848 4932 4634 4937 4847 5001 4545 4573 4675 4658 5132 4840 5051 5042 4737 4915 4663 5015 5194 4853 5032 4743 4883 4612 4693 5147 4812 4602 5082 4680 5190 4998 5119 4999 5237 4899 4359 4922 4862 5275 4844 4758 4962 5044 5258 4695 4975 4470 4797 5204 4774 4995 5175 4765 4924 5109 4552 4544 4890 5140 4562 4593 4886 4796 4938 4823 4682 4860 5106 4925 4630 4940 5233 4594 4364 5318 4788 5403 4991 5289 4785 5059 5266 5178 4832 4901 5131 5139 4751 4259 5146 4483 4924 4767 4840 4675 4637 4893 4896 4742 4927 5280 4941 5023 4910 4949 4887 5030 4697 4509 4869 4701 4997 5279 4920 4709
4720 4598 5091 5223 5128 5200 5328 5148 5042 5033 4479 5281 4672 5074 4787 4908 4717 4884 4850 4573 4927 4486 4591 5259 4825 4875 5114 4677 4998 4547 4865 5299 4697 5094 4575 4733 4957 5273 5153 5353 5549 4969 4897 5075 4567 5090 5078 4609 4933 4800 5139 4681 4771 5087 5140 4521 4597 5701 5338 4978 5082 5159 4661 4773 5216 5305 5241 4592 4944 5056 5302 4758 4909 4905 5148 5197 4538 4892 5269 5247 4854 4723 4775 5041 4685 4396 5178 4878 4849 4823 4754 5133 5286 5020 5002 4503 4740 4839 5117 4827 5271 5243 4519 5129 4879 4873 5080 4901 5136 4744 4997 4811 5067 5371 5107 5036 4752 5119 4754 5132 4825 4678 4715 4560 4913 4467 4874 5191 5072 4894 5149 4694 4950 5099 4880 4930 4642 4735 4906 4814 4978 5140 4475 4770 4873 5039 4886 4959 4795 4936 5122 4870 5087 5199 4687 5001 5070 5152 5632 4936 4768 4729 5056 4670 4497 4879 4963 4716 5256 4698 5325 5026 5235 5097 4823 5199 4562 4845 5048 5018 5082 4876 5213 4786 5251 4959 4954 4521 4745 4912 5020 5241 5009 5096 4912 5307 4746 4360 5206 4926 4657 4709 4699 4886 4735 5009 4994 4720 4873 5141 5264 4954 5217 4676 4336 5149 5072 5336 4675 5390 4655 5159 5017 5090 5054 4908 4993 5221 4755 4710 5169 4454 4969 4824 4404 4666 4564 4707 4949 4648 4539 5002 4850 5208 4745 4870 5066 4949 4939 4789 5090 4758 4702 5206 4820 4899
5317 5200 5352 5519 5449 5681 5366 5435 5134 5206 4862 5428 5161 5572 4901 5195 5316 5092 5354 4919 5270 4968 4752 5356 5153 5313 5384 4997 5521 5220 5218 5348 4935 5847 4929 5223 5068 5437 5586 5781 5734 5455 5211 5211 5170 5303 5376 5013 5235 5273 5431 5488 5068 5574 5547 5029 4965 5947 5968 4729 5290 5285 4702 4769 5562 5530 5795 4900 5341 5196 5397 5136 5542 5342 5044 5506 5071 5107 5563 5399 5243 4874 5240 5568 5015 4804 5342 5345 5221 5495 5278 5592 5609 5527 5250 4667 5102 5143 5496 5075 5520 5408 4855 5716 5255 5641 5450 4905 5568 5169 5360 5252 5487 5581 5700 5386 5120 5322 5145 5273 5392 4888 5286 5189 5283 4850 5407 5661 5483 5300 5444 4948 5249 4893 5321 5198 5038 5247 5455 5104 5422 5297 4907 5225 5346 5256 5331 5007 5033 5207 5519 4998 5229 5263 5041 5343 5277 5804 5972 5114 5029 5146 5133 4819 4781 5295 5286 4847 5442 5181 5539 5269 5575 5405 5344 5440 4970 5010 5426 5358 5293 5090 5411 5269 5587 5363 5284 4707 5305 5230 5315 5554 5435 5113 5031 5477 5198 4791 5270 5481 4787 5085 5149 5160 5223 5288 5408 5114 5299 5175 5392 5472 5534 5196 4781 5455 5119 5670 5324 5328 5345 5297 5355 5858 5261 5328 5417 5540 4888 4696 5312 4882 5200 4821 4829 5171 5098 5302 5398 5030 4895 5488 5261 5306 5300 5155 5262 5333 5148 4967 5321 5036 5223 5549 5229 5179
5125 5006 5005 5362 4996 5290 5319 5129 4807 5009 4507 5161 4740 5253 4950 5036 4934 4889 5110 4587 4874 4536 4718 5194 4864 5053 5183 4847 5055 4846 4739 5213 4685 5215 4722 4986 4855 4958 5396 5436 5494 5126 4968 5253 4954 4995 5294 4911 5231 4864 5190 4766 4970 5186 5184 4698 4705 5702 5364 4919 5216 5052 4628 4932 5170 5236 5467 4755 5199 4948 5120 4782 5128 4986 4979 5215 4830 4865 5156 5203 5052 4783 4866 5348 4716 4778 5225 5271 5016 5110 4897 5304 5180 5409 5193 4608 4722 4925 5399 4950 5102 5228 4646 5251 5195 4953 5323 4848 5126 4827 4994 5123 5298 5341 5116 5289 4998 5282 4930 5253 5319 4576 4883 4790 5262 4430 4899 5211 4876 5121 5106 4640 5286 4762 4661 4843 4597 4988 5108 4846 5210 5167 4676 5062 4924 5141 5062 4888 4811 5037 5274 5018 5170 5039 4747 5090 4958 5251 5680 4608 4861 4858 5128 4842 4809 5284 5025 4883 5162 4956 5320 5059 5154 5022 5085 5226 4486 4765 4833 5100 5127 5082 5380 4806 5129 5096 4966 4524 4975 5085 5047 5011 5055 4835 5120 4950 4893 4698 5247 5175 4540 4767 4976 4892 5152 4896 5165 4745 5177 4887 5063 5007 5119 4883 4544 5245 5357 5494 5040 5294 4856 5019 4944 5308 4841 5102 5467 5169 4743 4644 5260 4641 4917 4806 4606 5027 4829 4947 5115 4902 4775 5216 5003 4999 4971 5112 5106 5163 4704 5128 5122 5155 4653 5256 5146 5132
5370 5368 5865 5793 5495 5721 5928 5433 5558 5434 4765 5654 5005 5885 5030 5529 5105 5333 5676 4829 5455 5211 4989 5641 5259 5216 5861 5020 5386 5039 5273 6061 5431 5512 5261 5289 5114 5597 5759 5710 5593 5668 5471 5500 5083 5452 5637 5266 5482 5516 5722 5390 5141 5524 6062 5055 5021 6145 6122 5429 5832 5682 5141 5369 5741 5832 5786 5142 5626 5618 5510 5143 5400 5234 5545 5556 5103 5020 5578 5666 5344 5285 5172 5677 5161 4791 6011 5505 5180 5348 5490 5687 5721 5699 5458 4937 5206 5389 5447 5201 6003 5886 5165 5804 5442 5506 5628 5345 5902 5132 5571 5264 5839 5669 5628 5639 5368 5634 5267 5593 5554 5190 5235 5072 5442 4975 5525 5941 5932 5391 5116 5372 5467 5181 5322 5282 5321 5240 5408 5096 5530 5199 5006 5366 5378 5550 5658 5394 5165 5388 5501 5127 5631 5786 5347 5628 5701 5892 5846 5540 5410 5117 5507 5263 4818 5546 5744 5006 5757 5139 5563 5617 5503 5512 5441 5680 4996 5467 5427 5628 5631 5563 5612 5257 5627 5076 5319 4758 5510 5754 5335 5598 5492 5656 5291 5527 5463 5086 5604 5811 5125 4845 5213 5368 5454 5185 5279 5321 5383 5669 5771 5339 5620 5264 5142 5609 5555 6050 5476 5822 5271 5593 5550 5862 5344 5532 5548 5573 5193 5032 5528 5158 5435 5086 5021 5162 5058 4986 5317 5043 5317 5519 5588 5179 5412 5222 5517 5486 5206 5052 5649 5590 5313 5914 5516 5466
5247 5183 5453 5391 5415 5495 5536 5106 4950 5346 4720 5375 4889 5425 4559 5143 5088 5071 5319 4759 5268 4929 4913 5424 5213 5140 5584 5039 5387 5254 4766 5597 4886 5454 4973 5068 4936 5597 5348 5546 5567 5247 5168 5082 5109 4987 5393 5010 5176 4930 5312 5161 4986 5184 5623 4770 4841 6091 5325 4952 5173 5322 4863 4914 5507 5436 5692 4907 5325 5162 5147 4846 5141 5072 4929 4962 5038 5096 5189 5339 5216 5063 5038 5200 5272 4821 5448 5230 5190 5012 5119 5542 5670 5279 5372 4684 4904 4995 5502 5102 5702 5456 4653 5398 5217 5355 5479 4974 5532 4993 5104 5193 5296 5170 5267 5449 5101 5680 5221 5168 5144 4950 5125 4929 5481 4418 5410 5399 5257 5119 5376 4727 5273 5113 5327 5290 4862 5252 5080 4962 5427 5170 4862 4920 5153 5170 5095 5182 5009 5232 5394 5023 5382 5643 4920 5171 5337 5459 5668 5030 5080 4628 5235 5007 4759 5153 5067 4923 5335 4988 5358 5261 5166 5278 5588 5160 4649 4843 5265 5500 5171 5225 5404 5073 5418 5042 5023 4772 5148 5568 5105 5275 5197 5196 5288 5436 4930 4605 5290 5393 4784 4653 4986 4999 5358 5217 5110 5099 5173 5196 4979 5106 5549 4731 4603 5340 5035 5643 5247 5610 4765 5522 5439 5574 4889 5142 5487 5415 4955 4744 5334 4857 5121 5222 4724 4854 4858 5162 5261 5061 4829 5534 5090 4912 5142 5262 5209 5094 5034 5158 5232 4994 5094 5529 5301 5119
5424 5308 5427 5455 5324 5495 5442 5126 5017 5184 4811 5634 5034 5477 4696 5461 4998 5040 5295 4574 5094 4881 5128 5253 5345 5075 5620 5212 5163 5041 5100 5636 5063 5663 5272 5168 5153 5248 5513 5682 5537 5264 5279 5208 4903 5399 5464 4891 5415 5161 5622 5036 5116 5331 5556 5048 4744 5878 5777 4901 5290 5088 4823 4705 5487 5367 5828 4882 5428 5298 5502 5065 5012 5479 5162 5360 5019 5213 5356 5474 5421 5137 4948 5528 4966 4621 5701 5144 5379 5355 5348 5674 5524 5196 5163 4741 5102 5079 5572 5382 5805 5232 4724 5439 5204 5377 5410 5268 5710 5001 5111 5372 5289 5335 5659 5917 5332 5423 5068 5245 5257 5078 5068 4954 5376 4724 5588 5514 5319 5481 5405 5007 5205 5058 5385 5094 5128 5075 5376 5025 5196 5082 4788 5173 5243 5081 5072 5233 5089 4980 5030 5116 5463 5557 5054 5326 5115 5710 5652 5472 5170 4933 5556 5113 5352 5048 5269 4972 5528 5131 5542 5436 5809 5452 5483 5650 4629 4985 4999 5096 5187 5182 5349 4803 5409 5072 5213 4665 5409 5161 5172 5561 5273 5304 5248 5459 5092 4700 5101 5291 4703 4826 5265 5280 5299 5319 5347 5071 5223 5440 5291 5405 5324 5180 4726 5476 5095 5718 5131 5527 4709 5184 5376 5352 5433 5206 5542 5701 5096 4772 5302 4941 5179 5173 4784 5120 4862 5029 5375 5188 4801 5513 5298 5208 5082 5263 5212 5025 4837 5007 5449 5084 5142 5623 5192 5304
5264 5364 5804 5571 5714 5797 5499 5626 5356 5561 4773 5876 5375 5694 5242 5427 5089 5095 5725 4965 5594 5096 5085 5808 5404 5337 5850 5022 5358 5514 5360 6016 5310 5947 5283 4982 5220 5500 5798 6065 6282 5417 5444 5653 5247 5244 5923 5204 5587 5351 5929 5300 5388 5590 5986 5010 5269 5982 5857 5218 5696 5553 4831 5315 5800 5631 6014 5333 5709 5450 5676 5211 5379 5570 5528 5723 5101 5323 5451 5754 5554 5676 5297 5761 5306 5069 5848 5185 5233 5516 5391 5929 5981 5628 5709 4986 5410 5341 5471 5551 5871 5859 4937 5888 5579 5666 5629 5406 5320 5368 5707 5349 5415 5628 5642 5823 5249 5774 5645 5580 5649 5102 5258 5407 5461 4879 5594 5918 5603 5403 5858 5114 5480 5309 5463 5263 5184 5435 5563 5175 5668 5402 5119 5292 5443 5702 5279 5526 5392 5390 5800 5483 5638 5867 5194 5563 5222 6006 5954 5559 5401 5129 5620 5197 4900 5415 5546 5174 5750 5254 5677 5635 5435 5499 5682 5865 5049 5230 5167 5396 5526 5528 5772 5513 5681 5105 5472 5173 5323 5534 5441 5536 5580 5556 5452 5850 5110 4906 5483 5389 5292 5222 5561 5407 5334 5373 5392 5337 5403 5444 5470 5513 5664 5158 4926 5823 5812 5989 5449 5716 4981 5618 5542 5738 5349 5437 5824 5803 5462 4940 5565 5001 5419 5527 4836 5240 5148 5272 5617 5629 5104 5699 5590 5256 5647 5292 5588 5500 5243 5038 5543 5300 5055 5702 5707 5520
4913 5140 5012 5278 5236 5367 5104 5131 4974 4956 4624 5329 4674 5387 4688 5034 4770 5017 5117 4420 5320 4679 4635 5101 4752 4918 5255 4642 5364 4697 4825 5490 4837 5284 4823 4789 4785 5122 5192 5575 5514 5348 4869 4768 4798 5077 5323 4596 5181 5054 5478 4780 4901 5061 5535 4826 4766 5664 5379 4814 5317 5041 4683 4907 5343 5216 5459 4801 4947 5172 5175 4706 4819 4939 4937 5179 4906 4820 5089 5134 5038 4999 4881 5280 4707 4499 5170 5000 4661 4790 5090 5253 5364 5021 4911 4369 4741 5003 5306 4960 5301 5481 4624 5306 4930 5162 5201 4841 5193 4896 4934 4945 5073 5163 5408 5195 4754 5193 5074 4927 5117 4871 4787 4775 4688 4427 5054 5331 5102 5033 5112 4674 4993 4735 4749 4710 4776 4621 5116 4890 5117 4836 4313 4748 5075 5030 5015 4892 4744 4870 5143 5136 5198 5372 4871 5140 5177 5261 5324 5024 4919 4756 5027 4923 4441 5103 5080 4616 4964 4653 5135 5089 4859 4881 5095 5152 4555 4783 5039 5028 5189 5091 5025 4778 5250 5197 4874 4727 5052 5186 5051 5194 5169 4948 5097 5291 4925 4153 4767 5449 4498 4529 4873 4981 5015 4873 4985 4920 5149 4878 5055 5060 5484 4719 4395 5282 4932 5601 5066 5432 4588 5225 4965 5238 5288 4833 5183 5084 4755 4680 5121 4753 4928 4846 4551 4661 4732 4565 5091 4775 4773 5179 4991 5024 5170 5012 4893 4784 4646 4780 5410 5063 4798 5178 4999 5145
5161 5214 5427 5099 5363 5462 5280 5116 4995 5303 4655 5367 5082 5294 4808 5067 5120 4931 5270 4541 5299 4648 4641 4933 4797 4978 5513 4949 5173 4861 4928 5287 4871 5356 5045 4726 4877 5458 5518 5602 5469 5093 5190 4837 4936 5172 5321 5122 5417 5124 5493 5056 4953 5316 5300 4848 4775 5754 5465 4826 5188 5322 4830 5117 5360 5481 5486 4792 5385 4946 5299 4911 4923 5288 5145 5118 5082 4756 5107 5470 4887 4687 5008 5264 4921 4472 5502 4946 4923 4857 5291 5582 5596 5251 5105 4737 4896 4966 5220 5181 5307 5406 4580 5494 4875 5111 5536 5039 5100 4990 5038 5174 5484 5345 5278 5486 5152 5293 5006 4961 5015 4911 5240 4646 5295 4731 5133 5440 5274 5249 5158 5020 5207 4784 4822 5115 4936 4961 5421 4971 5273 5117 4789 4671 5187 5305 5173 5132 4655 5015 5075 4845 5168 5569 4947 5037 5466 5586 5614 5252 5083 4695 5046 4852 4809 5167 5196 4530 5370 4785 5582 5470 5237 5318 5369 5473 4469 5144 5125 5517 5125 5059 5311 5258 5392 5182 5161 4597 5283 5353 5007 5243 5352 5267 5045 5148 5131 4773 5053 5443 4662 4942 4730 5191 5212 5303 5221 4784 5271 5495 5177 4959 5551 4751 4750 5383 5361 5664 5171 5434 4762 5456 5158 5600 5200 5230 5031 5613 5152 4483 5236 4986 5126 4650 4912 4799 5167 4864 5430 4869 4983 5190 5192 5123 5237 5082 5217 5247 4858 5115 5393 5146 4754 5741 5052 5199
5214 5148 5381 5428 5398 5441 5473 5337 4982 5342 4680 5505 5139 5565 4947 5320 5051 5187 5414 4601 5322 4750 5012 5287 5014 5121 5350 5066 5160 5195 5142 5754 5036 5652 5214 5219 4857 5144 5483 5793 5727 5324 5419 5062 5081 5073 5360 4955 5290 5372 5535 5298 4929 5198 5453 5037 5163 5829 5555 5252 5466 5295 4975 5118 5494 5643 5735 5067 5423 5112 5358 5163 5042 5402 5097 5328 5031 5134 5279 5484 5460 5105 5344 5312 5156 4825 5516 5332 5220 5195 5315 5507 5583 5522 5132 4620 4758 5266 5693 5616 5436 5530 4970 5544 5319 5261 5591 5013 5402 4935 5088 5128 5525 5638 5519 5538 5381 5299 4945 5394 5267 5073 5159 4935 5137 4566 4915 5579 5460 5429 5407 5115 5201 4824 5137 5021 5176 4985 5104 5070 5683 5317 4872 5246 5129 5246 5297 5307 4860 5220 5226 5344 5484 5480 5134 5283 5321 5647 5649 5386 5164 5243 5415 4817 4883 5152 5171 4955 5244 4983 5407 5311 5443 5136 5434 5394 4792 4980 5349 5560 5369 5070 5503 5229 5541 5301 5108 4911 5288 5590 5160 5176 5342 5035 5326 5400 4859 4945 5419 5531 4916 4826 4861 5067 5432 5220 5157 4944 5379 5526 5404 5185 5339 4818 4682 5185 5315 5821 5060 5496 4846 5231 5459 5731 5112 5268 5631 5405 4791 4760 5519 4867 5277 4816 4747 5045 4785 5018 5252 4947 4845 5508 5044 5402 5098 5351 5223 5028 4988 5135 5438 5317 5039 5604 5354 5564
5038 4912 5365 5212 5425 5335 5260 5077 4894 5220 4697 5443 5070 5131 4731 4672 4882 5088 4967 4597 5150 4486 4471 5171 4901 4835 5424 4776 5182 4807 4895 5442 4580 5485 5045 4816 4818 5238 5086 5487 5429 5330 5106 4934 4832 4976 5325 4843 5110 4834 5320 5297 4697 5110 5321 4611 4896 5671 5399 4891 5374 5052 4416 4799 5155 5039 5200 4833 5167 5132 5414 4730 4966 5140 5069 5059 4594 4755 5070 5597 4922 5020 4908 5172 5110 4561 5118 4811 4745 5304 5181 5390 5169 5107 5041 4632 4703 4856 5211 5091 5495 5398 4553 5182 5036 4909 5221 4735 5133 4746 5064 4919 5197 4967 5251 5394 5105 5238 5025 5006 5195 4812 4849 4848 5218 4606 5283 5177 5151 4841 5042 4595 4947 4802 4953 4999 4778 4945 5169 4945 5030 5057 4420 4836 4966 5072 5106 4945 4788 5099 5105 5072 5544 5345 4735 4916 5246 5415 5713 5190 5081 4465 5206 5005 4784 5079 5106 4840 5144 5013 5306 5100 4865 4956 5082 5131 4632 4986 5085 5319 5110 4929 5336 4915 5502 4944 5183 4708 5133 5099 5014 5177 5028 5009 5169 5138 4923 4659 5090 5240 4588 4900 4811 5028 4914 5116 4983 4847 5097 5163 5078 5095 5267 4770 4502 5582 5063 5941 4851 5215 4722 5055 4953 5491 5113 5111 5456 5233 5045 4567 5143 4351 4803 4764 4378 4926 4796 4875 5151 4873 4570 5301 5071 5019 4924 4943 4836 5294 4717 4891 5049 4825 4943 5266 4849 4963
5273 5386 5645 5860 5418 5818 5735 5324 5045 5293 4909 5590 5198 5446 4800 5154 5053 5135 5405 4772 5333 4836 5001 5210 5360 5030 5677 5244 5257 5285 5084 5636 4976 5847 5210 5374 5279 5506 5658 5869 5782 5078 5326 5317 5250 5471 5522 5168 5569 5479 5768 5308 5116 5419 5878 4826 5045 6249 5870 5031 5674 5308 5171 4983 5637 5821 6029 5135 5471 5317 5441 5316 5315 5110 5264 5316 5048 5453 5418 5782 5290 5357 5295 5297 5480 4968 5881 5451 5088 5208 5393 5610 5702 5682 5479 4842 5041 5136 5518 5430 5920 5398 4776 5805 5286 5621 5281 5322 5466 5105 5262 5266 5419 5553 5670 5665 5381 5664 5419 5457 5512 4956 5226 5217 5407 4665 5407 5589 5404 5584 5464 4836 5442 4965 5576 5144 5286 5218 5164 5306 5449 5361 5059 5203 5158 5584 5382 5196 5227 5412 5416 5097 5620 5726 5159 5508 5404 5712 6043 5399 5137 5125 5489 4992 5148 5295 5453 4851 5706 5172 5825 5342 5593 5258 5443 5696 4751 5146 5263 5468 5187 5288 5566 5086 5698 5399 5110 4655 5218 5569 4987 5624 5520 5395 5070 5900 5203 4691 5402 5220 5104 4950 5267 5272 5473 5018 5420 5235 5334 5596 5252 5458 5671 5185 4956 5769 5773 6053 5259 5809 4820 5343 5601 5685 5330 5057 5437 5488 5090 4985 5455 4878 5204 5166 5075 4971 4993 5383 5357 5058 4975 5536 5500 5303 5367 5268 5603 5146 5039 4833 5628 5367 5084 5811 5612 5279
4985 5167 5111 5325 5092 5325 5184 5219 5278 5116 4465 5113 4749 5710 4676 5083 4732 4997 5257 4731 5178 4885 4731 5171 5052 4497 5436 4475 5279 4714 4999 5190 4727 5429 4772 4843 4790 5223 5067 5533 5609 5342 4933 5126 4710 5097 5391 4992 5284 4956 5303 5090 4927 5267 5489 4505 4977 5753 5218 4913 5096 5161 4911 4870 5255 5267 5492 4618 5015 5063 5206 5009 4745 5092 5111 5013 4769 5012 5171 5402 5063 5051 4704 5278 4833 4745 5113 4980 4859 5162 5317 5504 5442 5287 5082 4462 4875 5129 5401 4982 5511 5536 4716 5175 5133 5187 5468 5153 4963 5009 5049 4842 5344 5438 5595 5325 5252 5378 5138 5338 5205 4521 5126 5099 5119 4635 5032 5438 5342 5345 5020 4805 4977 4772 5200 5079 4906 4892 5004 4975 5228 5052 4624 5104 4883 4855 5246 5016 4983 5325 5524 4732 5632 5530 4801 5244 5032 5652 5499 4917 5061 4892 5059 4978 4699 5313 5272 5075 5457 5006 5353 5266 5290 5481 5050 5554 4526 4789 4819 5284 5145 5052 5315 5072 5560 5120 5150 4674 5292 5335 4872 4953 5159 5045 5276 5268 4891 4660 4981 5332 4784 4924 4726 5084 5374 4934 5212 4913 4842 5145 5281 5060 5349 4943 4744 5003 5125 5534 5043 5470 4746 5222 5307 5765 4881 4850 5244 5174 4653 4645 5356 4419 5167 4882 4536 4749 4735 4879 5159 5062 4830 5157 5261 5100 5075 4983 5215 4928 4696 4779 5066 5053 4792 5167 4941 4790
5270 5170 5561 5315 5277 5501 5308 5327 4837 5240 4768 5379 4906 5561 4995 5264 4998 5159 5449 4454 5367 4772 4711 5166 5004 4952 5650 5096 5104 4989 4820 5622 4923 5561 5111 4937 4809 5279 5341 5706 5567 5139 5136 5385 5120 5219 5458 5266 5464 5250 5514 5140 5039 5166 5664 5063 4759 5875 5645 5103 5478 5003 4676 5037 5363 5576 5562 4847 5416 5153 5402 4909 5268 5214 5331 5388 5084 4920 5597 5488 5189 4939 5068 5356 5082 4833 5580 5424 5043 5069 5289 5576 5591 5158 5125 4706 5050 4982 5307 5459 5701 5568 4673 5656 5214 5280 5379 5135 5341 5040 5044 4897 5423 5314 5426 5361 5212 5570 5212 5283 5151 4839 5409 4830 5392 4638 5231 5329 5202 5331 5219 5024 5045 5165 5203 5018 4817 4848 5100 5159 5277 5137 4807 4921 5119 5161 5198 4938 4988 5340 5214 5121 5627 5489 4994 5266 5236 5791 5597 4989 5096 4882 5367 5209 5118 5297 5101 5104 5326 5150 5478 5144 5504 5369 5426 5312 4740 5081 5146 5420 5459 4945 5262 4973 5589 5073 5173 4884 5519 5487 5033 5449 5271 5195 5377 5405 5287 4742 5266 5210 4693 5133 4902 5147 5329 5190 5243 5117 5498 5521 5539 5212 5290 4994 4580 5350 5389 5668 4996 5506 4775 5352 5228 5488 5328 5027 5420 5217 5060 4870 5474 4770 5053 5162 4780 5107 4890 4883 5187 5128 5024 5566 5244 5382 5318 5020 5191 5465 4875 5159 5181 5116 5230 5497 5341 5415
5206 5238 5557 5759 5533 5597 5772 5694 5116 5314 4936 5444 5450 5508 5160 5399 5258 5222 5496 4669 5219 4909 5044 5453 5425 5020 5668 5171 5257 5331 5121 5746 5025 5830 5218 5163 5178 5539 5702 5726 5788 5356 5424 5301 5093 5221 5518 5189 5687 5272 5752 5170 5050 5633 5760 5218 5000 5923 5709 5178 5516 5517 4833 5138 5576 5626 5637 4993 5583 5442 5533 5186 5256 5218 5470 5409 4920 5137 5456 5552 5166 5307 5284 5659 5311 4852 5631 5319 5066 5296 5439 5678 5788 5636 5426 4820 5216 5351 5281 5260 5825 5693 4767 5805 5674 5262 5425 5497 5282 4974 5334 5459 5679 5811 5636 5589 5315 5580 5316 5456 5569 4917 5290 5177 5197 4993 5439 5818 5527 5548 5448 4915 5442 5110 5286 5260 5261 5102 5261 5052 5443 5550 5234 5138 5225 5409 5493 5155 5403 5410 5467 5260 5641 5660 5273 5545 5189 5840 6120 5443 5519 5152 5418 4876 4671 5502 5319 4976 5616 5081 5690 5609 5502 5464 5412 5490 5107 5165 5417 5605 5159 5518 5838 5130 5668 5324 5239 4917 5386 5503 5598 5473 5598 5327 5653 5657 5071 5017 5652 5429 5153 5164 5165 5305 5563 5485 5126 5018 5232 5324 5065 5365 5882 5042 4728 5639 5560 5803 5476 5733 4986 5447 5507 5849 5216 5346 5582 5732 5234 4846 5606 4762 5286 5016 4654 5138 5032 5170 5476 5035 5103 5508 5428 5420 5249 5108 5425 5481 5089 5306 5497 5291 5123 5828 5358 5517
4800 4728 4910 4995 4847 5178 4954 4769 4704 4844 4269 4859 4563 5194 4531 4480 4479 4778 4740 4419 4714 4566 4277 4976 4788 4756 5148 4403 4946 4567 4923 5005 4368 4938 4351 4564 4545 4840 4735 5315 5322 4958 4825 4845 4600 4708 5081 4537 4840 4681 5248 4678 4762 5118 5192 4234 4670 5502 5134 4770 4958 4745 4559 4739 4893 4933 4939 4436 4888 4619 5106 4658 4692 4674 4839 5021 4584 4784 4985 5021 4906 4675 4663 4845 4515 4253 4820 4648 4601 4874 5072 5254 4897 5228 4678 4084 4683 4713 5024 4907 5202 5107 4302 5050 4853 4881 5323 4712 5079 4697 4640 4553 4801 4980 4939 5109 4738 5433 4794 4886 4886 4508 4713 4426 4822 4361 4910 4860 4989 4867 4817 4627 4693 4692 4675 4753 4563 4671 4440 4829 4803 4719 4364 4638 4784 4736 4853 4786 4714 4958 4852 4620 4727 4766 4510 4832 4792 5222 5062 4936 4709 4541 5030 4628 4581 4841 4931 4455 5100 4614 5007 4980 4890 4996 4687 5009 4399 4652 4841 4723 4950 4827 4966 4659 4937 4442 4849 4457 4803 4917 4760 5180 5135 4681 5062 4998 4416 4362 4936 5019 4574 4352 4693 4701 4650 4748 4797 4358 4586 4824 4865 4754 4965 4689 4440 4974 4867 5203 4689 5046 4307 4812 4845 5037 4678 4719 4863 5080 4512 4407 4990 4275 4717 4545 4340 4516 4192 4550 4834 4403 4439 4904 4920 4737 4665 4716 4769 4579 4482 4469 4881 4619 4523 5083 4630 4944
5262 5132 5301 5435 5389 5542 5797 5218 5276 5357 4929 5429 5164 5452 5054 5314 5134 5324 5259 4620 5525 4886 4931 5297 5255 5079 5592 4992 5192 5024 5315 5877 4909 5516 5374 5138 4924 5640 5771 6013 5832 5347 5333 5382 4983 5435 5589 5332 5435 5085 5605 5244 5129 5518 5686 5028 4978 6048 5612 5057 5392 5303 4908 5048 5541 5603 5820 5268 5235 5474 5288 4983 5350 5325 5342 5440 5044 5294 5462 5470 5221 5016 5141 5533 5366 4602 5602 5344 5014 5515 5458 5716 5492 5365 5324 4721 5149 5021 5613 5398 5677 5670 5140 5644 5352 5397 5473 5377 5583 5060 5446 5135 5366 5457 5669 5401 5468 5480 5182 5287 5267 4998 5191 5299 5103 4821 5635 5572 5399 5681 5283 4754 5293 5274 5251 5358 5076 5206 5351 5002 5578 5230 4709 5210 5239 5269 5242 5368 5100 5187 5324 5180 5765 5714 5151 5162 5406 5770 5896 5538 5386 5014 5514 5075 4831 5461 5102 4820 5629 5070 5666 5337 5358 5395 5313 5525 4981 5260 5353 5347 5124 5277 5327 5335 5720 5252 5124 4758 5478 5296 4991 5467 5537 5261 5451 5413 5119 4720 5291 5389 4993 5010 5200 5181 5241 5530 5135 5274 5477 5531 5341 5411 5495 5039 4674 5566 5358 5925 5116 5226 5071 5236 5438 5790 5202 5297 5589 5433 5093 4506 5436 4943 5273 5130 4848 5014 4901 5198 5473 5019 5035 5361 5190 5173 5199 5205 5296 5239 5062 4901 5319 4944 5109 5897 5081 5415
5105 4821 5144 5332 5559 5409 5623 5238 4935 5132 4629 5191 5148 5129 4819 5191 5006 5060 5060 4561 4936 4708 4642 5264 5059 4774 5509 4955 5112 5134 4936 5340 5040 5468 5251 4970 4951 5413 5294 5746 5429 4976 5422 4975 4910 4966 5210 4978 5515 5270 5366 4992 4798 5258 5398 4812 4692 5812 5475 4749 5156 5116 4734 5019 5362 5301 5624 4777 5399 4981 5335 4849 4810 5258 5030 5067 4610 4834 5245 5718 5197 5021 5016 5383 5044 4787 5457 4913 4813 5181 5410 5585 5576 5453 5075 4543 4940 4986 5246 5282 5574 5407 4417 5308 5026 5504 5381 5042 5317 4742 5032 4973 4979 5565 5270 5475 5174 5085 4967 5404 5547 4884 4667 4781 5086 4626 4996 5359 5267 5068 5169 4595 4975 4684 5211 5191 4922 5022 5276 4904 5128 5177 4788 4858 5091 5229 5273 5085 4887 5123 5321 4965 5257 5186 5073 5065 4981 5411 5831 5109 5301 4782 5336 4808 4832 5134 5241 4866 5543 5058 5235 5171 5077 5213 5257 5409 4799 4967 4981 5302 5055 5198 5344 5057 5546 5029 5123 4723 5206 5296 5163 5366 5327 5000 5103 5551 4778 4694 5197 5187 4628 4620 4803 5112 5017 5161 5037 4960 5046 5299 5277 5072 5585 5256 4707 5638 5130 5915 5120 5427 4845 5368 5265 5531 5289 5348 5420 5545 4959 4705 5219 4630 5299 4980 4612 4955 4999 4810 5225 4971 5017 5318 5283 5193 5253 4981 5181 5306 4991 4791 5043 5107 4718 5500 5095 5048
5271 5265 5335 5290 5514 5548 5216 5331 5238 5203 4562 5425 4977 5417 5196 5185 4824 5125 5200 4383 5276 4710 4958 5303 4843 4886 5610 4918 5231 4923 4937 5943 5007 5618 5126 5070 4645 5192 5597 5660 5477 5297 5030 5177 5126 5234 5569 5157 5499 5046 5343 5010 5089 5402 5562 4723 4973 5620 5686 4995 5516 5510 4898 5041 5408 5351 5692 4927 5406 5262 5204 4603 4999 5469 5070 5375 4939 4912 5315 5330 5232 4934 5014 5293 5028 4741 5552 5116 5105 5073 5309 5423 5294 5270 5129 4537 4929 5277 5528 5084 5335 5611 4688 5525 5258 5328 5515 5054 5437 5007 5254 5255 5328 5269 5226 5646 5147 5463 4847 5124 5439 4889 4876 4995 5082 4567 5308 5388 5017 5248 5169 4883 5220 4848 5213 5138 5104 4850 5261 5133 5461 4914 4755 4973 5160 5244 5102 5152 4807 5166 4998 4902 5576 5555 5005 5263 5058 5548 5612 5338 4937 4907 5431 4663 4805 5446 5173 5094 5305 5039 5560 5353 5308 5407 5207 5440 4616 4830 5170 5307 5215 5112 5630 5166 5704 5227 5279 4752 5311 5150 5204 5277 5310 5054 5189 4955 5186 4819 5125 5392 4840 4889 5045 5237 5183 5320 5135 4971 5027 5482 5269 5131 5333 4938 4708 5321 5341 5698 4945 5559 4884 5212 5278 5658 5236 5115 5207 5453 5098 4571 5409 4754 5078 5054 4578 4889 4929 5062 5437 5098 4905 5267 5128 5052 5251 5226 5330 5369 4866 4750 5638 5006 5154 5541 5161 5219
4945 4754 4969 4993 4918 5222 5190 5171 4823 4967 4435 5125 4617 5155 4432 4780 4766 4683 4996 4377 4797 4451 4406 5180 4692 4699 5153 4610 5023 4441 4635 5074 4600 5303 4735 4768 4432 4686 4949 5448 5106 5077 4923 4972 4466 4902 5139 4855 5271 4506 5246 4712 4638 4996 5223 4517 4567 5563 5203 4821 5332 5131 4357 5131 5171 5076 5363 4520 4940 4893 5273 4675 4748 4926 5021 5036 4794 4630 4869 4946 5062 4813 4820 4882 4812 4231 5251 4953 4956 5051 4940 5178 5102 5080 5031 4693 4492 4852 5112 4918 5309 5112 4111 5165 4616 4742 5104 4683 5037 4805 4602 4633 5005 4990 5095 5355 4669 5233 4705 5031 4873 4675 4782 4666 5184 4206 5075 5108 4788 4893 5081 4704 4730 4660 5000 4904 4434 4706 4725 4618 4951 4878 4624 4743 4689 4932 4866 4692 4321 4833 4968 4994 4984 4756 4622 5027 4981 5033 5150 4944 4689 4514 5130 4684 4606 4757 5116 4816 5043 4569 5236 4743 5055 4938 5035 5178 4227 4771 5015 5249 4947 5044 5162 4979 5191 4851 4751 4228 4746 4983 4634 5247 5012 5123 4994 4896 4627 4521 4951 4906 4384 4619 4726 4809 4933 4581 4901 4710 4765 4904 4937 5028 5081 4606 4369 5100 4692 5356 4713 5142 4687 4964 4936 4904 4699 4942 5068 5101 4697 4531 4898 4382 4618 4620 4526 4742 4588 4822 4748 4703 4344 5255 4715 4810 4794 4851 4826 4993 4600 4648 5140 4835 4641 5141 4917 4889
5039 4973 5142 5270 5288 5363 5224 4979 4917 5157 4716 5320 4691 5145 4911 5029 4854 5044 4985 4625 5158 4880 4828 5088 4699 5039 5430 5006 5251 5022 5131 5358 4996 5232 4794 4984 5004 4876 5150 5360 5743 5071 5237 5065 4880 5071 5078 4956 5320 4960 5309 4846 4909 5039 5463 4733 4743 5845 5154 5077 5388 5010 4863 4957 5437 5378 5363 4890 5106 5225 5282 4908 4713 4730 5126 5295 4816 4988 4922 5366 4851 4985 4922 4959 4403 4759 5195 5095 4962 4896 4976 5343 5301 5256 5022 4380 4984 4798 5289 5193 5363 5160 4339 5378 5040 5038 5401 5013 5263 4807 4938 5165 5434 5591 5161 5179 4909 5297 4909 5091 5078 4745 4963 4564 4959 4534 5044 5104 5185 5200 5061 4693 4949 4851 4875 4811 4804 4748 4940 4885 5036 5113 4576 4768 4969 5185 5113 4951 4915 4957 5016 4983 5175 5036 5005 5067 5112 5010 5423 4938 4662 4667 5138 4979 4969 5008 5167 4941 5665 5028 5140 5100 5022 5384 5210 5159 4649 4856 5175 5212 5116 4954 5266 4643 5371 4806 5073 4500 5299 5138 5213 5367 5228 4897 5036 5223 4764 4835 5129 5015 4615 4720 4865 5263 5213 5170 4949 4978 4878 5110 5202 5031 5378 4798 4390 5200 4956 5687 4867 5281 4764 5127 5096 5313 5142 4950 5496 5333 4851 4572 5248 4681 5047 4862 4930 4854 4721 4900 5094 4893 5016 5293 5279 5079 4968 4795 5081 5044 4941 4800 5475 5152 5015 5296 5124 5253
5263 4991 5274 5351 5067 5337 5352 5243 4798 5095 4486 5580 4979 5398 4687 4938 4941 5131 4968 4648 5265 4952 4614 4978 5005 4950 5578 4998 5231 5244 4794 5557 4745 5645 5033 5150 4811 5176 5083 5706 5442 5262 4831 5330 4872 5259 5443 5004 5189 5102 5419 5134 5001 5418 5349 4965 4769 5735 5696 4986 5560 5064 4702 5146 5228 5366 5567 4766 5284 5098 5249 4966 5108 5094 4990 5347 4676 4957 5308 5411 5085 5026 4786 5408 5015 4619 5462 5126 4954 5224 5345 5148 5667 5285 5136 4580 4808 4983 5129 5417 5539 5358 4643 5354 5007 5172 5317 5057 5372 5107 5164 5131 5116 5239 5523 5605 4933 5384 4868 5077 5175 4699 5111 4992 5208 4485 5286 5408 5483 5329 5393 4798 4778 4908 5083 5071 4982 4976 5210 5165 4888 5133 4717 4964 5024 4923 4947 4941 4832 5081 5249 4977 5334 5388 4881 4944 5243 5648 5656 4935 4817 4773 5136 4999 4923 5307 5051 4888 5443 4874 5369 5131 5154 5154 5412 5434 4490 4931 5242 5192 5239 5063 5151 5010 5499 5020 4928 4684 5194 5360 4994 5312 5440 4867 5089 5262 4893 4479 5319 5143 4758 4718 5082 5090 5285 5090 5209 4885 5182 5184 5219 5139 5310 5049 4572 5621 5422 5604 4975 5209 4805 5109 5107 5125 5182 5136 5070 5239 4982 4557 5201 4882 4994 4929 4441 4834 4824 5166 5069 4768 4580 5056 5155 5316 5139 5155 5066 5191 4817 4931 5267 5095 4920 5388 5156 4935
5636 5697 5910 5997 5589 6192 5840 5848 5264 5763 5199 5922 5622 5706 5404 5470 5179 5616 5613 4921 5394 5151 5213 5963 5525 5380 6014 5233 5476 5545 5457 6121 5401 6043 5262 5533 5431 5727 5945 6183 6162 5451 5661 5799 5349 5370 6012 5142 5734 5497 6144 5712 5008 5791 5970 5275 5387 6273 6026 5516 5693 5648 5296 5474 5851 5767 5976 5347 6028 5323 5855 5447 5399 5770 5771 5657 5338 5428 5770 6186 5802 5616 5352 5841 5415 5177 5911 5472 5649 5593 5583 5880 6230 6006 5816 5079 5212 5341 5603 5625 6067 5998 5176 5881 5698 5656 6026 5327 5714 5135 5443 5652 5830 6090 5829 6043 5653 5967 5802 5679 5859 5516 5485 5384 5728 5056 5593 5938 5698 5607 5804 5115 5683 5374 5426 5180 5392 5419 5736 5372 5659 5607 5187 5338 5631 5916 5627 5542 5362 5453 5596 5904 5919 5864 5478 5690 5728 6060 6142 5678 5566 5261 5722 5425 5381 5588 5764 5033 5717 5553 5908 5530 5813 5509 5575 5648 5440 5395 5807 5734 5798 5602 5954 5303 5863 5454 5568 5056 5611 5977 5581 5783 5846 5404 5663 5952 5346 4928 5827 5770 5172 5493 5310 5538 5764 5575 5626 5371 5734 5836 5713 5383 5929 5340 5032 5803 5604 6468 5525 5985 5250 5662 5628 6048 5605 5793 5812 5751 5368 4951 5809 5172 5623 5674 4897 5435 5356 5357 5676 5622 5455 5916 5632 5942 5756 5446 5688 5648 5293 5329 5943 5601 5493 6133 5767 5973
4992 5088 5138 5398 5089 5668 5347 5063 4879 5083 4795 5438 5086 5425 5026 5155 5043 5085 5007 4548 5145 4813 4745 5386 4799 4949 5469 5035 5329 4958 4679 5592 4964 5435 4880 4802 4898 5080 5175 5815 5404 4963 5078 5286 4814 5108 5647 4930 5558 5100 5451 4981 5026 5405 5447 4946 4966 5850 5538 4996 5332 5114 4899 5046 5275 5044 5698 4851 5348 5149 5198 4662 4860 5220 5055 5062 4797 4946 5358 5192 5303 5089 4875 5441 5106 4895 5455 5327 5072 5200 5386 5170 5412 5459 5360 4734 5065 5328 5616 5191 5574 5554 4568 5443 5114 5546 5371 4884 5318 4865 5052 5137 5339 5591 5466 5374 5286 5552 5147 5222 5434 4855 4869 4937 5149 4520 5059 5583 5343 5125 5303 4857 5048 4933 5065 4974 4774 4941 5141 5192 5400 5159 4674 5089 5370 5347 5067 5181 4921 5138 5566 4980 5484 5570 5000 5212 5225 5732 5607 5367 4941 4943 5222 4865 4763 5255 5298 4897 5373 5076 5387 5483 5347 5396 5334 5437 4648 5010 5082 5086 5183 5164 5545 5307 5501 5140 5219 4561 5254 5327 4941 5273 5269 5053 5400 5421 4877 4657 5318 5346 4789 4726 4982 5095 5201 5212 4991 4952 5244 5262 5477 5103 5298 5125 4416 4945 5183 5597 5044 5515 4724 5175 5136 5536 5313 5269 5438 5404 5013 4828 5330 4823 5090 4823 4735 5132 4884 4946 5309 5143 4861 5509 4967 5134 5200 5243 5096 5122 4938 4855 5416 5296 5079 5182 5315 5048
4981 4872 5028 5005 5213 5323 5207 5005 4889 4842 4557 5172 4838 5192 4500 4849 4681 4692 5042 4363 4937 4729 4551 4969 4913 4861 5173 4735 5095 4433 4710 5369 4657 5276 4759 4740 4877 5042 5178 5055 5299 5066 5034 5011 4670 5002 4991 4569 5062 4878 5347 4643 4721 4961 5345 4550 4578 5621 5149 4715 5094 4984 4656 5245 5137 5100 5406 4721 5033 5067 5053 4915 4794 4923 4899 5017 4690 4701 4964 5239 4913 4957 4807 5027 4865 4509 5200 4962 4785 4938 5080 5112 5226 5010 4948 4214 4592 4708 5163 4783 5308 5155 4521 5370 4984 5139 5270 5099 5166 4814 4915 5134 5154 5212 4913 5233 4848 5184 4967 5201 4905 4595 5030 4497 4999 4335 5071 5087 5095 4973 4984 4594 4988 4848 5202 4900 4729 4644 4844 4736 4970 5022 4639 4874 4822 4797 4976 4903 4730 5037 5152 4578 4855 5314 4834 5055 5070 5176 5499 4821 4707 4535 5018 4575 4789 4948 5135 4554 5441 4888 5180 5010 5208 4989 5073 5303 4517 4882 4633 5466 5107 4968 5299 4747 5336 4786 4965 4496 4824 5081 4803 4994 5121 4718 4994 5166 4741 4539 4928 4956 4608 4784 4713 4937 5139 4867 4994 4763 5083 5137 4711 4801 5255 4497 4693 5295 4751 5543 4566 5133 4717 4940 4991 5472 5026 4992 5432 5483 4835 4658 5141 4336 5027 4831 4578 4520 4689 4828 5102 4695 4708 5109 4970 4787 4993 4995 4900 4709 4661 4706 4790 4808 4628 5142 4965 4915
4905 4928 4916 5144 4957 5283 5321 4899 4969 4918 4430 5037 4768 5243 4849 4932 4810 4755 4863 4502 4835 4509 4589 5088 4734 4976 5133 4599 5067 4782 4712 5113 4570 5147 4506 4789 4515 5097 5014 5414 5603 4978 4716 4745 4688 4726 5069 4705 4836 4733 4943 4930 4597 5095 5143 4609 4945 5727 5246 4756 5217 5017 4488 4574 5088 5092 5438 4686 4931 4958 4885 4724 4990 4984 4637 5090 4930 4736 5021 4978 4961 4813 4901 5153 4860 4439 4856 4866 4750 4746 5075 5369 5444 5045 5199 4398 4648 4783 5170 4754 5385 5411 4610 5207 4917 4901 4835 4701 5048 4993 4862 4859 5024 5167 5044 5286 4640 5128 4959 5078 4804 4486 4936 5019 5049 4337 5054 5321 5015 4901 5002 4631 5192 4674 4860 4893 4430 4497 4841 4684 4799 4840 4480 4922 4687 4745 5068 4637 4872 5297 5354 4850 5144 5274 4617 5054 5039 5240 5499 4525 4862 4954 4977 4928 4315 5028 4820 4753 5091 4646 5370 5069 5255 5194 4905 4887 4337 4700 4757 5193 4846 4759 5065 4834 5176 5005 4868 4415 4895 5007 4882 5145 4977 4912 5110 5089 4701 4364 5091 5218 4735 4670 4779 4807 5024 4936 4749 4893 5154 4707 5056 4875 5247 4664 4416 5106 5126 5273 5049 5096 4728 5069 4967 5289 4797 4976 5251 5077 4637 4582 5121 4266 4863 4907 4379 4714 4660 4770 5182 4721 4836 5048 4819 4930 4972 4638 4996 4767 4586 4697 4862 4794 4748 5201 5040 4882
5325 5194 5524 5702 5345 6018 5604 5498 5231 4953 4815 5586 5419 5361 4982 5177 5288 5255 5321 4969 5593 4900 4848 5664 5246 5200 5576 5119 5266 5186 5012 5668 5345 5768 5118 5110 5299 5594 5675 5965 6066 5480 5438 5196 4921 5400 5344 5369 5582 5217 5527 5261 5260 5797 5570 4870 5184 5791 5785 5361 5594 5232 4936 5097 5614 5511 5878 5080 5559 5590 5674 5024 5285 5305 5339 5409 4987 4915 5417 5652 5323 5105 5350 5607 5371 4744 5491 5255 5006 5288 5546 5559 5748 5658 5304 4770 5107 5155 5548 5391 5802 5739 4840 5922 5246 5329 5579 5093 5641 5076 5307 5463 5830 5356 5616 5693 5384 5527 5345 5421 5442 5143 5061 5062 5416 4719 5410 5681 5384 5417 5391 4990 5287 5039 5380 5338 5099 4898 5508 5095 5602 5224 4862 5579 5515 5341 5180 5344 5013 5173 5314 5106 5350 5491 5172 5328 5577 5724 5625 5426 5357 4992 5670 4967 4926 5079 5647 4843 5512 5319 5827 5401 5298 5398 5439 5702 4918 5301 5498 5557 5114 5228 5259 5364 5716 5329 5158 4940 5375 5147 5091 5565 5444 5190 5432 5536 5230 4666 5556 5696 5052 5046 5054 5070 5196 5168 5106 5117 5712 5458 5731 5431 5672 5320 4765 5618 5402 5891 5075 5531 5182 5269 5756 5629 5479 5106 5632 5639 5003 4859 5475 4907 5018 5149 5042 5028 4962 5267 5460 4848 5072 5883 5343 5091 5368 5317 5363 5174 5384 5213 5469 5153 5150 5676 5015 5305
5050 5048 5473 5691 5255 5822 5568 5485 4978 5250 4551 5636 5231 5768 5120 5288 5301 5046 5056 4481 5265 4761 4680 5366 5057 5148 5531 5150 5418 5042 5124 5598 4887 5647 4950 5195 5021 5562 5447 6072 5478 5222 5295 5394 5177 5461 5612 4829 5347 5513 5643 5129 5180 5287 5474 5009 5015 5779 5693 5011 5592 5616 4820 5152 5646 5771 5680 4956 5560 5414 5338 5062 5433 5464 5350 5374 5018 4989 5575 5568 5238 4944 5081 5677 5166 4759 5564 5343 5346 5295 5339 5361 5582 5463 5443 4522 5145 5099 5590 5234 5618 5784 4612 5541 5245 5506 5264 5098 5557 5090 5417 5176 5492 5743 5367 5693 5166 5403 5183 5282 5225 4855 5348 4956 5475 4503 5217 5831 5577 5323 5441 4872 5260 5069 5074 5588 5253 5234 5404 5093 5309 5484 5150 5104 5375 5252 5199 5305 5039 5473 5563 5233 5290 5626 5135 5234 5346 5618 5723 5098 4978 4953 5190 5033 4959 5472 5419 4986 5513 5377 5611 5298 5461 5323 5351 5395 4681 4997 5354 5390 5431 5245 5633 5246 5643 5078 5184 4907 5037 5559 5155 5474 5491 5402 5330 5514 5053 4737 5394 5412 5025 4979 4904 5296 5507 5266 5289 5228 5344 5449 5245 5289 5702 5129 4851 5484 5357 5871 5190 5681 4864 5488 5445 5426 5274 5411 5248 5442 5114 4878 5294 4649 5215 5106 4802 4950 5375 5243 5493 4808 5088 5293 5128 5405 5243 5128 5530 5579 5144 5367 5269 5324 5271 5857 5272 5410
5281 4905 5250 5486 5371 5711 5446 5281 4887 5397 4687 5610 5022 5144 5066 5287 4860 5098 5214 4706 5217 4789 4863 5084 5140 4886 5626 4953 5452 5092 5150 5716 5343 5837 4889 5015 4961 5259 5467 5798 5726 5319 5318 5034 5076 5230 5357 5079 5175 4951 5535 5272 4877 5339 5734 4780 4784 5934 5672 5291 5544 5275 4944 4941 5557 5387 5594 4974 5179 5150 5267 4940 5072 5172 5123 5335 4964 4854 5449 5622 5337 5110 5051 5333 5042 4615 5533 5272 5040 5208 5121 5552 5555 5446 5248 4671 4922 5339 5488 5163 5640 5393 4888 5400 5230 5422 5527 5032 5081 4851 5579 5344 5486 5492 5198 5430 5288 5320 5346 5244 5070 5030 5156 5091 5234 4572 5316 5596 5389 5137 5278 4890 5322 5085 5231 5023 5052 5139 5100 5041 5282 5267 4709 5326 5063 5083 5063 5034 4902 5332 5414 5288 5593 5495 5130 5277 5284 5488 5566 5563 5050 4869 5244 5322 4688 5164 5259 4792 5630 5177 5535 5037 5282 5375 5251 5685 4781 5160 5278 5332 5226 5024 5516 5128 5521 5066 5204 4689 5039 5362 4864 5339 5352 5008 5302 5396 4740 4798 5261 5302 5131 4832 5106 5179 5255 5316 5113 5240 5334 5260 5365 5192 5421 4915 4703 5444 5465 6019 5064 5234 4918 5084 5399 5551 5447 5345 5571 5499 4958 4664 5114 5113 5171 5250 4792 4969 4874 5030 5183 5154 4733 5522 5280 5481 5155 4977 5269 5222 4999 4881 5380 5232 4978 5633 5341 5226
5297 5282 5546 5584 5588 5621 5801 5467 5356 5731 4771 5668 4982 5717 5152 5339 5282 5342 5553 4740 5360 5228 4820 5414 5065 5495 5519 4995 5461 5288 5272 5751 5171 5714 5305 5077 5000 5308 5523 5960 5930 5458 5690 5286 5317 5212 5622 5249 5684 5262 5576 5535 5251 5260 5760 5105 5142 6156 5702 5364 5461 5354 4692 5196 5711 5763 5831 5221 5405 5450 5434 5040 5302 5493 5373 5329 5181 5011 5461 5592 5461 5201 5009 5386 5216 5042 5594 5270 5253 5454 5568 5855 5700 5457 5471 4965 5107 5115 5633 5491 5755 5637 4985 5826 5212 5386 5475 5175 5413 5358 5245 5329 5658 5537 5606 5635 5284 5426 5460 5498 5663 5183 5155 5245 5499 4813 5576 5677 5508 5556 5764 4792 5465 5167 5266 5388 5040 5455 5512 5112 5572 5403 5143 5334 5145 5537 5371 5320 5200 5264 5668 5358 5616 5612 5180 5557 5481 5742 5960 5538 5284 5240 5662 5285 4873 5322 5354 5043 5627 5188 5779 5612 5440 5401 5637 5637 4839 5146 5385 5723 5449 5135 5656 5312 5661 5411 5374 4847 5377 5626 5466 5558 5471 5526 5608 5627 5239 5014 5558 5510 5103 5112 5240 5562 5597 5493 5305 5208 5487 5535 5438 5364 5577 5014 4832 5570 5443 5758 5443 5605 5070 5385 5439 5845 5272 5210 5784 5496 5314 4881 5359 4817 5256 5127 4782 5058 5110 5203 5551 5237 5204 5567 5222 5024 5454 5331 5338 5305 5015 5059 5549 5456 5227 5621 5491 5512
5494 5549 5648 5812 5520 5889 5781 5586 5300 5495 4936 5752 5275 5603 5215 5447 5330 5623 5522 4860 5329 4936 4990 5766 5389 5240 5972 5193 5332 5396 5259 5821 5508 6022 5276 5256 5299 5211 5736 6129 5882 5356 5411 5514 5043 5247 5494 5261 5686 5424 6022 5284 5307 5504 5780 4972 5009 6401 5983 5422 5823 5566 4801 5178 5689 5854 5928 5328 5438 5358 5798 5500 5529 5286 5397 5699 5317 5404 5627 5639 5571 5218 5447 5764 5405 5008 6054 5627 5420 5547 5591 5794 5907 5566 5598 5079 5323 5462 5991 5479 5776 5529 4955 5580 5639 5448 5683 5576 5667 5209 5549 5816 5703 5631 5795 5757 5577 5594 5511 5814 5461 5274 5299 5223 5743 4818 5634 5783 5520 5693 5621 5054 5543 5191 5676 5334 5249 5318 5816 5385 5473 5411 5115 5479 5487 5590 5552 5519 4993 5545 5689 5173 5687 5647 5166 5756 5586 5902 5865 5384 5402 5216 5632 5223 4993 5602 5775 5085 5848 5427 5695 5698 5595 5487 5689 5983 4886 5193 5463 5877 5374 5883 5615 5392 5785 5416 5354 4730 5715 5479 5310 5545 5612 5300 5382 5712 5344 5060 5427 5493 5037 5006 5263 5376 5609 5137 5805 5310 5488 5678 5703 5491 5626 5253 4928 5643 5265 6263 5388 5748 5214 5367 5738 5843 5306 5594 5799 5856 5174 5099 5726 4897 5221 5206 5104 5322 5052 5542 5426 5217 5097 5879 5645 5587 5413 5194 5600 5400 5337 5340 5653 5375 5248 5975 5369 5552
5518 5446 5759 5554 5643 5711 5704 5652 5113 5397 4945 5638 5374 5490 5149 5661 5334 5325 5360 4887 5832 5266 5128 5769 5194 5423 5724 5412 5320 5085 5181 6010 5380 5749 5278 5424 5168 5564 5754 6037 6097 5639 5613 5616 5450 5276 5538 5295 5971 5222 5865 5431 5233 5442 5665 4822 5302 6216 5943 5375 5669 5614 5100 5283 5600 5727 6090 5264 5818 5423 5555 5157 5356 5334 5421 5606 5272 5110 5514 5856 5548 5321 5482 5501 5252 5138 5822 5362 5256 5274 5569 5915 6102 5522 5413 4785 5358 5355 5647 5423 5864 5714 5084 5680 5773 5882 5850 5396 5726 5275 5611 5546 5686 5816 5571 5746 5634 5651 5409 5765 5488 5169 5441 5488 5567 4680 5689 5594 5633 5470 5613 5088 5311 5140 5412 5438 5291 5362 5426 5178 5479 5556 5071 5212 5642 5587 5482 5481 5120 5623 5837 5197 5766 5932 5379 5509 5694 5817 5893 5341 5698 5307 5495 5168 5092 5431 5391 5243 5623 5180 5662 5548 5307 5604 5941 5702 5221 5526 5509 5889 5577 5669 5904 5556 5691 5370 5473 4982 5584 5729 5134 5552 5470 5302 5470 5556 5419 5044 5596 5558 5053 4911 5270 5493 5567 5394 5558 5429 5695 5710 5514 5180 5918 5078 5041 5819 5283 6049 5517 5848 5171 5708 5742 6241 5687 5544 5764 5908 5500 5050 5921 5035 5501 5394 5114 5290 5337 5344 5533 5175 5266 5687 5667 5352 5541 5344 5627 5455 5272 5383 5538 5303 5144 5789 5603 5585
5440 5473 5945 5641 5734 5954 5920 5790 5362 5687 5158 5829 5429 5704 5267 5320 5354 5690 5571 4717 5738 5347 5272 5706 5489 5506 5904 5235 5611 5336 5492 5964 5554 5826 5232 5352 5187 5808 5984 6153 6134 5685 5570 5651 5614 5248 5604 5508 5817 5500 5840 5495 5277 5899 6098 4885 5250 6122 6003 5405 5876 5564 5078 5704 5661 5813 6092 5266 5713 5426 5827 5447 5594 5290 5531 5825 5189 5314 5423 6158 5510 5323 5637 5559 5486 5091 5908 5305 5139 5574 5682 6281 5935 5872 5769 5277 5472 5336 5934 5632 6183 5981 5138 5764 5629 5699 5753 5436 5997 5327 5250 5662 5617 5816 5792 5920 5480 5927 5662 5771 5906 5043 5419 5504 5772 4863 5831 5809 5421 5688 5649 5220 5396 5276 5535 5792 5468 5333 5440 5417 5716 5517 5206 5426 5794 5466 5561 5537 5311 5871 5572 5438 5913 5863 5419 5374 5757 6051 6257 5547 5480 5294 5800 5538 5192 5428 5617 5472 5840 5612 6000 5580 5555 5657 5574 5803 5305 5458 5499 5720 5663 5466 5600 5572 6158 5438 5690 5293 5803 5585 5528 6005 5807 5691 5761 5650 5569 5016 5762 5609 5478 5288 5320 5539 5517 5616 5491 5268 5676 5616 5478 5542 5812 5440 5217 6086 5782 6380 5601 5970 5185 5640 5832 6217 5700 5413 5751 5733 5288 5026 5719 5203 5483 5362 5321 5383 5282 5453 5844 5282 5257 5856 5754 5312 5677 5496 5454 5794 5420 5292 5820 5506 5271 6023 5554 5728
5096 5155 5394 5224 5289 5376 5460 5324 5058 5193 4618 5508 4918 5314 4771 5030 5062 5320 5216 4598 5262 4810 4817 5325 5002 5130 5475 5213 5147 5045 4857 5574 5011 5246 5154 4809 5157 5431 5371 5746 5580 5173 4908 5446 5095 5048 5526 4949 5357 5137 5497 4846 4970 5478 5526 5010 4631 5947 5421 4974 5410 5427 4866 5202 5291 5382 5657 5084 5184 5075 5287 4935 5142 5272 5221 5162 4988 5044 5334 5488 5171 4887 5097 5235 5028 4808 5459 5174 5130 5116 5335 5528 5631 5392 5169 4677 5150 5313 5361 5178 5540 5487 4830 5518 5280 5297 5682 4944 5195 4901 4987 5190 5336 5392 5567 5339 5225 5365 5224 5283 5241 4695 5392 4906 5349 4444 5236 5369 5492 5366 5560 4889 5134 5082 5026 5123 4683 4926 4814 5139 5395 5006 4961 5167 5028 5211 4992 5080 4693 5204 5254 5134 5539 5746 5236 5210 5424 5644 5764 5259 5207 4735 5302 4921 4964 5439 5314 5152 5527 5170 5562 5434 5346 5767 5745 5428 4624 4861 5044 5337 5130 5001 5438 5162 5553 5118 5022 4753 5208 5310 5006 5533 5513 4945 5355 5157 5185 4591 5518 5193 5011 4687 5141 4927 5351 5187 5259 5041 5206 5418 5441 5122 5265 5078 4759 5515 5118 5660 5027 5386 4790 5262 5359 5703 4994 4941 5394 5295 5042 4649 5561 4739 5061 5256 4784 4859 4966 4968 5330 4811 5023 5273 5233 5086 5237 5255 5184 5157 5237 4969 5395 5082 4749 5381 5282 5119
5033 5084 5605 5527 5514 5445 5538 5443 4877 5569 4775 5396 5134 5370 5019 5385 5190 5158 5440 4586 5575 4785 4971 5355 4811 4879 5687 4821 5209 5227 4971 5736 5135 5595 4930 5048 5093 5633 5325 5571 5483 5413 5434 5247 4931 5154 5424 4979 5571 5341 5449 5280 5197 5417 5673 4875 4949 5910 5508 5178 5584 5377 4827 5148 5537 5376 5539 5010 5591 5334 5242 4969 4978 5390 4976 5298 5014 5018 5665 5402 5394 5018 5114 5323 5168 4762 5459 5364 5172 5439 5168 5536 5639 5369 5398 4794 5081 5014 5710 5297 5605 5497 4812 5685 5355 5499 5409 5173 5426 5084 5178 5256 5190 5396 5601 5503 5655 5508 5272 5378 5632 5013 5003 4693 5483 4614 5536 5605 5509 5119 5527 4888 5237 4791 5299 5305 5067 5090 5151 5188 5606 5355 4989 5118 5093 5433 5334 5300 5043 5209 5674 5228 5741 5599 4962 5346 5105 5893 5750 5249 4962 5010 5522 5112 4651 5401 5321 4781 5650 5178 5790 5527 5533 5297 5308 5372 4855 5303 5442 5343 5408 5384 5636 5032 5464 5239 5350 4827 5289 5394 5329 5582 5360 5423 5368 5396 5102 4776 5109 5419 4946 5048 5094 5243 5321 5263 5205 5308 5189 5330 5235 5477 5547 4899 4813 5326 5345 5906 5296 5604 4800 5214 5510 5709 5199 5237 5335 5615 5091 4868 5350 4807 5228 4791 4878 4912 4935 5171 5312 5114 4914 5579 5518 5231 5168 5100 5452 5372 5108 5044 5339 5296 5218 5585 5243 5270
4972 4827 5467 5209 4988 5104 5185 5050 4943 4857 4714 5224 4976 5237 4585 5147 4729 5033 5171 4400 5050 4600 4523 5040 4835 4596 5249 4812 5013 4805 4598 5436 5092 5498 5030 4487 4918 5114 5178 5264 5446 4971 4812 4816 4793 5006 5213 4662 5086 5038 5122 4916 4729 5186 5503 4574 4591 5546 5456 4964 5266 5042 4632 4712 5243 5329 5288 4739 4777 5124 5060 4784 4709 5061 4931 5157 4760 4794 5156 5273 4996 4940 4959 5260 5117 4526 5415 4932 4702 4958 5180 5423 5298 5058 4829 4657 4795 4963 5177 4940 5437 5174 4516 5334 5134 5315 5209 5034 5155 4851 5110 5069 5063 5382 5276 5416 5147 5182 5021 5183 5028 4617 4908 4941 5032 4444 5177 5215 5162 5215 5029 4678 4889 4931 4963 4901 4771 4862 4849 4829 4963 5154 4576 4807 4920 4682 4869 4947 4822 5143 4857 4734 5245 5278 4875 5174 5095 5513 5334 5112 4760 4761 5284 4682 4637 5039 5065 4567 5340 4551 5445 5193 5128 5008 5166 5446 4351 4917 4770 5097 4956 4891 5420 4832 5476 5107 4767 4737 5132 4892 4694 5035 4929 4823 5116 5159 5112 4531 5156 5084 4716 4696 4892 4922 4935 4868 5125 4715 5003 5154 5109 5055 5103 4822 4518 5104 5288 5423 4575 5168 4463 4886 5392 5516 4958 5208 5060 5461 4962 4581 5256 4444 4949 4877 4537 4644 4810 4890 5107 4747 4773 5023 5278 4965 5101 4878 4637 4728 4607 4794 4927 4889 4865 5344 5140 5196
5457 5511 5644 5766 5690 5925 5928 5675 5574 5664 4946 5684 5353 5792 5395 5401 5321 5448 5650 4849 5643 5429 5121 5767 5597 5302 5742 5413 5587 5408 5473 5887 5237 5981 5385 5384 5182 5745 5675 6054 5898 5436 5456 5279 5275 5769 5506 5285 5584 5364 5813 5368 5200 5847 5876 5177 5093 6195 5771 5100 5921 5443 5105 5343 5705 5696 6212 5119 5526 5476 5582 5419 5233 5395 5439 5736 5247 5487 5809 6002 5360 5478 5167 5503 5252 4799 5643 5449 5324 5298 5552 5941 6118 5497 5616 4989 5224 5362 5642 5720 6159 5902 5150 5672 5607 5425 5913 5462 5990 5362 5320 5373 5711 5664 5803 5937 5490 5772 5402 5495 5550 5190 5439 5172 5664 5115 5594 5744 5583 5616 5407 5172 5589 5240 5464 5494 5460 5425 5516 5411 5605 5230 4983 5649 5517 5456 5586 5674 5290 5404 5480 5376 6010 5643 5386 5328 5381 5855 5947 5617 5514 5112 5626 5289 5169 5678 5323 5031 5817 5514 5951 5598 5486 5662 5672 5626 5001 5468 5562 5752 5389 5411 5508 5478 5456 5410 5547 4985 5787 5649 5381 5658 5458 5453 5565 5781 5682 4853 5712 5733 5112 5380 5552 5622 5767 5563 5521 5342 5335 5622 5680 5286 5834 5447 4934 5736 5861 6262 5315 5860 5228 5706 5773 5810 5346 5303 5715 5795 5094 4929 5712 5092 5479 5308 5225 5140 5385 5330 5546 5452 5075 5876 5671 5485 5520 5422 5390 5587 5282 5390 5677 5266 5292 6009 5599 5595
5413 5526 5731 5498 5602 5655 5667 5794 5229 5535 4877 5672 5365 5504 5076 5384 5155 5240 5643 4982 5443 5019 4877 5348 5478 5366 5547 5229 5446 5175 5275 5776 5270 5783 5150 5165 5031 5579 5950 5834 5931 5382 5290 5475 5462 5348 5676 5341 5544 5185 5717 5351 5063 5830 5905 5096 4983 5982 5930 5432 5386 5437 5053 5349 5635 5750 5990 5071 5461 5353 5576 5260 5412 5563 5324 5497 5229 5397 5614 5528 5470 5215 5236 5617 5187 4851 5477 5456 5158 5425 5358 5719 5514 5631 5331 4723 5208 5272 5542 5378 5618 5690 4905 5599 5419 5549 5767 5564 5380 5325 5388 5135 5437 5634 5546 5595 5635 5555 5369 5481 5478 5271 5218 5173 5566 4853 5494 6166 5525 5601 5370 4979 5403 5283 5429 5520 5160 5307 5273 5366 5524 5276 4857 5403 5438 5173 5429 5449 5175 5313 5692 5159 5683 5677 5220 5460 5372 5675 6077 5744 5226 5013 5688 5112 4923 5513 5632 5229 5810 5352 5632 5611 5513 5582 5621 5652 4747 5191 4983 5590 5593 5332 5684 5458 5772 5505 5340 4756 5348 5572 5521 5444 5793 5268 5390 5686 5173 5096 5413 5533 5167 5303 5294 5204 5232 5460 5363 5365 5302 5495 5481 5508 5492 4965 4997 5508 5564 5800 5158 5756 5277 5716 5561 5727 5401 5538 5826 5663 5406 5006 5409 4889 5315 5071 4842 5214 4918 5153 5235 5385 5063 5678 5146 5425 5408 5239 5395 5492 5274 4979 5463 5217 5359 5633 5188 5437
5212 5155 5822 5816 5561 5665 6039 5497 5352 5496 4981 5830 5321 5407 5225 5129 5104 5302 5434 4570 5520 5181 5244 5691 5293 5206 5854 5222 5439 5145 5366 5872 5183 5682 5221 5181 5302 5422 5778 6176 5974 5602 5608 5521 4989 5444 5772 5181 5714 5191 5653 5504 5030 5650 5674 5066 5317 6334 5870 5213 5492 5529 5128 5303 5827 5536 5738 5329 5543 5339 5927 5136 5375 5367 5181 5503 5310 5395 5790 5793 5460 5435 5490 5602 5611 4944 5618 5512 5286 5517 5448 5427 5778 5923 5474 4707 5293 5473 5656 5447 5710 5714 5011 5765 5609 5493 5644 5485 5596 5323 5523 5661 5610 5814 5609 5831 5380 5755 5536 5729 5554 5095 5403 5375 5538 4829 5505 5839 5371 5562 5517 4893 5317 5098 5460 5437 5079 5402 5484 5364 5682 5527 5102 5276 5492 5553 5531 5299 5401 5794 5809 5360 5724 5869 5244 5550 5639 5820 6083 5541 5465 5157 5362 5129 4950 5519 5534 5097 5684 5326 5453 5571 5457 5201 5471 5571 4713 5414 5485 5596 5457 5361 5894 5183 5610 5444 5378 5072 5450 5564 5378 5574 5691 5304 5487 5751 5249 5068 5566 5404 5126 5109 5091 5463 5588 5214 5389 5298 5396 5614 5319 5304 5740 5391 5000 5587 5579 6083 5442 5737 4937 5690 5557 5702 5670 5463 5627 5820 5213 5172 5399 5081 5218 5226 4999 5224 5213 5250 5606 5441 5306 5511 5527 5419 5363 5385 5574 5583 5161 5315 5598 5655 5297 5997 5645 5357
5145 5060 5148 5395 5352 5571 5658 5119 5131 5081 4560 5390 4912 5484 4752 5177 4956 5046 5100 4827 5213 4874 5028 5266 4962 4872 5538 5084 5185 4863 4952 5709 4924 5429 4957 4788 4880 5216 5461 5632 5647 5313 5159 4834 4829 5215 5403 4994 5282 5437 5255 5008 5000 5462 5557 4802 4937 6102 5437 5025 5546 5377 4877 4864 5453 5318 5594 4880 5224 5097 5402 5139 5143 5184 5249 5209 4949 4937 5245 5347 5118 4995 4782 5336 5229 4771 5241 5132 4804 5303 5282 5413 5649 5371 5137 4610 5011 5000 5588 5138 5654 5506 4744 5402 5512 5417 5321 4991 5269 5112 5168 5338 5188 5479 5285 5419 5255 5255 5323 5212 5006 4858 4943 5049 5265 4764 5178 5512 5414 5156 5307 4713 5023 4891 5060 5240 4677 4929 5050 4918 5327 5235 4590 5012 4888 5150 5116 5106 5100 4953 5014 5066 5315 5467 4991 5236 5390 5753 5560 5168 5182 5186 5239 4891 4707 5300 5172 4803 5559 5294 5487 5426 5501 5523 5251 5336 4657 4831 5313 5367 5163 4765 5418 4977 5438 5057 4938 4654 5231 5333 5408 5370 5381 5102 5194 5507 4980 4725 5018 5425 4701 4911 4978 5002 5330 5154 5118 5061 5215 5410 5236 5302 5302 4839 4617 5157 5067 5724 5267 5508 5046 5108 5570 5507 5150 5315 5529 5435 4936 4578 5287 5021 5215 5066 4627 4865 4777 4910 5499 5088 4666 5311 5208 5212 5101 4916 5275 5135 5040 4844 5260 4972 4986 5764 5160 5119
5194 5318 5555 5630 5696 5834 5570 5476 5396 5386 4703 5663 5355 5646 5043 5282 5206 5239 5459 5099 5555 5087 5096 5641 5156 5143 5646 5148 5298 4977 5086 5689 5240 5411 5483 5145 5166 5633 5648 5490 5879 5369 5396 5533 5176 5527 5811 5238 5478 5200 5669 5257 5363 5463 5985 5118 4961 6137 5858 4968 5435 5512 4926 5265 5530 5419 5785 5153 5337 5144 5522 5233 5419 5398 5359 5505 5186 5196 5566 5563 5175 5306 5238 5556 5152 4823 5575 5390 5295 5497 5405 5790 5679 5591 5278 5005 5232 5345 5523 5425 6016 5737 5065 5590 5457 5684 5691 5282 5494 5009 5218 5029 5543 5575 5703 5546 5111 5514 5402 5530 5523 4949 5161 5319 5467 4637 5496 5732 5377 5489 5444 4873 5264 5295 5583 5339 4991 5037 5175 5189 5421 5084 4789 5421 5032 5313 5274 5368 5153 5209 5436 5060 5842 5836 5006 5396 5448 6057 5819 5265 5386 4911 5632 5174 5056 5577 5489 5356 5385 5184 5725 5447 5296 5488 5568 5905 4844 5302 5260 5622 5601 5080 5441 5580 5636 5380 5500 5095 5389 5652 5357 5328 5158 5413 5361 5565 5265 4813 5497 5740 4951 4963 5146 5373 5419 5236 5332 5246 5422 5236 5642 5427 5675 5184 4728 5613 5538 5887 5136 5752 4987 5344 5533 6027 5293 5149 5347 5755 5229 5014 5486 5030 5486 5258 4936 4895 5170 5165 5356 5156 5169 5773 5295 5247 5389 5187 5330 5395 5201 4921 5341 5203 5222 5527 5408 5333
4818 4886 5022 5018 4931 5376 5179 5030 4764 4901 4552 5360 5008 4957 4625 5047 4746 4651 5019 4267 4961 4643 4596 4916 4862 4734 4948 4644 4845 4603 4543 5205 4664 5297 4849 4542 5012 5260 5050 5219 5434 5097 4917 4810 4532 4972 5189 4732 4985 4922 4813 4858 4743 4985 5108 4560 4781 5467 5044 4726 5184 4956 4615 4641 5175 5149 5240 4532 4862 4807 5143 4735 4545 4837 5007 4876 4645 4613 5071 5057 4665 4791 4722 4974 5148 4335 4999 4903 4550 4863 4847 4945 5345 4856 5285 4255 4761 4700 5291 4954 5306 5154 4668 5092 4907 5116 4963 4602 4956 4721 4693 4857 5212 5067 5109 5140 4840 4916 5008 4875 4954 4640 4909 4830 4843 4296 4959 5166 4843 4830 5004 4565 4921 4628 4774 4735 4714 4768 4939 4483 4881 4688 4334 4828 5190 4862 4699 4792 4746 4743 4840 4896 4991 5074 4702 4824 5073 5276 5341 4724 4852 4498 4724 4395 4698 4689 4812 4706 5132 4969 5027 5219 4844 5163 5166 4936 4400 4866 4859 5048 5006 4517 5251 4835 5196 4660 4830 4585 5070 5001 4666 4814 4974 4796 4958 5057 4785 4307 4779 4970 4530 4680 4590 4860 5094 4801 4738 4804 4942 5083 5055 4898 5175 4700 4456 5120 4989 5529 4672 5137 4433 5004 4939 5420 5031 4987 5220 5099 4744 4359 5072 4433 4868 4770 4326 4886 4649 4822 5003 4863 4441 5149 5037 4576 4718 5144 4672 4847 4638 4498 4722 4788 4856 5228 4919 4689
5437 5388 5492 5302 5102 5780 5691 5648 5052 5035 4962 5538 5082 5569 5056 5183 5194 5156 5362 4728 5530 4934 5019 5527 5263 5223 5583 4992 5171 4970 5017 5613 5003 5596 5023 5411 5165 5319 5519 5702 5697 5318 5196 5180 5106 5261 5502 5106 5699 5349 5612 5007 5045 5442 5687 4933 5074 6039 5547 5254 5548 5343 5023 5158 5583 5503 5814 5196 5417 5430 5229 5036 5308 5405 5371 5495 4950 5081 5705 5537 5330 5190 4949 5519 5190 5045 5677 5239 4980 5233 5369 5383 5890 5631 5335 4766 5078 5118 5356 5530 5736 5681 4706 5650 5369 5391 5620 5080 5428 5188 5314 5527 5671 5807 5619 5597 5019 5469 5336 5226 5385 4921 4959 5191 5356 4642 5548 5689 5375 5434 5604 4780 5296 5039 5010 5056 5045 5082 5237 5319 5356 5331 4940 5352 5336 5453 5135 5219 5045 5206 5366 5144 5358 5359 5181 5410 5152 5647 5672 5252 5123 5318 5352 5184 4637 5100 5450 4830 5488 4972 5576 5388 5612 5418 5320 5588 4753 5188 5198 5649 5182 5534 5376 5175 5545 5347 5301 4803 5498 5471 5349 5401 5658 4937 5486 5716 5188 4881 5424 5494 5081 4979 5269 5200 5361 5167 5273 4997 5357 5570 5171 5400 5732 5058 4822 5436 5475 5902 5411 5389 5065 5453 5498 5506 5384 5451 5904 5671 5066 4837 5711 5006 5172 5161 4831 4985 4955 5236 5288 5073 4929 5594 5382 5306 5115 5186 5254 5327 5077 4949 5382 5112 5036 5473 5335 5606
5355 5114 5515 5730 5236 5720 5685 5460 5099 5385 4698 5653 5030 5519 4949 5306 5196 5342 5435 4773 5387 5159 4934 5675 5114 4993 5491 5228 5116 5099 5332 5705 5182 5723 5393 5376 4930 5400 5420 5846 5601 5284 5460 5367 5001 5356 5725 5135 5606 5253 5682 4797 5161 5586 5781 5170 4887 6162 5752 5023 5373 5555 4941 5183 5475 5776 5738 5011 5647 5132 5348 5031 5316 5424 5380 5427 5062 5089 5292 5705 5265 5230 5197 5486 5198 4956 5750 5251 5201 5677 5434 5666 5628 5475 5474 4766 5314 5244 5301 5546 5534 5717 4602 5867 5460 5427 5685 5344 5344 5009 5493 5416 5588 5710 5487 5609 5148 5532 5220 5461 5535 5032 5255 5035 5021 4678 5332 5821 5532 5755 5627 4968 5504 4948 5213 5337 5265 5073 5407 5049 5349 5333 4856 5291 5133 5779 5370 5548 4967 5509 5357 5223 5458 5792 5223 5433 5151 5784 5641 5411 5256 4982 5461 4810 4880 5372 5381 4921 5663 5224 5484 5403 5442 5343 5291 5703 4701 5195 5014 5729 5517 5468 5329 5473 5673 5224 5378 4934 5516 5529 5450 5336 5539 5338 5513 5591 5238 4660 5216 5277 4981 5092 5274 5281 5470 5341 5533 5390 5196 5470 5262 5242 5546 4935 4612 5719 5568 5897 5468 5725 4815 5549 5439 5728 5154 5426 5486 5826 5139 5106 5680 5198 5382 4982 4999 4902 5007 5215 5245 5204 4932 5814 5306 5274 5348 5341 5491 5399 5168 5012 5487 5276 5194 5652 5495 5522
5276 5247 5495 5259 5217 5528 5137 5217 4808 5171 4621 5514 5046 5203 5220 5081 5094 4987 5247 4460 5337 4524 4853 5241 4863 4929 5215 4962 4956 5032 4997 5632 4890 5467 4925 4913 4964 5423 5436 5564 5597 5133 5190 5687 4917 5270 5366 5247 5481 5043 5844 4910 5134 5137 5401 4976 4987 5751 5489 5134 5269 5209 4841 4986 5470 5446 5412 4948 5060 5182 5284 5039 4827 4949 5091 5296 5068 4696 5145 5329 5061 5023 5055 5084 4689 4446 5329 4941 4922 4916 5115 5444 5623 5278 5234 4583 4843 5145 5143 5285 5665 5568 4801 5234 5048 5125 5594 4885 5236 4828 5154 4932 5377 5296 5209 5408 5178 5526 5024 5365 5141 4694 5032 4924 5200 4525 5053 5319 5015 4946 5139 4585 4859 5038 5079 4723 5087 4864 4990 4921 5072 4850 4576 4901 5160 5266 4938 4964 4855 5254 5196 4998 5396 5439 4835 5081 5311 5536 5647 4997 4738 4905 5268 4948 4747 5163 5132 4688 5317 4937 5421 5215 5241 5182 5184 5287 4912 5389 5138 5209 5184 5103 5328 5147 5436 4920 5283 4589 4965 5073 4951 5362 5122 5219 5346 5239 4913 4574 5105 5302 4865 4793 4619 5062 5045 5095 5103 5202 5144 5191 5231 4773 5340 4862 4344 5535 5217 5726 4889 5286 4875 5271 5232 5383 5143 5037 5275 5211 5022 4605 5140 4650 4972 5046 4774 4975 4980 5006 5132 4799 5086 5565 5080 5060 5144 4998 4875 5189 4981 5013 5215 4906 4914 5487 5216 5085
5253 5243 5666 5584 5432 5705 5636 5403 5299 5324 4922 5813 5449 5592 5061 5328 5093 5203 5352 4819 5694 4957 4955 5583 5274 5380 5618 5335 5372 5139 5098 5492 5070 5690 5284 5171 4970 5609 5469 5722 5945 5629 5433 5592 5132 5359 5716 5764 5678 5289 5735 5464 4994 5635 5769 5260 5271 6168 5785 5308 5496 5176 4745 5353 5927 5539 5678 5003 5519 5269 5438 5129 5240 5423 5277 5619 5205 4945 5534 5810 5572 5230 5251 5369 5124 4860 5675 5337 5204 5441 5291 5354 5449 5586 5499 4733 5076 5043 5547 5353 5747 5785 4877 5491 5366 5486 5775 5288 5803 5559 5151 5264 5523 5486 5656 5675 5237 5440 5549 5446 5259 5130 5090 5161 5305 4795 5539 5633 5709 5408 5580 4988 5337 5089 5234 5188 4998 5164 5623 5008 5381 5168 4829 5138 5516 5427 5489 5513 4995 5281 5449 4919 5451 5562 4962 5148 5608 5706 5624 5491 5333 5070 5284 5126 4922 5279 5266 5091 5660 5029 5703 5652 5489 5388 5308 5584 4829 5544 5383 5398 5537 5216 5741 5283 5586 5233 5228 5037 5562 5528 5158 5437 5458 5348 5542 5632 5234 5114 5617 5520 4942 5234 5096 5342 5402 5297 5187 5278 5485 5460 5376 5246 5824 5194 4743 5906 5369 6033 5213 5643 4976 5489 5496 5648 5469 5357 5808 5568 5129 4995 5432 4909 5074 4801 4913 5211 5260 5105 5611 5140 5078 5505 5195 5172 5349 5194 5210 5381 4990 5224 5249 5398 5254 5709 5499 5302
5435 5332 5434 5561 5442 5773 5853 5410 5440 5385 4832 5526 5243 5462 5075 5284 5104 5216 5265 4737 5368 5189 4972 5690 5254 5263 5659 5008 5330 4997 5185 5927 5296 5699 5207 5147 5127 5595 5757 5873 6147 5604 5445 5366 5132 5280 5657 5463 5685 5399 5576 5362 5333 5544 5897 5029 5335 6185 5692 5400 5613 5230 5187 5187 5716 5863 5989 5050 5405 5386 5515 5141 5363 5540 5481 5472 5049 5198 5599 5808 5386 5420 5181 5349 5339 5090 5684 5366 5296 5412 5607 5874 5734 5701 5201 5072 5215 5102 5851 5453 5985 5559 5174 5546 5570 5504 5587 5373 5663 5180 5410 5270 5591 5809 5910 5615 5398 5464 5565 5441 5376 5184 5131 5441 5497 4891 5536 5580 5447 5617 5645 5059 5557 5217 5402 5456 5170 5282 5623 5186 5584 5438 4935 5497 5313 5301 5221 5273 5129 5461 5553 5248 5558 5648 5131 5485 5454 5656 5788 5406 5381 5243 5643 5187 5246 5496 5253 5107 5584 5237 5545 5293 5484 5632 5784 5686 4901 5465 5314 5605 5206 5423 5754 5332 5694 5293 5342 4895 5414 5400 5173 5532 5420 5461 5545 5808 5264 5051 5581 5538 4984 5378 5158 5261 5585 5285 5284 5081 5450 5533 5344 5349 5430 5187 4838 5723 5359 5814 5260 5590 5048 5424 5747 5994 5560 5402 5945 5663 5135 5047 5813 4968 5139 5163 4842 5212 5202 5453 5371 5227 5101 5828 5469 5429 5522 5203 5523 5312 5556 5095 5639 5301 4943 5957 5369 5326
5276 5313 5049 5623 5324 5782 5113 5243 5033 5077 4758 5446 5119 5312 4962 5187 5017 5111 5290 4383 5429 4517 4920 5486 5049 4970 5564 4957 5313 4783 5105 5505 5056 5555 5116 5213 5057 5446 5539 5982 5772 5115 5066 5270 4831 5289 5626 5006 5501 5114 5606 5058 5177 5329 5539 4789 4964 5804 5494 4989 5225 5404 4972 4949 5588 5486 5721 5184 5132 5193 5429 5001 5398 5345 5215 5411 5017 5102 5411 5597 5292 5231 5052 5321 5012 4600 5558 5383 5059 5240 5112 5444 5392 5244 5286 4655 4917 5080 5305 5174 5631 5411 4810 5384 5210 5235 5405 5087 5278 4994 5053 5039 5452 5480 5226 5529 5169 5304 5098 5069 5352 4943 5102 5031 5268 4439 5467 5610 5008 5386 5357 4738 5032 4932 5205 5058 5091 4974 5236 5136 5226 4923 4843 5006 5146 5355 5304 4826 4999 5103 5252 5088 5430 5547 5044 5154 5310 5669 5759 5202 5180 4938 5462 4912 4807 5282 5211 5038 5331 5053 5526 5255 5077 5403 5006 5140 4686 5064 5141 5333 5275 5140 5568 5215 5593 5331 5085 4668 5400 5319 5042 5373 5264 5132 5078 5222 5203 4403 5491 5378 4836 4837 4877 5073 5254 4909 5162 4960 5439 5258 5383 5178 5357 4765 4808 5349 5132 5786 5037 5480 4635 5143 5418 5473 5122 5105 5411 5274 4936 4800 5221 4797 5080 5188 4739 4908 4888 5003 5303 4904 4910 5444 5260 5414 5191 5082 5223 5038 5265 5051 5456 5021 5041 5462 5282 5267
4914 5045 5495 5115 5575 5150 5419 5035 4974 5060 4632 5569 5252 5161 4911 4831 4848 4892 5269 4535 5212 4699 4953 5261 4802 4852 5453 4960 4972 4838 4596 5616 5035 5249 4980 4644 4809 5299 5142 5206 5367 5053 5021 5083 4864 4993 5474 4770 5085 4995 5441 4838 4956 5162 5399 4797 4683 5706 5291 4662 5281 5230 4714 4962 5261 5089 5296 4889 5117 4845 5402 4830 4744 4988 5092 5095 4956 4600 5278 5416 5092 5033 4554 5279 4905 4630 5228 4997 4721 5091 5007 5222 5453 5073 5298 4494 5066 5160 5409 5059 5579 5137 4655 5323 5303 5303 5254 4976 5219 4770 5382 5257 5097 5367 5318 5423 5035 5248 5153 5251 5162 4983 4841 4941 5237 4539 5119 5321 5487 5018 5116 4717 4990 4818 5116 4973 4630 4843 5230 5054 5192 4726 4631 4987 4899 5050 5151 4951 4844 5333 5059 5007 5270 5500 4625 5128 4950 5639 5736 5283 5010 4761 5409 4613 4468 5102 5161 4556 5399 5170 5217 5325 5313 5392 5376 5364 4942 5119 5013 5089 5219 4888 5558 5020 5160 4843 5088 4812 5321 4993 4836 5252 5196 4864 4983 5264 4993 4726 5098 5127 4668 5003 4772 5121 5186 4983 5033 5045 4844 5251 4912 4793 5460 4821 4440 5234 4973 5824 5044 5397 4444 5032 5246 5361 5151 5097 5464 5521 5118 4723 5159 4680 4921 4789 4503 4830 4815 4725 5274 5238 4743 5313 5308 5076 5051 5008 4981 5182 4846 4765 5247 5025 4881 5406 5165 4833
5013 5256 5245 5023 5399 5524 5431 5286 4964 4919 4653 5368 4922 5095 4871 4848 5019 4791 4916 4693 5087 4825 4720 5156 4898 5024 5481 5099 5082 4788 4642 5411 4757 5196 4986 5099 4713 5106 5218 5446 5507 5074 5146 4923 4751 4983 5366 4852 5353 4862 5255 4864 4828 5181 5535 4790 4750 5783 5515 4772 5222 4922 4652 4954 5232 5320 5617 4875 5431 4933 5559 4907 5097 5254 5031 4945 4849 4813 5457 5304 5084 5133 4776 5330 5073 4647 5148 5030 4889 5325 5137 5319 5464 5236 5043 4461 4939 5160 5050 5247 5536 5197 4428 5475 5175 5181 5229 4743 5150 4934 5224 5006 5413 5338 5340 5574 5067 5407 5256 5096 5153 4907 4962 4976 5115 4443 5232 5549 5102 5022 5291 4746 5133 5102 5011 4842 4783 4867 5250 4814 5097 4897 4542 4881 4924 5214 4976 5014 4806 5164 5249 5037 5168 5477 5052 5183 5046 5524 5858 5118 5140 4750 5332 4909 4652 4953 5164 4799 5117 4909 5326 5225 5351 5089 5046 5346 4275 4918 4845 5291 5082 5109 5269 5033 5380 5113 4952 4517 5366 5070 4883 5126 5406 4967 5154 5472 4889 4621 4982 5297 4613 5013 4828 5124 5308 4958 4962 5077 4993 5094 5272 5049 5609 4746 4508 5364 5286 5407 5120 5307 4571 5148 4958 5398 5067 5188 5483 5647 4910 4799 5365 4696 4923 4912 4568 4773 4561 4943 5057 4912 4607 5316 5040 5164 5028 4879 5112 4989 4809 4944 5308 4969 4960 5432 5039 5082
5016 5389 5083 5304 5138 5429 5107 5199 5175 5076 4721 5444 4739 5105 4908 5398 5030 4986 4988 4703 5347 4886 4769 5054 4957 5031 5733 4830 5286 4912 4986 5222 4906 5479 5073 4822 4818 5270 5395 5786 5361 5674 5145 5257 4899 5144 5357 5227 5229 4997 5424 4952 4954 5330 5472 4893 4863 5916 5459 5210 5361 5123 4736 4909 5314 5364 5628 4808 5127 5221 5437 4761 5313 5325 4970 5120 5137 4941 5339 5414 5398 4863 5065 5250 4837 4837 5512 5262 4919 4901 5327 5535 5156 5126 5045 4747 5131 4942 5323 5103 5466 5415 4607 5410 5219 5170 5149 5101 5276 4956 5145 5055 5492 5271 5526 5402 4895 5407 5192 5477 5041 4628 4866 4896 4956 4392 5276 5514 5024 5263 5323 4601 5392 4896 5230 5155 4989 4671 5280 4994 5346 5057 4688 4819 5132 5184 5369 5026 4737 5054 5316 4916 5332 5590 4985 5133 5125 5593 5716 5212 4897 4908 5205 4905 4648 5169 5222 4912 5377 4815 5577 5198 5337 5043 5089 5231 4410 4925 5052 5290 5140 5501 5136 4685 5475 5205 4963 4694 5313 5294 5004 5191 5308 5318 5293 5293 5097 4635 5177 5327 4736 4893 4947 5059 5285 5092 5129 5030 5116 5190 5168 5173 5421 4962 4557 5464 5247 5528 4836 5491 4847 5030 5121 5282 5223 4953 5345 5413 4702 4568 5397 4684 5152 4795 4363 4780 4933 5026 5111 4958 4898 5300 5253 5150 4981 5046 5415 5049 5229 4908 5345 5137 5027 5378 4881 5132
5043 4995 5166 5167 5057 5447 5160 4916 4881 5257 4566 5336 4860 5217 4563 4786 5177 4988 4860 4469 5026 4833 4613 5000 4921 4836 5383 5038 5025 5017 4979 5511 4893 5343 4777 4811 4851 5216 5101 5840 5253 5081 4955 4974 4770 5011 5124 5011 5048 4756 5521 5030 4952 5158 5451 4534 4819 5746 5048 4783 5212 5080 4648 4955 5230 5362 5405 4880 5121 4877 5183 4701 4802 4886 5167 5070 4686 4861 5224 5444 4999 4840 4968 5181 4725 4693 5328 4768 4915 5185 5346 5400 5234 5222 5184 4694 4852 4851 5104 5122 5255 5319 4507 5109 4824 5010 5181 4802 5201 4896 5060 5134 5168 5176 5250 5402 5049 5272 4938 5139 4993 4712 5113 4697 5286 4177 5327 5333 5272 5134 5462 4887 4938 4727 4776 5084 4991 4819 5055 5019 5071 5283 4750 4824 4884 4977 4783 5172 4578 5062 5252 4940 5173 5632 4878 5046 5212 5347 5434 5170 4701 4620 5146 4890 4927 5031 5162 4739 5384 5118 5353 4980 5003 5079 5438 5052 4427 4729 4810 5131 5031 5124 4973 4867 5511 4651 5167 4690 4733 5168 4883 5104 5319 5014 5118 5006 4908 4338 4989 5131 4911 4704 4946 4714 5278 5053 5045 4807 5021 5124 4788 5248 5119 4691 4508 5310 4798 5503 4858 5132 4681 5083 5196 5221 5062 4934 5323 5087 4783 4432 4910 4594 5103 5025 4802 4761 4736 4865 5058 5153 4952 5478 4955 4939 4902 5043 5108 5050 4853 4658 5340 4870 4932 5324 5215 5045
4661 5004 5245 5467 5154 5288 5322 5082 4950 4791 4670 5311 4800 5363 4696 4813 4755 4937 5123 4564 5130 4772 4544 5426 5023 4847 5596 4849 5227 4732 4951 5261 4573 5408 4599 4717 4866 5214 5395 5501 5509 4918 5087 5400 4636 5032 5282 4572 5167 4795 5397 4822 4762 5182 5467 4653 4818 5824 5650 4837 5272 5211 4752 4771 5213 5143 5383 4903 5091 5112 5482 4852 5153 4923 4879 5068 4792 4926 5049 5053 4899 5083 4817 5051 4878 4507 5290 5076 5034 4850 5129 5470 5482 5236 5220 4412 4853 5045 5184 4855 5405 5334 4406 5130 5046 5116 5263 4833 5281 4675 5033 5015 5043 5428 5328 5644 4955 5459 4964 5378 4948 4823 4985 4764 5284 4577 5256 5328 5214 5135 4811 5004 4802 4780 5297 4803 4596 4692 4938 4822 5162 5011 4791 4922 5059 5101 5206 5086 5171 4944 5293 5126 5365 5613 4794 4908 5116 5641 5687 5152 4952 4927 5015 4782 4734 5109 4998 4782 5425 4864 5536 5108 5119 5288 5060 5451 4620 4849 5129 5165 5131 5175 5126 4894 5486 4867 5062 4526 4952 4998 4884 5172 5319 4989 5025 5080 5088 4557 5138 4986 4652 4917 4665 5255 5008 4768 5077 4762 4954 5055 5044 4949 5434 4874 4599 5029 5186 5723 4715 5451 4945 5147 5004 5247 5166 5173 5184 5353 4898 4507 5246 4510 4843 4937 4380 4819 4733 4869 5088 4780 4687 5005 5032 5138 5048 4908 5073 5180 4787 5093 5142 4997 4813 5523 5025 5042
5140 5489 5461 5446 5239 5634 5234 5189 4971 5214 4776 5438 5020 5316 5005 5189 5123 5163 5056 4715 5255 4842 4729 5221 5078 4749 5713 4965 5112 4947 4769 5573 4892 5624 4929 4897 4893 5268 5312 5820 5534 5175 5010 4991 4831 5207 5698 5179 5335 5098 5355 4910 4965 5369 5472 5089 4748 5908 5630 5040 5502 5032 4715 4886 5322 5395 5527 5000 5286 5288 5154 4846 5125 5198 5013 5122 5060 4940 5272 5209 4972 5111 5323 5465 5025 4738 5429 4993 5129 5078 5196 5550 5441 5417 5083 4587 5045 4967 5256 5009 5242 5489 4495 5303 5380 4963 5333 5040 5140 5154 4986 5273 5271 5595 5479 5519 5291 5321 5253 5403 5202 4785 5084 4970 5072 4614 5392 5497 5374 5288 5277 4964 4999 5062 4951 4973 4829 5009 5094 5215 5320 5232 4772 4974 5073 5398 5201 5212 5065 4874 5297 4934 5395 5522 5069 5054 5287 5478 5655 5422 5245 4959 5305 4952 4835 5274 5153 4617 5521 4993 5388 5068 5468 5214 4981 5382 4641 5052 5029 5378 5188 5016 5302 5042 5423 5327 5386 4770 5294 5390 5033 5082 5199 5362 5146 5199 5185 4718 5254 5578 4944 4959 4981 5021 5200 5149 5266 5093 5160 5221 5206 4997 5224 4765 4555 5184 5114 5511 5075 5346 4803 4991 5405 5433 4911 5131 5093 5585 4851 4665 5336 4592 5328 5038 4769 4793 4746 4822 4957 5072 4925 5322 5305 5116 5016 5030 5125 5082 4856 5082 5171 4913 4999 5658 5179 5112
5072 5244 5181 5450 5681 5773 5827 5363 5100 5295 4709 5673 5121 5749 4958 5134 5081 5241 5071 4898 5455 4869 5174 5411 5146 5146 5577 5071 5228 4842 5257 5562 5037 5434 4878 5037 4993 5402 5768 5741 5532 5263 5353 5486 5158 5555 5692 5366 5492 5146 5631 5230 5283 5431 5643 5004 4887 6196 5478 5186 5494 5365 5054 5426 5551 5489 5813 5141 5315 5468 5434 5095 5436 5451 5023 5416 5139 5180 5480 5632 5326 5079 5166 5273 4998 4941 5657 5296 5057 5400 5336 5706 5552 5389 5186 4856 5109 5314 5521 5444 5448 5705 4831 5558 5277 5380 5514 5305 5686 5175 5196 5266 5487 5740 5494 5633 5146 5772 5234 5558 5243 4836 5165 5237 5177 4726 5441 5842 5247 5338 5524 4566 5307 5206 5191 5247 5027 4948 5154 5198 5351 5193 4654 5390 5223 5438 5106 5267 4944 5189 5715 5220 5613 5654 5135 5391 5354 5795 5846 5496 5335 5166 5572 4890 4767 5529 5286 5192 5304 5197 5593 5434 5487 5372 5423 5352 4740 5124 5301 5256 5342 5471 5311 5239 5741 5225 5447 4871 5269 5406 5088 5616 5583 5485 5238 5588 5090 4540 5497 5361 4893 4766 4965 5139 5289 5423 5200 5245 5430 5345 5306 5287 5645 5310 4688 5678 5386 5822 5131 5737 5005 5453 5400 5449 5340 5377 5389 5552 5056 5061 5508 4919 5507 4932 4910 5117 5138 5008 5249 5312 5108 5468 5216 5272 5206 5118 5378 5417 5208 5043 5420 5340 5214 5677 5187 5481
5094 4803 5277 5214 5302 5444 5347 5418 5079 4932 4237 5136 4984 5277 4899 5009 5011 5118 5357 4472 5181 4795 4809 5123 5076 4980 5223 4810 5209 4925 5048 5612 4753 5340 4878 4947 4939 5153 5284 5810 5638 5234 5022 5010 5074 5034 5400 4991 5121 5010 5258 5042 4934 5281 5534 4625 4741 5856 5598 4961 5217 5297 4861 5094 5307 5429 5562 4922 4968 5105 5196 4949 4936 5210 4919 5427 4617 4980 5175 5416 5200 4922 4985 5154 5091 4717 5301 5120 5042 5210 5241 5357 5444 5248 5145 4569 4904 4991 5168 5283 5612 5130 4684 5139 5194 5271 5419 5281 5340 5011 5219 4859 5429 5364 5199 5270 5020 5535 5029 5081 5046 4789 4845 4867 4869 4718 5227 5413 5347 5344 5244 4747 5129 5014 5067 4894 4997 4974 5093 4980 5208 5088 4990 5370 4883 4771 5206 5044 4710 5130 5135 4952 5150 5368 4796 5127 5231 5319 5401 5115 5248 4713 5254 5048 4901 5460 5138 4861 5335 4933 5486 5185 5049 5450 5253 5517 4545 4810 4938 5295 5118 5011 5369 5169 5654 5047 5072 4611 4935 4938 4976 5380 5414 4723 5237 5039 4638 4783 5143 5465 4822 4737 4914 4975 5079 4981 5013 5021 4976 5031 5302 5012 5573 5023 4857 5273 5142 5606 4866 5213 4742 5381 5265 5568 5094 5208 5356 5605 4933 4569 5222 4645 4952 4723 4913 4689 5020 5075 5190 4719 4988 5560 4981 5086 5127 5022 5104 5038 4946 4684 5232 4834 4795 5679 5168 5087
