0 56 16 84 81 43 53 0 0 45 0 0 12 2 44 54 56 56 61 203 5 14 0 30 66 12 25 22 28 3 72 56 0 106 84 18 90 32 40 5 24 6 128 34 92 63 36 68 28 182 125 3 69 45 0 6 14 125 81 124 0 8 4 0 59 9 30 9 80 4 49 0 43 37 20 39 103 64 39 19 32 63 15 58 81 131 0 165 37 103 198 105 0 32 0 40 4 89 0 55 8 28 0 167 8 25 97 87 76 40 32 95 21 0 49 16 60 59 56 34 60 0 40 0 32 4 4 68 8 96 57 6 76 8 44 1 28 40 16 72 8 100 36 63 28 0 45 37 70 72 35 32 56 8 0 53 102 0 21 0 20 8 0 12 0 0 95 40 16 130 158 134 12 103 14 82 42 5 0 13 35 28 0 20 101 117 24 14 87 0 14 91 91 50 61 44 0 109 0 65 36 117 21 16 9 1 0 75 16 26 37 0 121 104 0 54 76 64 77 60 72 35 66 10 77 0 80 4 8 75 76 169 37 42 49 53 9 0 14 13 80 15 63 35 9 57 21 102 98 15 137 9 59 156 0 58
59 12 28 100 96 206 37 63 28 8 90 207 39 81 112 57 78 18 139 97 87 24 27 8 95 117 67 63 53 78 58 81 118 75 82 107 46 29 130 28 39 122 35 103 0 216 81 73 70 49 95 2 87 79 40 6 127 98 82 152 73 112 41 24 89 104 0 62 51 33 36 0 55 4 63 102 152 62 53 116 112 107 60 40 28 137 3 65 127 70 21 115 21 51 104 194 16 83 77 71 43 79 0 60 55 94 56 30 78 130 0 39 71 65 36 0 145 149 16 81 21 39 66 76 38 45 51 106 116 57 15 104 68 0 138 57 114 39 99 0 72 66 80 57 93 105 35 27 79 12 62 14 161 80 21 86 160 0 124 56 43 60 66 32 22 38 0 18 233 94 161 63 65 48 91 113 143 27 54 176 82 39 89 114 134 43 119 137 36 160 0 167 30 76 116 80 112 63 34 153 56 52 5 93 64 43 61 97 0 78 181 168 9 5 18 36 71 32 25 130 26 21 3 101 23 6 41 65 48 132 165 87 124 184 111 30 42 42 31 120 33 48 104 30 22 62 28 3 82 144 46 88 29 135 81 124
54 16 30 112 81 51 48 46 76 8 145 15 0 0 0 51 65 0 73 0 0 0 0 0 36 27 64 159 18 159 25 0 36 81 77 154 0 44 15 72 0 70 54 185 10 75 81 9 51 33 36 9 119 52 68 45 67 54 102 208 109 21 28 19 104 3 28 36 48 20 32 0 6 46 157 72 0 46 33 59 90 27 72 38 36 43 28 63 0 24 0 101 36 0 88 24 0 54 52 72 0 32 120 0 152 149 92 0 52 87 27 170 81 18 118 48 103 6 7 129 128 0 126 91 45 70 12 27 24 77 48 36 112 24 75 18 15 0 21 0 28 175 207 88 72 84 99 16 24 0 9 71 0 56 30 0 56 0 81 18 92 128 30 0 0 9 8 127 36 114 52 54 37 151 6 52 15 41 0 75 16 99 54 68 199 90 85 9 56 24 103 169 24 48 15 132 3 72 0 6 54 60 157 56 107 52 106 52 40 27 91 44 20 40 40 174 12 142 81 124 91 0 78 106 67 0 64 29 0 139 96 0 24 48 45 116 27 24 60 33 144 132 118 48 108 0 21 24 135 29 14 106 64 28 0 44
24 43 82 26 28 92 120 109 23 259 139 6 69 84 101 132 57 30 106 34 88 42 0 12 68 0 83 109 63 78 0 2 115 77 21 26 40 61 30 3 124 90 11 86 84 24 212 23 88 189 66 0 22 85 76 48 0 98 99 148 94 74 81 111 18 54 6 56 42 92 86 42 6 44 100 117 18 240 162 82 14 27 56 35 36 144 87 81 167 147 42 28 56 66 48 124 34 82 94 44 0 43 16 67 71 92 76 59 25 78 54 0 86 70 45 30 130 13 96 132 111 20 69 48 135 27 44 73 87 130 32 34 72 36 45 42 64 74 50 162 28 42 107 124 30 74 89 40 92 25 104 24 70 61 56 81 79 108 85 32 124 72 120 48 4 24 35 116 82 168 76 54 63 96 30 87 49 18 49 57 187 4 92 16 100 111 128 169 8 32 39 63 32 23 26 3 149 44 74 181 84 105 90 18 259 72 146 0 72 44 138 27 12 10 54 157 28 15 84 23 14 64 48 151 22 265 21 4 30 23 48 56 27 153 133 0 90 4 126 13 31 155 107 114 54 72 144 72 178 13 151 19 141 64 30 114
11 32 9 30 17 142 34 18 29 45 30 0 37 47 18 32 0 123 80 81 47 28 68 0 12 12 5 106 85 37 32 67 16 35 21 16 18 21 30 69 0 75 32 31 6 0 84 28 21 105 6 71 98 10 6 24 13 9 55 28 0 0 55 67 12 36 8 20 48 15 5 34 162 0 50 60 5 4 0 0 44 69 8 161 0 88 12 40 0 84 0 0 24 81 65 56 24 35 68 63 12 141 10 105 68 74 30 108 28 0 24 56 13 36 18 36 94 18 56 23 62 0 32 0 69 72 10 35 0 72 0 10 97 60 7 21 62 14 42 0 4 0 50 2 95 0 52 0 42 6 61 63 0 0 70 0 63 32 0 36 120 19 24 19 0 94 24 36 16 183 4 24 98 28 0 35 0 6 6 24 140 0 65 8 20 53 42 27 54 0 32 38 16 119 77 8 45 59 0 71 0 76 75 88 87 64 68 88 27 64 0 70 53 14 0 30 26 9 0 85 58 0 16 80 42 54 44 127 0 99 47 56 87 37 3 0 88 18 40 16 18 0 18 60 28 96 48 53 91 0 30 42 97 21 48 48
14 95 25 39 201 24 0 97 10 36 92 101 60 48 51 12 156 3 114 66 0 8 14 36 18 34 78 116 119 32 49 76 81 18 108 136 47 68 70 12 108 231 66 163 10 121 48 64 77 56 26 0 42 77 118 6 122 102 21 12 152 57 189 0 177 56 34 47 0 66 36 7 60 42 56 20 101 12 63 147 40 112 147 0 36 28 71 44 66 54 43 64 0 58 53 118 96 12 24 57 19 88 51 60 161 66 0 40 75 6 19 72 56 74 0 154 20 155 32 26 64 26 109 12 48 35 96 56 93 93 39 60 38 0 24 38 146 182 4 35 12 112 51 61 124 79 90 23 127 58 97 0 33 136 0 39 35 54 139 45 80 69 70 116 40 24 156 0 27 65 127 64 41 48 136 72 89 81 117 0 22 112 41 55 82 30 78 62 12 116 0 54 44 42 84 75 107 24 12 54 125 0 28 30 204 128 59 54 146 54 40 0 75 72 48 16 93 29 18 48 117 54 24 0 123 15 92 49 0 59 53 30 115 104 72 0 22 86 176 128 140 110 48 176 38 18 0 31 72 32 45 54 42 30 24 88
34 63 87 143 139 114 36 81 27 68 32 109 18 22 63 57 49 80 72 0 0 36 46 25 57 38 82 67 131 25 97 65 68 73 103 115 33 75 18 9 34 55 42 35 72 51 72 120 28 110 27 0 39 69 99 33 36 30 73 211 27 0 18 71 60 72 72 41 137 12 47 56 5 49 129 87 18 49 122 231 65 35 43 67 18 138 54 54 193 65 93 70 276 70 129 16 0 75 43 163 61 92 63 147 139 98 35 116 15 42 22 102 168 30 126 8 0 27 0 74 98 62 36 19 116 106 89 0 93 12 48 20 58 26 22 192 81 77 12 21 40 0 166 30 0 30 15 155 42 0 0 118 49 24 21 91 88 246 0 14 82 21 45 38 0 13 50 196 63 18 98 38 107 140 11 45 63 7 0 37 154 16 82 94 118 37 54 56 92 57 142 9 14 108 108 86 23 77 87 190 75 95 42 18 36 38 49 95 60 10 48 12 19 90 13 83 10 146 93 61 99 6 19 84 63 36 87 60 42 45 103 34 15 6 52 100 57 118 101 41 100 63 129 35 27 70 126 37 160 45 160 80 73 58 18 102
0 59 8 23 27 46 39 50 12 59 60 54 33 27 35 58 72 70 56 86 12 32 9 5 42 26 1 108 34 36 24 8 24 7 40 10 2 6 56 0 6 29 80 0 31 16 27 0 0 107 6 19 90 72 4 6 16 40 24 63 9 88 0 76 36 67 16 23 6 0 1 99 83 7 5 79 116 0 5 116 0 0 24 30 42 99 84 18 47 10 2 14 10 36 59 38 41 52 16 97 9 45 30 64 18 39 88 81 23 11 25 35 53 65 70 44 6 1 18 0 55 0 92 0 4 39 22 15 4 45 60 86 73 24 102 23 9 112 7 12 46 0 24 30 47 48 8 0 20 15 45 28 2 0 22 25 0 19 45 16 56 7 44 8 0 52 1 90 30 0 53 0 0 30 12 4 21 72 0 64 144 55 43 36 45 27 44 5 50 10 53 42 9 28 78 25 0 54 0 18 64 29 27 56 66 27 51 4 3 9 139 42 9 28 21 6 61 48 54 58 12 7 46 40 54 9 0 42 11 116 6 0 13 4 7 21 17 33 46 24 54 22 16 72 8 28 15 8 36 20 24 24 21 0 0 0
38 82 140 18 152 65 83 18 18 136 93 55 30 129 48 124 228 51 170 46 10 36 80 9 82 92 99 91 12 11 63 40 98 17 18 34 127 104 66 31 102 35 8 34 58 21 36 48 41 66 38 64 38 59 85 154 104 40 82 90 0 158 0 163 95 56 20 33 119 53 26 78 46 65 72 6 154 40 54 146 120 85 9 0 4 66 121 13 64 83 185 96 0 68 7 114 4 197 100 108 52 32 20 81 21 145 128 63 84 72 7 68 69 86 89 8 59 37 88 4 89 0 90 5 64 106 79 112 81 70 57 171 80 0 74 30 18 205 34 91 56 102 42 49 25 20 16 0 132 30 24 46 92 49 9 36 136 63 31 48 0 144 97 68 46 54 65 0 45 78 187 54 160 142 96 51 19 111 128 138 47 47 72 147 93 81 161 122 16 87 94 39 25 120 113 160 24 143 0 68 43 34 67 139 135 54 72 21 140 176 88 79 105 35 140 70 16 115 0 8 8 93 6 5 120 47 91 137 116 42 31 48 82 122 85 83 30 22 9 134 89 106 59 102 50 18 76 44 9 24 83 70 76 44 25 80
75 0 41 62 41 117 38 29 0 11 93 70 8 0 119 53 133 30 161 94 9 10 45 2 6 24 55 78 38 74 27 119 0 66 27 44 107 18 54 103 54 115 63 22 10 96 24 48 105 69 89 27 134 109 59 35 69 29 19 152 144 10 32 16 121 100 64 10 73 40 54 10 40 54 148 7 116 80 66 108 150 29 49 24 144 20 61 119 48 74 0 217 0 30 0 114 4 72 4 117 54 38 63 28 98 149 54 54 84 48 72 8 42 27 38 48 66 0 21 9 33 0 122 74 59 181 40 175 86 84 25 54 108 38 138 26 44 63 40 12 33 155 100 28 83 66 95 0 57 35 25 7 101 9 30 0 68 90 98 42 124 16 0 48 9 71 0 33 62 148 32 212 49 131 18 86 48 85 16 33 30 102 94 4 59 48 9 99 90 54 0 60 3 79 0 6 160 11 25 59 54 0 24 106 90 72 154 94 6 50 86 76 28 37 27 118 18 22 12 77 0 9 16 52 14 122 84 81 42 19 101 100 35 125 8 0 119 78 30 84 16 81 120 50 120 153 1 58 24 2 46 71 0 74 84 139
18 8 70 80 70 0 0 9 12 109 75 138 30 43 0 79 105 39 76 9 36 0 0 40 14 52 63 92 86 121 166 39 20 41 114 107 52 49 143 5 73 84 10 89 24 11 47 143 48 69 20 0 74 4 78 52 18 73 40 58 124 126 60 91 72 88 39 40 6 130 53 71 0 33 73 69 46 223 53 2 79 0 61 42 16 161 161 7 0 24 58 52 39 0 91 43 50 50 60 118 80 97 76 0 50 129 158 34 87 86 4 16 0 82 27 246 50 0 23 9 174 58 24 76 142 84 36 74 28 23 4 0 133 0 47 0 85 103 70 174 51 29 78 140 112 57 69 6 8 16 197 0 103 101 0 0 82 4 18 76 56 90 69 50 8 5 35 35 8 23 27 6 54 115 63 87 64 64 54 94 30 8 35 33 115 24 50 74 8 36 6 26 13 72 37 92 25 108 0 26 57 82 90 63 74 73 13 166 28 42 101 143 114 74 37 13 8 13 157 36 32 50 21 32 103 72 23 20 0 178 31 36 57 57 5 27 6 103 44 0 174 1 149 39 100 75 64 90 71 82 134 42 22 28 35 67
25 14 69 128 98 52 84 122 51 158 98 52 101 72 151 93 204 50 82 122 73 53 119 199 128 16 26 59 104 106 52 24 40 16 106 159 109 0 0 100 33 147 0 124 2 63 99 64 100 12 30 69 25 101 83 10 83 103 107 19 105 59 140 96 97 47 54 36 0 61 31 70 10 121 58 212 49 22 59 72 111 16 63 75 70 95 142 46 12 81 109 134 63 206 5 77 0 201 117 63 0 103 68 43 87 172 114 116 1 121 54 40 192 49 0 81 66 77 0 36 68 21 8 72 36 63 65 57 28 0 0 30 64 28 122 86 10 219 86 87 43 59 6 37 80 134 59 12 67 47 91 16 32 123 20 27 42 61 31 57 4 119 43 65 65 66 58 0 72 165 101 136 129 93 131 147 146 119 84 130 81 63 60 65 73 38 65 132 7 93 81 0 76 94 72 16 95 75 94 198 21 92 139 117 109 144 154 99 42 40 81 0 87 91 14 72 80 92 120 71 93 77 100 174 66 82 35 59 0 0 61 66 190 274 57 6 96 38 44 166 32 92 150 204 80 126 95 187 114 82 34 39 61 57 85 77
6 42 66 23 91 80 127 86 21 134 70 110 46 127 132 19 34 14 16 25 69 44 18 98 43 69 72 75 4 51 8 60 101 12 92 49 24 69 0 57 141 56 17 65 6 40 12 0 36 124 8 2 101 30 30 53 113 34 30 57 2 12 8 0 150 40 32 15 36 0 33 42 47 38 10 0 38 9 89 96 146 9 31 10 48 93 14 60 125 125 30 214 158 74 29 34 3 37 83 129 0 67 18 160 96 124 93 92 30 79 49 0 129 12 0 0 58 47 15 35 12 0 109 64 42 61 33 0 114 0 124 32 0 20 107 113 58 214 8 124 49 199 124 19 104 48 11 64 176 64 59 100 106 81 16 54 80 84 27 42 118 30 84 58 18 4 62 158 8 74 28 52 132 54 57 49 16 95 8 25 192 0 57 58 22 4 118 75 20 18 79 54 84 13 96 56 0 42 114 24 20 108 18 88 230 54 249 69 64 106 35 0 95 118 53 68 56 124 54 20 62 71 39 91 6 60 76 20 30 12 63 126 10 84 176 24 47 8 140 44 0 52 17 26 16 9 74 12 76 20 118 0 165 0 7 61
0 12 1 54 78 8 85 40 12 64 74 19 80 32 105 10 74 29 107 63 0 42 0 14 42 0 30 95 71 75 0 5 42 9 96 87 10 0 0 32 20 68 42 70 0 0 58 60 20 191 50 10 101 68 0 6 9 149 70 57 16 78 90 0 111 35 0 0 0 0 0 16 73 14 28 8 48 0 65 68 40 25 36 0 24 1 0 0 116 80 8 69 80 21 59 87 19 37 60 0 0 44 20 53 14 145 8 103 36 0 0 46 44 48 9 49 20 3 15 4 28 3 125 9 128 74 108 23 52 38 6 48 60 4 9 7 77 46 25 66 59 59 35 22 32 96 0 15 109 18 20 20 25 18 25 45 0 40 102 0 129 52 115 40 12 16 41 140 104 63 96 6 0 0 30 64 14 76 0 9 124 30 48 119 20 20 8 80 22 7 64 8 10 6 58 9 36 44 10 58 35 121 55 77 173 55 110 44 0 0 74 0 0 58 0 48 78 39 36 42 16 0 9 29 69 56 22 8 1 32 16 38 72 0 128 0 110 20 108 38 36 20 97 72 7 37 4 30 52 58 42 17 25 1 0 11
5 126 122 54 123 159 52 24 130 54 10 230 103 201 15 48 38 80 106 15 76 0 2 72 56 73 98 19 88 12 63 49 8 49 48 55 43 169 0 31 45 131 43 74 135 54 122 81 64 113 127 0 32 85 5 9 88 125 202 5 6 53 39 9 86 196 0 18 72 12 39 30 156 0 49 27 88 0 0 188 137 33 93 84 150 82 19 42 38 30 3 39 0 71 102 24 13 18 0 141 36 42 7 38 104 145 24 138 48 12 85 14 0 0 219 0 124 0 0 85 45 0 0 54 18 24 69 66 22 195 30 151 40 0 78 155 0 30 63 135 18 0 48 93 195 24 19 42 91 0 76 58 109 64 72 0 1 97 112 27 0 69 68 63 63 16 62 45 28 72 74 26 0 18 142 72 94 23 9 51 90 14 18 30 84 12 28 48 210 24 0 0 98 1 99 8 76 12 0 43 53 132 0 96 117 48 139 136 126 12 42 12 58 0 60 104 54 63 36 8 0 72 71 14 34 38 81 81 6 0 111 26 1 51 76 0 13 18 26 139 88 18 62 60 1 0 45 121 0 90 41 61 150 51 53 35
81 48 9 41 126 32 6 0 0 8 29 0 2 114 151 71 144 37 100 0 58 74 63 35 50 21 92 24 6 45 73 40 25 20 40 99 42 125 28 57 200 184 28 8 0 102 72 120 5 8 105 48 45 101 74 48 3 200 71 36 0 119 54 42 111 121 41 32 0 40 30 62 83 63 43 47 161 77 36 90 16 0 83 42 112 90 70 25 59 36 57 15 72 97 152 27 25 102 49 63 3 0 18 10 99 209 0 121 18 0 83 65 22 5 189 119 65 45 52 81 43 54 24 44 119 45 55 48 152 61 42 54 81 90 122 49 72 121 153 131 94 0 28 74 34 25 21 28 127 60 48 136 54 18 71 15 57 24 94 31 98 39 85 32 49 32 75 88 30 66 4 156 0 16 25 193 10 16 25 95 81 63 9 39 108 48 57 125 73 111 56 45 64 87 56 45 55 1 0 56 7 0 50 95 54 5 97 18 201 36 38 52 51 43 2 103 53 1 0 9 48 0 0 25 97 9 103 119 81 91 66 36 90 176 73 77 45 65 162 158 0 32 57 102 131 62 55 35 20 0 152 45 9 120 35 106
12 0 64 153 76 122 20 60 20 0 95 48 58 117 12 116 98 102 104 18 4 40 0 12 0 74 134 69 68 117 62 21 30 64 0 122 9 61 0 34 24 31 93 180 0 35 88 9 41 75 10 6 57 52 98 28 102 52 104 106 77 7 56 29 6 98 121 7 6 55 59 38 13 66 52 0 5 26 243 160 147 82 31 45 62 44 5 0 21 80 136 48 90 22 107 35 18 115 27 24 34 94 47 45 42 98 3 24 72 1 20 17 9 0 183 39 0 36 21 0 65 38 69 139 81 128 71 16 4 57 48 38 112 74 24 88 0 32 71 0 116 0 153 19 72 54 25 3 64 0 92 18 18 35 85 6 43 106 67 70 0 16 67 18 2 49 128 26 89 72 63 99 85 96 72 68 14 10 0 77 96 52 14 0 35 60 27 58 7 126 56 16 8 135 21 108 4 15 0 42 6 5 34 0 66 0 16 86 136 133 126 92 24 4 0 31 4 92 21 82 0 35 7 86 8 11 118 18 9 5 128 20 12 15 58 0 21 7 49 47 94 100 46 77 82 0 70 7 54 135 30 22 36 10 6 53
18 42 48 0 78 50 91 0 0 66 26 129 126 8 70 111 72 26 40 32 64 0 54 40 0 35 14 44 36 26 9 0 54 0 42 47 24 103 45 18 70 143 0 0 30 0 126 81 14 64 95 0 82 37 34 120 0 48 54 32 26 6 18 30 54 0 2 89 75 76 4 0 0 42 92 10 90 90 56 2 84 18 46 9 0 35 42 8 55 0 0 70 8 0 13 84 40 10 101 16 70 60 30 67 96 67 64 28 0 8 71 0 0 19 0 163 27 110 87 18 0 28 142 10 76 25 179 6 54 56 45 32 95 6 9 18 54 42 31 52 2 20 16 46 94 193 0 0 152 26 48 0 51 75 8 40 54 25 38 3 130 171 123 42 87 3 167 18 24 72 0 52 40 30 18 74 99 9 21 0 9 45 9 0 48 18 132 136 33 129 0 72 0 0 30 82 72 22 0 3 133 72 32 104 110 117 30 6 104 0 92 84 0 60 5 30 72 12 7 16 18 0 2 61 14 179 48 56 36 56 39 0 83 74 79 0 76 87 45 15 75 72 101 84 0 12 45 92 0 14 61 30 18 9 0 21
61 48 79 101 96 158 128 0 24 8 34 189 117 147 0 172 82 38 5 130 40 10 91 73 64 36 107 12 24 102 25 63 8 4 115 73 10 95 0 22 16 72 0 121 0 41 52 197 63 23 112 0 56 91 32 75 78 143 88 151 56 46 80 0 185 81 101 23 42 103 7 32 185 55 89 49 91 42 0 123 215 95 65 0 84 18 99 51 118 30 14 75 0 71 0 6 12 77 65 0 48 27 56 67 15 120 44 70 71 0 85 15 10 26 30 91 112 0 131 10 55 0 9 198 66 98 124 29 111 179 35 48 173 30 9 101 173 135 64 0 14 25 77 11 115 101 40 60 156 25 42 70 154 96 21 72 89 112 106 40 120 141 60 68 0 27 151 45 37 161 37 0 135 121 156 41 137 7 30 50 66 35 17 88 42 54 28 50 53 34 36 36 80 36 37 34 12 79 28 48 198 124 79 201 65 144 5 127 103 75 7 46 29 77 142 29 89 57 54 24 30 80 6 64 66 51 111 135 65 8 105 58 48 31 58 93 115 61 119 159 219 45 86 93 0 18 64 92 20 80 60 42 28 43 56 78
88 19 95 149 174 101 146 54 54 42 83 21 41 0 94 112 39 73 161 111 25 0 5 0 74 86 24 50 32 0 151 69 44 66 46 147 3 160 40 0 4 105 4 13 38 0 21 13 138 80 75 48 62 37 20 45 0 142 90 104 0 84 49 53 78 21 72 15 30 42 44 112 48 8 153 0 16 72 103 70 106 53 125 40 81 122 5 141 81 27 109 35 16 102 94 82 98 195 0 120 0 62 68 50 77 117 19 6 35 40 72 112 6 32 0 88 125 74 40 25 168 24 59 0 0 83 74 112 87 74 44 39 70 0 73 72 55 125 14 57 28 97 64 20 141 1 133 91 38 79 61 25 62 183 59 25 38 93 164 13 48 76 18 110 64 96 67 30 20 201 164 64 76 108 98 42 26 9 12 170 93 59 88 128 60 145 110 67 18 116 37 0 25 20 54 133 133 69 48 10 144 55 6 40 87 154 0 88 14 224 87 92 71 86 0 203 82 18 0 42 0 51 40 21 0 0 0 53 58 0 12 87 0 88 82 38 4 45 46 134 70 24 124 26 99 0 0 84 12 33 71 102 0 43 0 100
157 0 81 66 53 75 0 76 44 30 5 61 23 73 42 63 41 0 17 24 0 81 4 0 6 16 73 52 21 4 84 73 14 6 20 57 50 72 0 28 64 61 8 124 19 81 30 30 188 86 52 1 41 73 69 0 114 75 154 20 6 110 40 99 28 20 113 26 12 27 85 8 28 35 46 40 0 68 83 73 116 19 53 60 45 6 9 48 171 9 7 33 108 66 23 6 40 72 66 96 90 51 35 15 118 149 18 43 24 16 16 109 0 21 0 2 95 11 19 18 19 6 13 63 5 126 126 65 69 113 33 10 48 74 11 27 10 45 0 78 44 22 107 86 27 136 120 89 34 3 27 54 39 96 122 87 19 35 64 0 71 27 42 52 10 1 77 70 0 122 14 81 18 119 81 79 2 22 14 145 63 89 30 54 65 22 24 93 64 26 54 55 0 82 34 1 84 27 63 54 12 4 43 112 27 10 23 86 43 176 149 28 79 0 62 75 68 80 27 151 78 45 7 8 6 21 63 25 2 49 111 6 27 80 72 18 24 83 0 29 16 79 81 56 73 58 16 30 117 139 9 93 46 0 14 61
99 54 123 25 96 171 37 18 74 53 95 166 94 149 72 108 137 111 27 32 16 107 75 33 0 27 179 20 114 87 56 152 76 33 183 72 137 103 59 26 205 77 25 123 95 17 98 78 286 69 76 8 0 145 89 10 111 127 91 121 92 38 103 116 124 36 140 26 39 28 28 48 66 80 26 12 58 228 25 8 189 143 0 9 168 117 81 94 177 122 75 64 56 80 108 97 45 140 75 63 68 56 15 33 139 60 96 47 164 79 28 217 39 58 69 60 109 59 16 176 150 22 34 66 28 185 107 24 145 68 0 69 74 82 66 20 92 30 187 0 31 102 69 29 5 113 89 106 89 116 45 104 123 129 24 158 110 45 65 77 173 206 42 77 57 62 41 139 87 104 99 45 109 117 102 34 58 94 105 150 180 46 71 56 26 33 129 186 89 67 118 57 18 134 80 93 40 37 44 9 9 32 208 55 61 53 70 102 97 89 45 24 0 12 86 117 82 31 0 167 74 21 24 77 0 59 51 59 22 56 160 84 117 16 187 56 42 14 45 62 90 54 214 52 40 150 99 28 123 36 68 56 27 96 64 54
99 7 0 100 39 72 0 6 32 18 72 63 100 63 0 101 45 58 67 36 106 24 28 69 107 61 119 63 49 124 40 69 83 50 0 33 112 225 78 21 53 8 72 8 6 70 85 206 53 128 26 112 63 60 0 72 107 125 42 36 108 30 8 39 10 6 103 126 24 62 0 21 60 101 72 14 42 116 32 16 95 54 60 30 93 159 48 30 27 8 126 141 40 0 25 40 49 42 105 0 109 15 18 27 119 69 6 33 96 0 0 48 58 6 57 0 64 84 56 40 81 1 165 32 222 11 78 113 56 66 25 56 60 40 18 157 50 9 5 26 62 54 84 132 89 23 9 24 15 16 92 94 54 0 27 63 30 49 124 61 84 73 73 0 18 63 37 1 0 80 0 90 52 67 0 40 0 44 8 0 65 28 24 4 30 40 8 44 21 55 23 34 84 43 36 135 89 98 18 8 82 14 136 215 12 0 152 101 56 20 87 83 116 0 20 137 32 6 6 42 6 1 66 44 69 5 99 59 4 82 110 16 165 12 31 68 64 54 16 24 68 54 60 73 71 107 142 74 0 12 32 57 81 34 0 5
69 35 24 17 49 26 35 45 54 37 116 58 63 45 28 87 97 0 213 96 0 48 56 1 8 24 109 47 0 85 74 19 0 9 52 141 8 120 0 136 99 63 68 99 20 36 77 123 51 45 72 14 30 128 59 52 4 176 27 77 51 73 105 71 49 12 54 82 41 17 35 5 40 122 120 71 85 159 168 108 104 41 85 46 68 9 14 17 44 46 12 75 150 0 69 69 46 25 16 3 18 61 72 128 98 33 18 57 104 3 17 51 63 87 63 52 174 40 90 45 87 9 134 36 9 27 122 120 121 249 18 45 91 12 134 13 8 127 18 173 18 76 36 45 1 59 72 58 52 8 69 81 12 104 72 5 8 117 0 38 41 97 28 21 32 36 35 15 66 21 43 0 20 84 47 81 141 141 36 14 31 31 132 85 177 117 92 135 85 90 44 120 20 0 82 46 320 0 29 44 91 87 22 64 59 91 170 72 30 9 157 7 12 60 25 157 90 10 35 87 25 7 12 113 63 74 139 101 15 111 81 6 0 18 130 181 76 54 27 34 68 98 166 88 44 63 80 0 16 16 145 0 9 96 0 9
6 32 38 69 125 153 90 77 16 70 105 70 18 42 46 102 115 12 12 44 20 0 0 98 18 0 75 83 21 27 49 108 15 120 14 3 26 86 40 0 80 55 79 11 0 0 72 70 0 135 74 108 63 20 0 21 85 0 48 141 0 0 28 48 0 62 16 36 0 39 18 108 57 33 79 103 167 0 70 9 149 39 137 62 22 119 54 18 27 100 12 72 62 15 31 48 0 0 10 36 31 4 0 36 74 63 24 27 67 42 32 76 49 53 0 96 62 40 49 118 24 70 1 117 0 0 72 37 0 0 19 72 48 27 10 81 114 66 3 45 49 6 120 8 101 123 69 5 2 9 87 36 30 58 13 49 75 105 176 0 0 136 72 40 12 61 12 66 37 72 49 0 28 16 45 123 68 0 0 122 35 10 56 103 127 102 153 0 24 39 15 108 87 4 35 0 36 131 0 100 36 28 16 95 124 93 222 44 0 68 72 69 73 16 0 111 0 102 79 58 17 30 114 92 56 89 52 9 0 78 56 35 28 28 88 21 111 24 90 0 28 46 90 24 62 42 40 135 12 0 78 0 141 0 0 110
16 0 18 149 81 129 76 6 28 34 53 161 53 6 95 95 90 28 0 67 10 0 6 149 8 0 93 83 21 63 16 14 32 42 50 21 41 26 78 77 70 31 102 36 2 45 73 53 18 50 94 18 8 100 33 0 61 42 15 101 72 53 74 8 12 35 75 66 35 29 114 5 54 185 9 102 13 36 125 153 24 12 18 78 141 12 55 56 0 35 26 8 72 46 35 57 9 104 82 60 135 0 93 132 180 65 12 8 57 7 0 63 44 54 102 36 72 0 31 0 93 0 58 119 8 44 38 12 138 60 75 49 100 63 21 78 69 66 4 174 0 54 56 50 0 36 0 43 41 29 57 0 43 71 0 49 27 112 0 36 135 74 0 0 9 21 161 69 61 131 0 0 35 35 24 98 86 9 32 72 85 40 18 112 230 53 24 105 64 14 20 32 20 93 102 35 77 81 132 54 128 126 150 53 91 55 117 176 45 20 107 66 0 0 4 54 36 0 90 8 8 34 104 12 65 59 39 120 16 69 56 17 124 193 169 56 113 28 8 151 72 103 42 0 18 133 57 66 32 0 74 48 0 62 110 35
113 45 22 45 88 103 35 25 112 24 81 53 36 7 130 46 85 107 0 88 21 6 0 45 26 35 64 52 27 29 24 18 5 60 0 76 19 21 40 65 60 109 40 11 0 0 39 122 146 54 85 63 142 71 29 0 77 81 86 0 62 18 68 39 130 20 97 81 33 6 75 120 40 122 24 18 72 0 72 42 207 21 48 0 0 30 35 0 104 19 108 97 0 33 102 46 58 0 50 30 12 30 36 5 101 69 9 35 0 0 0 15 56 68 45 128 21 0 6 10 33 17 129 65 8 81 62 21 97 9 47 16 51 0 47 67 76 103 0 47 82 0 145 83 128 111 61 84 0 15 88 19 75 102 16 54 44 155 99 40 42 3 119 48 63 15 44 43 0 34 55 26 131 56 68 95 32 12 15 20 26 21 24 8 49 54 4 106 7 34 60 0 24 121 56 116 72 39 80 42 54 100 112 59 67 87 87 0 33 64 53 160 95 71 44 57 14 23 66 7 82 0 58 18 79 49 0 15 4 48 119 56 163 100 27 56 4 12 0 73 61 72 90 32 9 97 108 5 20 0 51 93 29 21 35 127
48 56 49 0 100 48 128 12 0 59 34 63 26 72 0 78 220 85 32 145 94 65 61 54 30 86 51 46 0 0 28 109 16 0 156 102 187 108 58 183 52 36 27 94 66 47 132 94 44 35 127 64 0 111 24 42 6 136 146 103 7 2 42 10 12 0 62 32 84 64 48 54 48 35 8 7 36 75 78 187 125 20 35 90 23 56 85 99 0 132 173 119 0 110 58 29 57 168 154 45 33 168 14 113 12 89 68 24 33 0 79 130 41 0 120 26 28 16 72 14 87 99 131 0 0 74 91 81 126 4 0 16 24 48 83 35 30 42 167 99 34 16 0 62 9 5 30 121 79 74 167 148 146 18 78 60 5 56 15 116 40 44 161 89 8 181 65 79 54 202 0 72 40 9 113 57 17 7 9 132 24 16 34 13 10 27 13 56 89 64 6 33 64 114 92 77 4 86 0 14 80 85 27 54 126 112 19 153 144 30 81 74 72 44 64 128 59 62 19 25 37 21 0 88 49 0 112 13 54 51 2 89 36 128 124 14 76 58 12 88 100 57 6 72 103 0 57 74 42 113 54 0 82 38 9 51
84 0 37 8 33 16 41 30 17 112 74 118 10 81 0 94 95 49 0 43 10 48 9 6 61 35 49 22 16 45 0 42 84 21 97 69 15 55 69 21 20 54 5 0 42 102 27 13 27 27 63 9 0 61 0 15 34 10 58 144 51 36 43 15 73 12 54 31 18 0 53 15 100 49 56 128 6 62 90 92 20 63 20 50 32 57 0 43 27 168 42 0 3 32 7 30 27 89 40 4 99 24 57 90 24 98 118 126 16 73 15 33 48 25 18 0 173 66 34 30 54 27 63 0 54 0 9 19 40 92 75 14 30 55 10 14 73 18 65 11 12 72 89 33 63 24 12 27 64 9 26 0 34 24 71 37 6 0 103 30 151 94 147 0 5 50 29 150 32 159 0 27 45 38 12 3 88 0 27 7 76 18 25 112 68 6 0 98 133 45 64 126 87 39 49 19 8 8 63 107 117 63 74 138 27 63 46 22 30 8 108 60 0 56 0 22 0 72 0 5 45 15 28 0 18 0 24 66 45 55 69 0 34 42 75 78 27 86 62 33 0 2 64 0 33 48 32 16 68 144 76 69 12 46 8 56
115 25 76 144 101 84 28 36 0 199 96 9 54 93 88 53 129 36 149 48 9 24 45 28 0 27 39 118 78 111 6 105 25 28 42 128 30 85 30 132 27 36 108 36 0 76 85 38 24 166 55 72 105 73 137 70 0 0 64 140 73 99 80 0 157 34 75 78 142 32 54 49 93 31 130 3 58 68 100 99 174 62 116 65 24 48 197 80 124 209 13 76 8 92 48 72 15 16 41 63 0 12 0 51 212 129 96 87 75 96 28 112 86 98 7 40 160 17 48 9 54 0 229 45 28 12 0 30 56 29 87 24 159 48 13 60 97 44 123 140 113 160 172 56 68 54 77 47 74 76 8 63 20 98 120 0 48 59 72 86 36 237 113 0 0 95 33 45 8 289 71 99 175 67 42 75 38 70 60 64 27 16 63 61 32 174 46 113 58 35 63 81 115 52 28 107 34 68 89 22 45 42 15 84 117 75 164 133 8 87 70 60 99 59 73 153 0 116 23 65 51 95 88 0 35 18 42 97 128 102 151 132 76 64 68 3 38 80 30 81 56 135 41 101 88 7 0 93 8 37 4 108 83 63 32 59
0 6 63 47 35 36 164 0 0 91 80 124 9 84 0 27 178 189 64 9 0 20 52 0 21 93 0 62 136 80 72 7 23 42 29 53 36 0 54 98 32 72 48 105 0 41 83 0 87 64 0 72 142 28 0 21 94 0 72 0 54 68 0 15 133 6 53 24 16 14 91 133 56 44 192 0 26 39 140 32 36 0 24 0 30 111 48 0 0 255 101 112 62 72 68 187 117 93 47 47 1 89 122 37 30 12 168 112 63 112 0 103 25 12 7 9 49 82 30 107 45 33 44 18 4 14 0 95 34 38 49 9 48 35 32 45 56 224 24 194 5 110 68 59 231 20 31 138 42 21 145 0 0 9 48 9 56 66 24 185 69 55 130 17 18 9 103 99 15 107 12 29 77 71 79 28 48 45 22 94 147 0 112 16 97 45 135 78 28 0 37 167 109 25 67 98 3 103 12 0 190 10 131 35 4 103 28 10 56 18 145 203 18 69 12 12 8 59 70 96 3 56 60 0 48 68 16 8 89 26 107 24 32 95 65 65 6 54 56 0 51 12 23 0 22 84 19 174 27 49 75 0 14 87 8 85
80 42 153 34 101 33 82 25 1 107 78 112 98 61 12 2 101 24 119 129 13 139 28 112 4 6 76 79 185 47 128 79 58 85 18 93 107 28 0 111 60 24 0 109 32 99 37 88 136 22 99 27 67 135 35 62 81 57 156 12 61 115 64 0 191 0 63 148 15 79 129 60 66 7 77 70 72 70 106 72 233 31 36 66 122 21 2 68 110 96 78 73 48 27 76 71 10 130 55 19 9 33 84 82 56 40 145 98 117 39 0 12 49 90 0 48 147 32 39 18 81 56 147 24 0 160 69 65 120 130 8 25 18 15 25 138 36 31 41 182 39 38 90 11 74 95 28 55 48 9 75 56 3 30 68 148 70 52 51 266 17 35 94 108 10 48 50 20 58 73 27 48 84 37 16 141 1 81 40 109 95 50 45 38 108 64 56 202 211 18 46 38 53 10 31 42 120 175 16 53 120 155 65 9 59 104 152 132 15 71 46 78 88 41 70 30 84 73 32 0 5 119 8 52 64 67 0 8 58 5 49 161 102 135 175 0 56 48 0 13 30 43 35 49 17 36 51 101 67 130 21 7 92 24 9 43
65 63 0 83 72 48 33 29 27 34 124 82 72 66 93 63 123 105 77 4 64 40 56 129 55 69 57 21 85 123 0 99 99 40 51 131 49 172 0 18 53 111 96 50 15 26 32 84 23 99 84 89 18 82 54 64 125 97 176 51 41 61 0 34 26 93 6 23 48 69 0 78 112 25 188 81 65 63 67 9 72 9 47 72 43 159 0 0 56 85 30 51 162 77 15 0 30 79 139 77 0 84 40 81 143 72 24 8 61 0 15 45 72 9 81 1 57 51 59 39 98 11 28 71 63 47 15 45 64 27 71 0 54 33 79 135 46 63 30 24 24 39 129 46 75 6 0 2 62 10 51 63 93 80 88 59 0 60 30 42 2 12 136 44 8 56 52 15 5 39 28 17 27 69 51 95 3 30 54 95 73 25 68 42 99 96 24 67 125 27 56 108 51 126 113 141 0 18 33 146 45 54 12 86 24 82 101 101 0 60 29 82 51 94 3 42 67 1 28 78 42 32 105 42 64 27 49 169 32 36 152 9 116 0 77 94 0 74 85 44 0 96 73 21 9 110 84 154 96 21 123 12 89 41 0 158
115 74 18 122 55 158 64 17 33 12 26 69 94 84 2 12 81 168 91 64 55 18 104 71 0 53 70 91 67 36 51 35 16 49 144 85 4 81 42 97 127 121 0 65 81 68 96 94 87 100 10 53 41 189 76 15 96 27 70 100 0 71 35 15 42 19 54 87 153 0 11 41 55 99 71 22 98 39 69 55 0 30 71 85 16 46 118 99 37 304 72 62 69 118 41 24 4 135 78 131 37 154 77 165 12 18 95 72 44 30 39 42 121 0 56 32 64 95 18 31 93 56 36 20 102 127 48 67 33 44 52 58 59 28 40 90 107 170 71 117 12 87 67 9 116 12 102 45 40 123 89 98 108 129 12 28 83 98 39 120 66 28 124 31 42 20 14 47 18 27 0 71 74 130 159 14 93 6 28 76 179 6 55 105 34 16 62 161 82 95 48 60 75 26 107 95 65 180 3 26 9 79 43 31 50 87 139 114 22 14 176 169 9 89 15 90 0 5 50 79 17 40 40 143 175 40 33 54 37 48 104 96 102 44 137 47 50 20 64 52 92 36 46 66 4 0 28 60 63 25 104 21 29 29 6 74
0 18 82 12 111 42 39 12 50 69 45 9 0 137 17 88 72 123 123 144 130 78 40 100 81 26 60 24 0 30 70 75 27 89 90 26 33 63 48 12 138 69 0 24 62 54 91 63 0 0 53 0 147 109 0 109 24 257 45 42 55 104 106 123 70 87 48 26 86 56 25 8 49 36 5 64 0 117 82 102 103 30 58 34 28 192 161 36 129 231 153 66 0 84 110 60 18 44 129 135 36 48 0 202 134 78 81 163 7 0 35 42 46 20 123 54 45 72 27 55 21 12 57 75 87 30 117 74 162 46 66 87 111 36 32 162 30 127 39 45 44 12 8 114 126 48 118 0 130 30 158 147 6 64 106 54 5 40 27 36 72 0 36 0 0 50 50 0 86 16 27 59 90 0 64 87 94 107 3 81 131 91 81 0 65 24 36 34 99 0 49 29 1 72 76 58 57 14 0 82 10 88 0 222 60 135 98 4 21 72 43 44 91 0 75 26 62 43 42 72 124 46 4 116 34 81 28 27 37 134 57 72 125 57 0 77 0 0 9 63 22 58 0 133 9 9 190 137 36 50 42 30 87 6 21 86
40 14 78 84 19 74 25 26 86 88 75 8 45 0 33 87 36 68 0 115 94 166 25 53 63 49 60 30 0 15 108 39 0 93 0 29 1 120 24 1 0 46 0 81 3 161 62 92 70 91 3 81 12 148 0 28 3 51 117 78 38 175 42 108 0 68 20 24 0 35 3 98 4 29 66 50 21 0 42 9 116 39 73 30 5 130 108 26 8 59 19 19 45 94 52 39 8 90 47 34 45 107 74 0 24 83 72 111 75 66 36 12 39 54 129 0 26 15 63 63 0 0 16 37 183 0 30 27 7 53 43 139 64 114 63 16 21 167 0 0 8 0 50 64 30 54 42 51 0 10 111 82 18 55 21 102 55 54 24 12 29 28 32 144 25 38 71 159 24 88 0 84 9 88 30 6 7 75 72 209 126 0 43 24 130 0 32 117 49 12 83 81 29 90 27 49 94 25 38 104 49 90 115 74 91 0 143 8 63 6 2 32 25 33 0 78 49 15 46 47 46 39 12 77 30 108 74 77 78 61 59 0 51 114 69 12 72 130 71 20 62 72 96 36 70 0 57 72 114 21 0 21 56 112 0 36
53 56 13 42 62 181 29 57 65 57 39 33 86 75 32 25 41 65 18 27 10 18 23 7 15 68 29 44 14 0 72 161 12 81 6 4 3 34 70 108 153 32 32 31 44 124 42 151 52 146 45 14 35 56 27 0 54 31 55 0 12 112 24 72 6 50 115 103 63 9 8 56 92 84 89 93 140 49 34 116 16 0 80 139 16 8 28 61 95 78 38 15 92 82 6 82 67 92 104 99 84 48 6 116 48 0 8 45 59 0 54 190 76 36 37 24 55 86 21 99 36 16 25 0 118 63 68 18 54 150 29 28 38 36 72 33 63 112 35 159 81 83 56 39 14 13 28 56 68 0 32 45 0 6 21 77 59 149 50 0 17 9 0 73 6 77 26 69 100 30 77 84 1 36 0 57 29 34 0 56 53 21 34 76 73 0 45 80 43 40 0 12 0 37 20 9 116 18 0 149 23 49 14 36 24 17 134 158 8 2 123 0 54 5 19 109 122 9 18 34 108 9 50 69 42 24 45 79 73 32 81 38 16 108 30 1 84 61 5 40 8 14 96 32 12 86 51 45 144 63 86 44 68 14 3 65
124 14 46 6 15 238 96 10 77 179 9 89 13 114 93 104 128 34 55 122 60 4 45 3 31 174 72 58 103 95 204 66 20 69 64 72 89 0 27 100 146 36 7 62 62 2 101 78 57 160 102 9 61 247 108 3 0 72 155 154 61 59 84 99 18 36 119 36 0 18 19 47 157 108 25 149 177 32 123 211 129 49 21 15 91 139 81 70 100 139 32 104 4 88 35 55 27 38 10 108 8 26 21 151 16 170 102 143 23 0 69 9 65 47 34 72 105 3 81 0 79 69 106 42 24 72 80 134 93 54 192 90 18 40 85 35 32 48 73 172 108 119 88 102 115 161 40 77 16 42 106 70 37 129 113 0 20 0 69 46 86 222 187 118 146 0 51 55 76 87 21 42 89 66 0 247 97 134 0 73 39 7 26 111 76 44 102 176 92 60 0 180 94 101 86 12 126 104 73 90 131 198 170 207 126 61 119 133 102 54 179 167 40 89 11 130 99 3 0 8 87 12 55 77 81 44 48 209 76 29 66 63 28 120 26 81 50 88 5 96 54 95 75 112 22 58 116 44 6 66 85 49 18 45 109 161
42 155 12 24 69 79 182 32 4 64 78 0 8 62 97 77 184 166 96 92 7 0 52 0 56 36 29 86 0 86 26 34 10 50 16 4 24 43 80 28 44 108 0 62 0 22 72 75 0 112 0 0 58 12 20 4 48 121 21 24 16 132 120 4 233 152 98 36 0 24 0 225 88 26 40 6 121 70 40 54 189 4 32 42 56 8 24 0 136 82 84 200 26 15 5 85 108 32 139 6 0 15 42 18 16 71 72 16 44 6 61 122 4 48 80 8 0 30 27 60 96 12 50 58 104 121 66 80 48 10 9 48 32 32 92 0 88 70 0 146 32 30 0 38 112 60 36 62 148 24 150 6 28 4 0 148 29 28 143 137 16 0 62 2 0 54 29 66 0 4 6 112 48 20 0 60 20 0 0 2 37 68 92 22 83 24 76 86 10 8 24 110 112 40 0 40 0 41 0 24 56 101 122 104 219 84 0 8 120 56 111 56 0 44 64 55 0 62 8 34 0 0 12 0 13 4 52 48 106 12 24 40 64 88 49 66 99 92 102 54 84 106 36 63 84 2 65 36 30 82 30 57 0 32 0 7
57 9 29 15 25 29 62 62 0 8 76 0 20 12 103 14 0 0 0 42 77 36 23 103 14 59 48 67 47 0 0 20 20 0 42 5 0 79 42 0 63 15 24 5 15 241 81 79 5 34 21 0 64 70 17 36 8 74 97 25 0 102 63 35 36 133 15 24 42 38 0 30 37 21 134 0 14 0 26 37 38 0 42 66 9 16 0 12 89 30 23 162 158 7 10 6 12 5 18 0 0 4 98 30 58 66 54 9 76 48 0 10 54 42 63 48 36 51 54 40 70 35 0 45 40 30 114 0 69 0 36 3 42 12 59 87 0 84 53 73 8 10 146 8 90 88 60 28 24 0 51 6 0 75 47 114 2 12 24 44 0 60 0 111 12 13 44 61 104 0 9 37 0 88 126 87 20 0 32 8 92 69 0 34 129 30 67 18 0 0 0 12 58 63 37 16 0 169 54 63 6 93 0 116 82 20 116 83 40 68 96 90 30 120 8 12 40 0 20 54 89 48 8 0 82 75 18 104 42 47 99 19 0 16 140 2 6 183 20 12 9 78 9 42 12 88 6 72 30 178 93 10 0 43 24 77
56 60 4 0 29 110 16 77 36 7 35 16 22 69 31 87 83 20 102 32 94 94 45 126 22 24 80 116 24 36 34 77 0 4 0 32 28 187 0 30 57 129 37 72 29 217 14 6 0 169 10 8 11 65 8 24 15 84 12 90 51 0 48 42 48 178 60 45 65 26 7 7 54 91 48 2 18 13 29 38 72 18 25 0 37 69 0 14 38 192 23 96 126 82 78 38 21 20 0 60 6 16 0 0 129 101 0 122 54 90 6 52 108 6 78 48 16 18 34 84 68 98 76 40 122 72 57 54 24 22 35 50 20 0 73 60 42 44 53 71 24 26 119 33 63 10 53 60 32 0 111 103 0 77 59 68 0 48 126 130 36 5 78 0 14 65 40 65 6 51 36 118 7 64 56 28 10 0 36 18 165 3 6 16 52 66 0 0 2 0 3 0 42 0 52 36 24 122 101 87 0 78 0 66 103 94 215 56 78 54 26 56 18 6 9 144 21 0 42 57 64 24 30 0 92 67 21 5 5 23 9 56 0 38 90 109 46 8 14 22 16 20 113 50 47 38 27 0 6 2 54 22 53 42 32 62
26 0 4 40 24 48 156 91 10 63 86 100 89 36 36 125 184 22 134 50 85 96 40 0 6 24 57 0 37 6 0 84 24 38 8 48 3 14 6 91 105 40 36 137 40 83 104 70 57 114 115 0 14 104 100 10 30 23 114 56 87 0 51 98 34 16 177 80 64 59 66 94 6 60 146 164 22 16 94 106 36 78 76 66 100 75 12 23 29 136 111 9 49 75 46 81 88 43 39 40 1 67 24 169 54 101 6 72 17 7 68 30 37 56 21 69 24 147 6 72 125 72 130 0 59 120 65 134 0 23 94 32 51 24 64 12 72 41 10 77 4 55 41 7 10 22 36 116 76 32 115 7 28 8 128 0 80 9 23 123 11 6 86 2 5 45 123 114 28 80 48 64 0 72 21 66 131 2 46 40 133 56 22 0 129 128 80 28 36 92 0 108 13 71 38 6 95 57 164 143 163 133 87 72 40 114 65 26 76 112 125 8 21 42 4 79 103 22 36 46 27 49 19 111 29 134 33 88 82 78 107 44 39 84 10 74 0 32 63 39 72 92 40 107 76 11 81 65 124 5 101 49 28 40 0 58
0 0 74 136 10 16 43 34 30 38 15 62 60 66 5 39 123 2 62 108 42 27 61 179 6 12 55 38 14 8 18 0 20 2 109 142 60 0 0 42 67 54 29 46 18 17 40 135 46 123 169 24 36 34 67 6 16 63 82 137 34 48 14 0 18 72 10 69 141 8 79 6 56 54 54 48 102 141 79 89 43 46 0 133 29 46 0 63 28 96 46 18 221 30 56 58 42 56 103 0 40 74 98 59 87 30 60 88 59 62 7 0 0 54 0 102 72 0 7 48 34 47 77 151 0 49 70 8 104 66 0 0 67 0 27 104 0 20 2 158 12 14 81 21 39 88 0 12 34 0 133 0 65 84 0 0 18 12 0 68 0 9 110 0 0 0 60 57 52 72 10 62 49 156 0 77 40 54 54 0 5 67 32 0 77 8 12 24 60 81 28 8 9 171 33 42 85 99 54 17 139 0 17 199 33 156 94 4 76 6 51 6 36 20 121 48 108 0 120 45 2 46 69 84 64 14 125 0 14 39 75 37 7 85 55 47 48 24 23 102 36 185 30 72 20 0 0 149 76 60 139 0 0 101 8 66
36 52 43 7 0 135 149 167 23 15 12 99 141 54 19 130 18 96 63 73 64 0 64 65 29 24 105 42 54 9 60 118 55 49 58 31 36 49 56 28 65 77 38 4 26 78 114 0 5 14 64 24 7 157 10 12 74 56 51 21 94 23 55 101 42 57 56 0 61 101 0 47 0 65 48 4 64 32 79 5 93 0 0 30 28 31 60 0 89 102 0 151 145 131 0 0 0 41 20 80 7 60 14 80 51 22 15 43 4 0 133 78 138 42 89 22 141 75 72 96 50 19 49 80 49 56 115 21 9 60 0 33 118 30 64 20 21 94 93 49 38 37 8 34 81 56 39 135 134 0 33 65 77 16 81 12 62 40 8 100 24 130 0 37 4 40 162 70 4 0 45 129 54 32 21 9 104 105 0 33 92 85 40 80 21 0 81 42 34 60 51 6 69 119 67 28 49 30 21 42 40 10 62 45 87 26 0 0 36 18 36 6 18 91 18 56 4 21 0 30 96 78 33 60 48 0 0 89 47 41 78 3 49 5 9 42 2 70 94 42 18 80 108 172 51 16 12 74 2 93 135 72 0 114 21 74
34 0 14 12 63 61 137 18 0 87 4 18 66 0 14 47 0 16 24 24 0 0 0 95 54 64 8 66 12 0 10 4 46 63 10 24 0 21 56 37 68 60 4 37 4 113 73 26 0 10 47 0 8 11 20 8 7 59 14 25 0 35 70 0 18 33 0 31 7 38 10 71 34 44 44 30 8 0 95 8 22 0 96 46 35 2 0 0 23 24 0 19 0 12 0 24 16 18 0 0 2 0 29 15 139 55 18 11 0 24 6 32 52 59 63 56 0 12 28 34 0 28 45 66 0 24 27 0 84 0 29 12 0 0 81 145 24 8 4 56 8 22 32 9 55 57 89 20 9 0 0 4 0 77 12 0 0 12 55 78 8 10 9 96 48 64 112 60 45 54 9 56 15 0 49 121 69 0 39 18 72 107 6 56 203 0 0 60 14 15 30 30 4 0 10 79 149 67 42 2 109 18 56 18 104 16 76 28 21 59 103 32 15 34 9 17 76 0 64 23 12 0 83 42 89 77 0 0 47 9 10 48 59 172 118 0 0 24 0 105 36 10 72 0 48 0 0 0 0 2 42 0 8 60 0 45
144 112 49 56 64 35 64 22 8 10 44 115 48 14 94 91 135 2 12 60 0 49 6 4 0 95 24 57 12 24 28 54 4 0 0 7 141 110 0 19 9 108 10 20 78 34 47 58 31 56 54 62 37 5 46 105 60 40 9 14 34 63 3 0 43 28 10 18 123 0 76 49 28 0 65 70 36 0 6 59 105 0 21 102 7 9 46 5 68 57 63 83 0 12 115 18 23 182 69 32 83 63 28 25 27 24 7 82 116 74 7 18 6 61 0 45 85 34 72 60 104 0 28 0 4 62 33 69 42 25 30 16 42 36 33 36 49 47 2 33 8 8 14 5 63 6 21 69 0 18 123 61 42 48 12 40 34 99 129 15 112 79 16 32 0 0 6 42 13 14 74 18 54 17 98 60 5 49 0 54 103 93 4 4 0 63 49 0 28 42 15 40 28 18 90 13 9 66 139 36 73 3 16 153 75 0 26 52 18 72 86 24 40 83 41 44 30 27 72 0 53 61 15 85 4 2 53 127 15 4 8 16 39 8 24 30 12 124 98 14 42 135 56 14 99 12 0 93 49 130 93 64 0 22 58 29
68 72 79 54 8 4 87 59 22 28 45 95 89 0 129 110 125 22 45 58 40 76 78 71 0 60 101 0 24 30 35 92 138 0 102 10 88 114 30 49 0 25 72 72 81 89 56 71 148 87 15 0 18 74 80 37 21 24 0 14 62 43 18 0 144 40 0 6 81 76 83 0 0 107 106 32 42 27 35 109 131 36 71 77 93 8 127 7 5 63 10 63 85 0 0 126 65 74 0 72 0 22 0 32 27 128 0 96 60 34 54 40 58 134 0 0 27 45 49 3 57 3 71 58 92 0 208 80 102 125 66 98 31 0 10 0 82 93 0 57 16 29 65 10 5 71 0 136 96 42 37 3 49 69 20 30 65 163 5 53 80 126 93 37 25 185 138 163 55 71 24 23 37 104 119 36 83 80 51 20 170 24 37 125 71 44 45 36 123 96 64 0 114 130 6 0 6 70 87 60 84 69 44 60 127 40 151 36 78 43 21 0 0 56 0 33 106 126 48 98 69 15 61 65 13 64 15 79 77 39 0 32 103 84 137 42 16 10 161 59 42 18 122 106 67 111 0 49 126 45 82 64 0 30 163 37
6 123 168 158 120 37 47 73 48 70 106 153 63 0 72 109 162 72 110 188 56 0 0 96 40 73 123 135 80 95 131 66 45 54 37 36 112 57 56 79 12 143 64 37 16 56 14 177 45 88 99 64 4 145 90 42 107 147 115 200 161 198 54 0 142 43 94 44 90 5 95 30 97 80 38 0 73 109 18 135 50 32 21 19 54 41 63 132 56 113 82 83 83 34 77 57 7 106 32 36 24 77 58 36 33 65 68 0 224 120 84 58 31 114 93 40 63 34 64 54 120 1 23 148 24 123 120 22 128 74 69 66 139 64 42 56 87 62 36 146 11 46 119 64 199 0 92 32 18 33 83 27 246 203 51 94 41 59 104 130 109 174 125 0 0 39 63 69 0 31 113 96 88 122 114 75 63 10 63 104 132 20 35 87 42 152 50 106 133 81 31 40 74 59 94 28 81 82 7 64 254 76 157 61 190 59 171 70 77 110 137 45 32 71 116 112 0 12 37 47 72 119 82 38 125 22 117 120 44 52 149 55 44 250 103 20 57 58 122 26 79 100 239 108 28 42 28 124 72 35 98 0 34 56 6 8
11 6 95 20 68 101 81 9 0 48 31 93 67 63 32 102 50 0 65 130 2 90 0 0 9 0 11 45 20 36 72 103 33 0 45 22 98 53 70 0 60 45 4 50 54 20 42 63 121 66 94 72 105 55 9 64 21 18 130 119 46 42 0 0 53 56 2 75 85 25 52 32 28 38 19 18 99 12 0 179 220 105 45 12 46 4 0 34 138 190 27 144 0 35 84 159 39 10 13 32 7 57 30 12 81 8 26 32 48 36 1 5 34 34 6 72 73 54 15 0 0 0 66 0 7 91 4 0 53 10 45 64 0 0 54 0 105 13 107 28 58 0 17 6 0 138 8 60 104 3 6 16 40 95 0 90 5 12 25 29 28 0 117 148 0 27 7 15 144 94 16 39 129 4 0 24 18 5 43 128 17 74 24 0 51 36 40 120 10 37 66 30 90 144 40 24 76 54 31 41 123 54 58 107 57 83 1 36 71 36 61 1 81 0 70 47 163 0 0 0 0 72 35 0 22 7 14 43 20 7 109 100 82 88 20 50 28 12 40 49 15 41 30 7 4 0 7 3 154 108 25 82 50 35 3 8
49 6 0 83 6 49 0 79 0 95 55 78 157 27 14 86 195 53 121 26 0 101 43 3 16 9 8 30 124 22 0 8 15 96 18 36 32 124 24 76 6 56 0 94 15 92 72 110 22 93 55 16 18 52 63 18 24 83 47 164 96 60 40 69 66 9 44 68 72 49 92 6 42 72 213 56 12 0 124 125 0 76 40 0 16 79 63 47 85 97 24 0 78 78 18 64 47 72 15 24 53 6 16 224 13 54 37 38 60 54 8 66 15 78 2 76 16 123 32 21 20 21 160 54 33 21 160 2 112 0 21 0 86 43 28 72 99 69 16 8 9 36 88 12 105 12 11 88 0 30 10 96 12 101 76 123 102 60 76 56 0 25 58 25 2 11 68 56 64 141 54 9 105 47 0 11 72 81 34 70 57 16 35 76 75 2 23 118 102 119 6 49 109 121 24 15 0 42 23 114 101 69 35 18 8 20 112 45 71 58 49 33 11 3 17 89 142 64 18 25 6 86 15 47 11 15 6 102 24 132 62 12 0 99 156 89 40 30 6 56 18 75 53 84 22 0 0 36 3 8 80 0 72 25 0 40
110 59 104 16 202 88 162 60 18 67 9 65 33 66 64 0 30 99 86 40 47 0 29 154 82 48 11 192 14 69 158 137 80 56 42 24 60 114 0 46 24 109 109 16 80 66 44 44 63 59 58 63 22 7 0 43 4 68 64 58 62 72 34 50 85 53 86 14 20 0 53 116 133 85 134 26 53 8 101 137 162 0 100 77 23 20 107 3 76 153 27 154 36 22 5 104 36 51 4 87 0 31 52 33 160 15 31 87 54 48 65 281 67 20 109 25 27 18 35 34 126 47 77 33 8 36 129 9 45 110 36 0 126 0 180 101 70 48 59 44 0 89 66 50 56 24 0 24 95 33 18 165 12 74 124 9 42 34 42 75 45 110 138 8 0 87 66 31 0 101 0 127 41 0 121 24 11 77 64 93 42 6 90 55 77 43 62 0 36 105 35 56 64 68 27 74 0 164 120 57 21 6 64 19 49 142 228 87 55 6 102 154 56 12 71 99 88 117 134 25 112 61 140 8 82 18 31 121 29 95 70 30 96 1 42 93 18 104 40 3 54 79 56 8 79 62 61 52 27 85 30 0 88 54 52 36
18 56 0 52 150 61 0 24 30 4 48 2 30 102 4 76 88 29 94 108 0 0 42 0 118 44 53 134 35 24 42 16 8 42 82 111 0 67 74 92 118 101 58 52 0 0 0 49 29 45 78 42 71 71 21 28 56 189 105 104 16 48 23 0 104 10 2 166 110 27 46 0 41 65 0 0 116 117 21 73 120 30 6 98 0 14 58 84 32 77 0 96 0 18 53 111 23 93 18 115 63 144 8 58 13 35 21 49 16 39 4 63 54 72 49 54 14 2 56 28 81 0 92 27 30 149 18 56 18 56 10 12 94 56 72 19 6 106 117 137 99 54 0 30 67 32 90 34 64 47 31 0 73 91 12 49 8 15 21 28 126 33 40 8 0 13 46 0 58 92 96 36 44 0 14 4 0 33 10 31 11 28 34 119 80 93 82 107 41 0 56 36 0 78 21 132 2 2 14 28 49 98 151 39 91 132 10 103 48 27 75 0 0 21 0 63 70 16 35 5 48 2 16 21 32 45 45 47 8 21 68 24 42 87 18 46 56 38 7 44 80 69 121 127 8 107 0 0 16 69 84 28 4 47 0 42
185 118 21 82 74 141 198 47 54 102 32 34 40 4 88 109 6 16 23 90 36 48 22 34 56 113 54 35 35 85 149 8 3 56 111 84 120 7 24 39 42 50 28 107 40 105 6 118 56 182 45 84 61 28 81 28 74 167 195 43 65 128 50 120 74 60 14 76 69 8 47 113 112 130 83 99 89 229 51 55 0 63 128 141 56 25 52 40 107 7 51 205 126 23 129 67 122 161 22 56 10 74 12 87 148 43 111 63 70 56 145 221 73 0 36 87 59 0 49 88 20 9 81 35 47 87 61 21 110 141 104 15 171 0 157 157 4 2 158 108 0 34 29 168 14 72 72 20 72 42 0 126 101 134 81 27 7 40 0 68 89 44 75 104 89 72 155 57 0 71 48 67 11 82 131 65 101 18 155 85 84 128 36 46 56 0 0 0 91 74 54 102 109 95 83 81 90 155 72 14 5 46 30 74 0 62 215 97 33 101 72 54 0 62 176 120 171 16 80 101 101 56 48 96 38 0 128 72 39 73 194 28 82 218 139 69 64 116 5 86 101 42 167 121 64 51 104 95 116 77 43 0 142 145 0 45
68 118 3 98 56 165 45 102 33 143 129 27 92 12 82 79 42 20 85 66 52 10 91 98 56 74 19 119 87 28 0 12 14 35 35 108 25 40 39 100 8 77 134 26 107 38 142 76 46 83 12 105 137 20 68 0 5 84 136 32 0 66 92 72 80 35 63 58 67 0 29 71 62 0 78 104 178 56 74 88 160 38 69 183 99 56 23 179 32 96 57 128 118 28 40 52 0 26 86 107 2 63 170 64 111 113 15 24 64 86 123 73 26 84 0 22 71 24 0 8 46 0 152 42 64 24 54 77 66 140 0 70 60 0 102 45 9 49 21 132 113 82 44 71 35 64 72 22 35 44 78 49 6 0 36 0 62 114 0 16 40 52 6 24 6 23 77 67 94 194 32 48 49 100 82 34 34 68 0 62 59 0 86 22 35 36 31 26 65 100 74 117 105 40 0 12 148 101 12 108 0 62 41 81 56 16 237 76 8 22 97 56 56 52 15 75 105 68 0 67 56 18 89 122 8 39 54 15 8 74 145 64 125 64 110 95 26 97 33 35 0 98 98 104 116 66 75 109 38 51 99 50 0 14 0 32
42 0 131 58 88 0 78 14 0 38 4 104 35 81 28 14 84 162 51 112 40 35 0 102 60 48 82 64 63 63 100 14 4 73 40 142 141 56 14 16 139 140 0 100 30 90 62 71 7 14 176 80 86 80 36 52 0 184 124 79 0 42 30 134 104 33 4 72 8 51 58 36 4 62 186 66 16 65 160 79 117 27 0 78 63 117 60 0 6 67 236 130 6 109 0 36 107 123 96 44 70 73 44 64 36 239 109 99 8 64 7 109 8 105 0 42 16 88 79 98 89 0 92 67 62 79 48 91 58 7 0 0 24 0 56 0 40 60 0 36 28 64 73 97 82 54 0 4 94 18 124 46 0 105 83 25 24 87 0 36 42 118 135 110 32 40 85 79 24 135 107 10 98 84 80 117 79 32 120 99 67 41 62 120 101 49 81 12 79 85 0 81 56 58 0 0 80 45 35 25 80 79 157 359 28 24 77 181 63 50 22 9 41 95 0 0 14 99 0 13 26 10 6 140 101 58 159 10 5 0 101 40 174 61 56 105 84 84 6 41 18 130 45 65 48 148 63 98 53 90 46 0 36 62 0 90
36 32 15 56 78 72 120 57 52 54 134 0 0 36 51 90 45 75 110 105 10 108 56 0 30 4 108 66 48 70 60 30 1 23 176 136 109 120 215 76 0 79 0 158 0 117 30 56 88 135 46 24 59 146 135 9 5 79 59 109 34 12 135 9 160 49 25 18 34 30 16 25 65 22 150 0 72 82 62 87 70 122 93 27 0 36 63 54 89 42 36 61 42 21 12 72 91 28 0 85 24 12 87 74 90 223 24 76 45 0 51 148 26 60 18 59 45 159 0 43 68 42 94 27 208 53 42 0 65 40 72 106 25 0 17 40 164 63 0 20 0 135 57 28 34 44 9 161 96 63 12 72 25 73 60 101 16 196 102 9 86 97 28 30 45 112 55 150 48 170 191 57 6 88 27 124 42 88 54 37 71 0 113 31 8 78 54 0 24 20 3 84 76 162 10 0 60 64 0 42 34 12 48 132 184 52 63 158 88 8 17 16 49 72 5 52 48 30 0 162 39 81 14 90 44 64 120 30 44 78 43 129 72 4 45 36 76 38 171 41 89 36 63 132 54 54 26 32 27 83 5 40 16 24 66 96
103 68 5 126 162 43 28 40 70 72 145 92 9 96 5 40 59 9 39 18 2 4 60 16 56 105 10 45 32 48 0 11 54 63 22 153 22 81 24 16 14 84 16 37 161 59 43 154 48 128 60 18 96 17 71 83 91 81 143 158 4 24 8 63 0 7 34 45 67 10 18 0 48 4 137 75 52 120 96 22 0 0 6 48 81 136 16 14 7 124 42 88 254 0 0 8 64 104 24 31 63 140 5 36 173 95 145 75 60 40 7 28 2 0 46 54 134 93 34 147 13 45 64 31 95 56 20 121 0 16 74 0 148 30 2 45 70 42 55 117 72 99 73 27 158 43 84 80 106 0 18 0 152 0 34 60 47 50 126 109 117 61 24 113 0 12 34 70 0 171 148 50 154 215 27 109 19 70 62 23 40 0 30 72 61 23 86 6 56 4 21 109 101 72 34 70 25 34 49 19 57 99 16 163 95 72 143 2 38 0 50 24 34 56 10 10 81 32 18 23 35 70 0 29 98 92 16 16 30 32 162 0 35 24 62 85 0 91 66 109 33 179 27 60 0 14 18 6 124 86 97 49 102 120 16 52
112 151 83 125 70 0 42 66 98 83 18 39 21 131 30 24 0 0 220 102 97 0 54 60 48 81 128 94 7 54 57 123 30 0 48 44 0 115 48 50 24 7 13 74 111 0 38 193 21 66 98 8 50 99 0 79 8 9 234 183 18 9 0 27 9 145 54 24 206 4 45 98 110 6 83 132 94 138 14 82 67 33 72 54 0 66 99 0 203 81 6 61 36 32 6 24 63 20 0 125 90 24 0 161 73 127 118 114 16 22 0 29 64 27 16 48 172 2 26 76 147 86 127 150 0 28 76 44 16 105 89 54 0 33 30 75 36 8 48 156 54 0 85 10 56 62 34 35 60 58 116 156 92 49 18 30 0 77 56 9 77 36 116 63 14 32 34 0 0 52 8 18 116 81 170 78 66 0 32 27 68 16 80 4 44 46 18 45 150 27 24 38 63 90 86 18 16 12 161 3 44 6 18 203 177 171 88 116 80 79 62 103 0 0 223 167 58 67 52 111 44 36 84 81 96 36 249 0 40 0 45 32 0 109 35 0 144 28 18 61 16 201 28 86 54 0 0 91 0 120 60 114 84 20 24 93
29 56 29 103 211 54 15 0 81 35 6 56 0 0 67 39 16 30 106 104 36 58 0 0 66 56 21 84 0 4 81 0 0 9 51 113 0 104 0 52 8 142 24 81 38 40 20 22 132 102 127 0 44 174 34 55 0 110 129 213 95 6 46 25 44 31 0 30 70 0 97 56 73 40 42 6 5 37 0 14 42 124 10 2 36 20 63 36 82 27 6 72 0 22 102 18 0 31 0 36 65 48 16 28 16 119 36 124 0 80 12 0 85 93 62 54 56 0 0 48 59 2 18 27 115 69 41 38 30 54 35 95 24 12 27 71 51 46 46 143 40 63 68 32 88 52 14 24 32 9 59 20 23 84 0 0 15 43 0 50 85 71 0 0 49 0 60 86 0 128 105 2 69 60 0 61 60 16 137 27 64 36 83 173 22 14 32 166 36 18 40 0 12 42 61 43 50 30 60 57 28 187 5 68 197 0 56 0 78 32 63 62 24 36 114 114 18 33 93 12 21 23 23 57 49 76 67 87 25 12 60 0 21 68 34 14 48 97 116 18 110 171 113 72 0 27 36 18 20 46 3 26 40 40 49 76
30 65 36 33 0 100 118 134 0 136 99 37 136 66 27 87 116 89 56 84 97 36 49 89 102 63 63 116 147 33 32 25 63 63 35 36 55 30 0 33 201 167 21 103 166 27 91 117 113 94 59 51 169 81 14 84 8 47 217 45 18 33 116 54 112 82 36 100 115 63 102 126 179 71 115 52 143 16 138 5 36 61 29 52 135 34 72 108 18 91 74 191 35 65 58 33 38 0 126 18 4 15 83 109 186 10 141 152 175 99 89 91 159 60 66 24 21 0 147 27 184 30 46 24 42 27 49 0 163 325 146 35 0 125 125 42 113 54 38 109 21 71 148 84 102 176 36 60 56 14 65 87 66 64 104 95 77 131 9 0 25 129 69 36 115 0 115 129 42 213 0 34 71 65 67 35 105 27 35 86 70 0 0 48 28 0 60 92 140 28 29 150 124 72 27 3 195 39 68 170 97 81 144 143 48 9 215 86 0 72 101 28 120 125 38 39 209 56 55 38 24 102 113 70 35 35 37 24 63 21 179 30 132 68 112 24 41 45 185 0 103 0 105 0 51 78 72 21 143 18 8 7 141 16 0 60
90 20 72 152 132 135 40 38 20 127 110 212 22 96 108 148 126 12 190 108 84 68 66 63 104 107 163 33 81 119 137 67 44 63 45 52 46 35 128 68 160 28 28 67 0 24 85 165 113 163 91 12 52 212 32 99 89 65 131 294 15 158 35 113 114 15 132 41 115 0 71 193 72 120 19 141 283 17 14 50 197 0 19 90 84 79 97 24 138 77 65 133 45 124 96 144 28 160 60 147 7 66 61 88 48 106 107 104 73 178 102 14 154 45 70 84 6 62 71 91 114 59 132 123 40 87 84 61 29 62 30 76 114 0 124 0 87 195 70 205 68 81 172 29 64 76 60 40 45 35 120 118 102 166 75 45 5 127 53 75 40 115 95 12 4 72 52 145 32 9 12 79 65 0 179 177 65 23 16 120 103 107 48 217 28 120 79 80 26 5 52 0 85 14 145 170 47 8 30 142 128 131 100 162 111 53 108 51 0 160 227 147 48 93 61 194 59 98 18 51 62 89 56 61 134 42 69 134 28 34 82 45 5 123 115 53 97 15 109 25 0 121 87 102 63 16 90 134 38 0 85 104 46 17 12 80
53 169 28 74 107 108 148 48 129 93 65 192 66 15 20 140 165 223 126 88 75 105 166 5 0 85 7 206 78 9 32 52 12 9 10 40 118 89 92 225 36 106 56 117 82 87 51 21 26 76 101 46 18 109 31 81 18 16 200 97 94 119 16 106 20 73 100 0 24 159 93 148 92 57 150 44 18 88 33 115 72 0 22 23 114 113 281 10 90 99 171 103 94 84 10 11 54 86 92 72 10 36 71 103 18 149 126 51 30 14 90 47 39 62 209 202 96 22 23 24 145 27 111 54 127 44 86 109 0 67 58 153 157 45 30 107 48 182 106 144 8 12 80 90 67 89 9 139 0 0 175 28 55 175 265 0 40 4 55 157 50 0 123 93 49 86 35 17 56 81 48 33 27 90 47 77 79 91 18 220 100 39 59 96 66 96 56 145 111 33 55 86 117 64 75 14 16 143 20 30 152 81 126 227 135 35 0 60 21 78 204 156 60 6 35 46 28 79 65 112 48 133 110 33 53 64 18 129 81 139 125 12 5 39 82 99 0 47 77 92 156 118 84 46 4 52 4 32 73 95 77 52 13 63 133 71
120 66 20 6 60 107 55 89 28 141 48 53 80 78 40 88 161 129 129 137 14 63 115 32 73 64 154 86 76 59 135 228 85 0 126 77 115 92 0 43 158 88 90 14 108 0 73 87 75 174 197 52 235 247 51 109 4 151 130 31 20 7 7 28 17 42 118 0 136 27 84 25 145 50 61 78 146 54 186 129 77 20 22 55 48 56 123 69 49 244 123 166 28 3 4 150 9 183 10 68 0 28 112 168 71 179 84 198 31 49 88 124 88 45 63 86 166 31 46 40 163 74 86 0 52 210 79 105 85 86 177 34 76 35 161 116 70 112 105 84 31 56 56 88 70 102 6 74 63 72 52 219 44 119 109 78 95 91 56 2 155 21 143 11 0 42 75 80 40 162 30 72 155 98 63 158 99 35 42 21 147 132 12 71 98 28 53 159 159 65 47 93 61 135 97 79 0 226 175 25 166 41 60 100 82 70 257 39 50 115 51 23 69 0 39 69 88 46 64 66 97 31 94 156 109 200 39 56 119 21 133 153 32 112 187 56 36 63 85 6 42 82 102 80 108 90 46 220 99 91 55 15 0 89 67 89
68 35 54 59 106 126 12 180 64 0 106 0 80 91 63 136 81 89 127 21 10 42 46 27 76 126 72 117 145 144 72 63 0 9 45 33 29 136 64 63 115 141 113 150 109 189 109 73 70 186 20 0 14 179 32 40 169 46 116 102 0 84 12 36 38 17 261 30 0 22 40 73 117 198 10 20 114 55 123 139 7 83 29 20 51 96 36 57 212 179 172 44 92 44 6 70 21 132 40 80 63 53 59 0 120 150 32 116 72 66 50 44 14 34 60 10 0 0 56 75 210 122 0 75 72 171 201 34 14 47 144 91 34 117 36 40 62 76 62 36 47 130 188 64 18 15 63 4 34 0 57 27 70 49 16 35 16 144 21 37 27 81 94 109 45 54 119 142 117 18 85 168 2 81 0 92 12 48 52 62 141 112 0 57 101 59 19 80 22 106 66 30 20 36 51 103 11 21 70 136 22 35 97 44 148 64 53 49 76 190 157 28 36 15 72 109 0 18 41 144 83 21 36 42 32 102 115 53 48 36 132 28 40 62 74 54 46 166 19 14 81 84 4 60 207 78 26 12 24 42 41 74 35 49 42 74
36 9 72 0 12 15 23 18 0 27 92 52 0 40 0 21 206 207 110 81 27 10 45 0 4 0 36 51 179 18 6 99 48 96 3 114 33 81 28 44 96 106 56 13 0 48 6 49 66 145 0 42 16 12 151 0 29 84 27 114 30 0 126 112 99 54 13 40 82 37 36 42 87 48 171 24 9 26 49 30 0 101 14 56 37 49 114 9 23 67 27 14 56 225 0 63 30 88 120 91 33 42 14 124 0 112 0 0 51 75 8 12 47 54 114 0 33 64 49 12 63 0 0 0 59 6 12 30 86 0 57 0 52 54 30 94 42 116 0 19 19 15 54 0 18 12 16 108 0 0 45 63 0 186 150 54 31 50 0 120 1 153 144 30 46 115 59 6 0 63 8 0 6 123 16 112 0 104 33 59 13 26 89 107 56 35 4 27 110 36 21 6 96 266 24 108 18 75 18 104 45 18 48 144 148 48 0 169 75 12 24 24 79 0 16 32 48 9 36 45 87 0 58 36 68 10 30 114 0 63 38 24 17 9 60 47 0 24 87 36 36 24 101 17 18 62 56 85 54 50 50 52 0 52 88 85
54 0 63 105 45 199 60 0 9 154 113 200 14 12 35 80 67 30 68 42 101 173 0 35 4 72 0 18 42 43 71 21 56 54 45 141 27 93 65 54 35 45 88 138 6 54 143 5 104 165 88 54 0 119 0 56 80 77 215 203 42 42 78 119 35 0 40 29 43 0 3 61 42 45 9 78 101 157 0 86 81 65 92 10 106 76 148 14 20 177 86 0 42 30 25 123 0 41 78 79 81 65 42 84 67 63 20 79 33 64 99 29 26 73 24 30 145 30 80 18 24 49 50 72 159 36 36 36 0 0 0 110 136 30 43 30 75 72 189 0 0 30 109 79 0 116 55 33 35 0 56 30 18 64 18 122 69 57 87 26 56 63 72 21 0 30 181 71 36 152 12 22 35 39 16 56 24 81 24 192 80 42 41 96 43 0 98 128 107 0 78 79 80 17 117 130 145 0 0 146 0 145 27 63 168 86 172 20 0 32 24 103 0 18 20 92 35 16 40 48 39 61 26 51 0 181 40 31 10 39 34 24 135 63 199 23 75 22 28 30 70 15 28 211 75 59 171 88 63 3 64 30 14 109 0 32
0 0 5 0 17 37 19 2 0 2 8 14 0 47 37 50 9 28 36 0 0 0 0 0 54 20 34 12 0 0 31 53 1 16 30 16 42 21 9 50 69 89 64 45 0 61 2 0 18 87 24 0 0 45 0 10 70 54 6 81 4 0 15 20 12 5 46 64 0 12 6 11 0 51 39 0 20 40 52 0 0 16 10 28 32 43 0 59 36 64 87 38 35 34 15 48 32 42 0 4 17 0 38 27 24 92 23 59 14 52 0 18 0 34 0 48 8 18 2 17 50 0 36 47 6 64 83 79 7 25 0 0 24 46 0 35 11 26 0 81 0 24 48 61 22 10 16 4 0 21 49 8 5 70 16 0 0 23 6 32 20 6 90 4 18 0 58 4 40 29 0 114 0 0 29 52 8 0 16 32 0 30 14 4 6 0 53 14 0 0 0 8 88 0 27 32 16 55 0 24 4 0 36 78 0 78 37 48 40 72 53 20 72 25 0 0 0 1 24 37 4 0 63 0 72 0 0 20 35 81 33 12 23 36 32 63 0 6 8 0 15 0 19 0 1 30 42 0 0 12 70 16 4 76 15 31
37 84 30 0 51 118 45 73 84 68 78 6 40 103 25 54 9 54 0 75 28 2 31 18 0 24 82 52 58 117 90 24 90 107 49 39 43 56 21 18 49 100 84 103 70 33 58 56 68 54 112 32 40 0 45 5 10 61 112 56 31 0 0 81 15 44 10 28 26 18 23 54 147 10 54 53 58 97 12 154 56 5 0 50 35 47 40 32 71 12 21 57 0 155 16 7 88 29 42 28 0 64 0 15 159 56 28 45 7 20 38 67 18 18 112 9 17 0 133 62 6 9 24 0 46 0 5 28 18 130 70 38 85 36 127 5 12 74 48 87 4 59 64 67 28 0 68 68 137 0 30 58 58 14 94 44 10 84 94 24 20 0 104 115 0 48 66 77 15 105 116 69 12 43 79 79 0 65 0 69 22 18 94 44 109 63 15 16 51 40 42 24 0 139 76 0 27 75 0 4 0 22 114 108 74 16 87 80 183 50 72 48 60 21 6 67 154 62 35 0 60 12 36 24 0 17 72 136 8 87 0 24 57 18 8 46 0 42 42 125 54 28 115 32 29 49 48 32 63 64 72 56 124 97 97 102
0 0 87 18 87 45 99 0 90 110 103 36 72 25 25 100 60 146 96 56 15 0 73 57 48 38 29 118 56 53 72 73 46 160 15 27 41 1 16 0 78 132 0 17 10 64 116 13 62 98 10 111 74 107 34 31 51 50 48 57 42 57 28 35 87 28 4 83 66 57 30 96 0 30 99 52 17 33 63 36 29 103 5 85 28 88 14 84 65 88 34 33 12 74 109 126 72 97 27 0 49 211 64 0 7 35 82 27 26 122 46 72 6 66 40 86 24 24 30 93 0 13 15 18 156 35 20 65 12 102 17 18 87 2 22 0 94 80 34 70 0 24 0 36 154 153 81 4 63 34 32 10 23 75 18 85 17 104 36 50 85 64 77 78 58 70 60 28 27 95 73 68 18 28 91 25 70 31 66 115 137 39 188 28 0 0 27 66 71 15 0 54 126 3 12 52 55 66 12 60 52 118 201 87 56 153 67 0 47 0 15 105 0 28 61 54 2 47 112 14 31 0 9 15 0 94 30 0 0 53 88 53 66 54 37 25 132 81 42 16 42 115 120 85 24 18 77 204 0 16 27 10 78 28 0 124
109 99 28 187 147 76 33 104 63 67 60 75 72 126 63 22 156 0 34 88 0 8 22 83 48 100 50 34 56 99 0 92 166 37 203 64 64 37 45 44 60 12 89 86 0 62 127 164 80 94 88 34 18 27 0 50 16 24 2 68 131 129 28 78 39 92 4 120 48 93 37 66 126 124 31 116 36 114 1 23 18 46 113 191 103 62 174 62 3 3 45 129 171 54 20 136 73 43 72 37 102 16 40 93 113 26 53 55 131 33 13 73 6 119 52 7 20 62 43 9 72 9 171 60 152 81 124 119 51 26 112 40 90 0 72 77 165 0 27 241 15 2 9 82 24 107 32 71 80 21 212 0 2 0 71 72 51 0 118 114 67 32 24 81 0 59 30 28 56 107 9 84 52 133 0 27 8 133 108 0 66 112 118 63 0 42 16 56 27 145 16 52 121 27 6 97 68 33 78 37 119 28 49 160 135 91 0 39 48 28 160 41 90 0 38 24 0 0 33 56 150 128 93 27 86 14 72 151 27 35 135 4 96 24 11 10 52 237 30 163 55 276 72 55 92 56 0 126 162 183 64 12 72 157 68 41
0 61 67 35 13 164 91 83 42 53 90 78 12 66 39 119 70 20 134 36 0 12 39 57 15 48 125 2 64 44 85 72 12 0 0 67 18 84 95 93 84 187 92 45 54 74 47 110 86 26 69 14 86 102 47 36 19 123 10 124 101 60 167 6 38 91 0 84 61 67 59 49 117 67 34 63 33 89 90 12 45 10 49 73 50 136 6 40 46 98 0 161 16 2 71 79 48 20 0 9 0 22 45 53 88 57 96 42 20 9 66 2 77 162 57 74 42 16 21 0 141 33 22 119 88 153 71 18 113 64 107 50 56 0 175 54 68 6 96 170 12 2 68 17 42 16 94 23 21 12 83 42 229 0 24 0 135 76 75 40 167 50 0 80 0 84 56 42 63 18 14 0 108 77 69 62 77 81 24 0 85 116 89 4 48 29 36 91 0 81 21 0 30 94 8 40 141 28 83 6 51 0 85 51 96 42 148 111 69 49 74 42 48 42 45 14 71 0 42 32 0 3 0 84 84 24 65 10 36 8 84 32 95 58 24 30 38 123 48 2 129 12 109 22 0 36 29 0 28 57 8 54 18 62 52 54
47 100 4 59 8 84 98 0 49 111 143 26 24 44 109 114 0 33 44 1 0 26 92 0 5 45 96 0 128 21 25 4 42 15 12 8 131 114 81 112 48 84 56 5 111 0 94 108 70 98 43 0 10 52 48 81 42 49 20 52 36 0 0 36 18 18 8 104 114 57 26 6 52 7 0 57 67 0 43 47 6 18 112 122 27 75 34 10 138 5 13 0 10 0 86 53 20 38 67 127 9 36 112 26 77 128 72 66 0 2 0 47 9 0 57 77 23 37 0 58 72 50 81 0 78 44 28 18 36 60 92 88 24 27 24 7 51 48 9 67 21 10 1 8 1 57 39 46 76 12 0 31 69 54 49 0 53 39 42 9 94 81 76 72 0 61 48 84 0 109 4 52 66 0 81 136 0 64 22 0 84 30 5 10 106 117 102 58 132 20 38 83 63 22 2 6 32 29 61 12 47 35 56 63 115 59 41 24 6 52 83 6 6 71 5 58 21 25 36 118 20 0 0 57 51 66 0 0 0 30 45 48 20 16 38 12 66 103 31 30 63 66 122 18 10 36 3 0 69 30 52 71 100 26 80 31
190 72 21 40 39 44 0 8 1 69 0 0 18 115 79 235 101 18 66 94 77 4 29 48 80 63 16 12 20 67 80 75 0 178 145 4 99 67 227 60 32 180 88 9 114 60 91 124 32 67 64 0 44 0 2 80 0 96 27 92 82 36 32 9 87 0 20 40 32 12 10 52 108 4 19 62 90 36 80 24 101 5 38 34 32 90 45 155 72 57 113 153 29 0 98 34 12 196 24 0 8 72 65 60 88 12 128 89 0 64 32 72 0 0 70 208 30 17 0 162 16 48 80 24 72 58 24 113 120 50 35 8 72 25 59 9 123 4 60 103 64 146 76 64 69 41 198 0 8 40 4 0 224 51 29 44 1 76 63 33 92 51 18 0 0 8 63 49 48 87 56 181 91 0 36 62 0 25 48 30 47 171 0 0 72 30 79 0 20 24 27 45 111 1 60 54 9 72 16 25 85 95 69 20 67 0 120 35 76 32 125 36 124 82 76 145 56 18 82 10 45 21 186 5 72 28 16 84 46 110 142 89 33 115 61 48 24 104 22 0 59 136 92 6 81 36 49 142 36 42 125 74 28 64 51 69
62 48 73 74 75 70 65 18 42 0 16 38 93 37 110 130 101 93 13 39 36 12 145 106 37 163 118 48 42 16 84 63 19 0 105 8 69 33 20 78 27 9 18 0 59 18 12 113 12 30 70 24 12 53 12 18 66 152 84 78 8 12 124 0 97 147 4 7 66 126 2 5 55 48 45 54 117 72 13 28 50 53 56 51 18 118 0 75 60 92 87 51 99 0 0 30 36 27 35 36 30 0 51 118 102 90 69 37 34 46 55 90 51 0 0 0 18 3 90 35 54 0 58 63 42 54 113 36 116 64 61 0 4 27 54 68 4 20 6 91 0 24 104 67 165 42 82 52 65 32 103 24 138 70 30 63 12 18 97 37 54 54 0 58 10 94 106 64 0 86 132 76 0 42 74 176 30 6 32 0 14 66 16 0 34 66 0 66 0 0 42 12 8 90 114 100 16 38 0 117 46 33 35 103 133 95 54 21 48 68 0 97 40 84 63 45 9 4 48 132 56 35 35 30 2 0 0 81 28 0 42 69 6 48 10 0 50 12 48 109 43 130 58 61 14 36 16 122 6 10 87 17 18 125 82 188
42 0 94 6 0 52 53 15 15 21 153 67 76 94 8 104 57 18 114 0 14 0 68 48 51 4 10 38 64 18 0 45 54 35 56 48 17 146 23 12 70 81 107 1 13 64 31 86 21 70 61 0 56 22 17 44 50 30 79 18 0 18 25 28 27 77 18 14 83 72 33 38 89 8 97 1 101 0 90 88 18 27 21 17 108 6 19 42 49 10 51 18 76 35 49 88 50 28 45 37 18 28 45 26 57 24 10 55 47 44 68 3 20 0 29 84 34 163 80 14 57 0 104 63 10 10 73 91 24 107 0 6 79 0 30 103 14 35 0 34 28 23 64 11 35 84 12 25 85 2 41 43 37 53 21 42 46 38 6 86 61 128 24 0 20 0 150 3 49 32 14 60 28 10 61 53 45 66 8 55 12 3 33 49 17 10 0 12 26 75 14 36 102 62 14 79 74 48 36 46 45 18 0 112 28 163 76 66 0 32 110 16 52 0 92 26 9 30 64 41 18 49 30 45 38 81 8 21 58 28 70 38 0 28 89 22 29 22 85 30 0 88 0 64 9 4 44 63 8 21 83 22 34 70 7 7
48 0 63 13 46 107 26 0 78 40 76 32 18 78 74 2 49 4 132 0 6 54 15 86 24 48 9 0 22 32 150 25 45 0 24 90 79 108 79 48 165 132 0 97 108 81 20 18 129 144 81 0 24 32 41 4 125 174 123 117 24 60 69 24 26 21 75 15 0 1 33 0 60 14 108 2 38 62 137 63 116 48 19 25 42 127 29 54 10 32 69 136 38 68 6 122 49 66 3 66 64 9 14 16 84 228 95 42 44 139 10 48 15 43 14 49 18 90 61 61 49 0 68 90 26 87 34 105 0 86 109 27 29 68 51 36 40 98 8 0 66 89 158 63 22 114 26 122 0 51 25 14 68 87 16 96 2 42 78 42 73 47 17 128 40 18 39 101 36 69 63 121 73 77 73 105 4 54 128 183 23 36 63 49 75 12 0 54 43 62 48 75 128 16 108 42 86 24 39 18 32 24 18 278 37 84 61 145 4 70 54 21 15 7 72 97 39 60 21 55 96 38 19 0 15 35 0 65 53 39 117 34 63 54 86 6 21 100 12 77 73 106 27 33 9 99 75 0 60 22 43 108 39 119 0 34
5 180 19 130 106 223 244 73 49 8 131 50 31 89 63 45 0 192 82 167 39 18 15 108 3 109 60 35 52 64 162 52 3 35 130 116 58 103 39 103 81 166 52 50 10 31 132 124 147 59 132 68 83 55 14 42 27 95 190 129 30 98 128 37 72 39 81 39 120 40 34 86 86 44 121 30 84 47 241 65 125 83 77 38 115 122 85 95 119 55 96 208 63 136 124 132 97 122 80 67 24 96 111 104 207 100 15 81 115 53 93 93 113 62 121 143 81 59 25 114 110 0 167 211 34 106 63 123 28 83 84 36 118 110 53 0 111 172 146 166 35 66 143 46 71 54 42 20 8 51 105 92 19 76 40 28 20 68 74 56 37 36 56 141 70 74 87 14 80 99 63 68 42 63 74 60 8 37 33 130 72 26 130 105 64 106 40 102 63 54 67 186 92 219 48 59 153 88 14 71 42 43 80 170 189 175 34 46 101 94 26 88 32 165 20 95 54 50 62 80 10 45 28 88 86 69 19 71 48 98 70 132 79 50 103 107 37 99 50 67 16 41 235 42 69 36 54 112 52 84 28 70 38 103 0 107
5 56 156 20 42 0 123 38 18 12 9 34 43 52 0 81 0 82 101 80 187 24 30 45 56 0 48 72 10 0 72 16 128 0 184 0 70 23 25 5 43 185 54 49 25 25 88 81 56 36 86 0 0 72 0 56 46 32 228 64 17 67 18 85 82 129 72 45 0 43 59 45 63 181 8 5 30 4 124 82 45 18 85 21 84 38 123 0 10 40 9 63 30 101 147 79 0 76 35 51 0 9 26 138 0 81 83 137 15 83 35 163 131 0 61 16 3 1 44 33 102 0 149 81 45 68 288 67 205 207 0 84 32 123 101 150 49 0 54 32 0 42 80 24 8 95 23 0 49 64 144 282 185 124 84 0 64 79 8 104 49 130 61 36 35 168 108 22 60 0 0 8 39 64 117 50 50 56 45 36 60 22 55 64 8 63 74 49 111 60 63 18 0 56 32 54 0 90 36 0 25 6 0 56 72 63 135 60 48 56 20 102 9 35 204 130 0 121 57 89 69 45 0 114 13 9 43 0 84 127 90 40 68 100 33 41 91 42 89 33 63 0 25 47 77 48 63 81 90 47 89 147 25 0 73 79
78 94 28 66 81 38 72 79 7 57 33 54 52 26 105 50 103 36 84 108 44 18 4 50 20 69 6 58 45 30 42 37 0 71 92 16 54 112 81 10 70 67 0 54 108 75 64 135 106 26 54 15 54 8 7 112 2 85 90 0 66 64 60 69 48 27 40 25 70 39 12 0 45 24 108 61 27 114 54 179 54 0 44 30 54 50 55 44 134 49 85 80 132 44 44 11 53 5 45 106 0 15 131 72 191 33 4 51 59 0 16 68 38 67 46 118 51 29 15 0 46 60 118 25 94 41 115 28 20 79 4 70 45 0 27 52 61 47 83 29 0 58 18 48 67 12 58 32 92 9 69 4 92 18 85 40 50 82 34 12 54 0 15 71 36 0 33 22 158 26 39 44 70 37 90 58 35 49 15 51 32 1 0 16 30 0 93 46 73 6 0 0 96 67 10 3 52 12 41 33 71 10 102 165 45 52 62 50 67 33 13 57 10 111 8 12 102 16 0 16 69 73 0 8 48 44 64 38 75 8 84 44 39 24 50 46 20 83 56 49 76 34 146 55 25 34 12 42 40 100 42 31 0 8 45 40
20 8 78 82 112 30 33 103 0 0 57 18 39 36 71 50 51 46 51 74 69 26 63 110 0 14 60 0 54 36 108 18 81 72 12 30 42 26 30 102 72 45 26 28 9 51 54 92 54 56 12 28 92 54 46 6 0 55 76 99 94 25 12 48 35 24 4 56 38 35 69 63 26 4 124 10 22 0 62 56 5 83 12 36 12 52 32 49 36 102 117 62 115 20 56 72 16 77 0 8 44 30 72 20 93 114 75 36 110 64 0 6 52 84 12 50 183 57 0 60 143 0 64 57 97 40 45 0 10 32 30 4 30 0 24 0 26 85 119 56 0 115 78 0 91 36 6 68 110 56 9 72 0 45 77 26 18 10 83 60 0 19 82 27 0 42 0 18 30 191 56 193 142 89 128 84 0 93 62 42 128 0 30 51 0 100 153 20 58 107 18 72 16 105 6 6 28 50 18 63 29 71 32 147 5 45 92 49 81 0 20 24 0 141 128 91 35 0 137 77 66 57 0 1 71 12 80 72 0 25 70 63 127 0 66 90 48 130 109 23 0 106 81 72 9 16 0 16 0 12 89 36 18 86 92 39
16 33 18 85 59 0 62 123 21 29 93 121 89 81 75 127 0 33 18 42 0 18 63 9 54 84 47 4 0 24 36 80 35 54 26 38 85 27 24 35 160 25 72 83 6 134 8 48 43 80 27 6 81 46 0 36 33 89 30 6 23 101 35 24 28 0 79 50 30 91 35 121 51 6 40 0 60 44 21 138 92 25 76 39 104 87 26 91 4 38 149 69 72 30 50 17 15 0 86 15 54 2 25 68 153 172 15 74 60 6 60 95 94 12 0 5 87 14 110 3 7 0 64 6 57 29 70 153 78 185 55 22 49 15 9 30 0 105 18 157 94 40 84 124 45 102 6 33 108 0 6 4 13 58 46 15 25 166 24 49 25 95 26 35 45 49 165 140 0 22 12 58 4 0 50 71 40 15 35 30 32 0 0 5 98 38 28 64 96 0 0 15 106 76 70 75 73 52 0 134 40 63 21 101 117 32 65 101 14 72 56 95 173 40 30 71 51 57 3 63 56 18 70 40 72 93 60 45 66 68 44 62 27 29 145 18 0 51 121 27 40 15 45 22 23 49 148 12 12 46 116 0 48 87 39 50
35 0 34 15 66 120 0 4 0 52 50 141 19 113 32 12 132 84 59 0 0 26 84 37 35 24 72 0 39 42 83 120 30 0 60 8 28 85 0 29 71 131 12 0 21 39 22 10 21 111 42 0 64 123 92 12 84 71 19 98 51 0 42 12 85 0 86 31 32 8 10 0 98 50 45 14 88 5 52 62 78 10 50 0 91 58 84 61 132 214 56 105 25 52 32 12 0 0 0 61 11 25 0 26 32 119 46 137 18 32 0 77 139 8 21 35 14 75 0 82 35 22 8 7 124 66 63 94 93 0 35 16 50 25 26 74 113 52 40 0 74 73 78 70 25 22 27 57 0 78 35 81 12 40 38 0 40 10 93 55 49 30 40 88 0 0 15 37 0 60 14 101 25 14 0 54 62 25 10 0 62 2 30 0 48 12 9 41 34 12 14 45 65 54 154 102 27 10 39 25 25 0 0 107 6 70 49 37 10 12 0 6 0 45 0 81 0 32 0 100 42 0 34 53 34 0 28 0 25 69 53 48 128 38 17 99 9 0 59 84 0 30 9 106 0 15 66 28 2 0 0 26 2 29 0 40
0 36 0 21 19 92 67 35 18 157 106 12 24 184 6 61 77 93 116 74 21 18 86 18 26 48 47 38 75 60 36 30 22 78 65 1 130 16 108 70 47 52 56 52 0 39 61 15 43 0 30 9 0 0 45 90 31 79 50 38 72 29 2 0 15 45 32 86 15 29 20 0 153 55 26 25 49 117 215 54 13 24 88 119 49 4 19 50 45 123 21 38 34 63 60 34 3 88 55 83 28 149 75 94 20 89 102 147 80 29 0 109 25 59 59 8 64 54 15 75 51 5 105 84 16 117 34 15 99 105 56 24 86 112 15 9 69 56 25 51 93 79 64 9 132 11 24 47 55 5 50 64 14 35 67 21 33 106 0 70 31 40 20 35 0 70 87 46 11 119 45 31 141 71 8 14 32 58 43 21 58 12 22 12 58 54 96 26 106 9 13 129 81 59 6 4 6 0 14 0 45 2 48 44 63 55 52 27 33 98 23 98 0 42 3 40 16 107 8 41 8 66 9 103 6 78 18 21 40 82 40 88 24 76 9 6 63 8 51 63 24 4 20 52 27 90 11 0 27 52 68 6 54 21 16 58
72 32 66 28 0 94 131 40 12 119 119 2 16 95 72 153 105 147 61 12 20 32 87 48 0 3 117 4 47 99 100 172 96 101 84 0 69 95 158 156 155 0 136 64 45 113 29 157 28 178 32 0 50 156 82 40 4 141 125 111 0 56 69 157 111 0 82 10 80 27 105 86 18 99 0 84 69 84 0 180 106 134 79 95 128 10 111 81 201 0 54 128 0 138 32 138 64 211 40 63 57 49 20 151 84 85 56 60 131 15 35 51 57 61 15 28 37 28 8 80 63 0 140 0 76 63 205 98 188 133 156 36 0 0 32 9 12 113 100 154 52 0 8 94 0 22 22 109 102 158 0 203 88 42 54 40 122 227 36 13 28 36 92 80 57 143 83 63 30 137 57 110 43 96 173 74 12 7 38 25 59 62 59 42 67 0 62 60 52 62 15 77 40 218 138 35 45 131 50 80 0 63 37 36 25 17 148 42 42 79 26 56 78 0 113 156 39 70 46 0 87 46 55 59 34 24 195 48 87 48 98 32 65 82 122 36 58 0 55 39 45 83 40 121 42 121 48 121 180 93 35 23 164 0 71 107
0 48 42 36 77 108 95 0 0 16 33 46 18 30 36 99 126 99 63 0 0 2 28 30 0 111 85 132 25 12 66 104 17 0 78 42 109 153 0 40 9 123 132 8 129 9 129 150 56 45 30 88 0 72 73 122 100 82 33 75 24 0 8 0 18 61 34 66 48 9 85 36 126 12 6 12 53 12 53 16 126 40 24 84 0 129 12 0 115 85 62 90 35 4 7 0 0 117 0 48 12 20 68 33 72 51 12 74 20 18 85 77 109 15 129 36 0 33 7 81 72 84 21 54 66 57 27 52 0 40 155 27 42 20 80 164 0 20 77 46 105 16 8 15 25 36 0 41 6 30 5 0 0 88 84 0 63 24 15 62 45 0 64 130 0 0 0 15 47 134 20 106 10 32 58 48 5 128 12 7 54 51 18 18 69 3 12 18 105 109 81 69 43 48 90 8 25 203 27 18 27 0 46 57 102 80 125 72 46 23 57 96 136 99 114 120 0 25 90 9 30 48 148 18 68 5 0 117 25 120 7 18 33 2 72 64 0 6 93 46 63 78 93 176 128 45 21 86 0 69 72 8 0 19 69 20
72 86 33 42 100 20 70 2 126 23 57 85 14 28 46 55 123 14 59 103 20 2 7 71 0 6 83 0 63 129 7 92 49 115 107 120 90 91 65 7 93 119 0 71 4 0 63 123 45 148 35 0 163 4 3 19 38 105 82 25 61 62 15 16 68 12 10 23 30 111 2 49 52 37 65 30 8 43 70 15 171 2 0 21 0 100 95 0 93 17 36 353 35 27 18 115 56 123 77 75 55 37 59 99 239 62 99 61 55 9 7 145 27 32 105 168 68 53 50 23 188 7 78 59 93 66 49 81 56 0 56 77 30 0 38 74 42 139 68 74 0 44 3 181 173 58 78 17 0 12 147 32 29 19 15 136 80 56 99 38 8 0 72 40 49 25 6 36 80 21 0 35 105 35 52 70 61 21 11 14 155 72 52 34 87 39 93 31 0 12 21 108 45 92 108 52 82 70 0 29 45 114 112 99 186 115 28 14 94 109 63 21 97 81 63 45 117 75 0 68 75 12 77 24 90 28 6 122 35 47 62 0 16 0 0 103 0 62 1 16 192 56 63 28 99 30 168 139 77 67 53 16 114 46 89 191
0 0 0 8 0 53 0 4 59 10 0 54 7 63 0 36 27 0 0 0 0 0 16 54 24 12 73 0 31 75 24 0 0 12 9 16 0 27 0 40 6 66 0 56 0 0 28 0 20 56 46 5 109 30 8 12 0 61 46 42 27 0 48 0 56 0 0 0 0 21 15 0 56 8 65 60 32 0 54 124 76 0 32 9 12 15 12 27 59 36 0 9 9 47 0 28 10 0 7 8 0 0 0 42 42 129 6 105 0 0 8 33 15 24 0 8 0 18 0 0 0 3 30 29 107 36 7 0 40 0 0 12 15 0 0 15 74 65 0 8 0 30 37 45 0 0 0 28 44 6 34 73 0 0 21 0 34 73 88 0 12 20 28 48 0 20 49 63 0 85 36 3 75 14 50 27 82 0 4 29 84 30 0 14 30 21 4 0 12 36 0 72 0 0 87 0 0 0 0 48 54 71 8 108 0 8 57 49 65 18 0 6 9 0 0 28 18 65 0 77 39 0 7 88 63 0 106 65 4 32 41 12 64 15 0 129 0 16 48 89 0 8 0 28 40 18 24 13 14 56 10 28 28 34 0 75
105 67 8 102 155 78 33 132 22 49 124 15 48 134 63 135 32 84 136 59 65 24 87 71 16 3 64 18 106 67 16 120 30 76 12 40 34 62 32 110 157 157 80 63 112 99 117 366 61 106 18 72 142 111 32 39 40 91 51 187 108 133 6 74 0 110 162 215 18 118 54 119 76 50 66 88 36 16 75 55 72 44 64 48 0 96 81 0 86 62 80 187 96 128 48 30 99 9 76 12 82 12 0 7 101 121 72 3 54 42 42 81 97 40 181 86 0 9 42 18 139 92 60 0 230 33 136 31 48 108 200 33 16 8 140 153 90 187 49 104 128 44 118 123 69 153 118 64 112 39 86 73 70 76 0 100 16 52 111 46 70 70 124 70 0 6 84 65 120 46 133 35 75 66 0 184 32 62 14 98 54 90 0 117 103 93 68 32 32 43 58 81 0 129 50 101 134 16 62 166 86 24 80 139 128 54 68 55 4 76 220 87 109 69 63 170 154 39 0 69 24 0 32 102 64 6 36 93 26 115 154 6 112 52 8 89 0 112 108 45 45 120 33 84 141 97 70 0 0 103 150 18 0 60 92 72
67 18 8 100 123 138 23 0 36 4 84 83 41 78 36 122 53 10 97 80 87 0 27 10 88 111 120 94 0 27 18 7 17 18 15 110 68 74 91 25 111 100 42 79 119 42 166 66 206 81 50 16 64 83 54 61 123 172 122 130 20 45 0 19 46 71 126 58 18 9 7 92 0 26 49 4 64 99 30 91 87 21 110 21 63 96 44 47 88 58 69 141 0 18 146 31 20 157 50 85 84 28 40 54 63 228 106 98 13 10 0 135 119 91 58 12 0 40 25 89 63 8 110 55 54 93 211 22 21 59 49 28 27 32 89 158 72 62 69 118 88 9 120 19 72 108 12 63 0 91 69 136 32 49 32 88 22 31 48 0 98 28 48 45 45 40 0 14 24 87 145 55 0 43 72 68 42 91 3 72 30 67 75 82 152 102 22 7 128 41 49 54 0 6 108 105 12 97 0 55 31 80 20 74 56 0 172 68 21 132 36 112 96 42 94 110 117 69 54 90 79 18 36 132 15 54 97 59 15 51 67 122 14 0 132 30 185 56 0 42 21 195 179 73 24 96 49 94 0 128 6 123 84 62 153 100
88 15 25 82 20 96 35 34 18 12 4 169 107 90 7 9 48 2 85 22 72 40 60 0 72 24 64 54 0 81 0 29 56 20 78 60 196 75 100 14 45 0 0 6 0 0 62 95 73 15 52 0 31 88 35 47 16 80 59 33 84 59 1 59 31 2 68 0 9 8 44 111 172 134 137 0 94 48 43 14 51 0 35 65 93 14 48 46 84 59 19 0 0 42 6 18 40 210 68 3 8 152 51 21 37 4 26 32 24 14 70 72 12 0 16 58 87 84 92 0 102 0 25 0 42 67 77 12 72 76 9 18 27 0 94 10 151 65 62 10 0 34 48 0 38 7 20 32 8 25 93 4 118 68 8 50 83 157 9 63 67 36 42 0 14 101 38 18 0 92 33 53 78 0 75 38 28 66 61 33 19 0 67 4 0 28 0 0 0 44 56 7 0 0 66 1 48 3 21 0 33 44 5 153 83 23 16 57 70 0 85 77 32 40 0 0 0 24 30 49 25 0 21 140 52 9 38 56 37 24 49 31 103 0 52 45 97 0 77 1 40 60 0 68 195 62 0 14 143 32 94 101 0 8 56 56
16 94 35 60 134 0 57 0 118 20 6 20 0 24 2 0 54 24 42 75 55 6 47 45 28 93 54 16 66 26 0 59 8 103 0 36 24 35 0 97 15 58 0 73 54 39 31 21 87 33 24 35 0 41 6 21 72 111 87 138 7 49 54 36 0 15 92 18 75 15 2 105 0 0 55 12 50 81 108 73 45 0 110 36 10 42 32 0 0 81 0 60 83 0 52 30 24 34 10 88 0 53 6 34 86 83 35 47 63 35 0 0 52 0 24 0 66 0 92 36 74 21 128 90 55 54 81 165 36 102 15 75 4 107 17 12 0 14 76 126 16 35 81 45 15 11 16 32 0 35 87 155 20 42 15 0 0 36 81 42 31 97 151 89 0 82 22 0 0 114 16 128 4 58 109 137 63 28 9 54 48 90 106 32 18 45 0 12 62 15 4 57 42 117 32 0 148 68 30 46 48 36 64 32 89 12 124 65 99 81 157 51 0 21 60 115 90 74 69 171 24 0 52 88 6 16 49 56 28 0 36 20 15 0 5 15 117 18 9 57 48 41 8 6 18 0 0 12 12 0 4 0 0 81 108 90
123 76 0 74 36 65 28 74 60 22 89 111 69 85 90 179 177 88 98 148 108 12 21 86 46 3 126 62 32 144 33 4 47 95 51 51 23 28 62 119 42 51 20 67 16 158 138 138 77 87 106 73 137 233 0 39 84 55 129 126 58 32 28 57 124 55 153 65 36 14 64 69 103 138 151 126 172 39 52 125 158 8 34 110 107 85 0 82 113 2 62 129 52 109 55 63 50 114 76 56 28 84 64 72 159 169 56 72 175 110 0 74 28 77 70 44 27 10 64 189 177 2 243 9 28 122 59 12 40 132 62 63 55 79 219 19 77 80 6 50 116 82 123 44 90 16 84 22 10 18 45 137 68 42 10 28 111 89 93 25 81 94 73 74 42 56 24 85 61 52 167 26 74 83 9 116 28 5 98 102 95 147 28 54 255 78 65 36 144 28 25 152 6 146 59 129 37 21 60 99 101 68 211 15 18 23 28 60 68 76 50 47 32 62 21 84 183 68 80 35 98 28 98 24 0 70 42 44 0 75 113 84 73 38 100 40 42 127 38 52 63 91 79 150 13 62 9 133 53 14 15 63 90 189 95 134
32 95 43 51 42 101 54 48 111 163 117 37 37 128 64 118 84 41 77 154 85 28 53 3 56 102 79 49 17 52 25 84 36 139 46 0 16 131 6 24 45 91 6 43 0 173 144 110 28 26 18 49 49 203 22 59 5 131 72 40 78 41 62 138 31 105 18 45 24 113 43 57 36 5 136 69 76 4 56 63 102 83 52 129 7 100 117 60 30 136 91 27 18 24 171 85 12 68 84 36 120 183 150 56 97 64 131 206 60 34 75 7 35 69 195 2 36 24 75 116 6 36 36 29 209 36 3 149 20 169 78 96 78 7 80 60 23 67 79 106 16 19 0 83 85 86 80 42 154 35 199 43 40 92 62 0 106 52 0 9 44 40 40 216 36 123 24 128 68 100 24 100 56 69 36 95 20 93 61 133 168 4 48 77 141 3 40 15 146 61 43 63 56 8 0 110 120 3 16 92 64 150 120 119 52 2 78 0 98 44 30 85 35 70 2 47 54 42 0 40 42 0 9 40 28 59 124 100 36 59 126 159 69 169 94 32 125 78 16 125 56 213 145 48 106 32 102 39 48 28 43 29 136 106 6 119
36 68 114 0 101 63 55 16 37 160 20 83 32 140 28 96 79 86 159 44 7 26 176 14 55 0 130 0 65 52 206 153 4 11 32 135 55 141 110 205 141 108 20 11 99 5 76 156 60 69 54 27 0 67 87 57 88 112 0 43 39 93 59 0 45 70 195 105 60 20 74 73 88 27 40 90 125 35 112 126 28 28 97 78 0 50 99 26 92 121 9 20 68 78 90 137 132 75 73 172 12 72 69 132 119 93 113 111 65 69 7 162 19 20 43 136 36 60 6 5 125 63 211 0 68 138 109 85 52 182 48 48 0 22 80 141 51 176 1 205 66 99 6 0 40 0 40 90 14 61 108 127 100 62 21 25 31 87 0 183 168 117 74 18 0 84 40 36 20 109 39 0 57 103 26 133 7 44 8 9 57 57 36 10 30 69 59 54 42 53 34 35 5 29 108 45 194 28 96 33 147 0 46 24 53 114 268 64 16 67 116 0 62 18 0 87 103 74 62 45 93 2 28 20 4 1 63 1 98 3 92 161 16 49 119 32 86 93 12 5 84 62 45 8 4 78 37 80 57 16 53 36 60 48 50 12
34 72 62 59 166 34 49 18 20 54 68 252 67 97 31 62 97 48 133 12 66 65 81 29 78 50 141 24 44 61 109 81 156 27 103 168 188 20 0 9 155 126 0 94 0 97 50 32 74 68 42 57 46 62 58 25 128 211 100 78 85 158 37 32 153 101 82 46 9 26 102 18 12 123 60 30 126 48 171 0 48 0 35 94 155 136 140 12 65 47 24 112 64 107 54 52 2 139 98 42 38 97 93 83 187 69 72 97 150 34 14 72 30 0 203 156 20 10 18 87 54 0 22 4 132 32 116 89 153 74 73 87 22 37 50 213 52 216 76 237 0 107 60 53 62 28 36 0 2 0 201 0 63 30 1 52 65 75 75 133 32 58 24 68 22 94 205 16 18 0 35 0 55 113 24 94 82 153 6 126 103 89 85 37 92 15 20 59 82 90 42 12 0 0 35 27 108 5 0 6 96 0 50 186 187 0 84 88 132 94 36 60 65 39 82 127 114 28 4 99 102 0 18 153 108 7 46 30 20 83 119 24 99 143 43 0 10 37 24 22 45 101 26 79 189 89 176 79 88 79 214 0 64 0 72 58
0 18 65 0 130 132 121 126 45 78 51 107 98 11 0 99 118 42 7 110 21 54 36 6 18 24 73 138 15 54 72 102 45 27 31 67 90 37 0 28 68 28 40 136 30 6 81 21 0 105 140 9 18 206 20 11 21 69 197 48 27 12 126 5 31 126 4 24 0 136 151 38 94 88 166 18 78 0 75 20 66 66 30 54 0 0 9 0 18 149 78 89 0 6 33 57 18 65 26 4 42 58 20 141 56 62 134 71 74 0 90 54 74 21 16 32 98 23 229 9 108 0 78 32 2 18 176 18 0 184 36 41 0 0 145 3 36 0 198 21 0 15 72 33 9 261 40 63 72 74 90 72 95 135 72 45 36 6 108 63 45 108 183 72 52 164 60 48 24 153 29 14 0 33 154 51 47 0 91 51 200 32 0 47 43 0 0 102 141 93 3 27 65 72 15 25 72 18 21 0 58 73 3 89 19 21 94 12 61 18 48 108 27 0 114 48 66 123 24 0 77 0 90 60 0 35 42 10 27 53 123 92 27 108 222 25 152 0 46 0 80 65 76 0 77 75 38 4 87 27 10 0 45 38 0 24
155 14 0 77 27 63 50 113 30 24 15 77 48 111 56 70 159 48 161 25 7 2 15 30 21 57 8 0 25 9 51 117 72 14 52 28 99 93 18 98 53 55 83 16 7 142 94 86 163 45 67 24 15 51 65 54 53 138 45 78 152 82 54 150 32 0 48 15 0 9 8 55 62 48 54 10 91 7 63 51 28 0 125 46 84 87 78 4 167 36 8 121 205 60 91 0 44 81 68 48 23 74 8 28 92 51 8 13 40 53 0 178 57 86 0 39 68 27 33 78 22 3 131 9 41 32 179 89 62 121 6 50 41 0 36 50 31 82 63 123 65 71 54 61 67 24 106 32 63 0 34 60 32 48 43 0 47 77 54 79 32 53 24 108 16 103 40 78 42 87 19 30 46 8 0 49 35 180 46 21 8 36 162 106 28 33 52 104 38 6 68 10 9 62 59 70 187 21 14 28 6 20 32 34 37 12 108 106 90 48 15 19 36 75 91 97 113 48 38 134 66 42 54 45 0 1 0 85 27 66 80 0 41 100 95 9 41 89 25 82 18 92 163 106 152 78 15 76 36 47 48 61 27 114 63 36
19 56 42 27 49 26 65 0 87 36 43 3 12 31 7 72 69 36 94 57 23 4 21 91 0 40 125 71 85 8 33 64 0 126 48 31 112 35 72 20 81 105 0 75 96 80 41 15 97 77 108 39 120 176 49 6 9 119 103 127 86 9 79 3 32 0 9 12 68 73 50 61 63 7 81 1 69 62 29 5 96 66 59 88 80 88 9 84 72 28 37 168 6 35 68 46 35 125 22 14 0 135 134 30 97 22 51 12 158 30 62 148 50 0 0 88 0 73 40 21 33 42 20 18 54 34 27 21 0 221 5 22 30 0 99 169 66 91 53 72 9 27 26 86 77 153 123 18 12 15 88 24 65 102 80 42 25 90 93 16 78 59 3 112 126 131 49 46 15 144 22 69 77 66 108 76 37 0 71 145 71 0 46 49 135 3 67 54 69 63 27 45 60 27 63 45 130 138 26 81 61 212 64 28 75 45 39 14 55 38 87 53 64 45 75 42 90 0 8 0 64 63 81 30 24 72 2 42 0 95 143 42 30 95 211 65 14 94 32 43 72 12 25 0 35 84 103 173 0 75 106 0 147 88 12 130
103 6 75 80 75 72 89 78 57 92 43 72 88 86 84 2 92 49 104 98 37 84 90 3 120 124 43 71 25 30 109 54 90 35 175 109 157 85 0 58 73 103 11 42 26 137 25 106 178 9 190 44 3 79 41 45 0 57 104 90 49 66 67 35 29 56 67 44 63 30 97 21 99 59 32 102 50 53 77 29 9 71 20 89 65 25 102 75 48 64 128 72 4 50 31 22 8 141 146 61 39 145 40 65 71 169 107 141 11 58 3 93 28 36 29 90 141 27 30 36 164 16 72 24 46 48 93 66 72 21 108 22 48 35 20 95 85 0 126 30 1 38 88 36 108 30 46 129 14 9 68 37 52 78 44 15 0 0 89 140 161 89 99 30 60 86 26 40 84 119 65 21 134 21 9 114 95 56 28 31 170 0 137 29 67 8 77 213 91 73 9 101 54 21 87 58 69 59 85 42 63 8 62 195 88 147 75 158 65 22 30 69 0 40 27 69 85 24 9 72 46 18 72 131 87 14 57 12 54 21 85 24 165 292 76 7 12 92 7 137 80 114 99 48 123 111 75 4 112 120 74 142 26 92 76 44
42 130 52 94 101 19 83 170 76 164 98 14 136 134 0 80 322 23 164 18 112 29 183 45 67 23 89 103 42 15 28 4 35 53 4 76 42 56 28 136 69 189 0 0 5 176 121 114 20 32 7 0 16 81 47 74 30 145 76 79 56 90 0 5 38 83 29 12 33 35 45 90 40 55 24 30 95 20 220 57 21 75 0 0 0 101 127 53 30 215 78 0 120 42 108 6 63 168 43 56 54 4 217 160 165 127 98 231 74 16 71 9 91 115 161 16 54 67 2 108 91 95 100 0 144 54 98 123 58 268 77 0 46 117 73 29 77 30 107 230 48 80 58 92 34 105 9 76 36 40 196 99 9 58 61 44 0 151 50 84 130 98 41 10 4 62 15 86 93 203 83 158 97 57 27 115 109 81 21 33 119 45 51 20 67 143 2 144 64 141 73 75 71 73 39 0 34 45 98 45 160 6 79 194 126 30 211 72 113 0 93 95 16 35 7 73 85 35 141 158 79 3 32 144 39 60 36 16 115 65 41 117 39 136 186 9 32 132 211 22 20 125 183 214 95 0 33 31 141 69 54 42 94 14 60 130
18 16 24 18 48 74 48 12 0 21 62 19 47 71 15 18 45 75 38 54 18 4 0 38 67 17 5 72 116 36 38 16 57 0 75 19 18 32 0 103 82 203 49 16 24 9 63 35 79 73 15 9 84 25 32 18 77 32 97 21 6 106 0 0 70 15 10 22 26 21 51 20 42 0 115 58 36 86 5 12 14 20 8 61 21 49 2 27 31 63 0 40 29 54 54 83 69 73 88 8 2 39 25 0 45 35 10 24 0 0 45 9 16 0 12 86 27 78 21 52 47 63 66 66 45 18 24 18 30 45 85 14 115 36 32 16 4 30 14 33 20 139 37 20 12 33 0 0 0 18 65 105 68 0 30 15 30 20 0 45 49 99 28 49 0 57 109 65 35 61 28 6 6 15 13 21 10 48 0 8 67 28 31 4 25 0 69 0 138 45 0 121 33 105 14 28 0 84 28 7 0 0 70 21 59 63 134 0 90 59 61 0 20 14 82 115 107 6 45 63 81 7 21 107 55 49 24 35 0 177 95 12 1 90 6 81 8 46 27 0 45 46 0 35 80 54 74 15 0 56 93 21 87 0 0 83
21 48 21 0 32 72 0 0 21 20 25 103 0 54 36 0 63 0 3 55 0 0 0 8 9 0 7 12 63 51 0 28 0 0 86 13 54 16 27 74 0 57 0 22 0 12 0 31 45 2 30 9 63 55 0 3 56 59 54 0 36 8 25 0 38 2 5 2 59 0 30 0 8 0 55 15 54 0 21 11 10 0 31 3 0 5 4 27 3 35 0 54 0 0 0 16 0 57 0 0 27 33 60 32 18 4 0 48 25 0 8 54 72 8 16 0 40 9 0 97 12 15 75 0 45 20 0 50 0 26 6 42 0 4 38 0 36 25 36 4 1 110 3 38 28 15 4 0 24 6 0 71 5 0 0 18 45 0 26 2 25 54 18 40 59 25 9 63 0 0 4 30 16 0 0 12 22 14 0 1 0 10 0 24 2 0 0 0 14 0 8 105 12 6 120 0 54 39 21 44 0 18 8 59 16 40 21 18 0 12 12 0 0 90 8 9 0 16 0 108 53 27 24 88 22 4 0 0 0 61 43 0 0 8 0 81 0 67 18 35 25 0 6 40 78 6 18 48 0 24 6 31 0 5 0 39
72 22 79 32 30 130 100 3 75 18 76 161 43 83 72 78 30 0 79 95 44 50 28 45 12 66 101 0 131 54 70 12 63 23 59 103 39 37 94 44 150 32 8 0 10 76 16 20 19 48 38 0 68 108 20 14 102 34 60 92 21 103 12 34 64 0 18 8 6 28 0 0 85 93 48 78 114 38 151 109 18 0 82 72 56 155 0 75 52 54 29 167 72 74 32 1 8 16 106 16 4 88 36 146 92 16 104 37 24 28 63 24 122 9 72 46 70 88 51 32 63 0 91 28 83 80 52 8 192 24 112 18 56 0 126 207 45 140 84 208 72 133 62 26 83 36 58 24 26 45 95 88 92 105 36 32 81 118 45 26 93 24 63 108 8 26 6 12 24 7 5 18 42 38 47 35 77 90 0 25 24 37 12 60 86 36 28 50 30 110 25 36 55 100 167 3 38 42 24 42 56 99 48 81 83 90 196 83 93 96 127 93 84 49 45 86 119 32 15 20 27 24 0 127 25 0 106 130 27 42 99 58 41 16 91 107 4 19 48 21 76 143 18 3 20 24 156 6 69 114 99 0 134 30 56 135
105 48 40 48 153 34 166 52 88 39 111 93 16 116 67 55 71 63 66 84 46 16 92 111 99 0 57 166 111 94 56 8 92 28 69 105 94 0 48 84 63 224 15 52 5 60 82 129 77 49 81 28 80 157 89 34 56 209 92 60 0 124 16 181 54 108 74 28 4 0 92 149 98 104 70 29 70 30 63 17 9 0 51 29 24 32 50 40 162 0 28 114 57 56 122 62 121 109 15 102 0 40 27 29 156 73 71 90 37 2 0 141 91 0 141 32 2 21 4 155 32 0 22 49 67 98 136 165 104 103 16 100 94 96 51 15 42 42 151 181 51 28 116 149 76 183 80 96 18 87 84 16 165 164 82 79 64 58 50 6 52 77 22 47 40 52 44 42 76 91 80 73 0 118 56 97 54 80 104 86 120 72 57 201 20 30 74 74 16 146 98 36 96 138 3 12 15 76 69 29 0 90 194 116 80 71 14 112 72 159 198 77 34 21 0 81 26 82 33 49 96 35 7 15 58 0 24 101 64 20 97 1 105 96 64 44 66 92 46 74 0 122 111 60 22 146 12 59 32 87 67 46 53 7 0 48
59 0 138 7 47 5 81 51 51 60 87 75 88 0 93 50 22 68 0 30 12 36 0 128 72 56 99 43 134 75 168 0 48 40 90 26 6 70 12 38 17 144 0 78 12 30 41 83 89 4 0 28 156 84 111 21 30 77 98 18 36 71 131 78 130 3 72 76 35 61 67 0 12 63 7 90 16 96 0 64 89 30 63 6 9 109 54 17 53 0 121 60 0 68 42 36 56 197 24 0 57 12 91 75 28 128 135 42 83 85 0 4 87 55 66 184 57 32 3 41 154 56 63 31 30 34 195 59 117 73 64 159 86 32 46 0 31 69 42 60 27 40 30 110 190 107 72 85 0 104 73 92 62 141 0 0 56 42 11 56 51 78 150 4 151 75 42 14 36 48 9 2 54 82 101 126 60 54 54 48 138 69 6 70 28 25 141 170 5 138 5 31 0 204 31 9 73 140 66 38 37 41 74 101 24 75 63 0 64 105 32 120 48 141 45 42 17 0 108 0 14 17 44 43 3 44 27 19 54 49 70 114 114 148 48 25 30 67 34 127 48 0 142 48 5 40 49 40 22 74 72 12 0 2 0 135
48 12 60 6 95 88 136 114 21 28 10 91 33 52 59 43 43 69 0 26 42 24 58 42 153 107 77 62 9 102 124 105 47 24 29 9 67 159 0 50 65 184 49 13 40 72 4 96 112 56 49 18 42 70 51 101 83 75 162 0 36 50 35 96 54 12 97 42 38 111 71 68 63 94 33 44 6 46 81 97 78 0 24 12 32 97 52 0 124 43 32 82 113 61 32 40 63 48 24 74 0 33 49 45 69 6 18 130 12 49 12 150 127 34 28 34 26 36 24 36 57 9 69 107 80 38 207 24 194 63 30 38 75 18 71 77 22 57 88 27 69 39 50 86 182 4 86 0 68 15 48 172 137 99 36 0 183 40 17 36 104 36 3 187 16 60 0 120 63 75 12 0 72 87 135 128 56 63 36 52 141 35 35 96 23 51 41 32 21 67 106 54 64 102 101 88 46 43 42 66 9 18 98 67 33 38 183 30 12 75 6 139 52 192 38 62 61 82 5 142 24 33 8 0 93 68 100 157 60 67 182 0 27 44 7 83 14 24 89 0 72 12 164 38 65 43 87 26 50 24 52 35 0 72 20 181
45 48 43 5 75 106 57 8 12 55 27 34 34 56 95 105 60 22 28 88 61 8 19 26 72 124 12 11 33 28 66 55 50 51 84 3 115 139 0 0 32 75 64 42 175 79 49 76 9 58 28 54 73 36 18 10 39 62 84 72 68 99 21 20 41 60 6 44 22 24 24 62 60 28 91 38 91 136 98 60 116 128 0 20 63 72 4 45 121 77 45 78 82 3 63 41 39 54 6 8 27 116 66 49 90 18 56 77 85 40 37 0 2 8 56 21 0 36 64 60 0 2 59 28 0 24 62 34 250 145 27 12 128 5 78 141 34 2 16 0 54 40 6 43 0 61 24 55 50 0 38 69 177 81 27 44 38 75 72 69 4 36 0 40 16 0 64 52 198 0 12 16 61 72 28 89 85 51 45 58 71 87 23 0 202 100 71 0 63 0 0 18 34 0 102 27 74 34 12 48 127 50 0 28 68 14 84 0 80 0 36 9 54 111 63 9 48 41 64 54 16 24 42 30 42 27 52 28 69 7 20 40 36 73 61 24 18 156 14 96 72 90 84 21 6 60 33 54 10 144 122 87 24 64 84 16
68 7 41 58 14 129 57 57 30 72 101 143 19 81 15 95 46 4 5 62 55 36 48 100 37 27 82 39 87 93 40 61 37 9 52 76 9 60 63 28 119 30 34 21 115 45 123 196 66 7 117 0 7 103 34 0 57 30 98 214 93 19 49 59 40 78 63 15 36 51 73 42 78 69 144 65 88 68 295 116 123 27 9 6 61 103 68 10 54 148 19 25 72 24 14 48 16 9 14 62 74 0 27 155 89 18 133 130 62 97 7 10 50 101 69 0 27 81 71 29 125 39 54 56 78 65 49 10 45 9 63 21 18 71 117 3 71 33 84 53 10 73 191 98 45 0 36 83 29 36 121 70 122 160 42 96 93 78 6 2 32 96 0 91 30 32 163 149 66 171 147 43 158 64 47 102 102 14 24 112 63 77 36 38 95 33 40 5 51 24 16 153 63 146 59 63 40 3 42 134 148 43 108 99 54 0 153 80 9 8 38 4 41 38 0 28 127 40 0 20 32 0 6 56 63 21 7 35 46 107 145 68 73 42 55 59 26 59 43 15 0 50 41 93 115 69 0 0 70 10 131 18 21 169 87 143
2 46 70 78 82 85 42 85 35 116 51 52 171 14 100 87 63 74 221 30 7 29 48 17 104 116 12 60 78 18 78 100 0 98 22 101 58 129 14 16 88 66 54 80 30 24 114 162 16 98 84 58 46 112 26 105 37 84 118 221 39 131 59 45 23 119 18 0 129 0 42 178 84 47 78 54 12 4 154 131 0 45 46 23 57 18 31 8 90 136 87 50 164 52 73 9 74 73 16 40 0 97 60 45 51 82 54 79 112 49 84 95 119 125 18 18 116 69 0 40 44 0 135 24 50 35 81 6 44 81 64 6 87 82 105 18 14 81 14 99 80 54 64 60 186 72 80 99 48 6 0 131 21 224 36 0 80 18 0 48 126 123 30 88 57 38 0 0 84 88 53 66 183 85 93 86 58 108 99 21 158 66 66 85 37 0 115 118 10 49 51 39 53 189 140 58 90 59 48 90 0 96 27 28 69 83 160 16 131 32 66 119 57 102 162 111 97 69 22 99 35 64 14 32 57 33 91 141 111 12 139 8 20 90 193 24 18 86 102 91 72 76 101 101 54 21 28 48 3 34 84 16 72 123 0 99
45 0 112 12 44 0 75 37 10 103 27 90 102 42 21 24 76 93 81 83 0 58 68 45 21 16 48 116 66 0 86 40 117 23 133 108 32 92 99 0 80 99 0 116 10 125 109 121 133 0 42 17 7 6 47 44 0 20 30 29 77 96 56 25 108 0 47 70 48 4 72 41 20 29 14 0 76 32 66 20 66 39 76 10 28 37 45 16 16 24 16 88 88 36 11 94 67 25 58 31 24 31 104 51 117 25 85 37 53 32 7 102 42 46 14 78 30 69 4 82 53 28 122 24 58 32 96 26 42 50 86 85 14 5 28 34 161 102 10 124 16 62 65 3 114 46 16 32 72 21 36 5 23 8 4 57 8 14 12 130 39 52 42 12 0 44 8 14 42 14 34 52 30 84 0 52 0 151 6 36 26 58 73 9 12 0 12 147 9 67 40 51 88 51 8 0 84 46 12 5 132 0 82 41 54 0 92 79 39 56 72 41 47 3 20 76 206 8 21 28 25 84 13 1 75 24 45 0 0 8 6 40 76 78 94 24 9 18 56 16 45 4 101 84 38 24 94 42 89 16 36 28 62 20 32 27
65 96 6 63 96 90 14 115 27 34 128 53 45 48 45 0 72 53 37 102 0 20 98 48 8 35 20 107 42 35 0 72 69 57 111 0 90 31 24 117 81 64 55 21 19 23 36 56 83 55 43 19 32 53 27 40 63 86 65 108 47 55 17 87 126 26 40 84 90 0 59 50 56 115 0 125 33 136 53 146 80 28 77 24 123 88 160 138 35 103 33 106 18 124 90 76 49 127 0 142 188 59 119 120 35 179 48 50 44 6 49 187 20 4 28 64 117 73 3 39 30 60 25 0 36 129 32 96 0 0 27 51 21 67 42 0 49 138 0 14 8 90 27 39 3 27 66 52 78 15 40 81 36 31 73 85 56 73 54 43 100 71 61 0 0 53 94 67 72 124 94 159 63 149 2 4 6 181 8 68 37 5 125 53 44 0 80 90 40 4 6 144 0 96 60 91 81 54 117 46 18 20 0 137 128 72 81 131 78 21 66 43 45 15 18 95 30 114 157 52 213 17 5 67 9 44 58 70 46 83 20 36 24 110 20 15 129 222 68 39 3 131 100 81 36 126 29 44 91 148 86 118 37 28 24 189
62 16 135 57 0 41 89 63 7 141 126 18 27 192 3 55 87 68 65 18 46 18 9 0 12 79 88 72 98 89 0 21 0 21 71 62 18 18 45 12 151 56 0 79 58 0 116 126 152 3 56 42 155 36 14 24 4 17 178 27 36 39 55 110 24 27 45 108 28 87 18 102 103 70 48 62 24 99 128 0 90 0 72 93 17 25 45 6 20 131 63 125 37 6 36 117 36 71 6 30 72 6 46 61 46 0 76 116 60 11 114 6 114 72 0 39 43 27 29 18 101 24 54 73 42 127 82 0 72 25 74 0 76 48 92 89 36 6 54 85 48 73 158 48 67 24 51 27 0 12 213 0 64 132 36 18 83 62 16 0 112 174 42 122 158 48 27 114 106 99 61 45 67 24 18 0 69 77 6 12 75 0 28 41 30 0 83 23 48 12 3 101 103 68 4 102 192 42 38 61 54 77 132 94 100 0 76 56 30 93 20 4 62 106 40 24 72 0 18 13 14 0 12 65 14 50 84 62 47 103 134 9 59 125 60 46 16 82 69 48 52 24 94 69 77 60 93 38 15 65 32 14 0 37 0 111
27 140 63 21 138 114 54 0 0 100 185 15 20 0 0 79 140 151 95 56 18 0 83 0 16 49 67 48 165 21 36 125 36 15 122 76 53 177 48 88 64 66 21 37 0 18 99 203 36 142 102 45 50 262 57 78 107 79 46 138 42 124 48 36 66 83 84 5 84 66 8 187 18 4 96 12 48 0 9 23 111 24 74 28 119 87 66 40 182 35 76 178 117 95 28 14 0 64 85 14 18 98 57 18 52 30 45 72 99 0 156 3 163 46 165 37 16 0 35 36 112 21 32 22 59 192 230 49 30 16 72 0 16 41 117 137 46 43 81 56 25 14 133 40 80 75 16 18 47 126 46 161 120 80 32 63 89 0 106 12 74 8 12 155 36 80 52 111 18 63 44 88 101 18 32 36 10 78 32 138 65 10 80 40 83 0 27 0 56 0 120 84 57 54 134 40 66 72 6 110 30 56 135 88 172 61 57 164 0 48 0 62 24 119 121 110 0 25 20 0 54 10 65 40 61 0 71 59 56 32 51 21 38 48 44 76 0 117 71 126 0 143 143 148 11 126 0 77 0 68 103 14 178 7 27 99
61 66 35 56 43 83 74 91 4 135 145 44 76 63 0 156 60 179 0 39 40 22 58 0 90 76 44 50 63 76 40 76 0 89 118 70 42 79 179 61 71 146 72 90 72 89 45 205 28 50 5 83 92 58 67 43 61 157 106 48 28 128 30 116 132 4 87 159 0 0 24 149 123 70 86 10 146 43 67 163 155 122 57 50 124 169 78 7 103 52 132 80 41 198 8 39 36 147 30 39 0 120 71 91 102 93 174 9 57 15 65 0 112 109 45 61 42 35 25 44 0 27 79 47 70 72 5 30 33 57 148 36 90 36 105 35 74 244 81 31 24 101 32 23 21 72 37 110 0 152 48 104 175 7 41 33 31 229 129 13 56 65 121 18 61 165 44 123 0 74 65 34 68 65 27 70 40 104 9 96 28 1 150 13 0 0 31 74 7 28 151 98 10 175 103 0 51 64 49 23 95 0 112 129 33 21 162 0 49 0 15 80 89 102 36 37 71 78 122 46 81 0 126 72 30 61 49 12 28 26 48 161 113 63 195 66 12 122 95 118 169 22 144 91 0 145 25 74 27 69 84 98 46 24 0 85
121 0 71 46 54 94 4 101 72 0 210 109 0 49 101 46 92 0 32 171 48 42 0 54 72 64 65 0 0 38 0 72 42 120 21 102 8 107 42 0 63 75 0 15 77 81 36 103 115 79 0 24 68 41 91 8 55 56 85 175 32 83 0 88 100 36 42 35 33 0 0 98 6 21 177 43 120 0 47 36 130 0 77 25 105 5 0 77 148 56 102 18 80 0 24 12 0 73 198 9 30 104 10 49 187 32 12 0 64 63 18 0 37 45 77 24 0 133 21 34 96 71 56 0 67 39 13 42 120 14 0 48 64 40 46 84 131 40 40 0 92 78 24 85 21 39 43 42 24 0 81 88 58 56 0 42 0 186 54 70 0 75 15 64 37 56 10 0 18 176 114 96 114 93 18 47 48 43 87 48 14 6 63 63 54 6 21 16 0 45 0 24 54 204 26 93 0 23 27 120 37 68 10 63 0 24 113 56 0 16 45 3 26 24 68 72 103 0 40 0 76 52 12 8 89 9 27 21 0 104 170 125 108 32 70 165 92 18 30 36 0 160 72 0 4 72 165 4 66 35 20 20 27 0 38 72
35 149 46 65 47 30 48 95 10 67 96 21 28 64 107 40 62 115 18 202 96 28 113 63 0 97 16 43 35 100 34 36 33 159 150 23 119 70 85 114 168 81 45 16 0 162 24 119 54 74 53 26 11 72 50 45 47 158 29 31 104 63 12 0 67 110 56 0 50 14 8 21 64 83 0 28 83 0 45 20 34 42 64 0 32 30 104 40 58 42 127 145 75 81 125 89 6 88 95 69 3 50 85 94 72 31 16 82 46 24 33 101 8 21 126 90 16 82 16 90 130 0 93 57 28 143 8 84 29 89 9 6 48 0 48 21 4 70 68 151 16 141 21 109 36 16 85 6 120 72 71 80 32 26 1 69 8 50 36 9 124 86 98 0 10 110 69 0 58 0 56 99 27 69 68 105 7 10 121 16 89 9 12 13 51 44 23 44 35 90 21 26 70 24 15 56 8 98 105 30 81 149 20 0 156 35 73 104 84 41 97 38 34 16 45 40 72 68 81 30 102 78 42 82 6 10 15 49 57 10 47 108 7 32 115 16 35 125 92 7 28 74 21 121 17 113 75 119 53 49 33 0 93 10 0 78
6 32 58 100 0 166 0 29 28 103 33 9 89 0 29 58 0 80 148 72 27 0 41 64 12 30 95 44 67 86 42 45 80 192 66 27 87 49 20 66 75 123 0 0 75 61 117 100 73 93 67 27 67 98 0 113 36 17 78 282 9 184 8 16 33 90 9 67 130 42 76 166 13 108 25 36 125 32 58 34 25 35 63 56 118 47 129 43 99 38 48 22 46 155 27 63 0 0 6 115 12 69 22 19 73 88 21 13 93 20 70 126 94 6 32 36 144 16 10 20 21 106 13 120 89 69 63 32 25 75 20 105 128 96 26 15 111 87 0 53 30 81 85 81 66 97 49 30 8 0 12 97 58 83 64 12 6 93 64 81 24 144 0 20 0 120 14 38 66 84 91 150 133 91 30 102 67 96 28 70 10 16 97 89 35 51 111 142 25 12 46 120 76 67 71 24 104 0 7 154 55 31 12 19 109 58 132 54 114 76 52 54 56 27 63 130 70 35 53 82 29 60 13 15 39 67 0 40 133 28 85 20 72 72 60 78 108 87 78 44 21 62 66 36 114 162 6 54 109 58 4 28 95 92 99 104
110 59 14 88 119 71 28 135 0 66 72 49 77 72 84 57 110 18 96 70 6 42 0 97 24 10 112 17 33 63 0 108 102 191 10 135 17 268 90 24 65 197 21 16 63 18 161 70 16 110 39 6 59 195 4 175 109 15 72 231 147 161 0 108 41 0 14 102 99 28 134 132 108 37 40 119 26 84 174 35 121 0 32 141 12 283 153 19 63 131 66 63 25 137 53 128 60 153 75 22 0 35 63 80 133 165 197 101 32 81 51 16 129 79 159 165 119 107 49 91 82 109 150 58 74 81 25 85 14 39 67 87 32 0 3 10 153 284 41 64 71 101 44 99 25 43 58 44 30 14 19 48 82 45 135 124 83 101 17 25 122 24 149 59 48 36 0 155 51 33 55 98 124 86 29 87 58 184 33 97 75 123 193 103 24 28 36 131 18 130 71 99 72 0 115 50 146 103 63 137 59 61 43 204 161 174 134 0 85 54 136 165 72 81 89 135 7 67 105 38 156 9 90 112 99 6 53 94 51 69 90 43 88 54 135 35 48 149 45 58 84 117 123 56 97 54 43 59 144 0 60 62 132 73 0 140
55 80 0 32 86 67 68 48 18 40 73 149 36 28 65 129 57 0 62 8 0 38 0 65 48 48 105 36 48 16 39 36 100 21 12 0 5 67 30 67 118 103 114 68 35 125 40 61 117 81 21 19 102 39 115 0 91 51 28 114 92 4 39 57 88 113 26 15 57 28 34 73 32 50 197 162 60 55 8 81 27 4 8 33 96 72 48 89 77 0 81 92 89 77 16 4 108 9 48 47 5 12 13 36 72 68 36 36 25 1 0 74 57 94 0 128 72 80 13 74 56 54 43 20 0 2 15 82 68 42 154 64 115 0 85 35 48 126 0 121 43 123 25 81 56 23 3 155 12 47 70 45 46 44 41 24 56 86 30 105 24 30 0 20 0 16 42 102 40 32 64 130 32 90 36 82 143 79 33 9 123 169 63 37 50 30 28 1 12 10 7 64 113 109 58 55 36 126 15 86 51 46 24 11 0 54 22 68 10 120 117 6 125 142 30 34 56 45 54 58 5 44 64 4 175 16 7 39 56 83 28 60 58 21 33 83 20 46 32 95 158 120 138 10 2 12 85 12 0 110 83 68 64 144 35 53
145 9 89 9 29 72 15 29 9 70 109 60 56 51 138 91 104 14 13 105 40 18 67 14 70 31 134 58 36 75 104 70 69 4 85 44 56 52 0 35 170 110 20 100 9 56 85 121 56 110 24 12 88 91 84 20 0 231 56 114 4 0 24 63 66 22 7 49 0 11 53 0 60 131 156 55 85 16 52 104 33 62 16 6 8 119 17 24 190 114 46 116 19 50 46 64 44 52 45 43 77 11 24 86 86 210 154 77 54 59 26 155 99 32 72 62 27 0 13 64 91 36 11 9 64 121 57 68 38 28 6 21 26 28 168 5 32 20 97 10 37 24 15 122 128 157 57 34 4 69 15 36 17 108 7 80 106 14 118 54 71 53 148 44 72 0 53 40 68 127 142 75 8 50 101 210 37 30 21 83 41 7 0 104 49 32 54 70 75 59 69 201 26 108 71 79 0 10 49 94 61 3 129 257 101 84 83 124 16 35 6 66 18 58 18 28 56 72 110 38 98 0 67 52 30 95 62 0 0 83 58 60 68 100 71 93 90 0 73 22 97 165 158 32 54 104 86 35 0 24 42 0 15 137 99 105
45 2 44 127 4 44 62 112 8 8 137 85 65 7 115 15 206 187 170 33 66 96 66 62 6 99 80 41 125 33 33 77 18 104 116 32 6 241 48 151 162 76 109 51 20 60 32 185 163 105 3 56 72 107 32 17 129 202 9 170 40 0 164 129 153 69 5 165 81 28 58 0 135 66 60 16 63 83 38 9 9 151 36 54 75 70 90 94 43 63 133 64 70 180 26 245 60 24 10 99 65 8 101 128 32 219 2 56 76 135 78 70 13 0 86 46 18 173 0 31 75 41 94 39 116 137 11 46 139 25 108 8 16 16 96 67 93 183 41 19 15 102 76 59 3 28 24 142 44 32 58 1 39 217 108 138 0 117 75 24 24 124 197 0 15 31 17 31 75 129 96 159 12 119 78 109 21 52 33 69 76 0 108 3 7 0 35 78 60 72 37 9 114 258 24 128 118 76 54 119 51 61 104 83 65 144 54 85 20 0 42 92 65 64 18 108 7 63 72 29 92 27 62 54 111 17 37 72 50 118 112 27 150 31 96 32 5 53 135 27 24 27 163 85 21 128 20 18 6 8 71 42 26 37 6 93
90 48 65 70 102 74 84 158 75 64 72 150 12 116 34 18 105 127 86 57 54 62 125 65 26 90 229 124 93 115 179 66 21 28 140 87 30 112 89 52 116 110 48 132 0 171 64 38 132 58 9 42 124 143 120 23 102 98 145 170 168 93 12 70 157 61 40 32 61 123 52 35 43 27 128 47 119 68 28 130 128 45 33 12 8 120 185 61 117 30 63 115 133 117 81 121 121 30 0 49 5 34 49 152 56 65 60 9 37 100 45 82 11 87 20 167 113 82 41 96 110 75 28 153 35 71 137 12 0 80 24 128 53 18 13 129 161 190 134 130 71 76 102 94 102 135 106 112 48 81 178 90 21 96 37 33 18 109 70 77 71 77 33 53 4 69 45 76 116 75 128 14 72 69 51 120 40 64 62 105 64 54 98 78 11 120 111 59 40 90 30 63 123 117 0 116 0 11 0 0 68 42 55 93 95 53 132 7 86 42 11 109 25 32 86 77 74 21 48 154 93 45 0 44 196 8 78 16 37 134 15 47 35 122 61 149 21 14 48 54 15 10 150 134 70 76 48 84 28 54 26 72 14 73 52 186
154 104 58 76 33 45 23 75 83 112 77 12 114 108 81 14 23 0 122 15 56 56 43 69 31 45 263 49 205 15 0 52 36 161 108 65 73 121 69 122 83 93 127 230 227 149 93 158 117 88 82 48 91 35 54 59 11 155 157 177 199 126 152 121 118 1 63 41 157 55 196 26 4 102 106 112 62 228 49 181 278 64 87 107 63 142 174 49 189 106 40 77 56 125 35 85 109 10 28 83 25 25 25 36 137 121 80 41 101 78 48 50 103 89 76 97 202 15 97 118 45 8 81 18 52 0 74 97 163 217 67 130 90 8 70 80 184 112 104 120 28 129 26 112 9 64 85 168 164 35 128 86 106 206 178 90 94 271 12 84 97 117 120 141 70 36 85 114 64 115 140 90 177 118 193 156 44 118 77 163 102 158 139 87 50 27 14 27 225 12 58 175 192 144 113 52 173 57 119 165 16 129 85 63 68 14 194 128 101 40 97 14 56 49 87 118 103 114 92 0 225 149 58 15 82 43 72 83 15 91 78 50 59 56 112 99 62 173 30 78 109 140 93 142 0 99 64 4 92 80 59 107 231 250 175 216
42 0 94 32 81 82 12 113 16 8 66 117 69 9 16 30 105 4 145 40 56 0 0 63 12 0 1 16 109 6 0 157 40 0 15 21 14 8 0 65 63 121 21 60 0 16 56 109 40 42 5 0 72 147 73 8 18 48 72 79 82 63 82 60 93 0 66 24 27 84 48 30 64 36 18 0 0 0 127 17 63 30 42 24 98 44 6 36 126 85 18 42 72 88 52 18 20 21 51 24 9 71 12 102 35 44 42 24 111 0 16 80 62 54 87 0 0 8 61 12 36 0 148 0 72 50 172 10 109 98 16 0 102 0 56 100 54 0 36 40 27 30 27 129 74 48 96 49 5 69 12 54 78 133 4 0 0 42 27 21 130 47 88 140 42 58 38 21 54 75 0 0 24 0 144 45 9 81 42 51 18 78 4 78 51 58 3 112 46 50 20 18 74 140 8 21 10 22 27 7 72 73 16 27 72 0 73 40 36 82 77 74 30 0 72 81 79 28 0 20 32 0 0 64 22 0 24 79 0 16 36 114 63 32 159 0 36 20 108 79 100 63 89 154 0 0 74 0 72 24 0 51 51 10 35 84
2 88 68 77 120 6 70 16 42 0 25 121 16 13 74 24 32 116 0 150 0 4 78 55 16 66 96 89 6 24 74 12 64 0 142 38 74 14 0 85 138 0 96 6 10 0 0 94 83 0 110 132 21 99 68 18 35 112 0 15 44 72 35 16 38 18 34 24 116 46 55 0 28 24 57 4 81 0 50 50 122 32 21 100 83 114 100 39 25 10 38 123 54 84 13 123 6 176 0 47 52 40 20 79 90 189 0 36 96 94 16 162 21 48 6 24 12 40 82 34 118 0 98 48 43 65 105 106 102 92 48 48 85 0 23 39 6 122 15 78 26 27 12 82 27 0 36 26 26 62 48 75 70 51 0 24 143 41 56 0 30 116 20 54 12 62 45 21 46 84 30 28 38 64 88 86 0 0 24 73 43 63 45 83 87 84 56 84 76 56 14 27 35 68 6 78 1 188 0 21 80 31 0 73 72 12 81 41 0 172 125 63 132 36 18 33 42 50 50 31 31 67 46 87 48 0 10 66 68 111 36 30 0 32 74 43 0 15 18 70 14 51 39 93 134 8 38 184 36 0 84 8 29 60 38 58
0 48 0 50 87 25 82 54 153 10 184 3 24 107 20 154 92 21 165 64 12 8 84 21 140 140 74 45 21 84 48 79 0 104 0 39 15 77 94 32 26 140 64 0 35 52 37 49 32 45 96 37 32 120 47 43 18 128 15 157 98 67 51 36 25 49 4 75 61 18 31 72 74 34 16 81 131 9 133 9 0 64 84 15 12 125 18 54 97 40 0 84 96 34 22 27 12 40 88 35 3 69 105 73 16 22 42 81 134 105 0 0 49 60 176 29 47 12 112 119 42 14 143 56 30 0 51 122 96 136 48 44 152 27 39 36 3 75 12 91 85 34 0 20 84 43 24 18 59 9 22 64 63 111 22 38 0 56 64 22 52 89 84 88 24 16 3 64 24 51 17 36 35 8 67 22 78 56 10 16 6 30 72 0 227 188 88 62 50 21 100 119 31 35 38 68 95 36 6 73 0 0 114 45 68 151 52 32 0 27 87 73 30 42 30 62 64 7 56 40 0 57 18 108 4 101 34 24 32 10 89 0 75 36 56 49 47 46 8 72 21 159 222 77 14 116 46 60 72 87 41 42 70 90 35 18
6 99 63 48 122 19 100 72 0 35 65 90 31 0 100 10 0 118 100 46 0 16 75 0 54 0 8 76 156 0 71 16 35 121 55 121 73 51 54 77 78 173 63 5 0 36 22 66 0 2 30 12 140 8 16 53 0 57 109 72 4 163 9 0 111 72 56 42 0 40 112 186 135 0 6 44 93 58 47 80 64 0 34 0 64 27 9 2 0 140 60 120 102 0 12 94 162 15 86 2 0 80 24 17 123 97 65 11 20 28 42 72 71 0 0 42 87 87 46 159 66 0 48 0 84 0 2 14 30 0 98 70 0 24 86 67 46 170 30 170 40 82 12 22 220 8 9 72 150 24 72 36 20 0 48 15 39 70 0 138 89 20 60 44 0 48 18 70 0 143 68 64 68 42 0 189 0 47 16 0 18 41 136 46 102 56 90 0 10 0 129 48 76 0 9 28 55 18 0 46 56 45 67 90 30 48 69 4 93 60 12 112 76 57 0 36 63 35 36 90 22 72 6 19 20 14 0 77 12 6 0 40 28 127 25 48 76 50 197 82 0 6 0 16 8 12 40 67 54 56 121 55 113 32 67 24
54 68 88 168 181 90 116 66 13 49 178 159 32 101 72 70 271 43 84 151 10 8 0 116 96 27 173 89 99 93 124 64 60 54 56 122 5 43 64 24 95 69 56 28 0 12 28 24 85 106 80 65 4 27 125 47 193 88 179 11 18 183 40 0 167 45 36 28 136 14 85 57 77 108 36 65 144 0 96 43 170 46 102 201 32 22 0 26 73 72 57 130 206 6 80 8 0 141 191 59 21 138 137 72 143 56 57 39 141 117 45 56 105 49 12 140 70 102 61 87 39 9 71 30 0 177 37 102 0 119 18 0 114 21 40 43 10 85 57 172 80 17 53 13 93 61 12 40 75 12 169 0 0 5 0 80 75 35 101 131 22 56 75 117 83 20 28 48 42 180 54 89 52 87 106 136 121 20 80 30 28 5 12 67 91 108 90 60 44 54 44 65 135 81 78 63 72 120 147 93 44 77 34 134 50 203 132 14 12 78 72 62 56 114 56 35 34 59 73 0 16 109 120 77 78 84 15 82 5 63 168 88 25 69 34 0 35 108 94 102 21 149 70 96 73 63 66 137 126 72 32 12 78 64 0 43
227 31 0 82 96 64 107 99 33 18 114 158 9 9 148 103 150 9 40 17 101 54 12 54 18 3 191 36 21 90 91 93 90 54 77 91 173 171 96 122 57 98 71 33 0 87 34 21 238 66 36 18 98 115 161 219 160 161 167 105 12 68 44 134 80 132 40 0 57 0 127 48 53 197 205 29 72 17 91 79 121 27 42 72 58 27 106 49 92 138 34 66 77 63 24 147 55 135 24 54 103 84 77 172 128 63 0 66 161 33 69 236 22 24 18 130 107 160 23 34 63 39 24 0 1 225 113 34 111 130 36 12 129 12 70 30 20 52 35 71 39 27 72 107 58 0 66 255 21 27 163 90 90 99 9 122 0 367 101 79 120 32 72 155 35 140 43 75 0 193 136 116 72 72 144 0 123 142 48 75 17 57 101 61 31 0 0 20 18 82 21 69 58 345 133 55 0 0 138 45 53 94 39 86 72 123 309 61 48 45 11 59 0 63 0 55 43 9 72 70 53 45 18 48 90 126 0 54 43 72 155 98 130 68 119 110 54 43 101 38 54 52 156 25 72 170 103 14 141 121 7 70 70 82 113 87
30 14 9 103 93 40 30 63 84 0 35 30 8 14 32 142 0 21 186 0 12 0 21 6 60 99 86 62 41 89 9 85 13 115 15 54 0 5 56 70 81 224 40 9 126 72 40 11 18 24 99 37 59 80 45 32 15 160 75 267 69 60 2 0 40 49 63 57 42 0 79 38 27 0 40 60 11 42 98 84 20 0 18 49 0 9 0 90 48 0 56 72 42 34 109 12 0 113 35 24 43 18 56 0 0 129 45 66 49 50 0 0 31 0 128 6 66 54 0 93 49 42 105 56 79 5 24 62 14 42 140 4 70 0 9 5 44 21 22 6 80 117 68 39 78 0 36 18 28 35 30 105 60 97 54 0 54 0 0 3 64 102 0 0 0 8 29 151 42 61 42 29 35 0 42 18 45 32 6 45 0 69 84 48 56 28 0 89 55 54 35 98 7 0 77 36 89 54 139 26 0 58 100 0 0 5 134 68 4 80 74 56 48 4 77 91 19 43 43 121 120 16 46 156 0 0 0 0 0 25 137 1 60 121 79 72 20 47 18 12 7 181 63 0 130 0 0 2 66 92 43 35 56 72 56 0
88 24 44 55 60 80 211 18 42 23 34 74 41 35 32 81 65 169 135 141 37 0 46 0 18 80 93 43 15 24 102 35 81 0 40 95 31 134 56 30 110 207 4 48 115 9 52 78 47 56 39 53 45 166 124 0 200 149 21 45 48 27 98 64 117 56 89 68 21 54 33 48 0 39 75 10 13 76 98 5 54 4 63 0 56 47 59 63 84 0 89 49 23 146 0 42 20 184 64 65 126 72 29 122 31 94 5 40 5 0 26 92 70 0 48 16 41 49 0 72 20 31 30 84 33 181 200 164 158 91 78 69 36 126 59 20 51 70 0 23 16 74 111 60 81 10 72 56 25 76 92 99 104 100 87 36 67 74 7 115 44 63 35 78 14 117 45 132 43 9 0 192 0 109 72 180 104 87 21 156 104 222 87 82 21 4 68 64 54 88 4 33 43 93 246 59 54 148 28 32 9 106 40 27 156 195 85 102 0 229 99 55 118 140 76 60 45 9 27 162 72 16 64 150 46 81 43 27 134 63 55 4 54 73 107 14 4 12 6 91 88 131 15 85 10 35 136 37 0 63 9 83 0 80 71 60
42 42 48 24 6 106 60 43 0 30 60 108 8 69 67 62 56 0 0 0 30 0 21 45 26 0 11 0 39 46 40 16 0 0 18 57 30 0 36 0 119 38 30 57 45 54 39 78 51 60 20 12 27 0 24 0 30 67 65 42 18 0 130 0 135 42 0 25 21 51 36 36 59 0 0 132 73 90 9 35 54 30 69 33 48 90 6 0 65 81 107 45 105 53 18 27 81 100 9 0 0 69 59 42 87 85 17 0 75 0 0 36 45 30 10 77 63 51 1 140 57 94 8 23 65 41 42 8 74 59 54 0 47 0 115 0 68 75 30 0 0 75 0 0 150 57 90 120 54 0 45 0 40 144 40 24 79 54 38 60 63 27 24 12 87 48 44 42 69 0 66 6 132 75 104 52 5 0 42 68 153 103 0 42 23 18 164 21 0 48 27 72 0 168 113 9 27 33 37 54 15 0 52 77 0 81 35 16 51 42 48 0 45 72 36 12 101 0 0 40 4 81 0 0 0 21 20 0 0 72 83 0 46 0 98 20 0 45 111 0 48 48 0 28 3 18 12 0 36 120 93 0 0 42 57 193
73 17 32 9 18 14 0 96 6 56 12 39 3 16 105 69 145 98 168 63 136 36 0 117 58 27 9 83 1 0 39 60 20 161 0 0 30 131 83 94 68 83 243 0 54 121 0 7 77 52 112 18 33 46 42 117 0 60 32 143 42 16 62 106 53 72 96 0 81 24 73 81 50 60 128 42 20 47 3 147 37 54 52 20 136 57 0 126 147 40 181 5 99 88 45 48 48 24 0 74 3 35 21 77 10 94 10 57 27 29 9 14 44 83 96 74 72 90 7 81 60 40 57 45 12 64 57 98 135 31 118 0 21 0 33 60 38 9 12 124 51 168 73 36 105 0 174 11 24 60 78 72 112 135 110 73 51 88 76 25 24 0 45 0 45 25 135 42 0 90 127 129 102 79 86 50 25 66 141 49 144 91 88 4 88 24 39 12 82 99 45 72 90 88 59 57 72 104 199 26 70 128 118 56 101 0 222 30 96 133 118 25 109 12 115 106 81 0 21 14 107 27 222 48 173 32 39 156 50 121 0 9 100 193 125 78 3 45 72 20 36 76 75 96 67 139 10 57 24 12 180 4 109 68 56 18
63 92 0 81 165 79 16 99 42 129 75 43 0 127 16 50 157 36 80 140 8 0 6 107 58 155 0 137 30 18 0 119 14 72 12 25 68 91 128 55 141 31 73 128 45 222 8 64 53 112 57 72 61 20 24 72 85 75 100 151 29 166 86 42 50 6 225 9 0 24 26 122 93 23 57 92 98 81 57 84 113 71 155 58 90 85 72 0 72 130 54 69 135 78 69 16 35 66 60 140 0 82 66 48 59 143 76 89 131 0 36 113 73 103 27 61 48 76 22 42 70 166 106 75 62 76 108 70 42 116 105 24 88 70 27 81 154 175 57 133 84 72 196 42 30 76 0 9 42 28 47 76 82 133 80 0 69 16 48 108 35 18 36 130 35 30 89 49 54 218 24 72 30 48 88 0 34 49 49 102 113 32 12 87 118 72 38 0 52 0 0 144 70 103 142 45 105 131 83 60 57 0 101 86 60 70 161 124 0 130 89 162 72 73 104 188 0 5 116 20 0 42 37 8 78 56 153 65 42 42 163 51 24 72 301 0 96 55 30 90 110 66 81 0 95 72 0 99 0 163 84 0 0 79 0 157
67 33 16 0 103 46 94 46 0 33 28 82 0 21 132 71 196 14 137 71 41 8 15 54 47 54 111 52 0 0 49 48 13 39 27 88 10 42 58 58 135 107 45 0 26 64 70 79 0 0 19 6 136 84 88 77 69 67 98 39 0 31 51 5 52 137 16 36 0 0 77 45 26 44 118 111 205 107 69 45 47 32 8 41 2 115 49 0 37 75 39 94 66 17 45 94 84 62 0 134 51 36 69 0 18 109 42 95 109 0 15 20 23 43 18 139 66 18 14 113 18 85 96 10 6 33 17 0 130 0 96 45 12 54 134 111 43 158 27 134 104 83 39 6 64 96 12 99 119 0 110 72 7 16 45 46 28 150 42 66 32 135 39 55 10 20 0 57 78 39 103 116 37 123 67 189 86 68 0 52 99 87 18 89 115 15 68 18 51 43 50 108 11 77 67 31 14 144 12 87 38 18 10 51 76 107 59 138 36 31 54 34 53 110 18 21 58 28 72 24 44 72 15 0 121 57 36 24 51 50 116 30 12 52 120 42 89 111 157 65 67 154 49 73 65 86 0 93 33 169 127 29 48 123 66 168
111 14 27 18 52 63 123 54 0 52 81 101 0 32 0 6 72 60 126 8 18 2 0 81 44 0 56 48 110 24 18 54 48 85 28 0 0 194 0 96 18 174 16 0 2 38 72 25 94 74 32 0 139 5 93 164 40 114 41 204 0 18 137 5 132 36 16 0 60 42 61 126 30 0 124 94 27 81 48 0 76 8 49 18 145 97 18 65 117 122 74 2 70 80 0 12 79 127 0 27 10 0 47 49 0 61 22 25 18 12 112 78 66 3 102 68 63 131 94 156 24 107 0 0 0 18 64 105 91 148 6 63 70 6 35 46 63 4 67 78 109 105 54 72 115 14 104 64 0 42 53 24 0 86 0 0 0 112 18 98 3 59 72 56 0 64 48 120 40 27 6 103 42 31 119 101 38 40 24 6 54 184 217 0 26 0 4 52 6 83 18 18 132 184 108 110 105 126 24 4 20 14 157 12 144 45 36 72 120 96 2 9 53 36 54 173 64 0 0 42 69 5 66 0 34 2 9 40 72 14 40 48 80 48 128 4 44 0 142 56 102 105 21 16 72 0 20 28 0 40 16 14 48 104 64 179
61 3 12 40 187 129 78 76 60 156 12 189 0 189 38 125 78 163 30 106 57 52 153 72 0 32 77 51 48 201 24 74 40 167 48 174 49 82 0 140 55 285 5 62 0 0 54 120 71 55 36 54 85 73 72 89 105 0 132 69 56 45 54 137 16 26 78 0 84 119 44 10 111 88 142 143 39 28 244 54 88 37 49 10 28 144 70 21 30 103 33 175 0 255 147 111 86 116 48 36 109 117 0 184 57 188 126 74 8 0 50 137 11 45 96 35 76 88 9 81 83 9 60 133 70 66 92 5 36 25 42 69 130 124 27 55 97 158 58 7 42 167 133 116 152 56 62 42 10 73 135 99 87 0 180 69 123 206 10 56 16 48 28 0 60 180 97 140 80 178 115 164 88 112 128 133 100 44 83 102 120 124 162 111 12 159 24 45 108 108 7 168 67 69 167 106 94 167 117 94 57 132 62 108 129 110 321 26 55 139 45 62 45 103 0 50 54 124 144 164 81 35 51 66 61 109 30 112 65 155 98 91 15 99 170 87 54 122 24 83 235 41 144 72 6 54 163 156 77 77 30 0 99 82 67 237
90 104 72 14 107 128 30 20 0 80 30 21 96 48 4 30 55 87 25 78 159 8 126 8 52 94 86 97 78 6 0 77 0 79 99 97 24 96 27 58 111 96 42 43 85 4 40 95 18 74 81 0 48 48 99 82 4 128 141 0 2 159 0 69 54 70 117 127 12 36 10 97 76 137 67 0 148 24 82 66 241 63 54 40 21 20 45 38 47 145 27 76 64 69 6 16 22 159 106 0 54 36 134 105 2 36 0 24 40 10 156 120 24 51 8 36 72 76 32 37 78 7 27 12 40 42 113 25 117 355 32 8 72 63 226 15 71 126 48 130 54 86 0 40 0 14 0 72 72 28 192 92 90 85 40 111 19 128 56 32 0 99 24 87 36 92 48 27 68 30 94 63 30 64 81 66 63 1 8 79 37 38 68 51 48 43 90 71 60 80 41 63 4 51 86 54 94 63 32 95 117 18 0 24 90 6 130 56 36 0 82 20 36 99 8 67 121 37 63 98 16 9 60 44 32 0 24 0 44 72 70 81 0 58 0 72 108 149 132 60 135 54 110 18 0 0 8 53 8 12 144 109 72 69 77 203
84 76 32 68 126 48 56 18 28 144 103 73 32 101 44 169 122 116 100 90 47 0 48 0 0 38 94 39 110 72 7 26 10 144 101 110 68 131 43 14 112 145 0 152 20 57 49 117 100 91 18 81 32 10 27 88 68 99 96 259 39 89 70 96 18 68 7 74 64 118 113 49 66 6 0 66 116 91 130 78 24 35 30 42 0 31 74 14 134 70 68 72 30 145 58 86 63 70 55 79 12 0 31 86 97 41 66 33 177 28 56 90 74 21 124 27 136 27 38 192 21 20 162 181 40 104 108 55 47 111 54 30 162 96 122 105 88 85 178 46 81 121 110 83 128 84 68 28 61 130 70 211 118 153 108 0 132 10 28 103 191 134 54 0 35 78 54 16 85 38 76 6 139 66 132 101 45 91 68 121 118 103 34 31 81 6 56 52 134 7 129 39 25 141 144 36 48 9 52 90 36 0 195 42 173 42 140 109 65 63 48 184 31 36 174 162 2 107 36 38 121 62 36 56 71 89 135 67 56 117 42 40 54 69 157 12 48 45 114 35 67 90 126 2 14 96 34 101 18 6 149 10 48 14 25 41
109 32 72 122 97 122 64 9 17 0 74 70 102 0 21 127 26 39 0 81 0 81 7 0 0 45 70 87 126 52 128 51 32 81 25 38 122 50 34 33 0 88 48 48 54 42 21 171 142 24 0 124 31 91 38 24 18 63 100 118 42 60 9 40 52 149 14 80 57 3 108 52 73 24 87 50 23 70 58 192 90 69 0 5 42 81 77 8 49 175 37 62 101 24 30 3 59 99 41 51 19 26 10 16 76 111 65 90 42 0 60 5 102 87 56 25 181 40 45 70 73 5 18 99 74 123 1 66 8 24 137 2 101 0 24 111 85 73 80 84 62 35 134 40 142 49 8 141 59 11 15 12 22 67 10 87 22 33 27 42 164 0 80 88 0 8 58 21 0 60 42 21 124 54 0 107 7 14 0 127 23 82 14 49 142 10 39 110 76 24 132 54 46 81 40 10 51 144 58 49 24 43 68 111 54 68 91 220 100 36 59 139 89 0 57 116 84 51 36 15 40 24 72 81 96 19 69 142 18 0 21 24 141 98 98 18 22 44 123 39 0 27 105 103 6 131 58 18 107 41 56 153 49 61 24 0
48 165 54 134 16 62 11 62 0 104 106 21 76 18 57 100 146 16 156 94 123 50 138 46 36 29 45 133 104 81 10 42 118 59 18 51 121 70 53 213 82 82 0 27 19 71 37 100 20 26 29 54 13 21 88 8 31 126 188 35 0 14 36 0 81 96 9 9 0 40 36 40 93 46 84 0 64 0 98 144 42 105 0 0 4 6 176 13 160 166 16 54 36 63 60 79 7 66 6 8 6 4 71 84 42 127 54 30 141 18 0 9 83 55 115 8 131 67 12 36 87 0 13 29 132 57 6 78 50 155 7 20 8 51 36 99 52 50 92 64 0 8 20 6 56 54 0 16 73 34 131 40 36 14 46 86 56 60 132 6 16 61 122 54 0 64 0 21 0 219 92 142 185 32 152 94 24 36 27 140 102 70 99 47 6 62 63 112 89 2 71 72 16 32 56 10 36 20 66 36 56 54 10 108 28 63 84 41 81 4 32 110 96 45 20 80 1 105 209 101 52 21 28 142 6 44 66 101 18 0 0 45 136 60 94 63 20 78 166 32 41 54 34 79 77 0 56 94 12 66 60 59 32 94 78 48
52 170 69 27 111 25 79 161 14 119 137 60 81 88 85 98 109 75 90 154 58 10 0 18 114 0 74 224 32 60 20 73 42 16 109 6 64 60 76 30 121 212 39 89 30 120 81 127 62 44 52 54 46 50 10 3 120 106 158 8 48 66 20 91 211 26 18 48 31 6 64 56 89 127 75 0 44 9 77 118 178 0 23 130 0 16 67 36 46 57 14 51 6 84 64 37 20 27 127 19 54 59 131 63 189 77 89 30 106 6 24 64 124 0 14 43 0 21 46 1 189 1 43 3 0 150 54 9 68 94 52 24 98 51 63 9 85 82 10 36 5 43 58 64 56 146 48 120 94 10 107 65 115 75 108 81 62 167 14 81 0 100 24 56 95 118 69 103 24 97 5 63 2 1 0 142 73 59 0 70 33 8 60 71 64 2 62 105 120 6 9 68 48 138 78 12 78 90 63 68 8 123 31 57 123 81 143 24 0 50 103 40 6 180 133 83 32 71 159 48 190 27 54 103 62 117 101 59 0 203 87 84 42 149 199 11 57 217 18 16 126 65 44 9 55 46 120 78 61 35 141 0 32 4 8 41
167 84 16 16 170 60 8 4 96 40 0 68 22 0 34 2 104 30 0 57 20 0 68 42 2 21 95 56 69 0 128 56 41 0 4 111 121 154 36 18 20 0 64 17 8 0 46 149 0 82 52 72 70 19 35 93 33 185 92 129 50 42 0 36 79 89 80 8 24 0 6 160 32 2 156 64 149 30 20 41 246 0 5 48 139 53 0 52 24 0 54 45 86 63 28 0 0 23 89 36 11 50 61 82 99 95 6 0 45 32 42 78 0 0 118 28 181 0 8 26 72 49 18 32 23 72 15 76 43 85 0 128 4 0 48 9 0 45 16 48 25 0 117 51 91 107 2 72 49 0 78 20 64 35 0 45 48 109 41 45 0 64 0 36 80 10 36 90 0 72 8 0 15 72 36 174 76 0 39 29 0 20 24 22 54 0 90 15 28 38 34 36 20 4 30 3 20 64 43 46 45 88 56 91 126 72 119 121 36 0 9 62 80 16 77 27 0 16 28 2 32 14 32 0 28 0 32 28 39 72 33 0 21 0 0 102 41 28 72 77 118 78 50 8 68 107 92 77 2 24 99 0 37 18 51 16
0 16 41 16 33 52 6 116 10 65 0 56 8 60 49 75 28 58 168 1 0 8 98 27 0 44 6 0 36 85 16 77 84 72 54 69 8 21 155 84 160 73 63 0 95 10 105 18 31 100 0 6 106 117 66 12 99 102 0 48 94 0 0 40 3 0 81 59 14 45 28 2 52 7 30 0 60 84 5 27 21 0 76 38 7 78 77 96 24 0 84 57 48 0 110 64 0 66 42 0 48 71 66 30 69 153 24 112 35 61 0 71 130 20 0 112 37 0 0 36 93 75 56 18 70 90 7 71 30 85 159 46 8 0 31 0 60 123 32 72 18 80 72 68 33 36 72 4 36 94 0 96 15 5 0 15 51 16 56 21 88 24 15 56 0 13 0 86 0 22 0 46 15 48 8 48 0 34 0 50 72 0 53 0 64 120 0 49 0 74 111 54 41 10 195 118 30 8 81 28 77 0 35 27 101 72 0 8 6 150 72 32 20 63 0 36 43 98 12 117 85 30 84 78 62 40 0 0 0 34 42 24 8 20 6 54 43 38 45 49 29 84 8 96 137 30 40 44 62 4 175 144 70 7 33 37
48 20 30 31 50 120 111 22 104 88 92 186 41 40 109 33 121 91 271 24 4 18 86 2 22 103 3 9 28 94 103 5 39 65 91 106 52 53 112 92 101 64 40 42 49 7 32 28 151 77 79 41 63 67 104 51 65 124 64 57 100 9 123 80 12 10 6 64 74 10 23 30 36 46 74 8 105 22 0 79 0 0 12 24 91 55 102 90 110 63 128 9 59 48 12 95 25 70 51 84 30 73 44 0 133 59 5 4 34 62 31 96 16 44 0 82 60 67 30 50 77 0 188 0 18 63 0 78 34 146 55 66 114 0 119 0 51 0 42 97 7 164 64 59 52 12 59 56 56 88 47 63 0 40 59 0 70 48 133 0 132 109 68 93 2 64 49 0 4 49 84 47 30 55 18 90 52 72 8 103 61 20 117 34 74 28 35 70 26 82 0 30 9 34 126 75 104 27 0 19 32 65 39 86 187 175 22 166 0 34 99 116 39 0 18 149 23 10 5 85 65 13 34 35 20 85 6 44 16 100 4 24 57 3 69 51 75 4 13 95 5 55 124 122 119 88 21 28 8 7 76 81 0 65 24 30
93 36 0 24 9 50 91 82 75 72 103 84 19 43 146 39 97 48 6 160 56 0 42 101 45 75 150 103 12 51 54 81 60 0 60 0 0 72 21 58 126 21 108 43 0 93 51 77 12 105 59 38 113 152 0 42 29 72 12 28 48 25 71 35 6 36 40 88 60 4 33 97 102 54 97 42 2 72 155 145 54 32 15 54 97 62 0 8 56 72 36 52 193 15 0 34 22 7 49 54 36 79 90 24 150 127 60 121 3 63 36 55 137 97 135 0 24 32 115 8 57 66 169 66 18 107 87 34 169 90 62 0 63 6 91 80 27 80 7 139 40 106 94 0 18 56 15 51 172 0 0 146 34 118 0 25 0 64 0 90 72 18 101 0 0 0 98 81 9 11 37 42 0 31 74 178 89 20 0 15 47 45 44 45 192 91 0 88 53 38 63 0 40 49 28 95 153 87 54 42 164 133 153 50 202 10 175 112 27 0 142 143 0 95 18 91 61 54 82 109 3 9 0 56 163 33 76 70 54 98 140 63 110 8 115 70 118 4 89 44 0 120 229 0 21 109 68 0 18 0 107 35 0 12 0 93
9 8 10 17 28 41 10 44 72 56 80 0 63 0 2 22 46 94 74 69 73 0 11 0 54 79 88 3 98 6 0 98 0 17 45 34 3 60 75 0 0 131 107 64 29 74 109 73 39 72 14 6 48 56 34 56 0 97 33 42 38 99 14 51 20 14 139 33 8 0 20 57 30 29 41 23 76 22 24 30 93 164 23 46 40 30 39 0 100 239 88 16 7 42 37 5 18 111 122 95 0 90 38 35 64 53 42 55 20 0 94 15 0 77 77 30 77 56 51 15 120 68 32 0 26 28 18 18 41 87 28 4 93 31 58 45 89 122 105 3 16 65 0 56 0 0 0 7 65 0 72 81 114 0 5 0 37 104 72 3 6 61 72 39 0 105 30 0 20 112 4 57 130 72 63 18 24 29 0 35 22 45 20 6 0 16 51 66 32 32 18 25 25 0 76 9 32 36 28 9 79 97 1 0 55 1 55 104 16 32 48 48 10 0 21 81 63 5 10 36 143 0 50 13 49 0 77 35 10 48 129 28 68 12 79 56 0 131 102 41 102 15 5 8 76 39 106 49 45 0 16 160 45 39 0 104
29 0 49 75 29 138 103 10 36 25 71 120 112 72 48 19 121 87 112 90 0 69 46 96 37 43 54 108 116 66 35 58 46 0 60 13 39 25 5 104 74 186 0 115 25 102 88 150 96 40 58 0 56 110 115 30 31 20 62 38 126 54 0 31 110 0 85 27 0 80 68 135 56 52 108 24 100 20 153 40 69 9 38 20 24 53 64 2 0 8 40 40 0 61 32 56 129 18 77 20 1 62 10 33 117 44 43 4 15 0 23 117 42 78 98 71 24 49 118 144 95 0 109 0 69 7 77 21 69 6 47 8 70 56 60 118 150 84 38 78 21 114 32 95 99 82 24 111 21 66 61 20 20 161 64 12 61 31 36 48 27 83 41 66 56 76 13 51 20 89 48 63 49 73 54 4 83 12 3 28 22 45 94 54 40 24 21 122 0 34 12 25 93 155 97 0 86 54 21 0 29 64 166 30 0 42 56 80 113 64 122 24 16 40 0 93 105 47 66 65 52 56 0 86 33 10 21 130 67 124 20 72 66 54 37 30 69 89 70 132 77 101 161 14 120 6 141 48 38 21 17 70 95 76 32 63
56 7 71 61 111 61 39 72 101 79 69 78 86 24 64 84 107 32 128 133 48 36 65 30 32 52 37 97 86 71 72 124 54 201 82 87 50 130 155 15 30 132 8 62 67 82 106 190 92 24 71 63 26 80 18 114 24 160 100 39 40 191 35 110 63 9 114 124 149 1 69 44 16 56 72 9 118 78 32 64 59 63 161 45 9 104 81 81 8 94 104 77 0 98 75 152 0 57 102 65 8 108 55 130 95 64 125 16 37 21 24 0 34 1 111 41 45 86 30 30 110 63 162 40 112 30 0 117 62 14 114 182 48 49 42 36 185 103 0 12 57 0 119 0 81 24 87 113 166 0 0 5 62 0 18 72 55 9 72 0 90 86 114 69 0 96 30 48 0 30 81 81 41 34 0 75 8 136 72 115 6 42 30 20 14 32 53 86 78 168 0 129 116 117 37 16 64 32 217 60 73 30 83 208 40 55 73 69 85 64 80 36 18 21 41 139 91 87 48 12 12 119 45 0 67 14 62 128 69 45 60 113 129 44 23 18 5 146 105 58 49 6 99 97 131 8 36 36 32 56 37 82 80 0 0 31
36 57 66 52 140 207 60 27 92 40 9 111 162 125 32 195 153 130 154 51 129 45 122 92 36 98 95 139 106 18 24 105 0 243 48 70 201 113 181 152 161 28 28 63 58 63 176 130 155 125 87 91 10 164 68 3 16 208 141 39 102 139 116 0 27 250 77 76 22 45 81 40 100 65 24 17 181 124 64 120 24 66 54 110 91 40 93 185 42 155 89 56 34 111 65 56 0 172 88 110 9 155 18 96 67 133 12 78 63 14 97 54 24 77 190 93 219 1 41 53 132 16 119 128 106 84 80 94 186 253 26 83 94 24 120 33 7 57 16 123 123 96 57 166 167 39 146 45 45 46 135 54 163 61 109 3 0 48 119 45 180 128 22 3 35 120 71 168 40 18 83 83 36 15 24 134 89 24 95 48 174 0 29 25 141 30 119 97 79 0 24 57 43 27 57 29 115 31 63 91 32 17 177 57 168 58 105 114 144 35 173 104 75 0 44 99 168 24 0 79 38 0 163 42 45 113 32 27 0 31 51 32 94 133 73 9 24 6 58 69 82 44 46 162 39 118 94 76 12 0 72 32 24 62 73 69
68 48 122 63 38 128 100 108 24 90 39 118 158 39 64 21 102 32 85 148 7 87 45 78 18 45 57 46 112 36 63 81 62 130 16 7 102 24 69 88 53 113 43 90 68 102 48 19 27 70 39 18 31 35 40 30 96 36 125 0 195 93 0 36 197 126 52 18 5 91 124 72 126 36 151 59 142 18 32 45 132 39 15 64 63 65 57 50 42 91 60 59 30 83 74 69 0 85 77 26 57 23 94 56 6 72 83 18 62 46 40 51 0 40 21 108 113 144 51 30 0 7 129 49 15 78 35 73 26 199 9 54 33 0 141 0 41 37 27 75 0 98 70 121 76 42 0 48 121 0 109 1 42 18 117 93 48 9 45 189 246 78 135 24 36 44 16 99 71 80 94 144 70 36 52 151 48 24 38 89 96 72 19 35 67 92 56 52 96 96 28 97 64 24 33 0 2 58 58 55 115 142 42 178 110 72 92 100 15 132 157 102 92 66 64 32 74 86 48 81 51 112 69 70 18 36 5 92 67 12 119 91 34 157 72 48 80 114 112 51 78 202 0 114 40 104 68 49 73 60 64 85 61 87 0 45
17 16 35 21 12 108 104 34 105 157 68 94 72 120 157 166 102 77 139 85 61 26 66 84 56 88 214 65 0 132 0 29 18 63 14 88 144 14 40 87 119 35 63 77 6 18 123 93 85 91 30 14 20 109 126 81 116 56 115 106 3 8 135 90 31 36 114 70 0 21 40 47 97 131 9 97 169 122 68 47 73 60 0 161 0 50 85 36 54 164 131 75 7 27 18 129 32 61 107 128 120 43 79 159 37 136 65 48 81 57 60 14 14 66 82 20 8 69 11 0 164 69 31 57 12 98 72 46 31 39 187 152 41 65 41 5 20 85 34 83 60 33 82 54 26 89 61 51 108 33 108 35 69 67 21 25 24 133 45 19 27 290 39 81 7 40 45 92 40 126 93 94 54 118 32 286 10 147 7 44 79 13 0 43 88 30 95 49 89 16 95 48 85 64 66 70 81 14 20 152 55 142 159 119 115 8 216 99 31 40 115 42 61 130 24 18 18 79 34 40 55 6 12 108 65 63 41 0 44 50 174 93 48 139 60 0 101 0 12 53 71 121 88 89 52 59 156 45 94 45 98 59 88 9 28 74
6 36 24 72 165 123 132 10 42 124 87 17 132 141 49 203 55 30 84 47 124 54 140 154 26 4 67 91 112 144 36 0 57 121 22 9 131 0 0 148 15 83 56 104 95 59 132 42 117 218 27 49 192 112 66 63 66 53 190 72 97 16 84 83 95 5 85 64 0 112 62 123 89 44 51 56 132 0 0 109 98 57 65 118 130 91 24 182 85 63 21 84 14 51 131 155 57 25 62 7 0 162 69 30 159 7 4 128 82 16 103 26 54 0 21 87 54 21 56 10 107 45 137 0 58 116 100 94 35 222 0 14 23 0 44 30 41 66 51 128 82 150 0 8 123 140 161 40 120 72 63 72 87 40 38 6 7 71 81 76 28 72 56 81 0 14 186 36 102 135 102 162 42 35 55 0 40 91 0 11 95 35 30 14 20 114 22 57 90 27 0 46 0 88 90 0 63 25 0 171 98 182 49 0 80 15 145 63 12 114 103 0 109 112 80 135 93 0 18 86 32 84 6 79 54 20 0 0 62 30 95 163 99 89 55 51 71 0 68 6 18 24 0 42 18 66 63 28 35 62 10 35 117 14 52 55
46 21 36 0 57 64 95 0 8 104 132 43 8 44 12 82 32 35 32 0 97 10 55 20 22 14 0 0 0 12 0 0 14 89 50 53 100 42 0 66 98 54 24 58 0 95 139 58 72 9 60 0 56 45 87 163 56 60 130 48 0 35 106 72 36 5 0 44 87 72 12 17 63 0 9 170 20 36 56 20 50 66 138 36 0 52 53 25 63 79 0 12 0 15 58 48 0 41 86 0 14 55 48 74 30 86 18 11 0 4 48 28 81 2 48 92 40 29 12 141 25 0 16 25 90 45 62 24 49 54 0 16 93 30 35 30 3 42 0 7 33 54 56 6 125 50 96 6 29 53 46 53 30 54 1 40 48 29 0 42 64 41 48 63 34 0 24 18 97 67 45 41 38 21 75 45 37 99 9 40 50 96 56 70 120 111 64 36 0 0 77 117 0 37 25 112 77 12 27 107 0 56 30 132 15 144 116 8 49 36 0 124 86 80 8 76 35 32 18 8 30 0 36 147 26 156 0 0 0 44 32 0 64 108 35 0 12 12 8 41 24 24 44 110 10 0 114 76 14 0 16 32 0 35 45 69
126 16 104 10 130 14 91 46 133 45 110 75 30 15 48 21 106 78 8 43 8 128 54 0 24 113 195 95 42 0 48 143 12 8 68 30 124 148 0 48 57 0 72 84 32 78 99 61 96 159 90 87 126 98 31 19 13 90 106 0 42 104 66 86 19 45 20 36 26 37 68 74 23 86 56 8 20 6 28 10 320 45 84 75 58 92 79 33 128 91 81 316 110 46 20 13 34 140 8 0 32 31 50 0 147 116 86 104 66 16 63 94 89 25 115 74 60 82 36 59 69 9 60 1 192 18 188 124 56 79 21 60 25 0 52 163 89 129 35 79 52 23 54 98 70 230 29 151 50 0 121 24 68 184 85 132 51 82 66 52 90 80 84 158 130 130 54 130 16 109 15 138 150 32 106 79 21 46 36 98 115 64 6 59 50 65 86 137 13 8 59 23 48 42 63 102 133 119 42 48 18 77 50 181 169 2 76 14 20 36 20 159 100 53 34 104 111 58 16 81 108 72 71 0 41 63 20 116 0 163 106 20 62 181 178 123 40 135 117 131 24 104 152 118 185 104 100 109 62 67 92 12 6 62 52 105
87 56 61 79 158 105 94 31 42 11 167 36 65 0 61 17 18 133 35 7 0 32 19 63 6 60 50 119 84 87 28 28 16 52 72 77 18 130 0 70 61 55 56 9 16 104 217 38 101 31 30 3 7 133 30 17 7 57 81 14 1 145 110 85 81 48 54 62 21 7 61 117 19 99 118 8 20 63 139 34 121 61 103 0 44 44 52 10 73 15 39 157 42 14 92 48 18 16 0 34 50 64 48 5 53 32 54 63 54 12 35 0 8 68 118 17 34 8 119 38 162 7 84 85 21 26 90 20 14 0 28 39 54 37 26 56 72 87 0 49 10 20 126 57 17 42 42 0 64 36 0 44 0 27 0 21 36 10 13 45 8 111 70 26 0 15 132 106 0 88 27 44 37 12 65 7 96 59 82 40 27 10 44 43 45 59 85 192 1 82 22 61 58 87 21 186 146 52 79 19 16 0 88 105 96 60 48 15 111 60 16 104 54 14 40 9 38 26 49 133 11 56 23 66 54 31 91 99 72 56 77 52 63 64 51 35 27 112 48 3 39 72 100 40 137 31 46 38 72 78 0 22 80 104 24 62
69 48 0 56 37 58 18 14 6 39 0 49 38 21 9 48 85 4 20 45 30 23 52 49 41 15 28 18 16 63 0 77 0 55 0 70 27 10 65 0 17 76 10 29 0 165 36 18 58 50 18 34 0 10 71 19 74 21 92 38 32 36 29 94 50 35 10 0 54 65 0 32 12 0 112 115 26 40 18 12 69 63 0 112 14 100 25 0 38 63 70 21 98 51 0 26 15 38 74 13 3 69 48 14 32 58 11 0 36 74 62 36 91 132 38 42 48 88 122 81 45 9 2 49 8 87 14 0 58 20 18 0 143 3 88 25 1 0 30 12 0 111 19 0 9 14 33 4 65 0 60 55 5 0 0 57 19 8 12 40 42 46 18 56 0 35 55 47 34 0 125 0 0 72 67 34 34 10 154 80 32 104 0 58 111 94 0 15 16 0 79 90 60 123 23 64 27 7 0 63 10 60 32 28 23 50 71 11 14 78 92 9 21 29 35 21 56 0 0 35 63 35 25 52 63 35 10 73 36 12 115 0 77 35 55 106 0 58 63 0 49 63 15 120 15 76 97 18 85 72 32 8 2 117 35 96
30 68 8 16 0 0 71 94 37 12 28 74 0 128 22 82 171 191 170 106 19 1 121 59 80 16 169 72 9 86 112 90 2 72 105 8 40 56 98 16 102 108 103 88 96 0 24 130 0 0 11 80 110 172 71 1 99 54 43 92 42 24 0 0 36 12 6 18 0 45 0 73 100 32 50 102 177 153 83 126 61 0 16 34 0 153 48 45 63 113 51 79 52 38 18 0 76 43 48 79 9 35 51 168 52 94 103 38 76 94 10 74 49 0 89 114 16 58 5 0 94 89 78 32 5 79 64 87 12 31 62 41 24 28 69 121 37 80 69 64 44 33 20 25 35 24 72 55 108 75 89 163 161 138 139 78 52 91 0 36 57 10 58 72 12 52 53 88 16 68 30 76 13 63 68 147 17 0 8 98 91 43 0 13 76 0 47 7 135 99 10 54 3 190 143 74 16 81 42 76 25 18 69 0 43 137 70 122 57 29 101 0 11 144 3 2 46 160 46 32 20 9 98 56 56 30 138 63 29 51 23 64 48 41 128 4 36 82 76 101 72 70 136 134 26 44 0 192 12 168 120 49 67 117 15 118
20 49 84 187 163 0 40 22 42 56 107 119 50 146 90 27 109 32 122 84 11 0 61 81 128 144 135 68 24 112 0 49 88 16 104 95 3 43 72 63 127 63 0 43 3 9 64 114 37 105 42 12 99 6 48 18 116 56 60 69 20 56 0 0 83 6 28 185 0 8 35 63 144 61 0 0 149 10 84 134 80 13 45 106 20 215 9 104 106 117 0 160 141 6 45 179 41 52 99 117 79 0 0 165 182 72 56 73 24 66 63 72 131 23 0 0 54 24 18 6 6 0 96 24 49 177 25 36 36 9 159 12 10 70 104 66 64 107 29 169 39 246 119 20 83 18 6 36 18 118 119 31 143 16 28 149 97 108 114 8 63 21 34 55 9 27 99 42 70 194 126 222 43 0 10 27 0 98 46 52 102 30 55 5 21 60 0 116 91 30 0 99 63 0 14 54 57 0 21 29 149 7 0 64 186 32 63 243 0 61 129 44 87 99 105 178 42 22 24 30 35 9 102 33 0 6 95 9 71 98 92 117 18 160 2 56 100 45 27 170 0 126 66 90 48 72 58 63 36 24 153 45 111 93 0 156
72 26 59 54 63 155 134 141 86 158 106 72 12 88 36 126 75 88 7 158 78 29 37 63 102 123 87 30 50 12 203 79 85 66 0 99 69 24 81 95 43 26 63 36 18 12 147 181 18 99 70 43 105 106 0 0 12 138 82 57 90 77 91 123 19 28 61 49 12 0 22 108 124 54 42 164 4 21 56 126 127 22 88 61 23 147 109 89 131 108 77 146 8 96 32 77 62 92 87 71 7 43 18 42 115 156 22 96 0 56 56 74 59 80 120 40 48 30 60 28 56 5 68 56 13 40 73 117 19 73 41 12 72 48 81 141 48 71 65 199 3 48 30 70 20 9 97 25 92 16 83 22 31 93 72 62 38 77 52 6 61 33 116 127 71 89 84 30 74 154 111 142 74 21 52 87 89 85 15 57 34 37 51 194 165 94 28 139 79 66 21 83 25 100 83 91 174 48 0 186 86 186 111 81 101 43 116 88 90 49 167 35 8 32 0 112 128 39 54 36 158 27 42 63 75 10 88 192 85 54 43 48 164 170 152 109 48 134 68 108 24 112 283 88 132 175 160 56 68 24 50 0 46 48 58 108
42 0 54 106 61 93 35 32 48 134 39 54 89 74 101 69 44 10 60 60 30 0 40 2 24 6 132 39 99 33 110 55 0 81 4 39 0 49 0 0 104 83 16 59 0 7 159 207 76 211 5 0 0 10 24 30 41 0 109 72 36 79 66 54 78 40 0 90 55 75 67 0 0 50 28 90 35 132 63 8 51 19 45 57 4 108 36 11 35 118 9 6 87 16 30 116 3 55 34 54 60 38 41 95 50 28 63 9 64 78 36 21 33 116 0 0 56 0 7 63 54 24 65 69 42 95 115 16 14 16 40 0 71 11 21 81 77 26 10 153 0 15 31 48 146 25 42 46 46 12 132 70 0 64 3 49 30 73 58 86 103 54 141 0 36 9 17 0 79 32 113 6 0 45 5 122 49 45 16 0 94 0 84 44 9 0 59 50 6 5 0 0 9 41 40 112 104 85 76 117 58 80 87 49 91 125 155 79 48 30 26 16 39 43 0 111 133 44 95 85 44 0 70 79 8 37 72 22 0 19 58 35 6 172 121 42 75 20 0 22 40 89 97 80 22 30 74 101 20 26 29 64 127 8 21 80
82 0 36 28 18 60 0 28 9 85 5 39 18 42 62 84 21 0 56 78 45 0 18 0 0 64 49 55 51 37 72 58 24 0 0 11 0 32 0 7 54 58 48 21 0 84 121 134 77 13 32 54 36 73 0 0 63 22 108 38 50 0 68 111 12 27 68 23 19 4 28 18 8 6 36 108 114 0 56 27 128 22 6 36 30 43 0 0 46 89 121 32 42 28 32 106 24 50 70 12 0 75 38 42 88 0 24 35 5 6 54 64 56 0 119 6 0 26 22 27 139 21 29 0 63 19 28 52 0 7 10 0 7 0 24 63 15 35 9 0 24 18 27 20 2 47 63 0 0 0 36 12 4 48 26 0 60 21 5 4 0 0 23 72 9 67 24 31 68 65 0 42 63 0 0 42 3 0 4 12 54 24 3 24 20 16 44 14 4 46 0 14 0 35 84 4 106 78 15 130 34 63 33 31 0 62 126 106 0 10 58 42 48 72 16 0 86 7 9 51 40 0 38 103 14 2 27 0 0 96 30 42 15 79 8 9 0 5 12 49 44 36 28 138 67 24 178 60 8 45 21 14 0 17 18 23
171 73 31 6 51 175 64 51 176 39 108 263 16 96 55 253 180 0 101 53 0 72 14 121 91 172 98 69 103 32 113 49 58 14 27 54 99 100 103 62 152 174 29 40 121 82 88 214 103 102 28 45 47 117 7 0 38 92 87 172 49 139 24 126 18 77 35 16 0 73 8 145 119 103 72 122 104 121 10 93 0 20 49 32 173 76 48 137 96 92 77 96 50 3 86 13 17 139 114 112 103 81 68 90 32 84 53 75 87 0 42 69 47 26 119 19 102 0 0 100 109 76 90 61 104 127 82 45 134 103 104 74 83 0 73 33 33 97 141 124 123 18 185 103 110 123 59 21 30 33 33 112 136 107 77 33 168 8 63 89 126 29 4 128 97 8 41 48 5 85 30 69 96 120 158 53 144 66 49 103 143 86 78 14 162 0 37 52 68 81 32 50 30 62 248 29 45 81 81 124 70 64 144 178 149 89 151 158 23 0 61 112 100 89 101 95 39 0 56 48 83 49 18 54 172 102 154 60 22 52 95 27 33 9 112 105 35 134 41 22 134 247 187 132 69 70 79 141 52 181 183 107 56 45 88 173
72 27 74 45 22 54 29 0 0 78 94 204 82 78 145 71 72 0 94 84 66 34 73 91 22 55 86 106 141 36 72 24 110 63 30 52 107 0 165 80 85 73 12 75 63 161 111 111 76 52 36 27 63 204 0 24 109 123 141 106 197 153 85 12 139 48 53 108 102 30 119 18 0 72 79 49 39 48 33 195 20 43 62 55 71 36 18 120 102 81 124 50 32 132 58 58 33 52 6 18 42 40 185 94 124 104 103 56 57 80 0 24 159 57 27 72 81 73 49 59 24 24 146 24 45 63 51 108 99 170 84 0 0 24 109 91 48 167 8 150 62 113 83 93 276 70 67 18 20 62 162 35 61 40 98 69 14 18 125 101 72 0 53 136 73 40 71 71 40 38 175 94 44 12 49 128 103 31 63 52 43 70 50 50 188 18 44 82 46 35 0 106 0 126 269 59 101 54 35 277 248 137 60 20 92 104 0 24 34 66 101 161 57 172 10 56 113 0 4 152 65 28 29 24 34 75 36 144 14 55 23 4 106 150 74 79 9 99 21 91 19 96 48 124 45 126 23 130 33 93 29 55 28 99 84 163
66 26 45 63 64 139 66 86 97 41 88 25 51 79 80 35 61 122 27 191 29 0 13 2 15 145 88 83 84 41 42 133 56 115 90 38 0 53 23 54 64 116 32 21 10 12 22 145 66 79 39 0 47 192 2 41 10 66 32 189 64 91 27 56 4 90 5 90 78 42 7 72 105 124 151 40 23 141 110 41 53 69 82 76 61 125 30 86 15 56 81 51 117 97 49 19 33 30 52 105 24 80 83 76 51 121 44 45 59 36 36 0 75 55 44 0 126 24 20 141 128 17 42 138 24 48 42 81 41 42 117 0 99 62 30 87 94 90 66 170 47 8 161 22 80 12 22 54 77 5 67 74 30 133 112 42 20 102 0 52 20 23 74 156 24 131 23 36 90 135 111 39 69 108 24 94 68 75 18 42 90 14 171 163 119 63 123 140 82 62 63 64 75 61 18 126 48 67 16 87 39 89 0 90 87 130 137 44 133 8 135 106 15 89 42 176 113 30 60 94 52 3 13 187 134 58 104 138 122 98 55 55 17 47 73 54 36 59 36 55 106 93 150 24 24 46 15 39 63 7 70 54 119 13 31 147
56 2 33 60 79 162 95 25 101 7 61 110 0 27 68 98 99 153 113 49 55 0 30 5 138 20 9 107 10 90 166 55 0 0 56 52 58 61 49 28 8 206 24 51 18 0 24 144 52 12 119 6 86 46 0 0 5 54 108 51 45 84 0 17 48 94 53 8 6 28 33 88 24 44 54 81 128 16 0 226 44 0 6 0 14 40 80 14 99 66 10 103 32 127 5 40 77 109 25 106 42 36 33 50 63 8 22 130 38 0 0 126 67 0 65 7 48 36 32 80 0 0 61 9 58 0 82 36 1 32 12 84 45 94 197 103 32 67 0 40 40 48 72 49 93 51 10 116 73 32 61 36 21 35 70 32 68 0 72 48 20 4 0 94 7 40 9 24 32 4 174 151 32 16 18 72 54 0 0 124 79 32 69 52 198 51 42 40 79 36 17 72 64 119 113 36 0 68 0 131 56 70 97 76 56 26 10 14 88 14 0 15 32 29 9 101 70 34 21 5 62 37 14 31 24 33 49 160 81 151 44 59 21 152 62 98 48 98 99 161 8 25 145 82 151 75 42 78 10 52 110 103 18 133 73 125
28 79 63 48 54 0 20 45 0 16 88 3 9 53 20 0 114 16 95 81 9 8 9 47 2 13 35 71 51 51 103 12 43 54 104 27 81 30 56 97 186 53 65 104 35 61 54 64 23 37 67 59 112 139 33 36 83 220 65 70 47 98 64 70 57 12 46 25 180 61 78 48 37 10 63 64 54 27 164 16 63 54 19 39 20 24 43 42 47 69 53 97 0 51 14 115 37 133 63 32 71 51 12 158 126 79 16 93 22 36 17 121 34 32 21 100 36 0 58 44 81 30 69 88 32 132 53 24 106 38 63 20 84 101 44 63 53 72 52 12 36 94 139 78 80 0 33 36 6 47 32 60 16 12 16 63 54 40 21 74 52 69 14 24 28 24 38 28 102 106 16 223 116 27 8 66 78 9 12 21 88 109 43 63 129 0 0 56 20 73 0 18 62 286 75 64 108 80 40 102 76 27 32 162 38 132 139 40 112 55 33 39 45 35 52 38 21 0 23 32 60 18 26 64 88 89 38 40 122 92 26 10 42 104 36 20 12 110 99 63 7 50 105 101 143 72 81 116 56 24 8 41 0 29 0 85
11 91 21 174 165 81 40 36 43 37 12 78 44 30 4 5 121 0 68 45 5 0 76 26 6 42 157 68 4 32 85 90 22 47 10 69 56 51 0 0 96 95 16 55 40 46 20 16 10 48 46 45 0 26 118 38 110 57 65 90 77 5 4 45 79 71 8 98 50 39 69 25 101 42 78 27 82 136 74 0 88 9 44 131 20 54 58 75 0 43 40 95 79 15 15 60 2 103 52 63 9 180 32 15 67 62 15 28 66 6 12 93 0 53 18 77 53 4 71 0 74 3 21 93 35 146 18 35 105 21 30 35 119 0 25 57 92 50 16 117 0 56 67 0 55 6 64 24 40 0 90 12 40 75 22 46 0 42 64 47 143 37 54 48 0 39 79 27 0 56 80 29 69 107 57 48 140 2 71 65 61 71 47 73 91 67 52 64 30 10 54 79 75 72 6 40 95 26 0 0 53 24 82 49 117 59 85 49 42 79 8 76 9 24 28 13 6 103 10 43 15 25 21 55 121 1 35 92 29 0 103 19 63 30 60 62 61 9 43 41 47 78 42 8 0 72 28 0 65 20 8 7 0 73 0 37
64 96 0 95 70 0 61 12 47 32 54 0 36 63 0 12 75 18 201 33 82 0 49 21 36 0 25 137 45 0 35 0 0 77 75 63 37 132 48 56 84 94 32 84 14 120 63 48 121 51 112 49 68 35 35 76 5 219 135 141 72 0 93 21 9 48 0 32 30 27 24 15 21 0 77 20 51 80 3 18 72 53 38 62 24 7 77 64 12 40 15 118 45 0 68 72 32 102 21 0 0 88 52 101 36 60 47 0 25 16 24 113 20 21 0 0 111 12 5 65 54 20 63 60 93 0 48 100 4 254 16 81 72 24 67 24 64 40 82 92 24 21 3 27 49 58 56 64 86 35 133 53 52 40 56 9 0 130 0 0 140 161 30 16 25 43 7 0 45 93 94 0 0 0 80 75 57 4 47 87 92 10 126 53 16 0 63 103 0 0 0 57 16 0 21 0 130 12 68 6 40 60 103 0 0 56 61 56 45 6 16 123 0 0 67 122 16 0 0 42 0 36 33 74 8 63 10 8 30 16 72 20 49 42 45 48 58 0 56 43 100 60 0 0 0 75 57 45 36 7 36 0 32 93 0 55
60 13 0 0 4 48 42 26 0 27 66 72 0 102 24 0 51 82 0 74 30 26 91 86 0 7 49 31 134 21 0 14 36 64 15 42 107 72 63 58 36 76 48 9 36 22 114 16 74 42 30 33 0 95 42 23 37 22 72 50 34 7 4 2 0 0 9 60 0 53 27 9 0 16 68 66 105 30 56 47 26 0 70 8 130 9 16 63 16 48 23 4 83 77 100 42 0 113 34 2 0 0 56 32 15 121 63 119 92 8 19 56 114 38 41 0 42 69 0 120 21 20 34 36 49 48 8 42 16 114 0 40 76 42 24 37 15 0 30 32 24 110 80 44 0 38 16 12 8 0 39 81 0 16 70 12 30 30 0 78 90 54 0 0 0 98 0 1 30 54 36 0 64 59 0 65 48 31 14 15 48 76 34 1 8 97 42 8 114 36 75 6 40 67 69 114 24 54 24 61 3 81 88 90 63 7 64 45 30 0 0 29 72 0 2 48 0 71 0 93 20 72 24 120 26 42 0 0 2 101 52 6 63 56 32 8 56 14 39 0 3 65 9 14 9 60 36 0 0 25 60 64 63 14 56 39
35 24 0 108 69 63 134 88 120 68 51 21 80 6 24 22 172 72 85 120 0 21 15 133 24 30 135 59 42 44 63 1 3 102 30 18 51 50 51 53 34 125 35 18 45 14 94 126 9 58 48 5 67 45 13 52 24 55 5 76 95 49 0 0 99 30 18 35 24 103 51 134 48 0 122 54 42 88 58 5 120 27 0 110 24 42 56 33 68 18 36 80 94 7 0 18 77 55 77 0 145 23 32 83 56 36 98 49 60 24 45 80 0 91 76 45 0 24 0 121 0 44 88 76 101 36 120 0 40 68 21 28 18 4 54 20 106 52 68 54 31 80 26 157 48 144 55 22 18 58 157 55 15 37 16 99 28 82 12 39 24 20 0 0 36 5 0 51 45 41 35 4 88 49 54 45 93 45 24 20 105 97 143 20 0 0 0 32 82 116 0 45 108 71 18 108 16 45 3 20 44 54 137 149 75 76 119 1 14 16 42 21 40 5 38 51 108 59 51 117 96 14 116 105 4 18 102 0 0 31 77 29 16 0 94 73 132 60 0 66 44 214 127 58 114 0 72 115 1 16 5 41 36 44 0 130
16 36 156 87 58 135 22 55 38 49 25 102 34 114 42 0 119 0 90 18 88 0 27 58 20 79 5 1 40 16 24 120 19 35 83 102 48 50 24 53 211 47 16 124 65 25 87 180 113 70 119 0 35 0 32 48 81 63 228 60 39 158 83 126 50 41 62 29 128 5 32 27 99 95 172 4 57 70 98 117 137 45 100 5 4 72 16 38 24 99 96 37 40 48 0 149 0 23 102 9 18 0 45 38 70 0 40 26 146 128 5 148 88 78 0 0 90 8 91 90 98 0 70 84 54 0 117 30 135 162 55 12 58 0 85 32 6 83 18 102 54 113 96 50 57 96 16 38 5 21 72 0 2 158 0 62 81 48 37 8 45 209 72 87 132 64 0 27 98 3 172 20 26 30 161 45 51 125 126 111 0 5 87 74 50 96 72 20 62 16 49 180 0 26 120 64 135 32 10 100 0 8 33 206 0 76 116 22 79 72 99 120 92 133 121 106 103 120 24 42 49 76 77 0 123 16 78 60 4 68 75 12 129 8 162 63 23 126 0 45 120 36 68 86 8 36 2 95 0 0 30 43 0 56 90 108
24 42 0 68 44 92 48 157 54 2 113 170 63 114 12 84 97 81 117 36 0 35 0 0 37 99 117 46 67 144 128 49 137 0 84 56 9 34 45 72 49 18 130 81 21 30 97 56 57 70 16 43 209 26 9 34 205 90 65 66 90 45 48 68 128 0 33 108 54 60 46 28 72 61 35 0 32 35 12 75 180 81 59 53 35 54 44 53 139 120 14 20 32 81 82 156 0 21 35 45 7 59 20 151 274 21 80 42 8 112 10 50 12 54 93 75 164 62 8 66 6 24 134 48 59 75 81 12 79 33 94 24 76 0 110 133 102 149 143 24 26 143 49 119 121 24 89 32 117 40 93 108 71 121 185 36 36 112 16 68 56 37 72 0 0 7 20 128 10 120 68 68 161 39 60 17 0 90 44 36 134 101 41 74 54 0 95 89 72 114 44 111 16 62 177 86 70 32 14 15 103 108 12 92 41 166 159 59 63 30 79 92 80 77 95 75 0 36 42 95 153 38 85 65 131 62 95 168 0 168 99 32 102 0 84 175 8 156 115 0 0 66 234 46 141 0 135 46 25 29 81 54 0 32 21 116
182 17 79 164 63 147 60 42 8 18 197 35 52 53 92 80 51 0 20 30 0 0 64 0 15 22 209 3 63 20 116 117 63 63 39 87 82 32 81 62 146 126 88 20 0 25 36 111 149 182 20 27 128 35 17 12 3 86 61 138 84 80 12 63 42 0 14 80 45 12 13 0 28 122 24 54 81 110 3 81 4 31 73 55 108 98 60 146 79 64 27 118 0 43 16 55 51 108 48 118 4 27 141 63 119 129 20 3 8 52 87 74 66 32 36 18 54 88 9 0 50 3 84 37 72 146 69 102 127 100 54 30 66 0 111 36 48 67 27 108 43 165 70 61 54 28 58 20 37 81 12 36 134 94 7 37 170 38 16 32 168 24 79 0 0 27 123 8 20 214 81 102 57 138 45 115 26 93 43 0 8 7 51 28 25 54 50 0 35 87 26 0 0 54 0 80 18 36 14 27 17 0 103 92 141 95 0 202 24 99 23 66 72 122 49 105 70 15 24 27 61 3 0 90 87 65 84 21 68 41 74 122 21 28 0 48 9 67 48 26 72 103 156 97 18 74 67 19 10 31 43 28 38 32 27 101
67 64 100 40 111 67 126 17 5 19 121 160 42 30 28 7 48 90 80 4 8 51 23 37 0 114 57 72 38 36 9 24 0 64 142 57 90 49 61 20 26 94 63 122 33 81 97 108 58 29 84 12 113 0 46 48 18 10 14 58 0 42 36 15 100 91 0 75 15 13 42 0 180 30 83 78 47 31 12 81 98 24 26 126 0 46 10 0 36 12 8 213 6 10 8 23 0 146 75 36 66 99 0 18 13 16 151 103 14 10 49 87 94 34 145 27 160 66 35 45 89 0 4 99 44 78 52 0 14 26 130 26 60 0 114 164 49 60 24 3 0 89 63 39 97 49 33 44 95 49 63 52 88 64 72 62 133 10 51 13 210 15 32 4 0 7 40 17 12 72 8 44 127 70 45 81 16 49 12 4 18 74 3 28 76 32 113 36 66 11 52 96 7 58 18 98 6 42 49 19 28 2 59 283 208 64 16 214 48 8 58 83 28 171 93 49 12 108 36 11 45 32 138 98 69 16 87 209 8 5 21 83 51 74 33 1 87 103 102 120 103 167 144 58 54 32 26 81 11 152 162 78 6 19 6 53
110 3 21 54 24 42 47 37 26 58 113 3 32 14 37 79 76 0 97 48 77 28 13 82 58 71 42 97 37 86 30 41 7 35 24 33 84 52 155 1 96 87 0 9 39 185 69 33 63 70 72 15 112 79 45 16 0 131 52 96 82 27 14 18 45 56 24 19 0 0 43 32 18 35 84 16 11 18 38 78 121 27 41 53 16 41 10 49 24 59 53 145 63 49 33 62 13 82 0 9 45 24 70 7 64 102 15 55 74 18 30 0 32 26 0 47 33 14 45 10 66 0 89 53 21 26 16 51 74 61 59 9 29 8 74 105 20 62 40 59 20 63 97 54 18 78 6 135 0 60 37 0 24 23 48 55 26 87 39 35 52 39 43 44 69 112 0 116 16 55 86 23 17 59 60 43 42 8 21 47 136 16 86 18 60 24 18 89 12 12 19 24 42 97 150 37 126 119 63 52 8 96 36 87 4 6 133 21 6 26 39 69 26 3 0 31 66 49 51 48 130 28 48 70 102 51 0 25 3 35 56 27 11 113 171 0 15 84 37 30 52 50 34 40 67 93 39 78 67 145 6 56 7 62 18 64
0 128 0 63 89 0 58 68 0 52 78 105 44 18 21 69 0 48 12 9 0 33 18 0 0 78 64 0 24 104 48 0 36 0 100 81 27 77 0 0 27 30 72 92 81 54 26 15 3 64 18 58 64 9 0 12 16 15 3 83 36 21 10 33 36 68 0 72 72 56 54 72 68 43 65 108 24 3 63 16 17 0 60 111 57 73 18 0 0 6 21 3 0 59 24 48 68 62 21 72 3 75 6 40 92 53 0 75 8 18 21 2 18 58 0 23 0 12 50 21 59 0 65 22 0 0 49 0 30 26 117 52 26 0 148 111 12 104 59 27 0 40 6 15 30 21 29 12 81 0 23 31 0 18 33 0 45 56 0 76 118 33 30 75 32 31 85 104 67 16 32 18 3 48 97 87 30 0 24 56 230 101 35 72 91 4 0 45 66 42 78 0 63 36 80 35 49 0 0 0 39 0 18 42 108 46 49 23 14 18 76 48 0 78 0 6 27 74 0 50 14 0 0 51 90 15 39 70 36 100 12 24 8 59 38 58 12 58 111 57 0 27 75 71 128 0 45 61 39 24 142 0 8 57 0 3
100 12 0 14 72 76 95 63 3 40 105 27 42 89 0 2 73 42 0 63 79 18 52 153 97 6 118 32 44 28 8 17 92 0 48 45 29 156 0 138 127 49 27 5 12 60 143 35 85 99 75 0 84 131 104 40 53 138 87 73 58 63 123 20 95 71 0 28 21 39 96 33 12 43 120 39 15 55 120 130 56 35 47 35 76 84 100 153 66 48 101 71 83 48 88 35 61 89 58 8 29 14 0 30 83 74 15 27 24 42 40 16 44 147 145 24 114 56 12 44 82 73 12 72 6 56 63 96 113 47 0 12 0 0 34 44 56 48 61 99 135 16 48 97 78 103 66 94 7 54 18 95 100 104 56 9 9 24 39 65 45 1 27 23 6 6 107 110 108 75 0 100 21 33 75 84 70 35 11 3 50 78 21 27 51 28 0 84 56 64 12 27 46 13 42 109 14 54 104 106 0 27 72 60 72 6 58 54 46 56 71 0 54 24 18 63 5 0 106 58 25 40 20 60 54 35 18 1 32 19 18 71 135 124 121 3 0 33 34 48 36 46 137 36 90 86 33 39 36 66 35 85 30 54 0 38
0 18 22 42 62 78 18 33 132 18 136 197 0 24 97 77 135 45 193 45 42 0 0 10 32 56 151 54 78 0 21 84 32 0 105 117 11 58 83 62 90 72 146 21 15 48 26 132 83 12 0 0 0 90 14 19 18 122 95 59 30 32 37 75 0 5 94 64 91 0 22 19 50 18 62 0 105 74 112 99 25 45 41 42 91 14 76 0 24 0 108 0 44 9 102 18 0 67 135 97 0 44 128 22 12 203 12 14 16 35 0 11 0 48 280 80 65 81 25 20 93 18 137 0 99 70 64 54 42 84 147 87 66 20 71 152 45 72 135 0 45 112 64 24 85 40 0 44 64 30 45 44 36 167 69 10 114 37 18 54 113 59 84 0 107 74 63 96 71 0 114 31 27 32 47 157 25 41 93 77 6 0 24 34 117 18 21 92 159 93 85 0 12 30 15 68 0 50 87 8 22 15 120 18 83 48 87 180 10 77 136 72 5 42 0 20 70 39 24 89 45 27 40 72 145 10 27 40 60 35 68 80 49 60 139 55 0 16 107 54 188 111 166 206 79 44 99 12 70 66 121 21 72 34 24 21
150 68 0 110 25 91 8 18 0 0 19 18 74 86 8 42 109 52 85 24 27 60 0 72 0 21 59 99 54 25 62 91 0 25 15 40 5 61 0 86 63 51 67 14 54 72 84 83 18 56 9 21 59 0 41 6 14 21 74 82 26 164 12 45 0 18 49 108 103 36 20 15 149 128 3 6 22 54 23 114 36 0 109 40 42 74 50 35 0 199 76 69 27 0 161 26 19 118 83 12 95 54 9 74 27 48 42 54 47 82 12 171 128 53 9 0 36 85 49 42 48 63 40 40 110 99 38 2 90 139 0 32 34 37 41 9 56 80 31 95 83 39 186 54 8 24 67 48 0 6 86 54 54 0 54 73 43 20 21 74 0 35 33 12 0 0 0 79 14 12 0 89 18 65 40 0 42 20 0 37 120 22 40 0 71 81 28 70 46 60 77 0 0 50 100 72 96 107 60 31 9 0 51 88 0 7 152 145 55 85 76 121 97 0 26 123 0 48 66 85 6 35 15 81 181 27 77 30 27 53 59 57 75 63 54 80 94 32 7 0 0 3 41 35 12 42 42 0 20 0 80 57 63 48 0 89
151 18 43 18 0 0 3 80 15 18 0 0 52 41 206 54 8 2 90 108 73 36 57 187 30 33 165 102 33 6 24 102 3 57 14 2 67 89 24 16 27 41 0 9 51 166 76 65 63 8 32 21 40 63 17 25 20 72 85 18 36 0 8 81 12 145 0 20 2 10 48 0 88 0 0 8 134 0 17 151 100 0 0 15 95 55 0 137 81 99 76 45 72 0 24 24 45 165 0 54 23 37 79 40 111 9 10 23 96 0 81 72 86 9 0 52 0 86 0 42 77 75 23 52 54 54 35 35 64 139 29 54 18 16 117 8 59 24 54 0 36 5 156 18 21 20 83 22 91 22 29 113 0 57 20 48 48 34 3 72 36 0 0 16 0 42 30 0 0 45 72 228 36 91 129 28 6 0 2 9 148 0 27 0 92 7 46 1 90 36 42 22 24 44 127 92 0 159 63 94 0 171 21 10 0 22 135 117 32 69 43 54 72 27 9 38 105 0 124 15 150 98 22 4 76 27 36 8 24 40 135 68 43 64 94 32 40 44 76 97 21 36 77 68 8 0 32 27 0 0 52 59 63 4 9 47
152 27 0 132 139 150 109 5 16 32 250 48 53 90 88 91 57 10 57 91 39 5 6 91 15 6 10 54 52 36 42 0 42 112 36 17 93 133 130 6 24 63 0 80 30 171 74 42 119 144 68 76 0 27 12 0 53 0 51 40 64 120 0 0 51 25 33 32 30 52 16 52 32 60 83 92 54 12 128 185 12 125 71 45 63 54 0 0 67 135 29 32 87 34 99 28 9 128 28 0 0 0 54 55 117 30 113 69 27 18 25 16 55 72 94 10 135 111 21 88 49 8 99 40 143 104 79 72 72 75 59 12 44 22 31 195 50 3 103 40 68 119 36 24 157 67 17 52 94 31 73 80 15 0 8 73 28 86 180 114 92 48 46 42 15 30 6 103 98 111 111 72 109 8 0 56 50 65 40 48 108 18 21 10 123 43 122 4 23 57 0 117 58 135 10 61 35 124 43 49 82 20 75 56 92 44 63 16 55 20 42 85 45 15 64 124 19 6 18 8 0 0 28 159 34 91 18 58 47 18 81 6 121 106 38 21 24 87 30 129 48 203 19 59 16 72 81 28 21 97 19 62 54 65 34 37
30 67 63 83 129 10 0 4 63 126 44 63 0 0 81 129 0 48 48 39 0 7 58 0 22 105 31 4 49 39 97 33 0 18 24 107 83 108 72 56 54 137 69 41 56 0 10 103 44 42 45 76 6 86 35 138 152 120 21 85 110 77 56 88 139 7 88 14 54 97 55 140 4 0 0 39 149 21 59 104 44 0 64 4 64 116 42 0 168 56 21 43 137 24 36 56 6 56 0 44 63 86 95 111 0 125 120 51 99 28 3 34 66 69 12 140 24 0 30 61 6 18 101 56 49 153 126 134 56 68 9 0 0 80 59 0 0 92 0 199 4 90 96 106 168 40 84 0 0 14 147 24 40 130 0 9 0 40 72 77 118 4 134 129 72 64 32 8 53 9 10 190 77 61 64 164 0 8 24 48 6 137 54 8 28 33 14 98 0 63 46 0 0 81 86 104 43 58 0 49 72 15 44 18 93 48 24 40 67 176 80 100 174 58 119 42 2 4 33 56 22 12 60 3 36 2 7 8 96 0 16 0 1 147 10 0 0 107 18 115 56 134 10 48 39 120 9 73 0 14 87 60 64 51 23 62
14 63 28 108 68 99 145 89 42 91 32 32 107 87 0 0 93 54 40 78 42 0 69 106 54 106 24 123 35 0 0 62 12 16 37 35 28 48 0 113 196 216 121 42 0 105 123 125 154 73 52 12 41 10 12 76 35 48 22 81 15 10 86 67 57 60 50 6 70 21 62 134 10 69 0 0 96 77 66 121 18 55 12 0 135 36 52 91 76 84 63 70 156 77 160 60 34 63 48 120 0 127 60 5 205 98 41 31 49 0 49 32 115 103 138 0 119 144 30 94 81 43 87 106 6 129 0 183 0 48 45 0 72 0 86 16 0 55 47 193 15 32 118 15 78 96 18 167 48 0 105 44 40 65 24 0 119 48 74 104 172 87 30 72 25 93 56 30 91 124 51 56 83 84 96 67 28 46 58 56 110 0 90 9 10 23 113 35 7 78 46 15 0 30 64 21 0 38 185 14 54 0 106 33 185 96 78 219 88 42 123 12 40 54 145 98 108 30 148 56 61 64 136 78 79 104 84 0 73 0 70 72 62 157 215 6 0 87 108 65 56 120 51 54 0 105 64 0 35 16 100 121 52 30 8 121
66 36 61 17 91 61 54 81 99 44 112 165 0 48 19 141 8 116 19 214 23 77 3 0 21 178 0 108 77 68 72 51 109 133 64 48 185 106 52 36 64 155 0 31 64 81 36 141 183 130 94 72 18 182 30 13 37 61 132 213 0 86 0 33 86 95 56 50 2 0 105 47 122 188 144 0 54 10 89 92 49 27 41 10 92 81 37 48 30 255 172 92 35 26 34 40 67 26 74 34 12 50 0 119 39 30 96 93 49 72 0 109 42 9 114 0 40 154 42 67 150 24 60 86 4 74 71 96 0 8 85 0 96 0 27 53 30 45 126 152 84 0 0 12 164 88 21 99 64 56 34 40 133 219 83 56 42 68 45 148 18 45 263 88 12 155 27 15 0 95 69 0 147 54 86 115 31 74 53 30 91 17 135 55 47 6 4 99 93 54 11 14 134 149 12 109 16 80 5 12 31 31 72 41 4 117 8 82 141 37 68 216 116 42 47 52 92 142 0 45 101 0 45 27 48 24 6 18 35 48 27 130 48 99 112 47 24 9 15 21 58 89 88 0 60 110 62 14 45 24 0 17 9 10 40 8
46 89 0 23 8 107 72 52 54 52 18 126 79 73 101 26 237 168 182 67 66 6 27 36 63 57 164 262 29 27 21 27 39 24 27 69 64 18 39 77 43 141 127 19 20 35 78 90 92 52 22 73 40 69 75 20 20 89 117 43 34 54 68 0 74 78 47 25 18 39 1 62 54 25 52 0 56 139 43 16 211 0 0 77 84 28 114 72 99 96 27 91 87 0 6 31 63 98 18 143 31 12 88 77 150 237 15 27 49 48 146 187 55 64 102 36 24 108 0 148 45 10 96 59 46 80 130 79 12 117 74 0 36 24 123 91 73 57 74 24 112 83 18 66 65 46 14 25 8 34 141 100 56 76 102 25 105 36 18 0 68 67 36 0 54 54 0 19 37 178 72 83 88 111 86 126 62 105 6 47 13 9 127 27 19 21 7 76 68 0 14 20 85 43 120 66 32 56 88 0 48 74 107 117 105 8 173 170 17 71 26 110 101 21 24 52 74 25 64 158 56 0 134 108 73 42 63 144 6 148 81 69 12 40 82 56 30 6 126 22 0 13 221 114 75 56 62 81 2 40 30 28 0 6 24 100
81 63 0 61 40 148 18 0 56 26 5 62 11 42 128 88 132 6 154 58 0 12 8 175 19 48 0 0 110 0 102 30 0 45 0 84 91 124 16 81 0 145 72 2 48 74 0 43 18 47 63 73 185 132 144 81 16 119 108 88 73 61 28 6 16 63 79 2 59 0 38 32 239 34 63 71 132 89 0 194 171 8 57 20 0 161 46 41 18 125 24 188 0 75 35 23 40 50 15 54 6 36 10 0 12 148 41 115 8 48 0 0 35 8 70 64 195 0 88 60 70 58 38 56 27 74 27 87 16 117 32 51 135 0 118 3 30 156 92 81 59 76 9 96 2 0 36 129 56 27 94 23 42 0 1 18 47 81 0 28 52 54 52 64 0 0 16 30 0 48 18 68 120 37 30 49 63 142 0 57 0 8 117 12 152 97 4 103 57 66 93 98 104 218 81 17 162 77 108 34 45 12 24 168 45 146 89 76 166 41 71 144 164 31 43 5 10 48 83 30 12 10 25 78 15 36 31 35 59 53 75 32 114 110 20 81 63 52 69 126 66 22 81 18 15 71 24 13 20 64 88 35 0 90 0 82
73 84 105 25 0 8 82 28 47 175 119 69 32 34 46 119 53 108 127 205 120 39 90 4 30 53 87 151 59 9 0 105 101 28 134 140 124 9 70 3 110 48 48 100 35 42 22 86 140 0 105 97 91 25 40 6 8 137 124 88 14 8 26 96 118 48 22 34 48 7 41 0 32 63 127 24 123 24 68 24 109 28 63 97 35 50 102 60 166 140 53 108 91 133 40 114 48 130 122 68 49 116 153 132 119 22 103 7 44 40 66 208 83 28 92 48 0 0 29 0 111 0 119 0 67 65 104 7 79 160 106 2 52 79 92 92 43 68 32 106 10 14 36 51 77 16 62 35 61 76 173 141 60 71 50 10 184 45 18 97 128 101 162 3 14 177 48 124 12 117 30 15 105 64 49 36 10 77 0 72 64 66 100 88 63 0 42 58 137 81 129 69 0 171 56 2 79 69 0 44 97 14 162 63 142 54 84 135 57 40 40 152 72 133 68 38 91 219 0 84 80 6 108 129 9 2 51 15 0 126 6 50 59 33 12 0 48 7 81 6 103 155 151 30 122 42 51 113 168 61 161 35 40 45 64 73
9 104 14 72 27 96 46 63 18 12 93 41 0 0 12 93 120 18 93 55 48 66 0 0 0 86 8 95 35 3 20 66 11 0 69 74 12 105 54 126 6 51 10 40 29 33 33 51 36 54 18 33 6 90 108 12 60 56 151 102 12 0 24 9 35 30 0 0 12 0 40 23 0 3 146 22 18 8 82 69 46 0 36 50 6 9 50 6 81 118 42 61 160 1 17 84 2 120 30 24 18 81 54 121 62 18 0 36 105 31 42 32 12 36 22 5 0 129 4 46 30 37 54 0 0 119 138 6 0 45 7 0 63 43 79 43 30 29 69 24 7 33 16 52 0 0 18 56 24 42 89 21 18 102 33 54 12 89 39 3 15 27 99 8 6 24 56 6 14 101 82 37 22 81 134 9 57 42 0 144 21 16 54 13 66 0 24 25 7 18 62 72 8 216 54 33 32 27 18 36 44 28 129 0 27 77 27 48 18 37 18 84 18 12 30 26 9 40 93 61 56 6 47 0 1 0 33 12 0 114 118 27 51 9 39 103 0 18 12 17 0 106 101 8 21 46 8 27 54 25 24 0 18 81 21 74
17 53 92 12 245 182 187 10 98 56 70 64 50 0 27 69 36 165 43 146 18 16 6 87 70 93 174 173 7 99 79 70 69 72 143 27 18 178 121 71 45 138 73 114 16 65 121 52 102 14 85 0 7 218 25 9 83 2 18 16 26 32 107 44 130 3 72 11 32 12 65 45 63 64 131 22 0 65 106 9 56 130 79 6 63 28 0 4 9 109 0 67 12 70 24 120 99 87 30 10 92 45 103 7 80 0 78 140 68 24 0 93 90 142 229 0 72 79 86 124 165 11 8 85 34 1 97 73 75 121 84 170 80 46 36 46 222 49 63 124 0 16 70 13 100 37 0 5 216 42 5 12 150 110 39 56 159 81 7 18 22 173 64 48 0 106 82 170 69 107 60 21 108 152 75 95 38 18 33 81 177 1 137 146 116 80 172 130 92 102 30 0 117 51 16 79 53 159 5 56 45 60 232 85 73 29 60 26 57 53 73 55 0 54 0 102 2 80 92 86 7 81 63 10 125 28 135 184 59 2 146 40 120 60 40 26 124 16 114 84 91 169 293 22 36 37 32 43 102 18 19 66 96 47 34 141
0 63 33 57 66 22 47 28 30 66 92 52 23 108 112 38 34 6 0 91 73 0 48 96 38 0 84 134 27 0 42 130 85 30 81 69 52 97 36 18 97 203 68 71 4 18 60 51 0 89 30 0 12 0 0 108 12 114 118 91 28 18 27 28 0 15 0 25 0 18 16 52 90 36 54 52 12 115 65 145 76 10 20 0 40 96 30 0 27 73 41 7 90 16 192 36 29 83 75 36 0 21 82 72 98 149 57 38 2 30 24 50 22 8 24 64 10 93 31 27 4 28 45 0 85 63 81 93 90 39 0 36 6 0 13 87 4 48 35 38 20 21 72 53 108 45 36 15 57 34 128 41 102 67 92 80 112 56 111 20 52 54 90 12 30 46 68 6 165 128 125 26 12 90 129 34 30 40 31 77 24 59 58 96 36 0 123 16 6 129 42 0 0 36 8 32 32 66 0 13 104 45 54 118 56 96 41 110 203 78 81 73 48 45 5 43 10 104 0 89 50 16 0 15 12 16 72 54 119 9 50 4 73 32 72 37 31 64 39 85 28 84 4 65 15 0 10 90 6 132 18 51 91 0 37 61
46 54 33 63 27 80 47 36 0 38 54 111 62 20 12 0 45 66 29 127 8 8 48 6 32 177 38 56 44 66 30 27 32 12 30 28 2 30 0 0 24 85 16 47 0 24 42 137 111 68 3 0 48 39 25 60 117 0 27 3 0 35 0 12 78 0 42 87 3 14 0 52 8 90 12 16 35 50 36 26 122 76 31 38 17 59 20 24 39 6 94 48 0 2 20 124 4 60 111 38 34 29 59 18 33 66 40 66 3 88 25 42 18 68 28 18 6 37 4 12 94 0 31 56 44 125 18 0 35 0 134 18 55 24 0 18 66 30 0 36 8 15 51 36 59 19 16 18 0 21 16 53 56 18 4 81 64 36 9 45 12 20 33 24 34 32 18 24 8 24 96 25 58 91 77 12 48 43 24 16 63 15 14 8 6 0 16 123 2 41 56 54 36 0 70 138 40 30 6 72 28 54 20 14 36 113 8 40 0 18 44 100 0 76 63 23 36 62 0 36 4 12 15 45 105 35 12 6 15 10 13 51 29 30 18 12 0 0 34 82 120 0 156 49 12 24 81 0 22 12 24 16 0 4 0 95
0 0 0 0 42 0 10 0 36 3 33 0 15 68 18 27 81 0 123 24 40 0 11 36 60 16 94 0 0 27 0 25 0 4 0 72 0 151 0 72 6 45 16 61 0 18 136 0 45 12 6 0 0 18 0 57 15 72 24 54 0 58 81 0 0 0 27 38 12 3 45 0 0 15 29 0 27 57 117 56 70 72 0 13 8 63 0 14 0 54 81 51 0 0 10 77 79 81 0 1 9 8 0 0 63 76 15 22 30 19 45 7 0 8 75 63 45 54 0 6 90 85 72 33 15 7 26 35 22 121 0 66 70 27 0 0 6 48 36 19 48 0 0 0 0 25 4 1 42 0 12 62 48 0 23 21 0 119 73 0 0 88 46 0 0 45 50 0 45 56 0 14 12 21 35 54 28 0 0 15 21 0 97 0 0 9 2 0 0 78 0 0 39 0 0 0 161 13 0 4 57 0 26 51 105 72 0 133 94 9 2 9 18 0 0 89 8 67 0 77 0 0 18 28 16 0 83 0 0 14 33 0 27 13 74 4 42 96 16 53 66 24 2 40 81 0 0 0 0 71 16 56 28 34 0 9
112 51 94 78 106 37 98 72 44 72 117 42 52 10 79 130 240 0 0 112 75 0 70 42 42 30 78 9 21 64 59 63 40 0 0 63 87 54 41 54 6 32 0 19 0 79 108 18 0 74 0 0 112 0 0 36 45 27 103 52 12 35 64 99 153 0 12 69 3 0 111 72 50 22 32 116 30 0 44 107 136 90 24 18 35 102 93 28 27 112 85 95 0 81 0 115 14 149 42 3 3 0 87 24 78 117 7 42 30 0 124 1 48 13 24 73 30 74 3 11 23 36 44 0 3 121 75 115 85 65 32 30 73 0 78 88 0 33 23 6 56 18 58 60 75 115 29 48 13 0 32 28 130 72 0 54 112 99 61 66 170 36 101 12 129 78 0 70 77 8 51 51 37 40 54 125 64 56 36 13 100 102 0 35 19 0 63 67 8 85 40 0 24 80 61 0 80 57 0 96 81 122 48 27 132 90 64 77 16 51 0 127 68 0 82 69 24 97 72 70 25 0 0 94 69 0 78 141 40 0 69 0 52 118 74 59 30 104 134 49 56 57 33 145 108 21 147 116 18 30 21 55 18 0 0 98
54 98 107 39 44 0 102 83 13 65 140 87 48 187 49 21 149 9 33 111 58 70 19 14 24 83 48 32 8 57 0 50 62 11 66 67 72 45 0 15 202 97 0 6 9 86 16 14 58 7 157 37 84 40 75 45 82 78 60 16 20 20 25 4 123 44 53 57 14 16 25 125 134 0 60 45 1 54 149 61 89 63 64 69 50 33 57 9 45 70 43 0 142 33 112 56 56 77 211 29 35 65 101 69 124 66 71 165 0 29 30 0 72 36 122 77 91 32 85 149 51 7 32 0 18 103 17 73 22 47 71 2 85 90 0 49 77 40 121 63 27 40 87 27 47 0 11 43 0 8 107 56 31 35 98 106 12 87 75 99 39 124 97 22 36 9 62 152 64 87 9 66 40 19 21 33 4 19 22 51 62 35 8 101 95 72 136 72 87 0 35 150 150 61 0 92 32 17 38 4 68 54 40 217 90 197 39 41 117 3 3 38 0 80 81 44 9 7 48 43 34 0 0 140 8 75 8 33 96 42 40 19 7 33 26 0 0 44 130 46 32 79 65 40 40 28 117 0 22 3 51 76 11 79 24 79
67 24 5 28 69 71 25 0 3 27 81 5 15 0 1 89 161 19 17 41 15 34 0 25 18 12 0 0 20 92 50 39 3 7 51 12 25 41 0 15 42 0 40 100 27 9 40 15 10 88 0 3 31 7 46 0 33 35 55 27 15 81 107 66 32 57 20 4 117 0 60 39 15 63 33 70 0 74 9 5 105 25 4 0 35 74 30 0 0 107 31 45 0 5 107 73 25 49 28 9 0 32 32 0 70 25 30 51 124 87 25 38 9 54 35 42 12 19 142 5 59 35 37 0 0 36 0 45 67 75 0 6 91 0 111 22 0 4 0 27 0 55 18 25 0 45 39 52 0 0 103 45 21 51 45 48 24 0 55 80 25 73 18 0 25 42 0 87 12 15 36 14 10 30 149 0 29 3 35 6 55 63 6 8 91 138 1 18 5 0 0 45 23 52 70 25 34 50 63 27 0 45 1 25 21 97 59 4 42 117 63 20 12 29 58 35 0 12 94 32 9 68 0 19 54 0 35 112 14 96 43 0 20 37 45 115 18 49 22 0 58 0 101 18 86 35 124 48 28 70 50 0 15 107 0 46
36 48 26 51 152 102 6 28 16 16 0 99 29 0 15 98 75 55 106 19 45 16 24 33 74 30 92 35 12 0 0 8 32 9 104 88 64 144 8 58 0 107 15 98 108 110 18 2 82 58 41 0 14 23 79 34 56 130 139 166 90 120 83 0 136 72 8 79 69 44 80 0 25 101 25 109 21 84 100 154 9 0 58 60 42 102 108 90 0 127 20 66 0 9 0 98 93 91 13 66 63 0 35 122 78 30 93 18 0 38 63 116 40 54 2 112 9 97 30 3 86 0 157 16 9 0 133 3 59 54 8 24 10 34 72 93 50 87 104 28 24 16 0 17 58 48 30 108 8 42 83 82 191 70 53 73 0 24 93 140 12 11 52 18 0 120 72 45 86 7 18 101 12 83 165 7 105 28 0 36 104 12 44 0 100 0 0 76 143 3 3 0 42 7 78 24 99 0 4 45 65 65 0 0 70 82 97 69 72 24 10 71 12 0 94 143 0 53 36 36 76 14 8 28 14 0 0 33 3 84 136 53 37 278 24 55 108 7 60 149 30 43 53 15 40 56 8 14 39 16 125 48 67 111 32 47
144 60 5 69 79 113 71 135 109 106 61 48 20 5 71 33 141 117 21 115 19 14 53 68 47 71 45 144 45 21 103 75 10 131 104 103 64 67 0 48 38 138 45 104 90 93 89 93 57 126 99 125 54 14 36 38 15 10 88 80 0 35 18 7 55 5 35 107 98 45 25 70 59 36 103 80 17 100 93 149 141 12 64 87 48 83 147 65 107 132 85 135 96 149 24 15 0 210 98 56 0 96 40 80 35 110 16 42 0 108 68 9 51 49 86 97 97 15 70 9 97 51 29 84 35 9 35 178 58 35 66 89 152 27 15 84 38 80 168 63 58 40 80 8 35 79 108 93 87 42 20 108 24 83 43 6 63 88 82 118 92 0 114 75 31 37 76 56 75 55 78 14 141 0 81 52 62 65 18 192 161 166 87 26 120 6 25 76 272 113 55 109 167 66 45 90 68 77 0 42 36 63 59 144 183 116 59 38 16 20 166 0 6 54 9 179 21 130 72 12 48 15 44 35 22 28 15 115 14 90 20 127 72 43 116 42 42 21 64 176 120 4 165 94 128 73 16 119 20 0 43 71 6 94 16 24
0 0 63 4 61 37 48 0 4 36 72 109 60 5 48 155 0 10 0 0 20 37 30 28 0 21 101 7 35 63 0 0 63 63 50 14 45 0 0 0 40 0 24 26 0 0 97 37 5 18 35 18 21 14 64 0 0 84 41 42 18 18 28 36 0 72 7 12 12 40 0 0 7 10 4 74 30 0 14 123 15 7 38 42 12 16 0 12 67 90 0 44 0 0 32 46 0 10 35 0 5 35 0 50 0 145 0 21 14 26 73 109 52 53 21 69 18 2 51 56 12 7 5 15 16 126 98 0 0 62 0 24 12 28 60 16 49 30 63 6 11 0 54 18 30 85 12 27 41 42 51 36 12 18 0 108 20 56 63 0 131 59 48 42 54 0 55 14 16 0 122 63 4 0 60 77 67 42 0 5 79 0 56 28 24 42 0 46 12 0 84 0 7 46 18 24 36 65 0 112 73 70 56 58 97 6 141 19 0 20 14 54 8 25 19 0 0 59 69 14 52 19 2 90 0 16 12 36 20 0 20 89 4 64 0 42 108 6 80 44 28 35 186 27 25 96 36 60 5 0 49 32 42 0 1 66
0 88 184 0 0 56 99 92 54 81 0 33 51 72 51 64 110 144 21 188 113 111 67 36 0 0 36 75 18 0 108 54 56 123 82 32 147 0 0 105 40 110 21 69 24 64 72 0 162 63 43 42 0 65 77 72 79 160 162 3 64 0 104 117 60 60 0 24 95 0 75 36 60 10 63 64 60 24 41 8 97 36 28 30 77 134 37 90 24 117 165 45 0 87 143 48 30 147 48 109 0 54 36 157 101 112 9 112 48 0 53 68 15 32 109 6 0 78 5 82 64 15 10 6 128 0 23 171 32 104 18 47 48 54 27 45 48 18 92 117 32 74 25 89 42 55 72 108 72 0 164 63 0 69 84 96 26 24 42 96 104 0 36 99 0 76 49 116 32 61 91 35 54 23 0 113 25 72 71 111 270 45 64 16 18 63 63 72 196 86 54 51 37 87 18 38 108 111 54 136 121 138 69 30 193 39 96 31 64 35 63 0 72 86 0 0 45 45 36 20 0 69 25 100 60 40 12 24 74 79 48 72 150 97 32 35 0 24 151 36 101 64 24 182 9 19 87 72 224 0 0 0 98 52 8 44
42 37 48 15 0 6 89 6 16 24 106 12 20 37 88 24 21 84 43 71 60 28 154 12 72 64 110 72 126 78 56 102 0 35 102 81 68 39 45 120 115 30 8 32 0 23 0 68 0 32 3 15 56 74 93 22 58 150 32 0 40 45 81 2 54 43 40 35 32 89 2 0 18 96 40 50 87 28 40 52 2 123 75 17 5 16 35 24 55 17 73 12 62 0 59 87 43 26 0 75 36 20 79 174 86 77 8 52 62 0 25 28 31 6 27 67 8 23 65 73 117 0 59 0 79 219 82 18 83 94 43 57 117 53 114 27 4 67 86 60 11 167 74 36 143 4 75 28 0 90 46 72 72 72 48 20 34 51 132 36 97 35 62 7 0 81 69 83 78 51 126 144 5 62 72 77 41 56 17 0 146 126 24 0 31 61 27 78 4 44 114 30 14 107 46 72 78 102 0 75 121 6 190 46 59 69 4 71 120 89 0 35 63 57 17 9 56 0 0 136 112 9 0 26 0 63 34 51 111 24 47 4 4 4 4 12 13 147 32 44 219 69 59 39 19 144 6 22 26 16 40 81 14 121 142 191
122 144 8 201 207 105 55 243 49 6 61 38 49 89 168 132 316 96 214 110 8 18 67 25 76 152 12 6 35 60 62 23 76 108 34 65 53 82 79 160 64 30 73 9 0 76 4 129 57 87 0 122 209 126 24 80 85 135 124 36 54 84 68 105 77 72 10 117 81 0 83 109 211 100 103 86 252 107 79 213 12 68 48 3 28 239 96 131 44 182 98 43 108 185 4 101 129 177 15 63 75 98 69 69 173 38 15 28 104 33 25 88 189 0 21 39 139 87 113 71 11 34 181 0 25 0 16 109 118 81 115 85 84 47 89 116 67 124 40 229 62 84 49 17 81 0 39 98 130 75 93 0 53 51 71 79 21 229 85 67 99 78 30 97 23 49 51 115 26 163 137 226 45 18 12 194 60 105 54 158 27 18 197 158 147 132 14 155 21 80 85 35 66 159 106 44 51 48 65 139 43 60 7 111 112 109 41 222 35 36 115 172 64 131 0 169 18 66 94 132 98 46 0 36 95 4 84 314 28 24 30 126 106 172 53 31 159 243 185 127 0 125 63 159 15 40 0 123 81 151 170 40 130 39 7 119
38 28 4 40 0 56 81 31 36 107 2 32 104 4 4 0 63 16 23 152 4 0 0 47 54 122 52 119 66 89 25 0 64 52 89 13 6 8 0 14 49 119 0 17 41 36 0 30 44 82 37 18 32 55 15 14 53 49 13 0 0 35 28 0 68 50 0 41 18 29 8 65 56 45 79 27 57 88 37 14 14 24 0 35 0 45 21 2 7 38 24 28 90 22 0 70 0 0 0 22 48 30 23 28 65 38 75 93 0 46 84 28 99 84 33 15 0 12 91 7 0 6 27 46 0 32 63 16 21 63 0 9 31 40 115 15 18 20 18 0 6 44 0 61 0 126 6 12 77 0 12 15 0 0 0 0 0 28 0 21 96 0 99 18 18 26 32 144 12 54 12 93 24 32 39 99 111 25 8 25 63 63 57 96 12 28 0 72 77 33 99 45 27 126 64 40 69 84 63 12 57 22 175 109 0 65 173 54 126 57 57 83 12 82 25 0 147 71 72 99 63 2 82 132 48 89 88 83 78 4 40 86 0 108 49 35 82 51 108 0 81 79 98 32 52 56 4 18 70 0 54 0 0 103 72 161
17 16 40 25 30 118 16 40 56 2 87 36 72 203 28 6 36 47 119 88 0 28 52 16 51 152 42 12 104 0 78 196 30 80 38 25 0 12 0 117 85 0 29 134 0 94 136 152 117 14 0 12 0 152 36 0 0 126 6 0 114 143 116 57 30 98 193 30 6 30 6 40 103 32 27 0 117 0 0 44 112 8 117 0 0 124 52 32 34 61 64 50 0 64 62 12 5 30 136 21 0 54 0 25 25 43 75 45 0 0 78 144 28 32 98 77 93 6 40 46 149 7 26 18 0 36 48 31 154 186 98 72 36 0 23 47 14 145 76 153 81 98 20 2 45 0 64 40 65 42 0 117 9 58 39 30 22 61 0 4 70 125 16 64 0 103 36 25 0 12 70 30 0 0 57 45 56 91 0 24 8 43 108 35 103 57 56 85 41 48 49 21 80 11 30 87 218 23 0 37 0 0 0 31 77 65 54 157 31 65 26 103 109 68 0 140 163 12 15 35 66 7 18 24 11 8 9 44 52 39 92 122 21 36 8 9 72 53 3 57 0 51 119 18 5 57 95 48 0 17 48 0 4 56 0 32
0 85 54 101 9 75 76 18 24 24 28 61 15 105 101 33 88 18 64 115 1 0 0 34 0 72 17 57 124 36 63 6 0 54 21 18 49 99 36 105 58 91 0 62 76 0 114 0 138 24 3 27 72 85 42 18 64 66 8 44 52 0 31 83 30 24 64 6 118 27 105 64 6 0 133 32 29 101 169 79 14 54 64 68 97 53 16 112 21 1 90 4 18 76 117 105 21 182 0 127 9 36 80 69 8 102 41 24 35 42 21 26 34 0 72 50 0 27 27 63 121 18 58 110 129 162 32 62 75 54 8 50 72 64 17 115 16 24 42 72 7 102 96 16 61 36 0 60 16 27 59 67 26 124 6 71 32 74 63 36 111 117 8 56 54 44 19 126 45 101 99 130 82 66 118 72 57 0 33 73 264 125 57 52 0 8 126 41 68 78 5 99 110 54 31 43 57 69 48 53 65 41 86 0 96 27 16 22 71 112 140 8 8 48 15 125 36 27 45 163 27 7 0 144 16 63 42 33 42 24 56 0 0 38 62 81 26 63 9 45 122 84 76 26 126 54 100 59 24 68 36 52 23 48 0 103
48 0 0 98 0 32 16 105 15 26 32 49 12 96 41 88 127 0 126 0 3 0 21 23 30 18 90 29 15 49 25 34 98 28 6 86 32 4 75 6 15 38 31 0 12 36 26 88 40 0 9 32 30 15 87 15 28 56 62 6 104 63 63 90 28 28 9 24 0 49 21 57 31 4 0 8 90 31 69 26 57 0 16 27 78 23 150 45 48 48 8 12 21 27 44 24 25 84 0 155 63 27 60 0 133 70 0 12 84 18 54 89 39 0 27 38 18 60 15 36 1 7 69 0 88 29 30 31 85 72 3 14 27 40 38 81 25 22 42 1 39 42 32 75 21 8 48 46 18 14 78 16 14 14 79 20 32 66 0 4 56 81 0 8 20 56 78 82 14 16 34 147 9 81 70 99 0 150 0 17 4 45 60 90 81 12 0 27 44 18 14 18 6 106 75 84 72 0 0 19 72 39 41 24 151 17 36 125 72 28 30 22 104 0 0 2 28 23 0 36 90 22 0 24 33 5 16 83 63 24 70 24 21 30 36 0 31 107 129 4 15 67 109 54 82 30 21 12 12 37 0 16 21 0 0 36
0 67 60 42 48 109 49 0 111 66 99 63 101 14 2 50 54 10 89 60 159 36 10 67 0 94 60 45 220 54 72 26 8 47 113 28 33 77 105 43 75 128 49 32 30 131 88 28 81 8 95 0 2 186 24 88 42 54 242 79 28 187 39 78 66 56 64 2 104 0 34 54 81 108 204 0 0 105 93 59 64 0 70 70 42 145 135 44 75 116 0 41 0 43 0 64 40 18 127 0 18 75 86 76 31 36 132 46 156 14 20 9 86 24 83 20 129 126 48 54 141 3 52 56 108 3 84 0 84 103 41 123 48 53 0 103 91 94 65 123 0 69 105 0 26 18 34 25 0 18 104 18 52 136 0 66 44 33 36 0 18 124 126 216 108 58 50 18 24 94 54 18 60 65 90 9 56 78 8 146 69 68 36 88 67 18 58 69 86 156 6 88 55 45 23 52 108 51 0 43 0 42 66 234 18 111 103 16 128 18 75 175 0 96 55 74 113 22 117 45 14 0 0 51 89 2 65 120 40 118 62 64 87 85 64 56 42 94 0 61 27 34 82 27 44 0 21 99 36 90 48 42 85 78 16 43
37 184 46 100 120 0 37 74 30 65 160 84 35 90 69 54 111 44 40 159 77 116 23 63 0 89 83 86 60 56 54 37 59 24 18 107 17 81 36 57 37 60 0 0 63 55 82 74 71 70 86 6 112 150 73 0 55 0 130 117 27 40 6 54 83 69 110 4 68 0 37 124 101 49 60 119 34 18 73 127 201 35 44 42 37 64 158 48 0 122 69 9 0 58 72 82 1 42 85 85 26 4 57 243 83 74 136 149 27 16 0 27 2 0 70 8 64 54 37 30 138 26 19 6 0 109 32 16 22 84 86 112 60 82 15 24 74 112 56 56 18 40 174 76 40 29 0 75 8 18 69 67 22 89 37 156 52 78 42 55 45 45 122 21 26 20 24 105 10 147 150 38 43 16 120 46 101 72 30 115 145 22 44 67 54 48 49 174 177 26 35 120 141 130 98 174 4 26 18 85 121 117 39 106 101 114 60 0 36 80 3 126 48 8 67 0 65 9 75 90 74 0 0 25 55 0 46 69 56 137 40 41 42 41 32 88 33 51 0 79 35 36 27 16 20 18 81 24 4 0 0 10 6 45 18 103
80 45 113 67 57 72 21 155 42 128 48 27 100 114 82 78 78 48 160 54 63 29 31 85 60 155 0 71 122 15 36 81 46 64 106 32 39 119 32 24 125 107 28 214 157 35 184 83 66 139 119 6 71 148 110 87 30 132 98 266 155 85 111 194 54 76 177 49 97 89 44 112 127 184 3 27 18 76 79 92 123 58 93 24 0 215 71 48 185 42 115 72 27 174 18 6 63 115 21 72 88 21 27 45 114 135 125 69 62 40 65 131 68 82 81 135 117 0 0 66 158 81 36 118 65 71 235 12 126 54 217 0 85 0 115 113 50 56 69 103 44 93 96 159 186 165 164 82 41 117 122 115 92 266 58 74 0 10 54 0 90 97 56 97 121 6 70 85 68 70 78 42 65 123 120 94 91 68 70 0 18 96 97 55 50 24 18 174 47 92 54 18 50 100 64 72 40 6 101 33 9 0 27 172 156 60 140 72 94 161 30 138 70 145 172 231 53 0 58 0 91 15 47 75 77 42 69 55 53 0 77 111 74 138 119 0 14 161 0 137 80 213 171 49 132 0 18 51 3 24 164 91 134 92 3 166
0 16 64 37 99 76 56 145 0 44 122 0 18 54 0 0 8 27 28 63 80 96 10 49 48 51 21 0 84 21 16 0 0 57 128 0 12 151 78 24 67 47 0 42 40 110 67 35 69 0 80 15 81 78 26 59 0 0 119 94 5 130 33 82 54 59 8 68 35 20 76 117 161 56 54 38 6 0 100 4 72 12 101 32 25 85 63 0 44 56 0 0 108 0 45 0 0 26 45 12 0 115 55 60 10 0 94 110 71 0 18 0 128 0 42 12 49 72 88 36 0 24 28 41 56 36 78 12 96 70 55 69 6 51 10 74 80 82 14 0 27 26 37 15 60 15 30 44 3 4 85 45 24 162 8 78 76 133 5 42 90 78 108 108 77 8 10 115 59 114 36 20 60 104 78 64 55 54 0 114 133 32 44 20 56 44 72 18 36 24 54 89 53 90 28 0 68 96 42 25 10 103 32 84 54 40 108 19 36 48 24 158 0 116 4 65 32 60 43 18 68 21 20 37 9 36 60 156 10 120 97 68 24 32 35 0 91 73 169 21 24 0 32 0 5 28 0 4 36 0 0 0 24 74 32 88
84 36 9 103 294 59 147 20 98 6 14 166 63 14 0 60 156 16 18 38 47 58 147 67 94 85 70 155 71 0 28 30 35 28 24 169 63 66 49 156 24 39 6 100 12 167 85 12 32 55 131 46 0 100 106 27 60 89 236 182 24 101 32 0 7 74 3 24 3 72 66 58 59 48 150 112 87 21 67 112 7 18 30 55 85 111 30 95 21 24 29 72 81 0 8 0 76 112 16 27 4 42 10 111 22 225 67 5 80 14 0 44 81 10 8 44 117 91 153 9 140 56 144 28 114 24 117 163 22 62 0 44 76 0 9 110 82 16 93 150 36 39 116 33 93 13 32 108 15 81 115 115 66 0 51 21 50 7 183 188 52 69 121 97 9 54 9 121 76 233 36 103 0 42 77 56 195 24 37 3 158 120 18 137 174 92 4 63 151 28 0 55 9 35 42 7 82 119 0 84 150 167 28 70 116 35 98 86 7 45 161 87 39 54 54 98 20 11 49 125 13 32 0 101 99 12 20 73 138 16 26 50 40 81 124 56 72 42 24 175 123 45 40 23 60 12 0 9 107 71 20 14 79 147 89 44
0 48 25 45 0 46 58 64 27 132 29 113 92 121 0 33 5 36 40 96 44 20 0 5 54 23 36 57 5 6 131 54 98 81 101 10 7 71 0 48 125 151 74 40 25 66 9 84 57 74 20 0 14 99 12 43 73 135 0 80 42 136 0 74 94 60 106 10 53 3 31 123 72 50 13 35 35 3 155 161 6 0 48 25 33 47 71 18 40 45 54 18 43 26 69 31 10 57 48 64 1 54 0 93 131 93 72 123 5 69 25 54 147 18 154 0 3 27 77 66 2 2 117 62 15 49 64 131 84 254 1 69 86 136 126 0 36 105 51 176 57 63 76 51 0 72 17 18 121 0 66 83 32 126 14 0 32 33 13 0 106 9 47 0 0 24 18 96 26 57 36 165 35 38 54 247 71 61 39 97 44 48 49 150 160 87 79 114 121 37 96 15 2 81 35 0 54 36 121 54 40 68 51 75 39 51 214 46 135 110 164 20 36 90 50 106 45 135 153 58 42 0 66 54 48 79 12 103 147 25 28 134 3 162 72 70 18 98 162 27 0 81 154 8 72 83 11 18 55 0 94 16 40 4 12 24
36 0 26 28 145 81 86 41 75 67 76 155 10 33 0 106 137 74 60 104 12 17 0 0 0 0 160 36 66 0 105 96 48 0 122 65 108 91 0 7 90 92 14 47 62 60 14 100 106 48 51 86 11 74 0 61 58 0 178 110 14 24 58 65 84 113 14 36 145 18 58 44 34 48 98 0 100 86 0 117 28 121 0 42 36 0 20 36 93 132 57 78 0 56 10 44 0 32 24 47 73 50 126 0 0 126 69 105 81 6 47 63 89 72 64 96 137 0 29 64 82 0 24 74 63 171 37 60 22 87 69 63 16 36 22 0 34 0 24 134 4 44 90 0 89 125 34 48 68 0 110 92 36 50 46 35 7 16 60 20 131 30 86 62 103 32 0 72 24 57 80 2 102 103 15 25 107 0 55 15 76 40 54 137 10 0 12 36 97 32 79 42 15 121 41 2 54 127 0 26 38 21 81 177 185 40 156 20 98 46 0 72 90 110 107 100 12 82 0 0 31 0 0 16 196 16 116 32 25 56 64 42 25 45 42 35 122 38 76 14 68 112 125 49 42 76 37 40 63 36 48 30 53 0 0 65
6 18 18 41 35 63 30 0 92 19 123 0 16 39 6 32 35 36 84 0 0 36 39 0 9 18 112 28 17 0 16 0 6 28 48 63 28 42 90 21 72 0 0 24 42 66 63 4 91 20 0 34 0 93 98 0 12 97 0 54 0 123 97 66 0 21 52 22 42 0 4 0 72 0 36 0 13 14 1 87 21 93 27 50 0 90 103 68 18 63 30 61 0 0 26 41 0 72 45 75 64 36 72 2 0 96 79 42 59 56 0 36 24 98 149 0 169 55 92 22 84 0 12 0 45 51 40 110 9 36 96 62 102 4 6 0 67 72 9 21 1 76 0 20 28 35 68 9 18 36 7 27 0 63 17 50 0 36 18 18 142 178 36 0 0 9 19 72 18 102 61 51 63 66 74 49 0 177 49 48 3 18 38 33 67 99 24 57 81 0 89 132 0 54 36 0 84 12 0 9 6 0 108 205 110 0 63 190 35 63 139 66 35 0 0 0 6 21 0 45 75 52 7 0 14 36 45 162 12 30 15 27 40 3 6 0 81 82 55 12 48 157 153 88 14 86 52 0 54 125 21 42 84 0 0 0
0 8 54 48 82 100 147 58 30 54 49 58 12 67 42 0 18 0 109 18 91 54 30 84 93 55 109 64 179 90 48 20 0 32 0 0 88 81 88 16 29 59 0 6 32 81 9 94 152 69 54 21 12 138 0 27 16 42 209 65 0 108 44 44 42 45 146 135 67 0 118 108 58 125 9 42 120 32 64 86 63 30 33 52 72 8 0 58 130 49 38 63 18 157 6 6 15 93 24 66 0 12 95 27 74 155 79 141 117 60 0 18 155 49 93 135 180 0 119 59 109 4 90 0 108 71 35 62 0 116 12 0 0 0 112 143 2 65 92 0 0 68 0 69 61 140 20 80 0 10 8 44 108 87 112 79 54 85 27 103 42 0 144 184 126 24 38 52 72 57 0 28 24 24 0 42 0 41 62 80 96 0 16 46 63 13 0 167 89 12 36 75 45 108 122 12 172 119 0 151 0 72 89 109 14 31 111 52 72 0 147 93 82 70 28 0 157 50 22 6 68 74 0 92 0 55 146 70 54 8 149 74 93 147 103 27 48 92 0 0 124 18 18 0 7 48 74 12 99 117 26 92 62 147 80 177
24 88 44 18 112 63 24 14 7 103 0 96 26 0 18 80 180 48 0 131 35 0 0 4 0 56 141 46 28 3 99 98 16 15 0 36 3 27 0 11 66 12 16 30 20 0 63 6 28 90 48 48 18 0 0 47 84 24 87 0 0 121 69 134 119 55 14 44 31 0 125 61 75 33 148 88 126 36 56 35 127 0 0 113 0 84 3 3 0 66 66 36 36 118 3 98 4 82 49 15 7 57 47 56 12 44 32 0 67 16 78 0 9 24 12 56 122 0 21 0 0 0 12 0 32 63 48 69 26 90 10 12 0 0 36 0 0 123 0 74 0 50 21 74 32 0 21 24 24 6 126 3 18 8 72 63 63 93 44 71 0 0 16 28 16 20 39 4 38 0 56 0 30 48 0 22 59 12 55 85 20 28 64 35 9 0 46 63 0 14 21 0 28 61 0 24 97 25 22 112 119 115 36 18 55 63 131 20 39 14 88 44 24 0 61 0 64 13 0 0 63 0 24 35 119 0 52 0 25 9 61 20 68 101 44 71 0 0 12 0 18 22 36 46 4 32 112 136 88 0 2 0 0 26 14 7
40 100 0 39 18 68 216 51 72 42 154 47 13 58 28 66 75 45 55 0 0 44 31 54 0 81 107 0 14 38 73 0 48 0 12 42 0 97 87 117 63 40 65 0 0 5 102 18 54 52 144 2 50 87 10 65 87 68 48 18 20 49 42 0 12 8 63 75 4 51 10 93 66 12 58 45 6 18 113 33 101 27 108 32 73 80 5 15 55 0 84 34 8 18 74 84 30 22 119 0 0 44 92 90 38 68 40 36 0 76 56 36 41 30 140 40 120 9 47 89 19 15 53 68 10 64 60 87 9 132 54 42 50 35 24 0 0 26 88 119 2 36 34 18 0 23 25 88 40 21 93 28 25 63 24 18 0 65 36 53 58 53 131 0 0 2 57 110 0 27 8 50 0 5 40 0 23 35 18 12 59 28 46 31 163 138 72 82 92 45 110 147 2 57 0 118 0 18 35 0 70 28 151 24 34 132 0 0 0 42 70 81 0 18 0 65 0 50 10 73 25 0 0 93 36 81 12 0 77 5 16 24 42 0 52 110 48 41 27 0 83 81 185 0 16 50 0 0 69 55 8 62 106 38 0 36
134 80 35 71 81 77 76 41 63 116 151 88 156 176 82 130 123 52 141 92 5 0 89 44 3 18 40 106 158 104 0 107 44 113 74 68 51 82 107 106 159 145 7 44 14 146 84 184 20 75 11 92 78 52 35 58 102 62 3 48 4 126 5 90 115 124 113 70 6 112 57 108 84 35 72 44 122 121 179 47 129 3 120 127 43 18 49 68 52 97 67 48 44 35 50 125 68 35 140 84 63 76 71 44 207 0 63 128 90 5 77 111 53 68 57 49 206 92 48 111 133 16 81 21 139 245 55 64 163 109 83 48 84 101 58 90 93 169 132 126 116 118 91 98 99 78 96 144 48 67 22 56 31 20 60 93 60 199 90 49 130 167 18 34 45 94 133 135 36 76 32 88 42 6 0 58 92 55 32 85 45 50 31 10 136 10 79 128 64 49 64 146 149 211 105 0 252 0 149 103 123 48 202 111 165 229 24 183 31 25 78 15 57 16 63 77 82 11 16 58 97 94 56 74 4 65 64 53 84 48 107 0 118 94 102 3 6 147 132 35 36 24 72 22 0 136 84 106 27 213 133 105 41 63 39 75
26 0 0 68 89 23 83 90 0 40 52 48 93 32 47 98 45 10 150 10 0 94 0 0 20 0 157 6 92 15 90 39 64 54 3 117 72 63 35 107 66 73 34 92 20 35 96 71 196 130 8 16 20 20 102 72 112 25 88 109 104 20 25 66 108 56 80 104 77 69 30 0 0 105 45 0 68 46 90 73 0 13 24 14 72 30 72 44 35 80 4 24 12 8 78 231 108 56 25 70 0 0 49 54 119 101 0 0 35 26 3 72 35 127 0 103 93 110 0 69 109 32 244 113 0 128 82 17 72 47 68 24 8 24 45 0 177 148 50 73 58 104 108 50 24 39 65 107 56 40 24 113 0 95 121 82 0 102 21 52 80 9 114 72 45 18 0 0 41 117 131 115 14 76 8 42 0 72 16 18 121 79 54 60 0 46 11 92 31 94 0 48 0 54 72 28 187 74 32 66 78 40 21 126 100 96 253 65 40 85 116 0 0 136 35 133 10 18 117 52 0 41 0 0 76 15 119 0 24 33 18 159 24 0 35 74 109 55 0 62 28 44 303 45 46 102 67 30 0 6 20 76 36 36 0 67
84 63 73 76 24 133 146 27 6 119 64 126 124 86 74 211 170 63 106 95 60 83 63 24 107 95 73 17 114 111 17 85 145 21 146 60 201 107 98 193 60 116 105 39 49 40 94 71 88 14 137 9 72 134 112 27 69 173 191 60 104 220 84 74 154 32 70 35 15 3 64 151 48 70 88 58 73 69 21 105 204 96 44 98 84 37 8 80 205 161 78 112 2 6 34 128 98 210 133 93 30 166 0 22 54 75 7 49 72 25 85 21 78 0 25 69 40 62 42 27 64 36 165 24 97 26 34 86 211 68 39 0 56 7 6 68 122 55 39 132 70 79 15 28 0 24 45 101 55 21 174 108 194 113 9 43 74 147 148 75 81 57 112 169 24 37 19 108 55 75 66 71 79 19 67 43 29 35 66 0 68 48 52 175 10 50 13 183 128 35 77 87 0 81 12 48 146 18 39 61 112 84 38 132 14 111 210 37 30 24 135 0 16 119 42 77 66 91 19 62 40 14 10 238 81 7 44 42 83 8 158 52 57 139 58 109 26 113 102 87 48 110 85 126 117 81 74 61 86 102 114 71 50 56 68 21
63 12 89 85 52 110 51 27 48 10 107 97 6 92 21 24 65 83 27 0 17 14 61 59 70 115 76 19 15 99 0 30 42 0 157 102 24 38 0 31 157 56 0 132 30 47 105 9 114 40 80 48 60 36 30 14 86 69 101 108 79 69 50 47 0 13 35 91 12 9 46 27 28 78 86 0 45 121 223 98 72 7 12 35 90 119 24 99 0 13 49 21 70 155 42 93 0 121 0 111 4 106 60 6 154 97 0 27 18 121 51 0 53 25 91 79 122 0 24 39 31 52 159 74 4 106 48 76 214 23 9 67 24 0 93 181 0 120 31 53 35 112 48 74 31 45 0 49 14 36 60 99 30 125 65 0 32 87 25 82 104 138 0 42 61 8 108 45 68 81 104 9 4 73 54 95 48 55 17 64 32 30 108 30 99 6 105 81 6 8 21 0 6 2 26 117 62 0 54 44 72 36 58 14 196 39 121 42 85 0 35 72 16 57 30 87 65 60 0 11 9 2 0 29 107 28 40 30 77 91 23 36 44 49 35 45 27 85 39 6 31 16 112 0 45 18 49 72 0 75 30 32 10 36 9 127
66 69 54 87 102 31 120 54 54 87 164 49 8 50 68 0 88 22 32 127 14 24 0 0 106 92 37 52 0 64 36 68 82 72 0 147 0 44 0 22 104 116 15 11 0 17 0 60 59 93 85 6 48 105 23 58 213 108 125 164 101 40 0 0 68 21 30 24 12 0 0 66 79 0 35 103 1 17 4 8 158 0 34 26 21 49 0 35 146 0 12 76 31 2 58 88 22 53 246 0 22 52 40 0 84 93 0 51 12 145 24 18 73 50 66 72 50 36 16 90 12 30 40 16 25 92 0 74 36 26 61 8 0 0 55 63 36 106 86 122 58 104 50 72 4 3 68 6 64 0 61 0 22 12 0 96 8 54 20 91 34 114 100 124 43 22 0 4 77 129 30 62 60 25 16 15 40 51 36 3 32 99 30 134 24 0 8 117 52 0 0 0 80 36 72 191 43 26 0 89 12 225 40 116 102 177 69 0 26 36 103 64 28 88 98 114 84 16 28 30 118 21 64 27 36 0 46 5 0 36 65 0 38 24 134 42 40 55 6 86 0 18 110 64 12 42 178 8 58 36 0 16 32 33 0 119
64 60 3 41 81 113 56 119 0 40 80 144 88 62 52 36 213 24 63 173 59 35 30 81 76 99 9 86 0 36 0 143 0 81 12 64 88 0 0 57 7 57 52 9 0 105 73 188 118 60 42 54 0 39 19 0 36 25 21 53 36 35 0 0 98 20 87 18 9 0 12 89 11 5 46 28 106 22 51 76 236 0 12 92 39 16 41 98 96 24 72 116 80 0 0 12 1 146 239 38 28 85 56 43 255 20 18 24 67 73 6 57 64 81 63 21 28 0 18 62 163 4 138 3 0 82 117 90 53 8 28 0 14 4 27 6 24 13 63 47 2 92 23 30 27 8 28 22 60 7 56 107 0 8 0 61 66 42 90 42 30 0 32 24 7 72 12 0 62 115 0 87 18 34 24 43 35 67 0 4 15 64 20 0 0 9 0 84 0 45 43 0 24 85 58 24 10 70 28 105 0 64 0 69 88 97 103 136 7 24 55 50 56 44 105 81 174 16 0 30 53 25 77 63 0 0 71 64 16 117 42 69 84 45 120 27 28 49 0 15 0 51 138 56 149 42 118 72 39 0 67 40 0 0 36 59
0 99 32 96 8 71 137 74 0 25 70 21 8 25 0 12 54 4 53 138 18 0 0 42 90 40 107 1 0 4 94 58 56 18 51 55 0 66 16 122 12 19 25 26 72 0 16 0 41 28 24 10 38 83 0 27 10 110 54 39 32 36 132 0 62 35 0 12 78 66 14 30 50 8 31 113 21 38 0 6 32 5 97 140 9 16 32 54 81 0 0 121 54 0 42 57 33 63 120 75 36 2 4 94 24 8 16 24 34 105 3 16 108 90 0 118 35 0 0 18 76 0 0 6 64 57 123 101 130 115 45 109 0 0 60 0 0 0 110 182 23 0 6 25 103 8 98 22 12 0 57 0 63 117 0 0 90 57 21 15 19 42 0 78 9 72 36 0 158 102 0 44 0 106 144 86 45 0 75 0 109 108 75 132 54 22 65 99 62 49 6 18 101 0 26 22 63 63 12 56 10 101 20 72 67 21 36 64 20 109 184 9 45 30 25 128 36 16 35 0 28 27 76 8 26 27 47 54 56 0 92 0 50 28 21 38 28 60 0 58 38 75 112 52 0 54 27 70 117 66 10 4 0 48 0 44
98 24 21 98 68 8 90 71 0 124 104 9 46 79 2 157 363 52 0 52 4 0 193 84 25 57 37 78 60 153 55 58 8 128 14 74 122 60 168 124 9 189 0 2 31 84 0 73 0 21 78 36 91 20 138 74 33 62 34 57 159 14 0 0 179 63 92 32 3 8 28 91 71 54 150 32 68 58 190 59 166 30 32 12 59 63 144 47 96 87 13 108 93 137 0 9 81 103 28 51 0 18 199 102 125 59 132 130 212 54 21 63 27 0 77 74 21 148 23 43 0 18 168 72 0 36 80 129 84 112 52 0 136 63 31 57 34 31 26 118 105 107 77 96 116 7 63 120 0 55 42 0 46 22 28 36 45 75 84 101 155 57 61 16 20 32 108 90 9 150 43 88 94 110 0 8 29 4 15 18 21 80 2 0 59 54 50 24 70 173 44 117 96 136 12 0 56 0 24 20 99 60 74 28 41 93 28 0 112 2 54 136 68 0 28 88 97 100 72 6 42 28 0 86 6 38 0 127 93 84 51 8 56 76 20 0 8 62 81 93 56 8 46 113 93 56 43 69 43 20 117 48 62 18 0 55
30 72 105 64 162 0 61 30 128 141 64 205 59 56 90 48 0 30 113 87 0 50 54 0 10 85 40 0 121 33 99 48 153 12 109 46 221 121 86 135 151 36 16 6 122 0 83 207 127 100 102 16 24 80 66 169 48 123 82 231 0 129 3 5 108 8 58 131 76 25 89 56 32 79 30 4 32 0 5 30 28 0 69 40 63 56 138 45 147 10 53 62 82 32 0 71 0 99 87 14 44 46 0 70 112 110 72 14 32 54 5 185 37 8 88 6 64 91 24 33 25 65 170 72 80 0 84 66 36 54 108 72 64 6 10 14 190 118 0 271 114 10 82 33 161 21 61 46 56 35 84 84 88 144 25 45 18 63 78 162 15 8 97 126 56 93 0 0 0 109 65 0 165 0 0 137 40 117 49 55 0 35 158 92 54 43 69 79 28 35 24 42 32 61 98 33 110 25 28 24 159 69 0 64 200 6 87 2 66 67 109 0 54 76 80 119 97 0 32 116 107 40 0 18 52 7 0 3 40 69 71 15 93 113 108 36 25 10 23 64 71 168 42 42 82 54 21 123 83 36 38 35 64 50 112 42
39 89 133 48 42 30 70 30 55 9 164 18 12 112 72 23 114 63 101 75 45 24 53 93 64 72 132 82 89 172 110 107 50 0 73 27 8 45 64 34 120 188 28 91 0 26 105 223 0 112 48 18 72 110 81 54 12 38 30 40 16 212 24 41 0 84 18 42 0 6 10 126 179 104 58 38 93 0 0 18 57 8 63 72 0 133 120 20 72 136 0 150 54 71 59 43 24 69 101 44 24 0 34 91 85 78 99 86 63 36 24 14 78 47 129 0 0 0 12 15 65 0 12 54 99 7 113 40 82 117 59 92 130 117 26 81 23 149 35 67 51 36 16 91 6 43 0 85 22 27 40 42 100 46 7 75 80 101 20 34 30 128 113 40 24 41 0 22 31 12 20 142 0 129 0 51 15 54 71 81 26 5 9 89 78 24 59 125 8 145 38 18 57 193 26 64 25 99 99 19 42 24 88 172 66 125 0 65 114 35 149 180 0 32 78 42 0 24 60 25 61 73 60 15 55 9 100 106 140 99 172 0 75 82 8 91 38 154 139 89 0 94 140 124 89 8 51 96 102 68 90 56 70 20 6 10
48 0 53 53 125 64 151 11 38 20 176 0 90 47 18 177 128 0 93 7 0 54 13 163 20 16 187 5 133 246 36 64 41 32 35 35 4 71 35 178 150 156 49 16 0 2 114 12 0 73 80 9 119 130 75 72 92 93 31 10 14 215 98 54 5 0 89 122 59 136 177 21 54 144 95 88 67 87 160 71 78 40 80 87 63 71 30 33 52 72 6 89 0 105 139 90 4 52 44 98 27 93 10 32 40 48 30 0 156 32 0 44 0 64 171 5 162 19 149 72 78 0 85 120 120 68 73 78 72 92 38 63 24 69 56 135 0 97 0 76 26 187 18 104 45 62 27 58 0 8 52 150 28 28 157 50 15 114 42 27 99 167 124 147 22 191 72 109 54 72 8 113 17 81 132 93 6 24 14 64 122 64 14 35 71 197 66 27 26 22 45 231 60 67 100 38 73 87 69 79 57 64 188 93 78 72 138 72 90 106 99 98 43 0 12 58 84 55 38 71 71 37 1 182 109 77 78 140 54 38 138 24 56 22 42 227 18 166 146 25 119 54 52 86 95 126 98 9 61 46 0 21 85 47 56 137
75 0 18 0 48 72 81 15 56 8 65 90 0 84 19 3 90 164 0 94 0 12 12 0 3 52 132 0 37 33 152 149 1 0 42 0 0 51 35 106 116 98 0 42 12 75 61 227 144 30 105 73 93 72 8 2 41 2 62 0 24 66 47 57 4 65 91 109 0 14 12 18 6 27 108 89 110 0 49 42 21 51 120 43 0 0 18 0 47 86 121 111 2 42 40 13 36 18 139 28 34 38 10 77 0 31 10 36 42 32 18 122 76 0 35 80 63 61 32 81 87 0 59 30 28 51 41 37 48 94 0 21 74 21 34 0 18 93 26 190 72 2 128 2 42 0 0 64 8 7 48 20 55 41 0 25 57 0 92 12 45 30 135 66 0 48 0 0 0 8 78 14 48 99 77 28 72 0 42 35 11 15 0 114 96 79 88 160 32 46 12 63 0 97 47 0 135 67 0 32 0 90 84 83 43 85 63 40 16 0 171 55 48 58 20 225 45 6 28 0 53 0 30 56 106 87 45 94 7 0 147 71 81 0 18 0 35 28 22 54 48 48 177 0 0 66 54 21 27 45 10 61 0 0 12 6
66 30 68 20 14 4 48 53 54 20 56 85 2 24 71 0 18 16 24 88 45 0 0 0 64 18 86 0 40 28 92 0 92 0 0 52 0 0 0 7 47 70 0 3 0 18 0 79 49 6 0 14 54 16 15 12 16 104 28 6 18 36 42 14 143 15 20 18 0 0 44 18 49 14 0 36 70 0 59 0 72 0 28 5 0 1 0 40 94 0 18 72 9 13 27 48 8 83 105 12 0 29 14 0 115 92 32 39 0 72 0 4 0 44 51 57 12 0 0 34 12 6 67 42 89 42 84 90 187 51 32 56 76 0 18 57 85 83 21 87 56 16 12 63 101 48 7 0 0 0 104 0 128 12 0 30 113 92 57 46 24 0 65 0 44 48 2 0 56 60 0 6 119 124 63 85 68 12 48 0 37 0 0 56 3 0 64 34 0 60 0 0 8 21 0 0 14 76 0 48 44 54 18 35 8 26 16 0 21 88 52 36 16 49 14 0 28 3 0 0 48 24 0 24 55 28 47 0 64 36 82 0 114 92 0 58 0 0 42 0 71 75 127 16 0 56 115 28 38 9 12 14 32 0 0 77
114 18 20 84 15 150 3 10 63 40 3 125 8 27 116 66 150 135 69 95 27 0 29 58 16 63 45 36 77 24 90 129 9 63 85 20 0 10 49 54 5 28 121 70 0 63 89 27 88 0 32 0 69 150 52 55 2 29 16 101 50 102 42 97 107 0 61 0 72 3 68 32 179 96 165 56 24 0 52 119 76 5 24 126 84 97 74 72 188 160 18 57 114 33 68 44 68 0 86 72 4 41 48 24 111 6 84 58 45 56 0 104 86 84 108 54 114 73 66 63 150 0 25 0 16 27 8 66 86 12 129 0 103 15 68 67 104 70 85 218 0 78 116 31 61 0 108 42 16 26 56 0 10 138 101 18 45 54 30 28 38 38 74 142 0 15 33 27 64 129 42 48 15 48 29 44 14 61 56 32 23 93 6 87 47 51 72 118 121 54 12 162 66 129 26 42 104 36 30 48 52 60 50 12 0 108 126 89 91 83 222 111 8 61 32 96 28 34 68 0 35 21 198 39 47 77 12 177 90 31 69 80 42 36 51 14 8 54 50 101 27 108 166 51 24 75 0 73 32 63 28 51 4 92 96 58
27 4 37 2 0 64 226 10 2 78 26 34 60 18 49 75 30 100 100 4 18 18 46 72 24 0 0 80 40 39 56 36 5 56 0 0 58 64 48 32 57 18 110 0 43 34 56 24 79 98 44 33 13 0 0 0 8 0 8 4 48 0 56 42 24 0 0 26 63 56 44 39 24 36 10 41 66 7 64 54 28 0 10 0 64 4 0 37 89 18 48 17 14 12 65 34 8 54 35 0 0 42 15 0 52 7 54 108 0 0 73 68 30 82 108 2 37 0 49 8 0 0 101 64 2 0 49 28 32 77 34 0 12 2 86 34 28 0 5 150 27 83 0 20 0 59 0 30 120 0 54 10 0 32 84 18 41 4 0 0 48 81 93 10 81 46 143 54 0 3 5 51 18 0 24 7 35 18 0 90 19 4 12 0 4 6 0 58 42 4 12 0 40 2 24 17 8 99 81 8 56 112 96 0 65 72 4 44 0 81 41 62 36 0 26 83 10 26 54 8 14 6 108 113 100 0 45 115 40 30 0 0 116 58 71 35 64 36 64 6 0 6 40 26 10 72 18 0 72 26 32 0 8 32 0 0
39 72 0 134 101 76 89 57 54 10 118 73 30 18 55 8 54 127 48 123 66 54 58 152 48 18 22 28 68 31 0 2 6 81 56 116 123 30 48 95 105 51 48 27 0 107 75 25 44 75 95 34 107 160 169 0 56 16 115 132 9 224 48 102 60 66 130 9 70 0 21 258 20 56 43 66 94 0 63 104 64 0 66 93 182 57 150 88 31 24 84 52 83 93 27 43 0 61 170 0 6 201 56 18 81 25 74 30 118 122 56 12 28 164 128 46 14 11 84 28 113 28 110 86 81 192 16 12 0 16 5 117 168 45 128 10 54 90 4 66 16 60 80 90 8 110 0 15 83 82 88 157 60 93 0 14 0 10 12 32 28 77 62 32 96 37 46 127 12 108 0 72 0 139 149 66 87 54 33 96 31 50 44 80 111 63 42 13 0 11 24 162 24 105 18 39 44 49 9 85 8 7 122 128 24 66 107 43 6 87 104 54 0 97 24 86 0 0 61 53 23 97 33 154 56 33 18 78 28 30 116 44 82 56 102 127 161 74 6 123 0 130 62 14 123 78 18 100 84 40 60 72 0 28 18 95
8 21 32 40 27 91 103 0 7 145 4 48 80 17 80 110 69 16 41 16 35 44 92 10 72 60 6 34 30 9 16 6 10 0 16 28 36 81 83 77 10 19 60 23 45 45 70 61 28 83 38 0 8 30 15 0 0 57 91 55 0 14 68 63 27 38 24 12 0 51 62 42 14 50 44 56 54 52 40 0 47 27 18 69 0 73 7 0 57 63 0 24 30 36 11 103 42 51 38 79 10 37 27 22 27 20 41 86 15 25 84 5 74 3 45 12 58 40 42 3 0 23 24 24 107 21 45 63 28 56 55 4 28 0 9 61 0 66 2 100 18 4 5 0 4 60 36 105 90 21 105 14 50 0 0 38 85 78 0 62 35 63 16 78 0 0 104 32 33 55 4 0 41 70 0 28 30 6 0 45 93 15 0 10 13 21 31 28 6 30 24 30 0 103 64 30 86 6 81 69 90 63 12 52 75 69 137 40 23 0 123 1 0 20 22 14 34 11 24 4 12 16 32 141 0 17 170 70 66 0 89 0 62 113 82 0 18 0 30 6 61 80 0 64 20 69 102 68 43 60 100 32 15 121 51 79
58 0 75 131 99 0 77 67 27 82 90 66 7 6 92 111 78 87 62 58 64 9 81 144 45 32 10 63 32 78 118 43 21 134 10 102 91 36 0 91 20 148 176 13 63 159 0 114 165 47 56 30 73 36 116 107 70 52 28 116 64 48 12 0 52 56 36 46 64 42 119 197 72 36 16 93 58 142 115 45 100 42 20 30 51 65 66 52 40 0 108 66 144 54 83 38 89 80 24 38 54 36 140 73 108 99 55 123 136 69 32 15 75 0 173 95 15 60 117 7 87 101 76 82 172 2 6 81 24 158 35 0 201 36 56 43 34 44 73 174 141 79 28 56 133 47 30 52 26 39 201 140 80 93 30 9 42 119 35 131 45 8 16 75 39 48 81 83 0 97 8 100 131 85 51 39 36 88 0 59 83 45 27 16 82 139 65 44 45 141 68 16 150 235 16 109 80 72 103 63 90 33 40 27 88 99 193 10 16 69 60 148 141 89 51 0 65 70 69 12 58 11 54 82 56 0 47 41 30 129 68 0 66 119 24 95 10 16 78 6 10 12 81 64 30 137 42 67 76 70 180 0 0 133 70 72
8 36 188 12 152 64 48 42 0 168 28 113 27 60 119 29 117 129 156 171 12 20 43 10 8 0 103 45 169 50 152 84 72 185 181 49 119 86 106 44 74 12 42 157 134 94 173 121 63 90 64 0 139 54 51 68 36 47 79 81 59 100 71 83 150 107 36 20 36 120 104 18 27 124 42 37 120 170 88 81 121 0 115 54 88 111 163 5 47 165 132 9 6 71 96 62 48 109 72 84 13 105 101 88 68 65 139 47 50 104 81 141 47 39 22 151 48 122 121 85 30 3 18 0 81 34 170 54 99 110 24 134 80 27 139 43 174 171 99 164 14 56 82 54 129 20 33 37 249 2 205 90 81 89 38 57 95 65 64 190 39 101 142 152 28 206 31 128 34 99 149 144 96 137 72 239 67 110 4 135 135 10 85 41 85 44 73 96 98 24 49 0 78 86 117 73 34 137 0 47 74 82 107 12 66 84 63 41 170 47 88 68 31 49 9 60 146 116 67 120 87 118 35 8 82 107 15 68 13 33 122 151 72 163 0 1 102 51 124 84 87 0 52 55 106 89 4 118 135 39 125 75 165 116 191 124
31 24 112 56 247 72 6 48 42 0 127 129 45 57 5 102 72 49 53 12 16 66 0 35 48 60 36 35 143 12 0 74 36 62 24 142 64 116 48 15 105 111 48 21 36 6 151 100 85 5 88 84 40 99 105 18 0 107 87 241 18 51 47 66 109 116 10 70 18 12 20 54 49 6 162 42 52 28 52 140 30 0 92 20 110 104 27 36 76 99 30 18 116 154 90 52 21 120 99 18 27 33 0 105 45 216 27 21 42 8 35 56 81 15 96 28 66 90 18 30 93 43 107 46 56 42 10 52 77 12 0 59 100 0 14 36 106 110 8 30 47 20 163 91 21 32 0 73 40 15 15 0 72 64 32 69 21 120 115 72 60 184 54 138 44 13 48 81 20 120 117 0 54 21 27 62 94 42 9 104 65 0 102 157 78 59 69 100 12 10 56 9 25 220 18 102 67 63 31 112 60 114 42 149 42 24 55 72 72 24 20 12 60 21 36 16 16 73 33 9 0 0 0 30 21 40 14 57 30 83 36 117 91 0 8 42 42 6 78 171 36 46 54 10 0 96 70 73 8 10 79 64 32 71 24 36
52 87 0 15 75 41 8 64 81 49 70 77 14 160 48 0 187 0 77 108 47 88 30 61 36 20 79 72 15 0 0 71 7 54 37 20 26 97 54 68 94 53 0 76 0 85 32 45 82 12 26 0 120 86 48 32 68 92 65 143 90 48 0 9 87 28 136 3 46 3 50 97 9 14 110 5 32 0 25 99 162 0 66 0 0 12 17 0 141 117 63 90 0 69 60 56 14 13 104 16 12 20 108 72 155 8 7 42 63 0 0 54 93 21 32 75 59 126 1 81 35 44 59 0 29 100 9 65 99 58 4 0 0 3 35 187 73 182 82 183 74 82 1 68 47 50 59 139 0 19 161 80 18 120 48 146 46 145 94 72 7 7 48 0 0 0 8 0 0 105 134 64 129 6 71 0 54 46 20 41 70 8 96 7 130 5 40 24 75 15 19 115 32 144 69 4 108 72 16 59 48 104 0 15 100 116 26 10 35 8 50 39 50 0 135 127 56 29 75 79 81 0 17 0 65 72 0 0 20 150 12 39 55 77 76 156 6 116 9 16 0 56 16 21 7 64 120 72 0 125 6 23 48 60 20 84
69 18 40 72 156 32 66 85 16 0 54 99 6 91 147 68 93 56 23 8 0 30 45 109 64 6 8 60 0 72 72 8 120 36 84 29 104 64 32 30 16 0 32 85 24 93 24 7 78 28 60 36 8 32 8 18 60 52 44 0 63 135 50 18 56 40 117 0 12 0 58 12 26 147 44 25 6 0 37 114 151 0 63 74 114 24 125 24 114 144 8 157 128 54 0 4 12 1 28 88 0 40 18 6 142 117 35 65 18 74 0 152 2 24 45 167 84 58 28 48 18 6 26 42 0 8 171 48 54 18 8 37 68 0 12 184 16 205 9 56 44 61 16 34 135 70 44 108 56 0 74 0 84 54 32 0 48 46 56 184 60 62 60 0 54 88 51 0 6 58 77 0 100 18 16 127 9 112 88 59 52 30 70 0 86 24 76 46 16 81 36 9 109 0 8 36 66 40 81 0 80 0 0 108 94 51 41 16 122 40 68 114 44 40 0 64 70 70 0 56 126 141 90 0 0 9 36 84 24 51 101 0 64 100 49 0 16 96 56 33 0 56 5 8 92 80 36 44 78 111 110 0 85 28 64 0
50 62 0 0 52 83 104 0 15 16 16 23 81 24 16 0 0 0 131 12 74 72 32 90 40 4 0 67 71 16 35 72 16 68 36 0 14 61 78 141 129 83 0 169 14 139 42 50 41 64 24 2 20 29 2 42 48 24 54 77 142 0 90 36 0 72 36 5 45 54 81 52 0 18 166 24 24 0 48 4 16 37 24 38 7 32 61 6 43 38 21 14 69 37 15 72 0 0 8 62 0 6 20 42 67 8 0 21 35 18 21 104 106 30 78 63 36 60 0 70 120 18 93 58 10 56 0 0 86 115 0 32 41 36 62 18 71 48 20 66 0 157 52 9 26 56 16 20 88 0 48 156 16 64 117 0 14 104 20 58 35 23 8 16 35 30 58 43 48 3 0 95 16 23 92 0 8 4 57 81 0 54 0 29 29 4 0 38 8 12 56 39 16 74 21 82 8 0 0 99 16 9 68 3 0 62 16 94 0 36 36 52 0 14 70 66 40 0 0 53 26 115 24 16 58 8 0 30 64 0 99 0 78 0 89 35 0 44 64 0 84 72 81 0 16 96 40 0 0 61 40 10 0 10 20 12
106 128 74 104 85 35 90 42 8 59 137 10 133 101 113 38 292 83 173 194 5 16 6 41 0 84 58 125 72 36 30 129 63 106 89 49 119 91 85 0 139 35 0 55 54 54 238 191 5 124 149 114 19 118 37 47 87 140 25 120 52 190 39 0 32 35 48 65 139 86 11 48 26 91 61 78 54 164 150 56 132 96 91 147 23 54 45 17 39 122 121 174 226 93 28 55 4 95 112 74 34 63 33 240 128 37 97 9 201 98 121 72 20 164 104 46 138 57 201 178 165 0 115 61 62 50 197 36 79 47 114 32 150 109 25 70 98 142 54 166 0 141 171 69 12 42 60 51 15 38 144 86 78 5 26 117 97 68 49 31 121 107 90 69 0 77 82 65 48 140 145 54 19 118 64 39 88 137 24 175 69 63 24 0 98 159 88 141 24 4 106 106 146 131 169 119 93 76 22 72 37 90 187 111 62 96 129 30 180 201 59 87 36 20 51 80 248 1 102 48 155 56 35 76 63 87 159 114 68 34 84 41 70 41 180 34 13 115 80 55 141 117 142 160 70 66 96 202 70 36 64 14 140 235 51 147
12 36 52 17 65 118 49 47 32 54 34 5 121 22 98 82 17 123 93 55 50 0 41 49 78 44 23 52 54 66 0 109 1 93 24 0 24 36 34 63 81 10 56 92 5 112 155 11 47 54 69 0 59 198 8 57 22 75 36 14 16 37 32 32 47 67 18 5 138 42 50 78 33 19 118 24 65 57 28 20 19 0 47 14 38 21 18 55 141 84 74 42 116 62 12 61 34 68 100 74 26 0 33 35 96 11 34 66 31 0 67 16 139 6 3 0 78 0 82 48 92 20 88 8 45 0 101 32 64 3 15 14 33 28 1 31 24 46 10 77 15 20 74 51 110 0 32 60 72 13 0 92 6 42 8 30 30 133 10 27 0 88 85 6 15 38 74 119 36 25 0 97 15 46 60 42 83 27 0 0 42 63 5 18 48 8 21 134 0 10 40 18 118 142 54 48 105 99 0 140 48 53 33 51 96 30 0 9 6 45 109 107 83 52 16 43 68 24 2 92 8 4 106 0 60 0 16 54 16 78 151 25 60 53 73 20 41 0 45 28 19 7 81 15 25 0 20 90 61 15 62 26 0 160 8 109
116 46 97 94 98 61 35 46 64 92 121 120 179 86 48 39 66 34 152 97 30 72 36 0 0 68 121 153 100 30 64 123 126 116 81 88 60 192 169 106 96 76 31 84 0 188 102 135 196 50 38 36 12 80 9 12 34 126 66 52 31 52 90 0 78 145 20 76 0 9 75 74 10 62 179 0 57 0 115 6 165 134 171 98 42 36 28 0 59 55 0 134 30 43 81 140 77 39 77 59 9 15 105 0 324 12 20 73 46 12 35 56 117 121 106 77 223 286 0 79 63 2 208 24 105 28 0 99 117 143 172 138 84 19 6 93 169 97 77 108 142 78 0 27 27 144 19 153 107 0 54 40 42 119 48 104 52 107 34 42 59 125 62 80 42 92 0 40 2 91 80 98 93 18 0 95 35 72 77 92 126 75 115 54 75 0 48 150 63 52 73 63 100 53 46 105 358 54 76 19 64 10 64 0 42 141 50 138 60 62 122 75 94 9 4 148 187 91 65 38 36 105 107 54 27 8 14 70 9 27 83 10 88 168 139 54 75 10 155 60 89 138 141 171 63 48 60 52 104 96 18 86 114 53 0 49
30 80 20 10 45 135 19 85 53 0 98 169 26 75 57 162 131 60 132 104 71 97 25 0 108 68 17 99 21 0 40 46 64 102 54 109 99 31 9 147 6 42 48 129 72 45 54 45 117 34 36 72 15 99 54 18 85 72 179 24 36 35 84 130 4 27 82 84 71 25 51 36 160 81 113 47 135 30 140 243 60 63 7 8 74 29 9 46 44 130 67 15 118 49 106 51 41 53 73 74 1 9 24 9 36 60 0 71 54 112 21 6 86 77 54 0 98 28 37 148 36 14 64 90 13 147 57 63 86 208 132 45 58 84 107 68 22 54 65 36 26 123 126 65 39 22 47 50 48 72 106 286 42 112 137 27 50 144 115 20 83 97 162 24 62 39 42 42 16 100 42 108 63 0 78 191 79 67 12 66 46 72 156 36 50 24 0 45 88 16 78 66 22 97 137 14 102 56 51 102 142 42 27 99 54 38 189 172 126 167 139 108 153 81 27 77 0 63 81 181 6 24 84 51 57 8 117 135 12 89 18 87 92 16 38 128 40 69 142 103 56 42 210 58 13 78 95 0 95 12 83 63 42 70 0 18
6 28 105 19 109 64 96 32 7 88 151 100 29 34 45 85 192 12 70 36 35 28 19 14 0 26 138 14 12 8 91 101 14 0 24 42 0 73 16 86 128 21 23 96 24 8 140 25 94 45 1 8 136 163 76 15 76 18 95 58 29 68 49 168 67 83 4 2 45 32 47 32 16 60 139 92 64 0 19 53 39 64 30 12 28 81 76 12 44 81 85 166 0 14 26 62 67 108 66 24 50 31 20 0 49 56 137 45 73 16 120 120 87 125 99 64 37 2 56 0 84 27 36 0 41 60 85 6 26 16 73 46 40 12 147 30 56 72 12 76 39 115 98 88 94 55 21 86 0 16 104 7 42 50 42 38 111 0 63 18 71 68 16 59 24 27 22 20 79 32 108 24 7 45 40 39 66 81 105 146 55 36 10 113 76 32 64 24 32 28 0 84 21 95 77 55 63 27 34 111 0 100 40 126 167 103 80 101 28 44 73 95 28 68 44 102 27 72 30 34 24 14 72 35 151 16 42 78 0 44 54 29 85 76 99 63 0 60 60 44 110 61 52 122 27 18 107 57 0 39 4 74 26 10 16 101
49 34 0 20 146 38 62 35 129 0 98 131 72 81 0 36 35 68 0 22 15 46 62 104 18 82 107 224 139 8 36 99 6 108 30 8 141 60 0 63 45 141 46 7 24 82 12 102 23 0 53 49 14 91 8 21 72 101 121 27 0 56 35 104 71 48 18 20 63 20 150 34 101 85 48 0 103 16 109 102 30 63 0 25 82 130 44 91 0 116 0 75 99 110 82 109 54 7 24 56 17 85 24 137 16 72 81 25 151 84 35 54 61 17 28 0 28 34 39 49 9 49 111 10 81 81 0 112 88 48 34 46 14 0 45 45 29 102 7 37 20 141 64 64 85 63 100 139 0 63 50 111 113 121 117 42 14 45 56 56 81 46 76 87 0 26 5 12 0 48 0 77 44 32 99 47 26 44 12 50 111 43 68 6 23 28 16 0 60 28 14 90 104 63 157 6 0 79 111 98 0 54 83 155 73 93 278 138 14 0 21 121 85 14 0 64 24 103 89 67 103 42 47 24 115 29 36 12 0 32 24 57 58 85 199 96 0 46 9 49 16 35 33 41 6 81 63 0 0 0 0 50 91 89 24 37
15 25 60 56 66 132 12 0 56 4 45 28 78 54 90 0 76 72 112 43 15 8 9 21 6 63 167 67 121 43 48 87 0 83 106 55 3 109 9 18 6 80 72 47 8 4 169 59 139 8 0 98 9 120 23 48 0 0 37 90 12 56 52 23 14 91 48 9 0 24 40 46 107 33 48 20 6 56 104 50 185 20 16 54 63 241 19 95 30 133 89 107 56 24 70 10 14 131 0 159 19 12 116 72 97 238 32 48 0 0 180 134 48 36 111 96 74 52 4 12 84 72 6 41 84 79 84 42 0 51 32 8 28 0 65 114 40 30 123 75 51 0 26 21 63 35 0 45 38 0 0 30 32 50 39 37 88 56 0 0 119 76 83 64 63 43 25 10 116 192 52 70 66 98 144 65 72 37 12 24 86 8 111 18 33 64 80 149 0 114 25 55 84 21 63 45 63 87 9 21 0 14 8 41 135 56 141 42 176 48 36 244 162 73 0 112 21 47 12 0 0 9 45 107 30 16 78 40 80 101 72 39 45 47 68 39 37 0 66 50 70 22 156 47 140 54 65 98 48 61 21 68 83 81 51 118
40 171 16 38 84 20 35 20 153 32 8 74 25 27 16 24 106 58 51 222 125 24 62 35 93 223 53 34 12 10 20 105 4 36 75 50 119 197 9 78 48 22 24 130 45 62 127 91 51 10 16 54 84 40 70 56 122 211 102 16 101 40 0 0 64 78 37 87 40 10 8 106 32 0 167 10 108 72 0 82 261 96 114 65 41 76 73 71 81 115 24 22 45 7 44 72 30 75 116 132 53 80 61 35 72 139 54 60 81 30 12 28 74 60 85 0 109 3 12 0 115 18 0 52 19 157 0 74 126 112 79 116 76 15 0 123 87 165 0 35 4 117 47 92 72 64 0 58 71 63 166 163 96 72 16 102 0 193 64 40 4 0 36 71 98 116 0 0 48 66 0 85 88 144 79 32 51 7 34 69 65 0 28 44 5 38 0 106 90 24 103 0 86 9 66 157 64 61 50 60 147 180 0 121 137 86 45 99 0 14 53 92 0 105 56 55 135 36 24 65 118 41 57 5 16 16 102 0 83 54 156 93 78 63 108 93 76 146 32 160 161 72 119 4 42 89 244 54 0 0 102 104 0 14 16 186
71 56 185 67 161 12 124 52 11 112 104 139 140 27 129 112 233 150 51 85 15 14 36 20 90 13 158 109 114 75 139 50 0 30 141 83 72 120 18 0 204 142 44 78 14 27 133 118 49 0 77 0 49 36 60 67 46 205 90 104 0 112 70 62 194 55 18 118 28 61 130 36 18 126 48 48 120 20 143 84 32 35 0 57 0 94 0 45 24 139 74 127 40 10 0 38 70 222 85 25 148 3 0 128 59 200 143 42 81 36 100 262 49 41 75 128 68 30 108 82 145 72 102 17 0 20 128 26 54 30 81 14 20 46 54 0 45 89 32 111 100 17 18 105 192 130 14 97 88 25 115 7 4 21 0 84 52 72 36 111 105 221 154 41 114 40 58 33 100 102 34 3 0 10 10 247 93 45 0 38 29 4 56 166 37 20 60 221 17 68 5 81 48 168 48 55 56 93 70 35 105 102 159 124 102 53 122 140 101 26 36 63 6 92 18 59 147 70 40 1 57 0 84 91 108 35 31 35 22 67 102 55 27 310 181 14 76 4 32 43 105 73 72 58 74 14 132 152 17 15 155 57 5 37 62 185
90 54 112 51 158 77 39 28 80 86 102 12 26 39 8 88 237 32 162 54 21 0 23 54 75 69 89 157 36 84 50 94 102 0 126 72 0 91 119 18 48 284 30 56 16 150 102 46 51 48 134 48 110 40 154 56 8 109 101 120 110 76 0 64 142 0 18 9 6 72 46 0 50 16 122 22 84 128 83 89 54 47 82 0 2 124 91 0 45 48 148 167 126 102 48 10 38 151 8 58 35 32 43 16 43 16 2 9 79 32 143 0 89 62 98 50 70 133 57 3 50 77 162 0 88 68 51 36 47 53 12 77 157 12 72 67 92 104 122 18 90 4 177 117 0 0 28 85 174 33 47 61 98 18 28 12 165 8 194 29 202 23 23 105 0 16 100 63 110 85 91 54 57 0 69 14 56 113 0 182 30 49 40 77 18 24 72 166 28 222 159 18 84 67 47 94 80 6 39 12 21 14 112 110 237 57 60 120 120 33 67 9 32 49 40 122 114 49 3 43 57 123 0 56 14 64 72 86 27 49 108 24 81 70 148 0 35 48 175 140 59 63 36 176 80 34 25 61 46 24 139 95 0 144 40 62
24 0 191 42 4 130 63 81 24 149 67 9 279 32 72 69 144 48 165 24 30 72 60 24 50 60 96 67 48 45 64 191 37 58 8 28 54 17 0 122 90 28 24 44 55 7 163 176 116 106 22 0 20 163 36 65 87 96 162 6 0 55 102 46 78 101 45 70 24 66 5 45 124 71 102 32 69 74 83 0 151 12 101 111 4 39 42 7 82 147 16 32 72 60 48 114 12 50 0 6 15 16 50 76 64 54 24 4 80 6 162 0 62 102 6 16 58 76 0 16 84 9 98 18 0 42 172 10 74 99 51 45 21 37 140 0 0 32 20 77 73 13 28 45 118 72 148 62 16 0 50 35 44 82 0 80 8 56 0 0 0 279 111 104 8 103 43 6 107 66 36 36 35 25 64 132 82 159 0 88 35 56 18 20 26 21 24 192 4 18 52 18 59 70 42 31 142 26 63 88 10 40 89 32 23 20 214 16 19 66 80 36 73 108 19 23 206 102 80 82 48 24 139 80 36 28 0 36 0 35 118 24 31 63 110 2 22 28 24 23 12 12 51 194 9 0 36 89 82 30 40 0 12 78 18 75
53 35 37 161 114 96 160 75 0 65 1 28 67 30 21 50 358 93 15 33 25 46 112 69 122 60 92 77 23 16 33 106 139 46 202 91 36 123 7 245 15 118 28 133 6 0 118 67 70 166 55 49 83 200 70 76 48 108 111 127 32 29 96 47 127 139 0 77 74 40 60 109 20 54 0 51 32 58 83 42 57 90 8 83 0 106 135 35 72 180 83 67 63 76 20 82 151 161 83 12 10 71 30 25 56 97 15 103 23 6 48 134 106 73 48 1 37 69 43 41 29 104 87 41 56 88 89 113 99 49 106 52 74 0 96 0 47 2 104 152 146 78 60 26 76 54 0 130 88 104 170 223 130 0 20 57 60 22 86 102 208 46 72 81 0 113 35 138 85 214 116 82 135 97 52 96 66 52 52 49 120 70 69 137 23 57 28 50 31 113 96 0 91 95 7 121 21 46 109 79 107 67 86 57 197 127 167 67 68 40 121 4 24 203 18 124 39 65 88 48 24 5 98 115 43 107 8 14 106 0 45 207 71 65 100 8 80 86 75 193 136 70 166 183 73 66 53 108 69 1 84 47 42 73 0 22
36 21 95 28 81 96 104 28 28 34 0 115 49 32 18 59 131 24 12 4 51 81 34 31 24 34 15 70 21 28 96 27 17 75 26 29 15 56 56 75 41 34 18 60 0 27 113 28 111 83 0 6 146 96 30 78 74 55 159 21 9 32 16 29 20 21 57 57 0 8 131 18 84 8 127 35 48 48 128 53 134 24 0 0 66 25 28 8 95 20 4 119 0 40 9 126 44 15 45 0 0 16 107 15 124 96 0 49 97 0 33 0 8 27 0 134 0 40 76 36 68 3 85 44 45 30 27 9 69 63 115 0 31 40 62 185 46 64 76 74 9 39 93 24 64 88 66 70 8 33 48 21 9 0 36 106 49 24 49 37 69 34 78 75 0 0 23 49 83 87 12 86 27 15 81 146 5 0 0 129 104 88 8 9 209 0 18 75 64 0 110 96 40 9 88 0 132 105 0 9 55 28 27 109 67 61 18 40 6 59 132 74 16 27 0 9 77 55 128 109 26 27 74 34 85 45 0 63 8 42 77 28 67 27 144 84 12 106 84 28 0 0 39 85 45 54 39 115 169 147 53 0 26 76 32 33
64 34 67 59 8 85 77 56 114 5 82 32 48 79 104 122 0 7 12 133 41 39 54 59 17 78 66 42 63 18 157 20 116 83 48 59 147 76 8 90 203 28 15 58 67 72 125 109 6 63 105 114 24 143 0 0 76 160 146 63 72 95 44 66 48 27 24 76 62 72 18 0 128 95 0 54 30 107 116 203 94 12 60 72 107 175 33 124 118 77 53 148 76 85 52 108 20 80 30 65 26 74 0 86 51 100 61 101 18 55 2 27 36 57 38 42 108 4 12 143 125 40 65 131 71 203 214 188 206 67 76 58 11 44 73 31 83 86 63 173 35 99 157 135 110 39 177 6 9 8 78 203 96 106 150 64 100 35 28 0 117 18 97 126 8 54 40 83 82 24 90 140 105 103 53 79 19 39 18 64 27 54 27 111 89 54 90 36 29 96 15 93 45 131 106 81 6 122 108 48 22 4 144 311 47 185 174 121 167 188 36 91 131 50 137 78 121 42 88 92 59 25 16 59 86 36 127 53 99 79 30 7 70 88 7 50 25 106 12 37 12 92 38 133 54 94 140 58 0 70 23 8 40 18 21 86
18 32 54 92 62 69 93 56 66 40 43 88 81 119 81 18 127 0 51 113 0 10 0 72 30 34 207 57 94 86 105 44 18 40 30 108 45 70 0 54 78 55 16 156 0 9 127 53 23 80 0 42 0 54 112 8 120 15 91 35 10 0 13 0 16 35 35 117 30 6 41 87 45 61 35 84 66 30 41 138 162 0 5 111 66 9 0 5 0 32 97 8 96 16 30 26 14 299 56 2 16 123 96 33 88 66 100 102 59 2 72 24 108 36 0 114 107 119 86 61 118 0 92 71 0 140 42 26 0 101 40 21 82 25 65 71 35 8 40 94 12 57 96 36 24 136 8 12 57 35 64 91 16 110 24 18 56 92 42 103 15 24 135 37 54 41 70 0 0 121 45 56 80 135 211 50 138 15 6 0 111 45 33 57 37 25 71 116 20 60 5 4 26 162 84 56 43 181 35 0 2 48 201 50 8 96 175 88 191 61 52 14 16 59 39 76 117 63 98 2 64 0 43 66 113 43 112 74 48 49 145 153 72 104 31 0 103 0 70 64 92 102 43 50 41 30 48 96 54 110 30 0 62 49 72 134
68 16 65 42 78 114 149 16 20 8 104 0 79 37 214 67 32 88 17 131 42 0 55 174 66 118 101 80 0 81 48 17 5 90 88 70 18 5 7 8 72 189 88 62 42 53 149 156 64 66 45 28 25 130 0 21 105 68 234 42 0 67 29 32 66 45 128 72 62 66 18 88 97 0 45 54 44 13 62 35 158 32 110 77 12 53 0 58 142 28 27 209 0 131 144 17 27 24 35 25 0 61 45 77 54 218 80 37 14 45 63 110 176 8 16 68 9 0 7 65 13 28 107 207 48 103 120 52 56 63 96 40 45 149 38 80 76 68 102 24 33 6 311 16 111 32 41 45 21 49 67 166 69 31 56 6 62 0 28 80 52 8 45 42 0 109 49 16 56 0 45 114 31 0 104 187 0 45 0 86 24 80 16 18 2 159 2 10 75 4 56 153 104 132 104 194 2 125 7 92 5 37 33 159 133 75 118 49 20 208 108 216 150 95 157 96 73 116 113 130 35 37 42 32 129 12 26 86 0 140 125 44 64 53 27 69 66 28 33 23 2 56 0 79 11 54 6 66 77 123 106 64 0 24 47 174
