18 0 76 64 82 51 0 33 11 6 56 33 8 90 28 24 38 112 68 181 49 0 83 22 12 106 44 0 60 20 0 118 146 42 24 61 24 16 32 38 30 37 21 28 0 10 55 66 48 10 46 47 8 20 29 78 16 171 27 32 0 118 92 160 63 4 27 124 122 9 42 0 0 31 91 54 4 32 11 101 94 48 50 37 14 21 175 54 75 18 109 0 0 58 92 14 81 36 60 72 69 20 52 57 37 0 144 166 86 69 10 56 0 0 16 0 219 107 146 79 88 126 113 87 98 30 39 131 54 13 106 16 102 75 30 48 51 0 80 71 100 108 67 0 17 126 0 6 0 72 100 31 48 96 5 84 28 0 43 11 0 0 207 81 64 117 81 14 12 38 47 135 102 46 0 132 8 15 0 12 129 5 83 122 100 0 3 9 1 22 0 83 84 104 48 28 34 10 81 84 20 15 0 39 32 167 59 21 23 32 136 0 61 0 90 20 0 140 66 7 82 217 113 76 24 78 90 83 54 99 174 40 123 116 208 26 54 88 33 91 0 61 28 59 28 79 112 33 176 6 48 124 60 0 44 143
0 30 0 6 76 70 111 82 0 75 93 12 0 54 0 0 15 148 81 56 93 20 8 0 0 62 101 0 162 12 33 54 36 72 35 51 32 35 69 43 0 6 57 135 12 36 82 30 6 21 0 57 33 6 0 93 0 59 0 36 0 39 44 72 0 24 86 14 15 0 0 0 0 64 0 17 45 36 3 144 27 7 0 0 72 0 90 59 126 76 132 0 72 45 0 108 33 9 5 72 0 52 19 75 67 51 0 126 52 0 66 0 0 8 18 37 54 16 94 87 155 88 54 9 112 50 66 40 18 0 12 27 0 0 5 75 129 101 18 21 5 87 99 81 32 15 45 0 56 24 99 0 38 118 52 20 76 30 81 9 49 102 114 64 0 0 160 0 0 16 0 231 27 9 146 81 99 133 5 66 27 78 173 56 18 59 96 167 45 20 49 29 35 40 40 147 201 105 68 65 0 0 72 3 72 251 16 67 71 117 32 35 14 38 13 31 0 16 0 51 124 59 81 0 74 39 187 9 49 46 45 54 42 27 78 9 0 0 72 242 0 5 0 0 48 0 72 45 62 0 20 79 1 0 88 32
21 68 104 36 155 42 0 45 32 13 76 132 130 0 0 49 14 74 50 9 47 84 0 16 20 134 13 11 114 192 15 140 48 25 21 0 56 64 68 85 73 0 3 88 82 20 55 43 145 75 75 129 22 8 55 5 98 42 71 26 0 48 172 62 6 0 40 8 143 56 8 110 4 24 94 6 144 0 15 18 64 75 0 24 118 29 224 4 56 85 46 16 4 36 60 75 80 52 83 18 105 37 48 20 50 14 32 0 67 64 162 47 66 171 27 108 67 79 42 36 65 107 100 32 184 88 75 40 14 48 100 32 156 12 200 126 96 203 120 23 72 162 63 75 137 100 93 0 24 8 247 139 1 103 9 100 68 0 138 74 18 31 149 47 186 63 184 6 56 70 32 27 13 68 98 51 71 78 22 40 96 143 97 12 82 64 119 118 26 18 90 85 55 56 83 158 40 52 16 172 12 25 28 2 49 116 14 72 53 0 81 79 145 4 100 50 126 54 16 5 146 27 23 48 16 131 84 101 47 100 4 24 111 39 6 157 79 203 84 121 114 147 95 98 111 18 12 44 145 48 38 59 29 0 105 100
79 21 143 92 69 42 35 117 22 20 136 70 32 66 77 75 63 18 43 20 12 28 35 0 6 2 48 17 18 40 82 63 50 20 80 101 10 111 24 1 5 78 35 70 39 55 43 56 42 31 79 30 70 142 25 20 27 63 10 54 0 135 3 32 36 46 50 63 18 84 56 21 0 82 104 42 0 26 6 0 70 63 39 10 85 10 70 6 1 21 0 30 0 59 18 15 72 123 71 89 65 14 3 92 139 0 56 102 58 70 8 1 18 72 16 86 63 6 7 45 57 32 54 91 106 70 33 27 0 18 45 0 6 100 29 181 75 6 30 161 0 67 99 60 160 36 90 30 24 18 128 9 11 50 35 56 6 60 47 30 18 20 141 71 61 7 102 0 0 97 18 25 20 65 38 55 15 63 75 62 24 0 50 93 6 30 52 3 35 47 56 24 48 18 16 18 35 37 99 8 0 0 15 103 45 99 80 27 154 30 14 86 6 15 0 25 0 3 6 101 64 132 56 9 10 72 48 13 103 21 102 12 20 23 16 33 66 37 66 36 36 5 75 2 0 140 53 66 28 55 0 0 47 84 32 43
150 72 150 181 153 32 88 94 85 73 213 88 83 37 135 83 89 208 70 91 112 89 214 91 44 83 56 63 40 155 3 141 71 71 75 233 34 62 80 168 142 82 147 142 167 36 53 164 66 172 22 21 144 100 0 84 59 87 0 64 40 80 80 24 135 117 0 40 16 35 93 72 68 125 48 62 31 118 57 36 42 45 104 135 64 62 81 31 35 1 38 103 52 95 31 24 94 63 87 115 71 57 111 50 65 70 140 72 191 72 192 70 70 14 68 110 79 70 112 113 64 96 184 249 7 101 42 132 35 78 72 92 63 123 16 148 66 65 137 89 112 116 217 76 72 106 72 18 0 35 41 118 34 83 128 70 105 107 41 51 94 88 77 34 61 120 92 217 124 120 96 102 191 165 115 12 114 69 49 137 20 90 88 72 42 32 66 67 78 63 48 128 69 121 71 56 51 124 63 63 83 115 64 244 168 60 94 160 96 101 69 139 52 0 107 184 67 97 130 148 243 44 0 20 54 56 105 73 81 130 195 79 92 9 64 84 77 173 150 62 45 68 163 78 187 72 0 21 143 66 65 52 29 18 183 21
82 86 94 95 191 19 2 24 130 103 30 41 146 76 98 8 0 112 140 171 112 97 100 2 25 85 90 171 18 144 169 43 88 74 95 61 6 72 98 15 65 101 180 57 150 133 58 49 61 130 140 30 85 99 105 8 148 99 34 84 0 113 108 18 132 72 0 54 18 92 165 78 82 265 42 12 140 85 30 99 62 119 27 53 0 138 68 144 20 75 58 0 36 206 33 185 137 166 98 0 168 35 95 23 81 54 63 72 128 40 0 83 0 9 67 79 88 116 0 209 67 105 100 199 50 72 56 18 56 59 62 36 205 16 108 151 103 112 75 120 132 154 215 241 88 14 198 33 125 64 68 34 112 30 20 36 110 123 46 81 50 25 0 81 0 20 87 27 28 104 78 35 107 115 79 93 136 153 76 20 27 2 78 24 32 37 118 48 7 16 25 125 45 10 209 94 0 128 65 64 46 72 107 125 116 130 92 160 30 18 224 161 72 40 36 96 12 28 109 113 26 144 63 32 44 80 43 107 89 129 114 40 85 26 108 73 108 117 88 43 79 14 142 106 57 137 196 96 125 42 71 84 144 172 184 26
53 19 61 25 20 24 29 60 87 99 8 16 36 6 22 73 28 0 69 40 36 109 99 6 18 0 71 0 138 6 48 76 82 7 71 0 16 32 34 28 12 30 11 176 90 44 123 104 56 0 0 64 12 3 16 6 4 5 82 0 48 35 93 85 18 10 22 2 27 82 3 12 14 9 88 99 123 8 2 16 8 72 9 25 0 48 93 0 52 45 14 0 10 18 12 0 29 29 74 46 83 77 0 7 28 0 10 16 36 22 80 78 45 42 14 119 29 73 14 96 64 114 91 101 27 4 0 11 12 13 0 68 127 61 7 40 0 56 72 15 37 137 45 68 55 6 35 56 0 0 18 83 0 0 2 60 12 0 40 56 8 80 12 0 34 7 158 45 3 20 68 4 82 5 0 76 84 9 0 0 48 2 41 72 67 24 40 64 5 0 0 74 53 1 9 35 164 0 10 51 8 75 0 8 89 119 34 75 42 48 58 85 0 2 15 6 0 30 38 0 39 0 88 0 9 32 36 74 52 75 55 48 0 96 1 32 1 50 16 111 0 92 0 20 64 26 90 61 18 14 0 12 91 0 12 0
24 0 47 22 79 7 32 102 44 25 135 30 16 83 16 36 0 93 99 0 15 10 30 0 35 104 61 16 82 32 63 58 99 41 53 26 77 49 0 72 67 93 35 74 3 4 67 10 8 28 50 36 96 80 105 75 41 67 79 41 4 24 85 48 117 57 120 147 3 71 56 4 53 12 97 0 0 86 18 57 83 0 2 21 46 28 97 49 33 132 28 0 0 39 48 36 49 20 4 0 77 63 0 68 109 33 21 101 84 15 27 115 39 138 30 106 120 68 58 90 0 38 88 50 92 20 18 69 46 27 42 47 36 25 3 15 10 25 39 75 35 61 76 74 63 175 77 48 60 0 116 76 21 38 2 157 120 0 42 28 5 42 78 2 39 84 8 16 30 68 44 0 20 98 46 70 9 13 66 18 56 79 29 71 40 12 45 0 75 31 119 62 86 144 50 72 28 8 43 111 29 5 48 66 19 91 20 52 16 42 46 104 0 14 0 12 0 34 159 30 29 96 105 79 40 143 20 64 66 24 3 140 28 19 121 9 91 92 7 83 7 18 89 6 57 91 52 48 18 12 28 127 118 32 21 58
66 0 102 42 48 52 10 96 70 65 45 58 147 80 45 36 126 121 83 66 134 100 79 0 40 178 156 0 18 0 107 8 26 48 0 0 30 8 74 18 144 0 27 50 123 73 72 75 16 84 24 79 24 66 69 147 6 0 78 84 84 62 126 89 54 0 49 79 5 102 54 127 28 20 126 0 0 15 24 149 24 91 55 18 21 60 48 41 35 56 78 36 6 45 0 81 3 36 24 40 81 69 75 0 73 33 79 72 126 72 34 60 36 63 24 15 42 4 57 209 38 45 97 20 78 69 21 47 0 55 20 73 177 20 45 87 87 9 131 62 281 147 139 108 48 86 219 65 0 63 0 36 114 73 6 54 120 93 6 0 0 23 0 9 2 72 19 135 5 131 31 47 22 60 12 147 0 72 4 0 16 15 149 18 31 0 96 21 3 84 38 22 35 27 150 21 42 117 20 12 60 90 35 63 36 72 66 39 6 27 42 117 24 0 36 110 18 79 8 168 14 180 72 72 153 68 64 15 110 79 30 139 45 105 5 87 0 108 33 30 0 81 0 24 36 90 51 157 36 6 90 71 0 0 96 63
4 0 129 63 0 116 151 153 10 44 126 116 86 36 64 48 121 64 24 77 45 10 74 66 6 0 40 52 59 173 45 125 0 21 116 51 10 108 54 71 5 0 49 39 72 20 100 48 28 4 36 28 72 5 61 0 0 34 52 0 25 0 48 67 113 80 104 63 57 0 116 49 66 12 44 55 40 74 0 50 5 40 77 50 85 23 63 68 0 0 96 37 25 147 72 53 21 6 136 187 46 0 7 115 200 34 164 72 92 84 48 14 89 75 36 54 18 65 64 4 46 10 75 100 122 10 12 0 10 0 72 15 0 64 103 170 97 16 108 0 25 113 88 30 110 151 0 57 84 0 12 112 80 52 104 0 76 51 111 127 63 18 28 19 147 42 195 42 80 7 72 0 66 30 165 83 70 117 39 56 0 16 15 57 0 21 72 23 117 143 72 85 93 83 15 59 104 7 46 145 0 48 21 153 106 148 79 219 71 101 40 49 58 12 4 80 63 0 123 72 85 94 42 69 34 100 50 44 15 32 36 30 9 79 63 126 48 40 36 65 80 20 42 0 53 10 63 100 84 20 70 0 101 28 106 48
53 45 91 14 32 37 92 62 10 36 79 132 15 40 0 78 102 96 36 279 184 66 64 21 72 43 36 143 75 101 27 30 150 117 60 76 59 50 114 21 42 124 30 84 80 0 72 200 141 2 12 84 219 66 6 112 24 16 45 18 18 0 155 83 150 0 30 6 123 0 96 24 21 66 28 6 45 18 9 76 2 0 45 72 67 27 0 153 54 29 78 0 0 5 92 30 14 43 41 27 36 0 14 22 112 72 48 96 85 0 154 54 115 6 25 63 0 14 9 153 48 41 30 104 64 20 24 48 174 4 124 0 114 6 72 30 26 34 58 30 0 122 63 15 0 124 72 42 42 67 109 46 27 108 56 23 90 57 66 14 108 26 81 33 108 59 2 30 9 84 27 160 72 32 0 16 71 63 89 81 24 68 0 140 114 27 0 32 234 88 168 153 35 46 136 69 93 88 9 65 65 15 6 75 67 176 99 106 91 113 28 78 100 72 0 66 57 116 144 88 0 69 26 106 36 38 132 69 115 0 54 117 42 32 6 58 24 138 60 16 0 48 74 12 99 32 150 144 150 18 60 12 76 30 150 17
152 75 148 204 102 76 196 123 22 93 79 58 106 39 16 18 33 48 30 141 126 18 188 80 78 50 48 36 10 0 24 36 61 8 48 153 72 34 108 59 57 77 142 270 90 36 81 75 37 69 34 40 14 71 37 6 0 59 92 92 0 0 0 56 69 42 37 15 83 40 90 2 65 70 46 180 42 81 86 179 24 49 70 12 50 90 90 70 53 17 4 16 11 107 54 12 16 189 59 30 55 72 0 152 119 0 77 79 121 130 8 119 21 127 8 6 91 108 45 86 214 27 78 128 51 24 9 60 44 67 11 25 40 98 0 166 25 141 49 84 111 129 132 19 34 16 74 44 76 48 40 60 38 54 105 40 98 14 36 88 62 0 34 4 63 49 114 118 18 67 78 105 73 37 60 38 42 21 118 64 4 48 213 19 1 88 9 133 110 81 0 50 135 16 66 46 158 136 96 79 97 28 84 85 54 104 42 123 55 125 89 25 112 30 0 8 24 2 4 98 104 105 11 93 0 47 108 56 62 43 80 74 8 58 5 26 54 53 0 69 0 34 8 8 18 34 102 129 38 98 56 56 124 0 114 64
14 16 84 64 18 31 75 22 0 65 63 91 65 58 48 49 81 102 93 88 4 30 60 36 6 12 48 12 121 34 60 90 25 143 0 54 12 0 0 94 54 30 13 129 20 16 24 122 32 30 17 48 25 84 38 48 0 74 23 4 56 55 32 18 18 31 100 56 0 27 50 151 44 49 32 28 16 89 15 0 32 70 153 3 20 9 87 0 91 77 9 118 6 99 0 68 14 36 126 40 20 8 45 47 93 56 190 32 46 58 104 16 63 3 2 2 0 42 56 45 40 24 130 123 131 40 0 48 39 0 45 45 0 98 30 42 82 18 0 22 136 0 47 101 88 107 32 77 5 57 80 24 49 8 39 0 100 3 98 22 40 3 64 9 6 0 12 51 10 24 146 0 48 16 40 99 32 61 104 4 38 16 0 60 0 98 8 33 2 60 48 0 134 12 24 8 44 45 18 27 96 28 68 92 36 0 4 88 164 2 60 68 128 10 6 86 40 95 18 100 42 0 0 30 0 0 165 92 26 100 66 125 0 12 23 165 20 16 0 24 0 40 16 0 28 74 55 100 29 12 0 28 64 10 134 20
42 103 106 86 61 35 121 158 72 135 91 98 88 178 89 10 112 141 69 228 70 12 157 91 32 68 137 39 8 28 102 60 58 260 120 14 25 22 41 37 143 160 29 216 56 11 209 110 32 39 50 144 48 44 113 6 0 14 57 16 62 38 115 41 84 62 100 34 32 119 66 16 33 64 180 68 0 158 15 127 54 64 147 44 38 65 42 37 21 250 16 56 2 72 45 152 43 61 194 104 5 89 106 83 79 76 173 83 93 11 60 67 5 118 170 102 30 62 40 80 56 135 165 60 179 108 97 53 146 77 68 66 85 73 0 90 49 32 131 45 131 150 87 100 83 100 254 84 29 5 94 52 85 44 53 108 87 57 112 108 35 29 130 48 36 0 116 53 61 66 16 119 18 0 116 104 188 187 144 22 0 28 125 92 0 49 28 71 38 58 56 86 120 47 121 131 62 68 16 71 104 41 36 75 112 116 51 72 184 125 51 125 109 73 54 124 2 282 10 176 150 48 75 0 91 53 47 139 74 136 74 106 38 55 91 177 92 0 4 101 16 37 18 20 34 105 128 113 56 15 56 63 120 128 85 146
107 84 90 39 128 125 0 107 16 36 52 40 0 82 87 4 0 189 50 82 19 48 69 49 14 12 31 85 55 71 2 30 74 135 0 75 131 0 32 66 117 71 101 87 97 0 30 123 32 126 81 30 27 70 66 0 0 27 31 81 0 52 54 27 81 48 78 24 51 42 20 88 28 49 24 12 28 118 64 12 42 29 6 6 82 15 27 107 16 124 12 45 42 144 177 108 142 133 77 56 6 33 24 34 8 31 67 140 43 12 35 83 105 20 64 108 58 59 57 112 56 91 44 56 18 49 38 0 0 0 72 20 0 0 24 72 152 105 85 0 15 154 128 96 8 136 125 96 40 48 66 30 0 74 152 40 66 28 36 51 0 45 48 26 42 44 34 89 48 6 35 0 134 2 64 36 35 81 0 0 36 57 91 64 35 64 77 74 31 0 0 40 45 23 73 28 86 55 82 27 78 27 75 100 46 56 56 161 108 54 42 100 99 24 81 99 71 93 0 90 72 78 2 35 42 12 33 120 130 118 73 36 5 63 12 110 42 0 0 32 30 37 99 18 67 63 83 11 64 42 6 87 3 89 0 42
38 0 42 161 68 116 79 83 192 108 116 128 103 147 46 14 126 23 162 105 42 70 96 9 100 12 110 85 12 85 18 122 108 93 7 56 77 40 16 101 0 144 49 234 108 129 82 141 0 139 86 3 150 34 56 56 57 9 53 59 35 171 214 27 0 2 85 128 54 52 10 79 20 174 108 0 209 41 23 37 82 147 147 116 181 0 157 18 36 61 72 24 20 75 45 105 78 68 136 60 79 30 142 122 171 34 35 20 114 79 16 0 0 112 81 198 51 14 19 28 5 164 9 42 70 47 190 62 4 36 103 56 124 20 54 86 72 100 135 58 115 182 129 132 51 128 166 3 0 68 66 114 17 64 37 114 50 9 14 22 56 24 196 56 98 86 97 65 10 235 67 136 113 122 76 146 25 73 97 58 42 15 2 130 73 8 24 76 0 64 32 0 59 234 142 0 144 86 63 32 78 44 48 26 186 287 96 19 49 11 66 82 48 42 3 87 86 111 55 83 41 144 140 78 3 38 163 239 204 102 82 60 8 72 0 52 2 7 10 22 8 95 138 42 56 75 82 33 124 1 34 91 49 0 31 176
29 17 44 96 60 123 0 75 57 44 65 56 35 0 0 62 40 105 164 6 23 6 145 9 68 84 113 36 71 24 27 0 72 50 77 157 0 86 66 24 15 4 12 105 65 102 65 80 85 30 172 42 37 120 35 37 13 59 0 70 0 89 39 72 6 57 64 8 0 90 4 84 0 20 45 0 98 42 7 41 0 87 28 0 7 4 36 12 153 12 119 2 35 4 13 0 18 24 90 33 9 20 72 69 52 22 90 111 92 78 98 12 32 6 11 61 33 50 106 75 9 43 25 72 52 61 63 138 16 6 92 20 65 77 35 97 42 0 90 7 127 12 20 72 47 26 47 78 6 21 6 0 15 52 0 1 40 66 55 18 3 26 135 56 36 80 47 0 26 0 42 21 20 56 0 192 185 60 9 88 18 41 21 68 24 45 45 37 27 54 0 0 45 121 98 27 36 36 102 0 15 0 57 9 176 152 137 42 127 9 95 136 37 36 18 85 2 18 0 57 88 146 143 80 22 76 117 70 59 150 78 28 0 27 108 82 81 2 0 16 16 40 5 0 92 95 80 4 100 0 0 45 75 0 32 93
48 81 53 27 56 0 126 64 67 74 6 42 177 116 56 14 129 111 0 5 240 56 76 24 1 234 216 15 146 115 46 50 151 34 27 44 12 69 42 41 63 49 101 134 116 131 63 90 49 17 44 143 37 38 90 135 3 78 24 42 8 7 6 102 72 31 0 88 90 21 60 178 25 65 99 0 2 24 41 125 93 87 35 23 86 52 37 80 0 156 49 4 9 28 70 111 9 9 30 3 144 16 21 99 222 94 167 141 163 4 122 82 7 14 134 92 128 178 175 74 113 110 132 79 129 100 19 92 34 30 6 30 153 47 123 74 236 214 63 70 104 13 46 158 21 167 146 29 0 156 54 28 126 82 12 48 240 74 57 99 24 59 118 33 74 0 109 72 74 241 158 124 66 21 117 12 42 22 84 84 85 38 56 0 30 36 142 141 30 179 0 171 0 134 87 91 116 131 8 143 6 72 102 56 82 113 12 152 59 150 108 13 0 71 99 135 26 83 109 54 47 141 138 9 50 54 148 164 161 42 37 145 73 0 92 14 8 102 59 181 139 58 100 70 9 42 130 150 14 40 140 124 0 101 64 122
129 24 131 78 75 69 94 89 112 54 105 42 30 46 24 51 27 16 110 123 84 79 86 61 59 43 25 105 66 26 135 26 89 72 53 69 64 49 160 6 25 25 86 101 130 22 99 15 67 58 109 4 82 97 63 23 60 205 67 28 0 56 39 51 40 0 30 10 114 38 30 161 57 147 32 219 8 74 12 152 70 29 66 68 64 24 141 49 104 149 0 60 24 159 40 2 11 141 25 7 171 48 44 36 0 18 93 0 151 61 56 49 48 41 30 12 42 213 14 130 141 97 251 30 52 24 0 76 0 10 82 0 73 58 50 127 100 98 84 0 0 124 44 93 163 18 136 12 55 87 27 54 42 91 120 49 16 96 123 88 45 6 114 56 0 52 76 24 70 24 64 40 65 16 88 80 3 88 32 0 34 26 130 0 6 32 76 41 48 66 14 110 147 179 19 117 157 4 66 129 89 118 83 89 9 273 39 48 94 60 155 7 18 63 4 26 44 35 63 65 101 4 1 6 36 24 56 0 84 14 49 21 0 146 24 27 72 10 94 190 0 20 0 10 7 75 76 79 24 16 0 41 109 22 200 89
3 16 95 21 66 9 62 45 34 14 29 67 1 32 54 22 83 46 54 8 16 7 28 0 24 17 98 49 12 28 45 10 41 43 26 48 72 24 0 61 114 25 79 21 16 65 18 123 7 10 63 51 91 0 42 123 0 36 26 1 13 9 112 67 27 40 106 11 3 9 6 59 20 28 8 81 6 18 12 72 3 24 2 45 11 10 65 19 63 132 20 54 36 4 7 52 48 18 15 17 26 13 28 48 53 17 63 39 7 28 31 49 24 0 82 118 18 64 6 35 58 89 50 51 87 17 0 81 32 15 0 8 20 27 69 12 15 16 10 12 137 48 18 144 13 36 8 24 0 67 45 30 99 55 90 3 23 54 54 0 109 36 60 5 11 0 42 81 104 77 32 29 6 27 42 0 4 66 108 0 0 13 0 100 18 89 76 83 0 74 7 22 8 98 108 48 42 81 41 2 58 2 37 78 72 15 72 82 14 111 18 26 34 85 5 0 0 82 8 80 2 83 25 90 21 54 44 3 48 65 3 104 1 12 17 60 61 0 0 58 30 0 0 63 77 7 11 62 46 48 48 13 0 0 28 36
97 70 31 76 72 35 118 0 58 126 40 142 24 79 2 25 104 100 78 85 5 117 126 38 64 27 58 0 192 78 16 245 107 46 7 96 126 31 18 63 72 18 62 107 54 32 97 105 5 138 0 60 99 47 89 6 0 93 62 62 167 46 44 21 8 80 76 14 94 115 0 72 49 150 114 75 15 24 0 108 14 26 161 30 6 73 5 43 110 86 83 57 54 63 36 9 104 114 51 35 81 92 28 92 43 82 193 18 36 20 68 8 45 168 36 65 135 182 127 73 72 150 152 86 88 41 9 39 51 1 78 0 102 100 63 8 83 96 109 12 72 174 102 30 256 73 42 75 86 15 1 33 52 54 15 0 47 22 45 15 153 43 20 4 0 0 33 124 30 41 78 5 14 90 35 65 44 81 86 87 32 121 84 21 1 109 9 47 35 29 32 61 115 51 90 31 85 141 101 38 21 80 38 88 39 12 37 7 117 92 25 25 18 42 27 27 3 142 0 166 86 39 77 72 0 40 163 113 83 106 105 102 72 100 55 16 52 9 64 48 0 57 93 58 45 8 74 87 156 31 72 92 105 66 113 100
63 0 82 4 18 8 0 28 52 158 120 4 0 18 79 16 0 63 30 75 50 102 45 36 8 0 69 36 0 0 54 44 28 72 35 0 54 0 18 52 68 12 0 105 0 35 72 48 0 84 0 41 93 24 3 12 44 16 61 0 65 20 5 54 0 78 27 0 0 23 102 0 54 28 88 6 0 57 2 0 9 32 86 15 0 8 0 21 92 34 0 60 5 6 45 132 8 67 18 4 4 24 30 93 12 32 50 42 0 0 32 7 61 42 21 15 4 85 24 103 63 113 131 24 42 35 48 64 84 0 16 24 48 159 8 72 0 79 41 0 133 57 54 0 112 107 97 24 21 48 37 140 12 36 3 96 68 62 126 24 0 0 6 39 66 42 57 35 58 0 0 40 45 45 66 8 2 0 104 32 0 0 25 0 8 6 36 59 0 0 0 24 2 27 58 44 30 0 32 66 0 16 0 113 12 0 130 48 16 13 0 63 70 0 21 78 3 0 133 120 24 0 0 0 71 71 27 40 36 0 0 157 35 35 0 76 56 0 7 47 0 35 0 0 50 51 48 24 0 0 56 60 18 24 9 76
5 0 0 0 19 0 4 14 39 0 0 97 51 11 0 0 50 60 4 0 103 32 0 14 0 47 64 0 53 11 41 46 37 0 12 6 56 49 63 81 36 7 33 100 18 25 0 90 0 0 6 0 20 129 18 27 0 8 0 0 0 0 24 0 4 24 36 67 0 22 34 69 33 45 18 8 0 69 10 12 6 42 54 21 42 8 3 57 72 48 2 53 84 105 14 55 21 0 12 56 33 45 21 10 8 56 49 45 14 0 14 56 12 0 12 20 0 0 26 188 3 24 9 4 72 0 0 75 144 55 12 16 105 6 0 127 18 27 0 9 26 45 23 52 8 39 0 63 5 29 63 4 24 0 63 44 31 0 3 30 0 10 48 0 0 6 8 36 9 80 54 15 56 45 28 1 45 0 26 0 0 12 38 3 56 16 36 0 39 45 106 40 41 9 45 41 4 74 18 48 0 9 2 4 21 67 30 72 58 14 63 1 0 0 18 0 35 95 81 102 25 30 51 49 33 0 0 51 72 47 79 16 0 35 9 32 42 18 14 55 0 26 35 14 2 0 4 109 0 4 100 27 22 35 9 0
9 35 69 12 68 4 44 22 139 0 91 77 25 10 35 32 15 72 99 91 4 28 101 80 7 72 80 66 14 115 18 5 60 38 0 99 15 0 72 224 0 110 28 142 64 56 0 53 98 90 42 97 81 91 32 21 71 41 28 32 8 29 61 80 129 54 0 81 78 9 0 0 38 1 54 0 112 183 49 9 0 42 72 62 64 37 97 106 94 125 107 0 4 112 92 88 109 25 15 32 15 24 83 119 175 16 165 42 53 4 30 37 0 132 28 91 16 38 96 205 0 85 63 51 42 0 133 0 95 24 75 81 21 2 35 121 0 80 49 12 48 24 14 58 65 0 85 18 30 0 28 108 57 60 0 116 83 64 86 4 0 0 190 9 173 63 93 39 91 48 83 101 96 24 48 180 66 30 25 111 41 0 47 91 35 12 73 94 83 27 105 74 128 82 0 43 25 77 0 203 61 25 42 24 63 80 16 15 0 0 0 30 138 20 77 99 97 22 69 7 39 36 13 46 18 37 142 106 94 0 30 145 103 45 67 110 29 114 118 4 0 66 36 40 39 20 117 81 28 16 30 112 64 85 84 104
170 89 105 292 99 91 218 52 16 37 82 0 88 83 86 50 28 41 7 54 128 14 63 50 35 104 63 58 39 14 40 100 48 94 62 24 113 195 98 30 165 74 154 83 42 98 72 81 42 14 100 0 102 40 155 107 89 103 49 0 18 50 41 76 84 16 100 37 8 39 148 159 0 232 48 73 65 145 82 108 66 32 33 122 77 85 245 115 29 63 72 81 4 113 38 74 92 0 61 180 103 32 35 170 193 88 65 52 22 150 36 139 39 106 66 203 95 69 27 6 0 153 16 42 78 94 9 62 86 107 92 28 118 68 32 148 126 24 172 125 62 214 91 86 49 65 144 64 27 2 95 8 59 18 2 0 89 18 28 114 126 0 78 42 100 76 165 36 37 58 48 70 114 90 28 15 218 122 87 54 102 147 160 87 75 0 42 8 36 191 0 99 64 126 4 180 66 69 76 74 82 48 112 0 151 156 59 217 185 61 55 14 30 84 0 67 0 60 33 204 30 149 85 75 162 60 175 43 136 42 24 111 38 91 106 24 76 150 97 110 26 86 154 84 124 36 30 123 200 18 10 66 146 87 179 31
58 31 123 61 32 17 116 60 53 28 115 71 8 45 165 170 18 17 76 73 45 52 27 81 0 0 0 38 30 43 71 44 40 72 39 18 0 117 78 4 18 8 90 52 24 57 79 91 54 5 68 18 126 82 34 22 35 26 33 3 0 6 4 18 36 52 123 10 0 75 48 100 125 7 27 36 14 13 65 61 44 8 0 17 12 12 23 68 40 98 0 32 9 34 2 38 80 50 192 21 50 66 28 60 16 8 60 51 40 25 104 63 71 96 54 51 70 98 75 48 33 20 16 46 95 0 2 12 59 12 43 47 17 87 34 117 36 9 94 54 0 46 23 32 127 135 39 30 49 16 0 59 42 0 32 53 84 31 80 18 52 54 45 42 90 63 111 10 0 48 130 84 76 80 109 108 61 58 27 0 4 61 67 4 0 31 56 18 58 41 97 72 18 35 36 18 73 0 32 13 18 25 4 184 72 170 77 48 148 43 95 78 10 76 117 53 25 0 0 28 143 60 63 91 27 39 126 68 13 80 0 0 0 151 30 101 77 120 77 44 36 38 16 0 5 51 215 76 14 20 0 30 51 118 98 78
0 48 38 46 58 11 42 14 36 10 8 25 95 0 16 44 69 68 20 1 96 26 42 32 8 143 0 61 105 90 21 135 45 99 20 0 33 36 63 67 0 8 63 31 28 39 0 22 74 36 15 30 123 69 30 0 16 0 18 0 0 5 11 30 20 30 32 122 5 38 28 105 28 55 0 0 5 46 6 63 33 27 66 40 24 61 46 22 48 107 0 36 18 14 39 20 10 59 0 0 29 75 14 73 42 54 39 29 40 12 52 52 0 82 92 44 46 36 27 39 44 21 108 115 44 24 26 66 195 60 0 5 21 36 4 57 121 66 4 34 42 47 24 12 0 62 0 21 0 36 94 24 45 24 6 8 149 0 118 81 16 45 27 11 94 0 152 70 0 106 87 36 20 81 35 8 114 61 93 5 0 57 88 54 71 39 0 18 6 140 24 16 40 0 121 106 10 46 0 98 71 16 35 99 78 42 62 144 110 24 22 58 74 4 81 28 106 21 43 60 51 12 3 8 0 48 75 60 54 33 54 84 3 26 68 63 6 174 3 102 72 36 14 9 68 0 16 60 41 30 75 87 68 30 47 40
42 0 61 32 106 16 45 56 44 33 144 52 22 76 0 37 66 56 72 95 165 48 99 103 96 41 87 18 24 27 78 102 91 35 21 62 120 0 22 32 9 0 108 191 198 99 162 12 30 0 110 32 9 91 29 45 90 88 57 56 4 129 50 71 72 76 8 52 60 44 52 6 61 0 64 17 65 69 38 116 20 78 98 101 21 55 85 63 160 108 25 0 81 9 39 72 0 114 12 0 47 21 54 76 24 18 122 42 210 24 44 6 78 146 77 61 8 55 39 22 72 274 179 101 73 75 90 116 8 98 82 12 320 45 104 45 18 155 147 24 120 86 197 52 87 21 190 24 47 0 28 58 38 65 119 47 99 152 0 32 36 0 12 20 15 94 68 160 10 8 86 40 59 63 99 65 84 51 96 75 73 48 162 32 43 67 126 89 145 44 0 132 25 95 94 63 175 10 200 66 44 40 201 62 125 77 32 25 4 18 168 15 26 12 115 12 83 80 45 47 187 34 61 0 24 18 18 49 130 135 18 73 34 12 123 48 174 66 8 28 0 72 38 84 16 103 32 179 7 4 44 61 103 46 120 76
8 150 54 40 47 28 83 4 116 144 61 97 55 140 61 0 105 95 98 66 20 132 57 47 38 64 32 21 48 77 7 4 4 17 30 57 162 123 36 33 18 48 73 72 31 67 10 16 32 13 53 0 84 43 49 119 28 45 0 18 36 108 147 0 0 2 64 98 54 41 48 46 45 36 67 102 34 34 34 40 49 28 148 119 28 21 16 66 28 62 10 0 68 43 22 81 5 44 95 72 134 61 83 29 79 0 0 61 81 85 4 57 103 68 86 82 116 69 45 62 88 63 104 23 16 75 111 33 24 21 119 59 104 16 97 25 77 118 90 64 65 54 84 36 28 28 42 52 57 60 83 83 8 119 40 38 110 46 54 108 44 98 0 39 165 21 275 15 34 84 49 14 15 126 16 139 12 76 54 129 12 37 160 29 17 63 129 39 5 106 0 20 70 50 99 260 24 63 3 200 77 158 105 115 140 109 81 113 68 166 107 5 73 36 0 87 6 168 103 121 50 124 39 51 26 83 56 120 160 184 0 4 9 67 24 47 42 76 35 22 81 37 204 14 106 0 102 45 64 50 95 29 40 0 108 81
15 64 29 148 58 61 40 68 46 67 5 68 57 33 24 0 32 56 64 125 70 79 56 18 16 80 129 40 180 134 3 227 57 9 32 24 102 0 48 49 111 28 157 148 184 40 25 14 16 32 89 71 30 9 183 120 74 118 66 24 0 36 119 18 0 54 77 52 87 20 54 0 27 52 21 18 58 0 52 135 24 45 75 88 71 28 56 0 63 21 72 6 58 128 109 61 49 37 0 0 72 21 25 123 11 6 0 24 72 104 45 72 12 169 18 78 48 10 54 68 0 100 105 66 33 55 88 45 28 130 113 141 142 36 120 52 80 54 107 71 78 72 162 160 172 76 103 36 10 18 84 44 18 100 35 16 24 22 27 5 58 70 87 74 30 14 108 122 12 50 66 65 52 54 215 166 115 110 90 88 24 65 205 75 68 25 68 66 42 23 42 112 100 92 76 81 141 21 8 73 8 63 33 13 99 152 2 124 43 2 96 52 32 34 110 100 24 0 68 92 113 4 54 74 24 102 24 23 18 207 55 25 0 95 6 99 65 40 140 83 0 2 4 160 42 36 0 24 18 36 20 93 16 63 107 8
51 102 9 62 55 229 185 60 0 153 48 91 81 41 170 0 27 35 25 32 27 8 111 52 0 72 37 38 86 81 36 133 0 15 9 15 39 54 70 20 34 40 31 7 24 45 0 91 21 8 151 15 181 48 103 169 0 72 0 0 20 84 40 56 72 72 49 0 69 48 79 44 16 63 0 115 94 87 3 116 0 43 67 54 70 8 0 51 57 9 32 72 47 8 83 15 69 51 0 27 0 120 35 117 109 118 85 0 79 48 74 88 119 64 35 131 111 5 91 7 40 91 120 118 13 57 46 101 101 65 139 30 85 0 97 103 20 8 101 29 20 10 56 62 0 125 50 6 18 25 81 23 3 24 117 0 100 76 248 147 25 143 81 107 94 29 54 16 20 80 60 12 0 32 64 93 41 121 103 104 36 194 35 51 64 19 18 114 56 91 64 76 0 43 16 25 29 96 42 28 30 70 99 90 123 278 125 141 20 4 5 124 4 3 0 16 24 12 32 96 111 62 44 100 48 49 120 20 59 167 0 24 8 25 13 76 165 101 120 3 0 4 202 16 126 72 42 75 35 0 0 40 76 0 91 45
36 49 19 8 90 62 90 92 1 34 27 96 38 21 27 27 116 56 0 18 116 19 63 24 42 10 6 9 32 2 19 15 6 24 81 81 70 15 30 36 66 26 35 39 14 5 14 42 42 13 33 3 134 24 6 54 32 12 18 54 0 101 159 24 21 2 51 14 0 24 31 0 0 11 1 0 17 23 39 0 35 44 30 7 20 6 15 5 5 9 3 28 28 0 124 0 6 28 18 3 3 14 41 11 124 23 36 37 37 38 39 9 12 24 0 37 8 6 3 21 92 15 0 77 2 0 0 1 0 0 138 49 86 43 28 98 0 101 31 10 0 36 56 15 67 46 111 3 4 30 35 26 7 5 31 15 85 0 3 27 9 32 58 27 7 28 18 18 9 65 52 45 5 65 33 51 33 71 100 28 0 3 6 36 7 20 5 59 81 6 35 36 5 0 8 0 30 139 39 59 67 0 5 12 42 0 27 0 167 7 0 2 52 10 0 87 0 54 30 152 6 58 29 42 18 23 94 50 57 55 59 30 56 3 0 12 6 81 0 36 44 15 63 59 63 0 50 86 9 3 50 0 51 24 70 4
76 8 12 79 56 18 181 0 136 2 77 119 92 19 16 27 116 153 92 45 120 38 8 79 46 0 227 64 41 12 91 130 208 63 24 48 118 32 108 97 153 56 16 70 113 43 27 113 95 63 119 30 78 97 77 0 8 99 37 56 0 114 26 144 18 14 24 98 153 3 73 51 25 87 56 4 0 112 60 144 90 24 205 62 42 24 27 52 162 165 18 8 129 80 43 42 0 14 87 6 114 8 0 185 21 55 224 112 72 0 84 12 0 233 69 105 128 129 36 136 101 192 128 74 128 10 135 81 72 12 18 43 290 133 47 94 103 144 135 0 90 0 131 147 29 10 178 65 40 27 92 22 35 28 54 52 135 105 75 68 0 6 167 37 65 143 32 136 20 147 87 100 144 24 54 76 24 80 39 0 66 58 102 84 68 64 134 43 40 177 64 52 101 128 108 2 86 35 64 85 10 35 2 94 125 182 67 50 71 75 78 63 69 132 254 109 50 140 119 166 87 121 32 102 0 69 78 18 156 123 58 32 54 36 46 136 48 21 13 35 18 134 0 81 16 27 76 252 21 64 129 105 139 35 117 3
7 5 13 18 2 0 29 12 27 0 76 5 29 15 21 22 15 14 40 11 7 25 46 39 2 111 43 55 28 63 73 71 7 64 0 0 0 0 24 75 6 0 27 21 57 2 39 26 10 3 0 32 51 42 25 3 48 22 12 1 0 36 44 0 51 8 25 66 0 9 55 51 45 128 84 62 47 97 30 7 60 39 10 64 0 12 44 22 24 35 0 30 0 9 57 60 82 24 0 0 54 4 0 34 17 8 12 14 107 28 5 0 27 93 2 36 63 9 54 85 65 118 55 32 33 19 20 36 64 33 16 32 18 35 24 28 9 81 25 0 16 0 5 0 71 15 8 20 0 3 47 113 90 8 8 100 119 0 50 81 63 0 2 41 78 56 93 4 24 78 6 7 30 0 0 26 4 12 45 11 28 1 10 15 52 31 0 35 0 6 0 16 23 48 62 97 34 0 0 150 55 33 8 25 45 12 0 87 70 0 21 48 32 18 0 0 46 14 66 72 64 6 11 9 0 74 119 161 95 0 31 25 8 5 8 12 66 136 2 25 84 45 25 0 13 15 55 60 81 0 43 63 18 54 6 54
45 20 110 120 0 0 50 136 35 0 35 30 71 77 35 14 138 110 114 115 44 6 21 32 31 40 69 28 9 50 0 4 24 23 25 21 15 24 9 118 42 0 16 105 79 59 7 50 24 44 25 10 131 32 28 21 43 8 0 54 9 73 0 59 17 60 52 128 18 47 7 40 40 9 91 2 28 0 32 35 133 55 39 42 36 24 116 10 48 72 26 26 21 81 1 24 0 24 35 27 11 81 23 34 107 24 56 100 43 147 17 49 0 130 88 54 91 51 6 19 0 12 0 16 119 15 86 83 20 16 14 28 6 40 30 77 110 24 38 109 44 43 116 48 47 68 85 6 4 104 48 0 112 48 115 48 81 1 0 19 73 36 89 0 49 10 34 52 96 68 150 99 72 51 53 131 18 60 94 10 30 10 147 96 0 12 71 66 30 59 4 3 50 92 128 42 106 30 0 58 53 21 142 24 78 25 24 51 131 30 61 55 7 0 78 58 7 7 37 150 79 17 18 0 2 45 77 64 23 50 66 126 0 93 1 38 30 119 21 71 61 17 49 146 82 95 7 0 26 0 58 28 68 0 11 82
0 61 45 0 47 0 54 62 34 79 24 18 31 21 21 30 0 36 42 6 0 0 121 24 0 2 55 50 4 30 33 40 77 31 55 0 51 60 0 24 26 0 0 35 130 68 63 108 50 3 76 13 68 0 50 18 0 6 19 0 18 5 45 39 6 0 36 89 0 9 49 14 106 45 12 26 62 0 48 12 8 12 32 6 0 0 2 9 98 14 0 0 14 3 23 0 0 42 25 2 21 0 0 30 39 24 22 0 54 18 44 0 24 36 95 27 35 21 39 23 20 25 55 32 26 37 32 14 8 7 71 0 5 50 31 86 0 30 86 21 0 30 22 44 0 28 45 8 21 42 72 49 36 125 3 0 86 6 40 16 8 18 14 18 42 0 0 48 12 55 114 0 20 6 6 0 46 40 45 72 54 10 6 32 7 22 132 33 6 59 0 69 40 52 88 42 12 0 30 36 15 137 41 56 0 69 26 24 84 45 24 0 78 20 6 18 3 49 30 51 4 57 0 0 0 39 39 66 36 24 0 0 0 2 28 66 19 63 6 0 0 0 86 46 64 28 36 24 79 56 19 0 88 24 30 21
114 16 123 24 128 6 94 0 75 119 48 39 4 35 44 55 72 135 0 68 7 99 4 20 8 105 149 54 71 99 0 138 113 117 9 69 59 42 28 6 62 109 18 151 58 32 126 72 76 110 0 45 0 81 94 54 0 81 56 0 82 58 30 133 175 64 0 140 151 43 80 42 62 58 134 43 0 51 49 122 126 42 24 134 48 47 41 78 76 101 10 48 56 144 93 70 170 56 22 213 68 75 41 102 97 20 56 80 62 0 124 116 30 74 21 73 261 300 165 86 0 276 87 6 45 77 107 67 8 128 0 80 131 90 111 149 74 82 135 90 49 124 35 84 140 159 156 18 63 48 54 48 2 112 138 0 15 40 46 31 87 48 91 26 76 45 29 89 36 32 142 90 152 37 40 16 14 69 10 0 0 48 78 23 112 63 114 101 54 8 56 30 54 209 198 168 12 28 122 36 16 49 86 24 92 76 0 112 122 61 72 121 159 20 160 24 9 81 0 183 100 207 44 71 49 55 63 82 87 33 139 36 131 50 83 70 211 100 70 107 44 91 96 38 107 33 118 2 127 46 84 84 90 205 42 74
43 81 139 21 47 38 119 175 74 40 0 75 38 108 104 36 156 116 54 205 4 37 45 30 68 0 63 66 18 0 94 19 30 49 16 70 56 46 72 0 32 133 0 95 3 7 0 70 20 100 32 15 32 0 83 40 32 36 94 24 0 98 65 29 46 30 144 23 10 18 7 146 35 28 26 120 7 22 9 27 48 15 69 103 3 0 86 99 45 77 49 110 10 54 39 3 97 24 95 102 50 18 106 15 74 23 38 80 54 29 51 7 40 32 54 6 10 17 96 15 56 14 191 89 166 18 81 32 68 10 36 40 74 22 0 51 32 90 92 61 72 103 22 66 67 130 196 26 21 102 95 0 32 30 12 80 106 17 0 52 15 0 219 91 26 30 14 13 24 7 48 183 0 15 45 29 72 100 40 30 101 16 74 72 44 70 12 111 0 56 0 66 26 21 24 0 40 76 81 0 96 21 39 24 72 58 53 25 150 23 34 63 57 39 30 103 0 225 0 252 30 48 64 18 99 103 170 146 51 127 82 150 102 54 0 63 21 40 19 76 16 35 0 8 40 18 88 91 111 0 74 123 16 30 117 82
12 7 139 126 132 0 134 94 51 90 0 57 66 142 97 0 75 84 63 49 65 0 21 7 68 86 105 9 56 26 21 53 78 33 0 4 10 54 8 81 75 0 18 64 54 116 37 81 21 51 101 30 62 89 67 0 53 6 27 3 56 147 124 56 60 109 15 32 72 0 0 0 35 57 105 76 102 76 18 65 78 81 6 68 46 17 196 52 125 36 33 35 22 24 12 54 6 61 21 0 109 72 23 63 122 53 166 80 59 9 7 16 56 115 12 84 33 57 77 30 10 104 0 64 72 21 36 144 16 0 36 86 32 64 95 91 99 84 110 102 52 45 36 15 42 109 103 3 4 45 97 66 76 22 31 152 83 21 78 112 218 11 117 11 42 28 26 69 59 44 197 17 98 28 55 103 75 97 78 71 21 46 61 93 56 3 77 136 0 49 22 16 106 77 86 44 121 91 28 39 57 65 148 91 65 142 42 49 87 10 84 16 26 39 12 27 33 116 89 83 99 64 50 55 6 74 73 158 84 139 63 100 21 3 31 42 163 14 45 39 0 71 45 26 0 130 41 9 15 0 30 31 52 0 59 94
119 52 15 0 40 60 244 77 0 102 28 73 79 0 81 7 107 0 56 139 160 50 53 61 5 45 86 189 88 61 36 65 43 16 55 63 115 28 32 54 96 38 6 81 29 84 32 112 50 60 54 143 113 8 86 75 5 0 12 144 66 103 9 42 72 82 162 48 33 0 94 30 0 82 6 0 38 92 1 26 2 54 79 0 67 51 24 68 29 63 6 75 49 142 56 96 90 53 144 67 36 10 62 57 107 91 223 92 90 59 95 20 0 89 15 116 73 127 10 115 39 50 133 93 130 76 8 35 15 12 18 45 161 35 113 97 32 155 156 13 48 117 68 118 55 73 81 102 30 67 119 38 57 41 18 34 145 80 165 45 56 25 225 36 165 0 50 0 58 45 96 46 0 7 46 18 117 150 76 93 119 18 86 32 72 43 84 56 0 165 34 101 81 42 85 25 46 0 49 95 27 9 50 147 34 228 27 120 109 42 33 45 5 31 37 87 37 24 12 91 168 91 78 45 8 75 154 63 141 44 114 76 51 6 35 130 78 143 108 56 38 0 36 20 54 15 123 144 8 0 85 141 42 69 271 103
43 128 58 78 24 107 134 153 14 166 11 83 258 24 54 0 54 90 48 101 64 102 159 144 54 136 44 33 214 69 95 157 65 64 35 0 12 33 109 76 86 40 65 212 130 64 88 121 28 136 29 12 170 87 33 50 30 45 76 0 80 34 106 43 0 66 145 150 0 46 0 69 63 182 0 72 48 84 124 293 107 132 90 0 70 18 98 6 9 119 0 22 12 68 56 27 32 107 45 18 33 119 28 110 136 120 149 101 146 7 74 109 4 162 17 137 30 54 56 86 97 124 88 182 72 36 0 126 99 0 71 82 91 47 36 48 56 85 167 45 43 71 65 87 8 63 145 46 35 18 41 64 54 28 84 55 19 0 162 54 36 97 120 43 79 0 108 221 24 123 112 71 80 115 60 54 73 179 81 86 38 68 118 40 28 24 0 77 0 192 80 56 94 18 30 54 159 56 49 107 40 33 58 100 80 176 84 144 60 34 56 113 103 50 0 84 92 63 172 216 229 6 63 112 5 58 160 123 30 112 114 129 58 25 12 98 12 153 60 231 48 104 56 6 21 103 115 151 19 20 6 0 61 0 88 124
17 61 88 0 56 37 0 8 83 45 30 28 130 0 80 0 24 62 66 103 72 44 0 40 64 73 0 30 63 57 72 32 16 11 68 18 0 36 72 167 0 8 40 47 28 76 49 0 24 81 104 48 83 83 30 12 87 60 11 36 0 104 7 0 60 130 40 68 24 12 55 67 57 186 154 0 124 8 2 145 72 64 0 5 0 54 54 57 89 114 59 54 0 64 0 1 25 77 117 15 84 25 12 44 9 40 12 74 25 0 9 0 0 114 0 80 0 1 63 8 0 0 60 98 28 86 0 140 24 6 169 63 32 72 70 165 45 7 56 91 8 43 0 39 0 26 24 48 54 12 0 92 48 150 59 28 81 24 12 111 88 0 0 63 55 0 45 29 36 0 113 79 178 78 78 116 96 97 70 127 40 82 5 40 18 72 115 131 0 49 128 111 72 172 83 75 42 117 177 8 36 2 113 84 156 124 150 33 0 63 117 18 117 0 56 36 18 97 107 104 0 42 40 25 2 72 62 99 25 57 72 72 36 24 0 48 138 81 0 47 53 8 66 131 43 126 63 0 88 18 8 18 25 0 21 108
0 84 93 24 97 18 75 211 159 0 90 21 10 68 0 48 127 82 72 28 50 142 151 32 81 0 98 42 42 60 90 28 50 52 0 206 146 112 83 70 50 0 123 108 42 120 42 101 58 6 69 24 114 3 144 137 0 46 45 64 27 0 84 50 75 0 49 80 12 71 107 18 21 24 76 64 57 63 86 96 54 32 97 123 75 12 21 111 45 204 16 24 65 123 63 0 61 51 8 0 110 48 76 18 76 26 0 97 78 0 120 93 124 50 106 93 0 94 56 143 45 120 145 29 32 45 66 56 0 156 27 20 60 50 69 77 0 157 24 54 145 91 99 45 0 137 8 74 8 40 135 48 0 36 43 36 140 65 42 31 107 0 194 6 42 63 114 111 0 56 42 118 40 60 151 18 66 39 64 42 52 6 56 105 35 48 59 116 86 103 71 159 0 42 91 40 0 217 15 18 0 0 61 97 197 75 104 94 49 84 69 43 58 24 114 72 66 71 18 18 197 32 83 113 39 21 24 2 116 93 49 81 42 28 22 104 20 97 107 56 0 85 157 40 55 27 65 50 18 60 105 67 36 81 18 81
30 40 52 70 59 7 74 7 8 12 56 68 52 49 73 38 45 9 67 117 84 45 72 31 6 11 38 89 87 78 13 81 86 5 37 9 80 45 100 136 115 0 14 103 69 2 36 73 19 38 56 20 54 51 27 14 47 77 54 3 50 0 9 49 12 84 40 149 33 6 8 42 98 57 62 22 6 77 20 77 0 52 74 17 96 0 63 21 51 121 27 28 41 116 12 16 5 51 19 44 122 11 0 3 103 32 40 0 0 32 40 45 38 89 42 30 23 34 8 230 68 62 100 76 20 24 10 22 38 33 115 20 21 17 17 54 5 35 48 49 12 89 8 55 85 47 5 104 0 80 6 53 20 155 49 27 95 13 70 96 4 4 90 0 34 26 22 28 9 99 109 85 75 44 52 144 6 60 0 101 101 0 54 61 43 76 161 81 8 19 0 81 91 66 87 147 84 15 54 75 0 103 97 54 79 186 3 74 64 39 169 28 69 81 107 42 20 20 149 41 26 0 0 25 44 11 24 72 104 30 14 6 103 69 0 37 33 127 48 49 0 48 40 77 8 84 8 23 23 67 54 21 87 25 46 105
114 89 81 88 47 126 116 76 49 24 36 110 125 53 63 2 57 72 20 102 62 23 101 9 72 59 85 66 64 75 40 12 56 49 7 42 28 68 42 65 5 61 0 110 84 20 59 96 0 27 191 21 4 24 88 0 61 0 61 6 8 67 22 148 18 68 9 142 58 117 32 75 15 97 125 90 105 71 35 82 42 80 18 111 44 42 134 14 54 114 39 99 0 70 93 27 51 89 87 45 24 21 0 0 67 53 56 40 54 80 119 102 52 98 28 4 36 2 0 30 117 21 65 40 84 16 4 30 18 52 41 52 99 63 107 98 22 81 44 31 44 126 68 0 28 70 63 72 0 90 96 47 92 54 12 16 97 81 17 8 0 90 133 25 15 36 55 6 63 52 73 173 103 19 70 64 0 95 0 87 66 30 124 126 25 10 113 127 54 84 16 0 55 40 3 78 44 37 0 91 12 0 100 82 166 31 28 41 35 6 60 0 56 24 42 31 0 72 4 90 28 101 30 0 58 33 190 45 36 47 154 59 42 99 0 78 68 0 38 106 85 36 7 78 78 42 127 73 83 4 70 0 26 12 7 89
117 14 110 115 94 116 86 86 81 30 46 16 68 18 52 10 32 63 40 71 50 118 129 145 96 64 89 26 8 0 63 113 47 62 92 171 0 106 51 16 42 130 33 62 12 22 66 1 86 56 60 10 105 107 101 6 74 20 0 60 0 42 191 65 81 8 124 99 24 0 60 10 91 65 30 48 12 78 40 219 37 24 27 101 12 16 60 65 86 35 30 40 0 29 45 29 48 138 21 52 10 30 8 69 100 0 28 18 76 138 22 8 10 171 0 18 93 0 135 90 80 10 96 143 71 77 14 56 136 34 96 64 46 116 2 174 36 69 4 84 0 76 131 59 51 101 130 68 8 50 107 52 35 65 18 24 28 56 0 32 97 81 72 98 83 39 22 214 21 102 76 103 98 31 16 44 24 53 8 36 126 76 166 56 40 69 103 8 23 40 69 54 96 25 16 22 24 114 136 72 124 63 48 78 58 176 32 33 160 22 10 14 74 100 57 70 8 176 12 181 134 36 8 54 4 40 101 90 110 110 59 0 101 82 20 94 48 88 0 88 83 38 0 65 93 0 46 84 74 7 63 111 64 65 207 0
95 134 28 165 18 102 153 74 45 46 111 54 57 139 64 32 27 64 10 0 112 52 38 91 54 24 160 0 36 25 108 74 64 52 45 84 81 127 28 80 49 24 32 199 42 99 67 83 30 68 81 0 19 115 97 29 40 130 18 34 0 39 44 105 55 15 91 8 81 128 15 8 138 87 173 45 0 60 113 223 145 0 149 77 83 32 131 61 69 168 21 46 45 5 107 85 31 214 63 8 0 32 42 129 93 62 178 72 37 62 21 0 64 196 38 106 32 94 80 52 7 84 18 56 173 7 64 0 76 18 98 36 0 119 63 37 60 159 119 30 99 61 66 93 28 81 102 79 0 108 30 32 96 20 60 7 256 115 57 7 26 13 61 0 0 6 30 18 137 35 117 54 72 147 56 16 23 66 84 184 16 60 240 62 40 55 95 48 100 93 116 35 71 106 0 32 189 25 115 72 18 115 135 24 90 51 62 0 142 128 32 40 3 81 36 30 15 45 0 104 99 56 89 68 15 109 9 119 166 85 41 109 32 81 64 41 45 24 62 60 5 36 45 197 2 105 189 49 162 42 111 73 24 135 84 180
0 35 63 78 165 4 24 37 77 1 0 49 62 72 72 0 63 50 0 72 118 2 40 0 17 76 44 0 105 38 46 114 168 142 28 8 70 0 0 102 159 87 21 184 74 140 69 0 63 22 148 12 33 124 44 32 25 132 54 0 18 102 74 0 72 77 57 24 0 33 72 63 138 93 47 0 34 61 0 231 24 27 56 0 8 48 34 44 46 199 69 0 0 63 41 81 6 40 42 16 43 36 51 59 164 96 126 153 2 8 56 20 17 22 86 196 68 27 18 14 69 114 6 45 0 4 27 126 24 24 21 60 66 75 37 79 70 30 53 82 12 48 33 130 16 0 143 33 45 90 74 2 114 16 60 0 121 88 128 77 74 70 30 124 84 0 115 27 66 64 52 53 54 22 109 35 133 135 69 4 77 56 127 150 56 37 42 153 35 32 0 21 84 143 70 169 117 0 98 82 0 54 5 12 33 238 87 30 112 145 129 70 44 69 72 72 18 75 78 21 186 147 113 42 42 7 73 68 3 69 113 102 84 6 222 42 119 0 72 179 3 76 6 66 66 144 79 39 92 44 48 69 35 100 160 160
67 12 64 27 194 3 31 9 38 30 65 49 41 10 30 0 109 180 48 99 82 134 39 7 20 95 73 90 110 70 0 19 135 79 0 53 159 60 15 75 40 118 7 57 81 44 16 80 80 63 96 65 111 52 38 105 30 41 0 139 54 10 100 32 99 53 0 141 78 8 111 34 22 76 70 0 42 22 20 9 55 31 113 75 6 47 74 70 144 320 24 85 17 97 37 82 89 34 106 34 54 74 104 89 156 76 13 6 46 54 46 66 94 96 88 50 54 9 25 74 10 41 0 94 8 165 81 44 24 91 6 24 124 105 64 151 72 36 54 62 74 6 82 0 48 44 71 44 54 108 24 87 8 103 34 20 144 107 88 16 0 58 32 7 188 6 105 88 42 77 153 48 11 8 42 45 48 93 185 117 46 2 158 206 59 28 84 26 26 50 76 50 7 8 72 160 0 89 36 100 36 72 36 45 163 124 105 33 64 0 20 24 40 52 179 45 14 165 32 154 88 120 50 80 24 0 32 20 162 110 95 118 22 78 123 73 50 148 80 51 96 19 14 94 72 28 127 35 0 0 83 83 13 54 72 152
78 12 42 90 66 71 261 106 0 138 150 24 112 76 4 51 21 63 64 55 39 16 92 160 30 8 85 24 51 54 79 32 10 2 56 0 8 121 54 98 0 5 22 115 107 56 152 118 50 27 47 25 26 16 28 0 4 1 17 0 0 35 18 32 92 36 87 71 52 24 0 32 40 6 47 61 1 8 72 21 151 34 69 2 0 10 64 2 34 57 12 18 84 75 6 31 21 125 2 50 61 19 28 8 112 15 5 80 156 77 82 8 13 233 45 0 18 14 9 36 121 82 117 41 157 49 90 103 24 8 21 89 14 106 13 135 92 238 135 61 43 36 16 4 5 6 59 1 0 52 48 21 24 63 36 42 144 7 21 32 56 18 90 46 11 75 10 124 0 95 145 133 85 37 72 62 23 125 150 66 20 52 102 56 6 27 83 167 91 72 18 0 20 38 0 36 165 64 40 7 20 0 108 27 59 71 0 0 98 71 97 14 2 8 67 18 34 69 121 53 125 56 41 14 16 115 84 66 107 3 55 88 0 18 72 20 105 0 20 96 6 41 8 125 16 42 64 153 64 54 28 0 12 1 16 82
63 52 95 12 94 83 74 168 125 78 114 100 8 63 84 36 110 31 84 89 84 17 44 72 45 65 0 63 19 74 68 17 31 82 58 2 46 80 42 87 7 56 55 34 54 72 12 81 50 19 107 39 128 69 112 39 73 79 5 54 36 108 65 73 68 2 197 80 182 108 15 75 0 112 74 81 14 12 45 141 24 51 0 0 88 25 56 26 27 116 3 14 28 0 93 18 94 49 77 23 35 31 0 27 136 23 45 51 80 36 176 18 52 134 106 131 87 147 164 83 0 33 87 36 75 42 93 112 66 26 90 113 52 45 14 86 120 87 102 33 45 114 95 24 112 39 141 20 63 0 12 14 0 12 31 33 60 29 119 109 83 27 35 27 72 30 92 18 44 40 57 83 115 15 89 37 14 145 105 156 35 115 33 53 35 81 46 192 51 233 104 100 55 56 63 76 107 113 117 163 115 64 118 100 50 89 79 99 110 171 38 66 58 3 69 31 17 100 71 218 117 67 0 45 18 90 130 82 53 111 56 0 4 129 77 118 83 95 76 63 36 26 66 53 133 76 127 69 19 26 36 14 97 99 64 163
15 84 112 28 64 22 60 130 131 85 83 80 61 56 44 2 101 83 105 89 92 24 36 6 0 175 77 36 52 63 14 38 105 14 49 95 51 8 37 26 78 32 41 189 21 57 131 46 0 109 86 170 0 6 16 16 44 11 66 48 54 106 59 58 72 0 49 44 91 110 11 21 71 47 95 28 74 41 23 114 40 45 102 16 43 60 108 61 40 47 79 0 79 0 30 40 61 109 61 87 9 16 95 4 30 7 19 93 94 107 123 30 15 24 40 25 34 130 96 63 18 70 110 45 176 160 43 70 77 105 28 29 213 74 133 47 0 66 207 64 62 101 89 72 49 131 141 73 15 62 104 0 36 38 52 116 25 64 7 0 52 30 272 117 85 38 2 69 90 75 0 123 0 29 111 109 4 46 67 34 120 42 212 76 102 10 101 52 45 39 0 63 56 154 91 118 117 0 144 63 28 49 23 39 84 111 40 6 22 12 43 142 5 8 54 85 15 76 52 142 16 35 50 50 107 80 45 45 16 151 0 201 166 83 16 34 90 46 4 73 59 50 30 14 94 138 5 105 112 6 140 92 0 12 64 77
48 77 115 158 44 95 82 127 137 62 96 129 150 146 48 14 88 98 68 88 102 20 25 97 46 128 160 36 29 106 56 63 109 92 7 194 73 65 90 120 123 48 25 180 15 92 98 68 68 63 0 86 63 84 0 213 106 14 3 8 14 142 104 87 171 50 0 96 144 16 65 78 15 49 170 87 91 93 95 62 49 0 18 29 0 92 76 26 81 166 86 0 29 8 64 7 39 55 123 0 19 66 7 115 84 38 80 104 56 201 36 151 93 72 31 88 126 67 103 204 84 81 114 84 96 76 19 140 0 54 145 74 119 10 106 217 61 61 150 27 75 203 0 11 99 132 137 6 28 79 2 138 48 110 96 102 127 7 37 96 49 45 69 12 133 75 65 115 27 110 152 62 118 39 30 65 24 99 45 57 62 70 84 126 64 0 39 66 22 50 58 132 105 91 113 78 33 108 0 197 48 7 117 121 70 138 33 147 103 42 55 42 65 0 51 0 100 72 185 60 75 179 54 51 13 70 48 127 141 3 112 46 77 9 124 59 37 28 65 37 0 28 216 43 73 106 240 27 67 80 10 206 56 0 21 122
10 9 170 58 116 97 26 110 132 72 77 24 51 34 52 0 35 117 64 20 4 117 83 37 80 32 168 32 120 120 126 80 58 60 0 127 12 42 60 116 113 48 50 83 15 24 63 154 55 72 76 95 47 106 38 28 41 0 62 73 80 89 67 85 44 57 88 21 10 84 12 0 0 76 25 24 63 49 0 75 64 112 117 55 54 0 34 77 145 176 45 24 4 5 59 63 96 45 0 33 39 63 30 58 176 0 92 34 67 40 75 62 156 81 128 103 6 66 130 13 30 82 49 64 78 55 28 126 72 33 85 84 50 71 24 55 56 72 149 39 198 6 62 158 7 12 58 92 79 14 62 10 0 48 10 7 155 43 107 124 74 24 162 76 99 85 36 68 43 74 41 58 74 57 102 112 57 32 38 91 18 47 64 80 48 15 38 127 44 25 113 16 56 81 200 25 72 102 84 67 10 6 64 88 145 79 42 64 0 98 40 28 75 78 45 36 23 50 21 152 67 40 119 128 0 184 2 90 72 98 56 92 2 77 3 108 163 80 42 53 15 4 41 105 57 27 80 21 45 63 30 15 72 56 45 116
53 0 49 75 48 0 77 110 4 5 60 38 68 66 2 68 43 0 49 58 16 50 153 55 104 8 49 20 73 2 123 12 38 9 40 54 153 12 8 0 32 8 68 34 110 0 0 96 0 24 12 56 35 90 26 0 0 94 59 63 46 59 35 97 36 0 9 63 24 51 1 100 8 100 0 66 50 4 1 81 27 9 161 61 58 0 108 57 142 9 0 74 6 114 3 3 23 80 39 43 122 34 35 44 27 24 70 0 37 21 0 16 69 107 0 0 56 72 1 38 87 8 118 73 9 32 9 8 76 0 3 0 38 99 122 0 24 45 35 36 16 75 211 97 0 133 77 2 45 52 0 0 103 56 34 0 127 15 28 15 37 0 9 12 0 0 23 130 8 33 246 55 28 97 8 0 64 112 23 15 62 60 87 30 56 82 52 45 0 43 0 69 45 63 63 8 98 48 72 2 72 8 81 99 29 37 84 40 109 118 12 12 0 4 0 6 4 37 0 43 27 0 57 26 0 45 99 4 77 38 68 64 0 117 12 18 33 0 3 3 24 76 45 0 40 0 119 63 79 8 4 63 112 14 94 87
45 0 87 109 33 63 0 60 1 0 4 0 13 16 117 12 9 77 22 54 30 23 137 24 1 24 62 13 31 3 96 7 18 171 17 72 20 36 21 7 0 56 72 27 9 98 34 4 54 0 158 89 5 93 92 44 48 74 3 21 0 11 21 16 28 52 32 103 32 9 6 16 0 95 54 109 30 89 52 60 29 71 69 55 84 8 156 23 75 142 0 110 56 70 23 0 24 174 81 129 3 35 48 5 112 14 0 0 49 155 68 27 72 76 8 26 14 61 18 56 45 77 42 28 36 30 6 47 4 0 29 9 28 38 41 95 12 97 35 109 38 87 87 133 24 94 168 72 6 0 0 16 0 39 55 24 73 48 29 25 35 24 56 41 35 31 105 28 3 21 55 62 46 4 66 17 12 109 98 15 53 57 72 160 43 123 64 53 4 58 89 104 36 67 45 41 59 9 63 73 106 0 55 0 83 50 16 56 147 6 71 63 116 23 85 90 44 117 42 59 50 93 55 14 18 54 0 62 146 8 0 64 0 153 62 28 22 26 26 88 6 18 14 36 11 2 98 53 76 0 10 87 8 42 115 9
131 56 21 138 98 89 157 226 40 159 2 92 32 69 98 12 0 121 72 99 14 36 0 32 20 145 41 16 112 186 133 112 166 55 58 50 42 117 83 51 95 0 185 62 0 80 32 132 7 87 132 104 73 27 28 153 34 97 51 24 18 45 47 28 26 0 269 68 20 3 12 0 88 16 0 0 32 33 61 8 51 28 42 85 60 70 36 25 44 225 21 0 88 64 80 86 63 0 0 0 63 38 51 170 78 38 0 7 54 32 8 9 0 18 64 249 48 7 72 47 6 107 110 101 52 69 15 72 102 23 86 30 74 101 66 76 128 83 159 19 10 93 20 48 42 7 76 30 0 0 55 0 86 118 57 7 64 0 114 75 63 0 210 20 134 27 42 72 24 30 60 79 51 46 93 53 84 7 6 54 40 96 56 114 30 66 104 49 37 20 144 42 65 119 2 79 54 0 85 61 52 0 83 46 53 185 133 171 0 83 81 47 26 64 27 0 103 30 123 84 85 59 112 165 49 69 68 158 57 147 189 25 15 36 103 31 74 106 120 75 0 0 62 76 96 56 59 18 64 0 48 46 14 48 80 137
7 64 0 27 56 10 16 86 85 5 35 99 40 100 74 0 72 118 72 72 18 89 72 21 64 107 72 0 48 130 88 112 72 0 4 121 5 56 78 72 0 72 45 53 30 64 6 0 0 64 77 24 0 54 0 0 0 0 0 90 112 18 40 3 48 0 56 24 82 73 0 0 0 0 22 0 40 62 0 0 54 59 140 0 0 66 32 52 122 116 48 0 65 72 34 53 86 102 54 0 56 97 72 0 72 0 35 91 94 0 60 0 30 106 49 55 40 14 63 112 72 81 27 16 40 0 137 112 0 0 78 72 78 24 1 0 32 40 64 56 117 53 0 25 117 0 74 36 0 64 25 10 0 0 40 2 76 44 8 0 109 0 64 10 0 40 30 47 0 94 7 50 93 8 48 108 56 0 117 64 0 32 36 0 0 5 0 166 63 4 120 4 32 10 96 40 25 83 15 4 24 97 0 43 133 45 32 27 20 30 88 0 0 24 85 129 0 121 100 68 84 37 77 86 0 56 153 104 0 72 0 0 0 0 48 0 40 9 78 9 0 0 7 64 62 16 10 18 0 0 0 24 16 0 78 47
47 9 76 126 71 66 99 0 4 42 20 92 35 44 15 32 15 49 73 61 101 0 42 87 6 3 131 153 12 0 63 27 132 12 0 0 14 84 183 88 0 0 32 63 84 118 40 100 12 27 165 30 78 44 74 54 0 37 8 0 71 33 32 34 72 27 0 131 54 33 0 27 35 130 64 61 78 68 87 92 37 25 9 18 59 63 40 42 151 0 0 18 57 97 23 45 20 63 49 12 116 14 0 78 7 100 69 18 42 55 0 51 0 120 8 14 102 129 54 0 105 65 6 7 75 52 0 41 0 0 6 63 20 55 43 108 55 0 63 53 28 48 8 81 7 27 72 33 0 21 95 12 32 84 28 53 0 3 13 56 65 0 58 28 17 49 48 56 0 20 47 15 100 32 63 52 9 56 70 63 0 28 92 26 0 21 35 97 7 0 15 0 61 131 49 54 56 20 50 53 54 3 56 0 5 144 63 113 56 36 46 105 88 72 0 0 39 0 49 85 70 159 7 63 24 139 98 84 80 35 63 35 63 0 28 0 0 19 29 148 5 8 2 39 21 32 79 0 0 24 28 18 108 0 9 98
0 33 78 86 37 0 60 23 56 0 36 0 80 36 0 1 84 46 112 62 15 4 104 16 7 48 78 0 122 16 76 89 104 102 9 36 0 32 32 53 14 0 14 141 112 17 6 75 88 28 69 85 93 33 58 78 34 68 1 0 0 1 75 42 0 56 50 39 50 0 76 62 53 0 0 80 22 59 0 23 26 49 89 77 119 0 82 1 56 31 28 0 24 96 7 114 63 104 56 72 40 48 18 84 72 48 63 42 12 109 68 8 40 136 4 85 28 55 45 69 91 63 78 79 72 18 49 5 101 0 52 7 174 72 108 149 151 117 0 128 14 96 100 0 46 78 106 28 28 0 149 0 42 57 81 36 28 25 40 24 14 38 60 0 75 4 137 28 38 47 28 14 4 3 98 86 84 119 148 5 0 113 0 89 0 66 120 30 60 61 14 21 5 108 86 58 21 8 29 37 3 0 75 0 112 82 18 61 0 60 81 82 36 8 30 95 5 0 0 37 87 16 82 0 14 56 29 23 90 63 0 0 23 141 4 46 32 34 41 69 18 0 8 58 9 0 100 18 102 0 62 0 24 18 4 44
134 57 151 3 44 81 117 102 16 85 0 99 88 15 30 32 105 15 87 85 66 63 0 16 72 0 128 126 21 60 76 62 52 26 74 23 26 106 78 0 0 0 0 57 21 47 46 86 25 72 30 43 50 15 26 0 7 42 4 0 24 12 0 194 231 48 64 87 90 77 0 63 46 35 131 126 0 6 4 154 49 72 0 0 58 0 0 106 75 35 0 36 0 129 0 55 103 129 72 56 96 15 0 12 9 57 0 38 94 50 49 9 65 263 72 108 0 40 0 62 156 30 102 20 97 27 36 102 0 16 97 36 54 28 23 186 0 3 65 0 72 80 67 0 135 87 50 44 0 81 0 18 87 78 0 1 102 12 83 84 4 9 53 12 146 42 132 151 0 80 26 151 67 30 44 50 3 12 3 42 0 74 140 12 0 0 27 40 78 120 139 102 153 54 131 40 0 0 32 64 30 0 21 7 60 150 56 103 42 126 44 72 0 0 54 4 8 4 45 0 78 24 7 0 0 38 63 60 0 93 56 32 0 16 73 32 143 0 44 4 5 15 9 42 104 30 105 24 0 58 69 25 42 140 24 60
30 0 82 45 38 72 87 56 8 0 0 148 34 27 16 75 87 44 96 194 154 10 133 15 72 109 0 63 72 54 27 73 92 17 48 105 29 81 67 41 158 88 74 71 106 18 41 175 35 74 32 183 45 24 20 28 56 0 64 28 114 52 92 105 20 8 105 5 0 0 81 83 0 132 30 28 61 53 7 59 6 57 56 60 0 47 9 69 75 63 118 141 5 80 47 40 92 0 180 147 122 64 93 39 0 15 152 7 42 121 64 63 63 78 52 0 24 0 146 0 32 78 16 30 126 61 49 32 194 58 75 5 0 47 35 4 173 20 21 68 68 24 0 56 24 98 180 33 27 88 79 0 0 82 41 60 126 30 6 6 144 40 122 61 21 56 86 100 18 65 135 93 90 35 73 145 66 103 148 50 111 62 174 16 124 66 28 0 36 139 40 0 20 0 170 0 60 145 83 0 12 18 30 76 0 49 85 101 250 63 92 113 7 8 54 89 44 97 25 201 8 92 56 96 0 28 159 106 91 177 32 309 69 29 27 11 0 36 10 30 0 64 10 50 18 75 123 72 117 0 8 106 26 0 104 15
37 8 63 27 202 27 72 52 56 31 62 33 79 39 49 40 6 30 24 76 0 43 89 50 125 110 119 28 24 118 75 40 76 0 32 52 36 84 124 57 102 44 35 74 134 24 22 48 72 57 60 119 5 0 21 99 41 15 19 0 32 40 165 52 99 40 35 137 20 79 0 20 6 51 82 32 72 0 5 92 0 21 149 21 82 18 39 4 95 99 24 8 36 77 55 90 28 59 20 43 71 30 85 108 115 18 96 0 24 15 120 116 40 64 118 114 75 95 206 98 42 46 86 8 79 75 21 91 54 40 36 140 81 106 42 40 58 35 42 28 35 109 63 148 0 99 64 0 49 18 28 62 37 0 7 0 12 21 121 57 53 6 130 47 76 12 0 22 48 28 142 44 0 62 101 97 96 55 0 14 24 48 24 0 54 36 20 124 24 58 84 30 0 14 175 31 18 73 28 140 36 5 4 65 100 93 29 76 6 81 12 75 111 63 92 99 52 68 0 64 48 130 70 46 9 67 30 62 50 32 81 63 85 39 56 72 107 100 46 4 7 73 113 36 95 26 84 39 30 43 10 12 102 56 167 104
0 69 89 121 0 16 112 182 85 49 55 49 114 24 144 32 111 0 35 56 48 45 194 8 27 61 10 24 124 42 81 50 35 16 15 60 24 28 181 64 68 81 44 134 77 53 124 97 31 77 29 101 59 24 60 22 68 90 30 0 86 40 20 9 0 6 45 8 30 51 7 55 48 161 36 63 47 0 5 18 9 7 122 66 59 66 162 54 20 79 15 88 0 68 139 50 28 3 80 89 102 98 60 75 64 20 144 16 60 46 110 0 0 113 83 56 16 79 53 80 38 9 131 107 254 70 41 81 61 36 12 82 4 29 88 122 98 36 46 105 84 54 46 18 149 134 70 50 63 24 43 12 102 48 2 20 38 64 42 129 92 5 127 33 43 0 60 77 90 76 66 147 30 16 144 57 48 56 0 24 30 0 31 52 64 42 68 27 0 104 0 76 11 52 96 36 93 67 32 60 32 98 16 28 179 18 80 41 2 0 124 8 0 22 67 37 0 214 13 167 59 0 41 38 17 48 97 9 44 93 63 152 121 57 97 56 63 139 118 68 66 48 38 45 16 25 124 76 121 23 33 37 21 39 46 48
56 0 138 15 38 101 192 42 18 124 92 24 70 126 29 106 0 95 146 231 36 66 48 93 0 0 3 76 64 16 6 66 99 73 40 0 0 150 126 83 64 96 48 94 49 85 54 40 48 48 9 51 77 39 80 68 60 65 0 8 0 147 0 43 22 19 4 30 54 38 106 149 0 28 131 117 40 111 57 64 38 22 28 54 90 8 123 89 79 38 32 126 0 111 0 36 86 16 9 76 0 60 36 35 12 28 66 134 54 29 37 62 0 70 52 39 0 39 9 159 29 33 139 74 57 26 59 33 80 32 45 28 47 36 15 102 35 44 105 54 33 56 91 65 55 0 99 8 24 78 78 46 30 4 51 133 51 56 98 133 88 0 165 0 89 58 146 24 67 28 90 24 48 35 68 90 36 36 74 50 36 63 103 48 0 18 0 86 76 74 27 18 61 25 18 0 54 84 6 103 72 8 36 81 18 93 106 147 92 108 34 21 46 46 0 3 9 0 117 48 25 0 10 0 21 8 83 14 124 42 66 48 7 16 1 43 18 32 32 0 0 0 110 26 46 91 52 27 76 80 16 91 53 72 112 89
39 8 113 75 136 12 175 78 72 66 12 22 63 17 46 52 0 40 44 38 206 57 34 27 42 148 173 41 7 16 81 46 11 112 87 54 138 68 48 59 72 61 50 169 106 80 26 134 34 72 64 126 125 67 9 42 109 10 46 98 10 49 88 27 50 9 153 136 12 0 40 0 44 80 8 30 40 137 48 86 5 60 98 89 0 25 63 98 104 200 76 99 93 100 66 104 26 31 111 50 90 48 93 188 64 71 189 94 72 0 173 28 65 158 122 35 74 96 0 64 102 69 36 22 52 33 130 44 257 63 7 0 131 94 82 96 0 229 72 52 72 143 128 95 3 47 159 9 42 0 76 26 102 81 32 28 248 169 64 45 136 0 168 42 142 66 48 3 83 118 34 135 30 97 116 0 152 129 46 73 83 120 178 48 183 76 84 120 53 144 22 38 90 0 148 88 124 64 109 101 135 7 60 128 24 112 119 65 258 158 39 43 70 143 2 0 175 89 32 42 129 129 80 72 12 100 104 135 164 117 33 100 70 1 21 0 104 132 48 126 4 51 8 81 108 16 120 27 79 6 155 105 98 48 170 36
40 36 105 36 107 18 20 94 10 156 77 80 139 84 30 112 181 115 94 45 24 35 105 19 107 127 232 139 0 130 8 126 117 56 34 58 107 68 32 23 123 83 10 74 83 4 81 199 6 11 44 81 3 44 1 92 35 31 25 17 20 21 130 0 105 48 30 256 72 55 22 18 25 0 72 125 31 4 0 63 55 131 128 5 144 42 76 56 103 119 24 0 38 52 53 0 5 97 178 109 105 40 12 48 128 59 8 81 75 31 192 139 36 0 84 138 153 118 115 114 98 64 46 70 81 101 68 64 6 0 28 35 135 41 79 5 0 61 77 28 8 72 66 223 17 54 64 25 106 32 5 43 3 20 5 6 9 31 60 14 0 175 113 107 198 4 35 54 20 127 67 0 75 123 24 127 48 127 14 72 80 63 46 0 14 113 43 145 0 100 5 78 35 105 103 45 110 21 123 190 74 66 14 7 82 69 1 65 75 165 93 136 208 107 46 126 7 82 79 37 64 121 114 42 30 56 37 148 164 72 3 72 71 41 207 45 97 36 16 159 1 124 66 64 72 88 168 103 95 35 81 19 13 96 107 102
27 45 79 170 52 0 27 101 73 56 0 88 62 6 26 127 36 146 30 59 95 42 86 6 88 113 26 34 96 170 100 147 66 52 102 16 0 0 48 26 126 0 108 52 132 39 97 125 49 12 68 95 123 41 18 45 32 20 121 0 25 85 130 116 74 0 0 54 0 0 0 71 10 72 0 82 0 92 56 137 66 25 57 219 15 36 0 29 219 137 10 21 18 58 0 146 20 71 45 32 167 161 94 26 8 18 34 0 70 43 74 120 95 135 14 0 239 133 47 192 139 129 59 30 36 56 21 57 220 63 11 122 91 126 17 18 78 47 72 48 93 80 71 155 80 14 101 5 14 35 11 0 198 85 25 28 79 63 64 0 0 99 14 16 68 0 44 77 85 125 71 78 55 166 41 30 140 67 36 7 0 101 72 25 100 0 64 66 15 0 56 63 0 59 210 25 36 129 70 94 10 9 122 144 96 57 68 114 76 154 41 68 0 4 22 18 0 62 28 96 2 88 3 0 119 72 7 6 39 104 87 50 74 130 137 59 117 82 179 81 72 15 56 42 56 4 90 77 27 3 0 15 243 69 31 49
70 29 102 70 48 38 40 32 83 22 100 49 34 7 91 101 49 249 63 129 50 57 7 50 35 44 85 83 18 20 22 65 18 113 8 27 105 15 34 44 64 87 60 124 51 59 97 116 12 59 52 0 150 214 108 163 55 44 14 0 33 26 100 37 56 56 47 66 12 77 7 30 37 15 29 9 49 11 17 108 99 87 87 0 7 0 58 42 112 120 126 0 34 13 53 67 21 46 90 13 12 0 88 98 91 64 47 57 74 71 21 21 24 125 18 92 0 51 43 177 0 0 7 23 0 24 134 125 111 0 103 39 107 15 39 81 136 63 183 20 54 24 5 65 96 45 89 38 20 48 0 27 20 32 92 18 133 45 49 65 1 79 155 16 115 14 60 119 91 60 70 41 0 111 24 162 137 104 120 76 48 36 114 74 28 35 36 61 0 0 72 0 86 32 32 94 12 88 34 100 64 49 73 45 244 140 23 107 64 41 49 27 148 37 89 78 54 114 43 77 62 27 40 130 41 0 221 48 125 64 27 20 50 136 42 160 36 123 76 7 35 37 85 20 8 44 58 59 28 17 7 73 22 121 136 75
6 58 6 8 116 8 12 2 53 10 30 100 250 4 0 0 175 80 88 2 102 1 95 7 0 102 83 54 160 67 88 32 119 14 49 38 0 14 97 54 0 65 33 88 21 35 45 0 6 72 22 60 3 17 0 55 47 62 35 36 20 109 60 0 148 16 70 55 24 0 46 72 17 88 64 72 127 4 3 3 0 35 123 0 84 66 102 28 85 57 160 12 1 57 111 93 43 56 93 0 63 0 25 68 28 64 72 118 51 0 34 104 36 0 12 90 58 48 68 33 63 88 58 100 83 32 28 111 0 12 55 45 111 4 66 130 15 9 0 6 49 73 56 155 51 117 144 32 85 21 93 39 127 30 46 6 33 11 28 47 110 0 88 12 18 3 24 21 93 0 59 12 40 31 20 39 101 76 7 0 0 57 25 0 63 47 62 59 81 152 40 98 0 68 0 24 12 28 18 106 36 0 0 74 129 60 88 50 48 75 62 7 64 14 75 0 42 107 30 87 18 168 92 60 0 18 36 143 56 7 112 104 32 9 78 32 90 81 13 71 0 28 93 63 49 18 120 146 75 4 0 16 89 27 1 55
43 0 6 15 38 34 1 0 123 79 41 48 47 9 0 12 30 0 29 0 30 44 24 12 0 32 49 16 0 105 21 36 104 0 6 75 103 0 55 9 36 3 22 93 15 45 73 23 56 7 18 43 12 18 0 51 5 0 6 51 88 47 42 101 6 0 26 60 93 51 8 76 5 0 62 0 16 50 0 52 77 65 13 49 0 30 90 20 37 82 32 42 24 6 12 35 20 123 14 26 0 38 24 20 36 30 55 0 80 37 10 0 4 30 15 56 10 133 16 115 49 91 74 56 2 0 8 15 63 72 0 21 100 5 13 54 47 40 100 4 83 30 51 0 42 0 30 35 25 31 13 34 35 0 4 0 45 8 49 109 10 5 65 0 34 32 102 66 70 78 45 34 13 33 24 58 0 48 11 17 0 34 128 0 54 40 0 27 12 29 14 43 35 62 0 113 43 40 40 64 0 29 31 0 91 52 58 114 0 0 39 98 0 0 6 24 30 0 23 51 28 32 46 40 0 36 47 6 87 12 0 45 89 54 48 18 0 98 38 41 72 36 45 48 8 65 83 0 61 22 78 65 12 0 0 84
7 15 124 79 70 65 127 43 5 157 87 165 78 73 54 30 72 90 24 44 83 31 163 30 0 54 66 37 4 38 75 67 0 130 56 28 119 70 48 47 26 25 4 91 48 45 90 36 43 2 71 86 14 92 128 6 0 72 47 11 0 111 52 54 32 16 62 72 42 68 1 27 187 13 72 116 14 75 64 63 78 60 93 127 61 27 35 51 136 137 16 105 32 20 77 51 32 75 36 22 20 71 42 77 71 57 108 12 21 59 87 25 32 92 3 0 9 0 63 0 16 94 40 35 128 70 54 10 157 78 74 0 2 32 67 213 23 192 152 2 88 4 42 108 116 56 60 92 6 0 86 78 71 18 29 97 108 64 30 105 0 14 0 72 138 57 78 16 9 58 74 58 0 153 30 87 74 47 86 40 72 4 121 60 80 73 35 0 16 9 59 76 101 42 65 25 0 68 68 12 48 89 67 0 45 76 82 38 84 76 64 110 0 19 28 32 159 161 106 50 108 16 100 94 16 91 27 103 90 78 46 8 61 54 12 110 0 63 70 70 27 64 191 102 16 161 184 73 175 8 72 115 172 99 106 57
9 4 12 100 54 81 48 83 42 108 137 30 15 45 18 0 84 43 35 94 0 40 99 16 15 74 99 10 30 25 148 114 54 121 62 27 71 40 32 29 128 40 6 144 36 80 99 0 0 48 41 37 0 40 0 44 64 36 23 60 51 100 153 36 24 81 11 54 20 24 103 18 57 0 45 61 2 71 0 83 5 90 163 12 28 18 53 35 41 89 84 8 30 45 18 195 57 30 60 10 33 64 82 86 107 67 32 54 63 28 85 22 106 108 38 25 71 67 20 54 20 100 28 25 29 36 0 32 91 33 0 59 134 135 43 43 0 52 105 27 244 61 195 99 65 0 141 33 71 21 112 26 0 42 91 73 7 0 133 35 66 68 30 0 33 89 0 37 22 51 39 72 54 158 45 80 4 6 104 14 27 67 10 6 46 46 80 27 23 22 0 0 20 144 155 32 47 107 64 18 0 21 41 69 29 198 20 44 28 65 52 54 143 6 81 36 4 21 54 97 57 116 98 148 19 97 69 0 56 55 20 144 173 79 69 122 26 57 12 80 0 68 68 0 42 139 106 38 106 37 66 45 43 0 59 86
0 72 79 6 88 100 18 89 67 15 74 92 135 57 0 0 161 118 32 1 160 26 0 4 41 75 30 81 68 78 54 119 40 42 39 54 56 80 0 26 40 16 18 69 12 109 129 56 61 63 38 87 72 82 71 72 9 22 0 15 20 4 88 78 153 5 0 92 123 3 83 81 56 45 78 18 2 46 29 121 28 3 89 3 0 7 9 12 48 27 82 28 0 6 63 36 44 97 9 0 1 0 35 8 18 52 15 107 72 2 199 0 142 57 6 11 0 50 31 46 30 81 146 40 54 66 24 44 10 50 87 0 177 1 139 54 4 104 89 6 31 246 83 3 72 49 57 69 41 40 118 36 30 45 32 20 101 91 60 24 63 3 68 3 32 74 14 102 40 25 6 103 40 29 30 30 35 24 64 102 0 29 64 96 15 0 47 55 154 163 76 94 68 120 80 113 32 152 44 32 0 0 74 135 73 134 8 93 52 43 16 63 76 0 0 33 69 35 63 102 19 91 18 74 0 39 159 6 143 71 21 0 89 0 18 108 14 79 28 46 30 35 158 45 158 3 63 129 99 24 66 0 140 0 77 25
52 14 42 91 75 16 142 74 16 21 85 80 60 115 104 57 84 67 87 68 99 0 89 15 10 40 12 135 55 87 53 95 56 22 27 0 8 36 96 8 13 25 50 62 190 124 134 153 57 62 131 15 46 0 40 5 0 0 27 72 0 12 45 10 111 18 30 32 33 8 7 54 38 44 30 35 54 1 61 13 0 52 23 72 60 43 74 111 42 73 0 40 2 195 120 100 92 1 151 9 126 12 12 85 87 6 75 42 81 8 40 0 73 129 67 40 87 54 7 65 75 18 115 78 71 70 16 86 5 24 54 45 138 26 54 149 20 95 64 61 94 44 18 40 13 0 36 30 42 85 83 0 5 28 64 10 0 113 119 11 46 20 162 41 78 87 9 0 35 140 18 22 0 0 30 4 0 21 61 54 80 85 9 71 60 35 10 130 144 23 0 36 1 20 24 0 97 21 42 50 24 118 9 97 54 123 28 23 72 0 164 4 0 143 27 48 0 161 77 140 129 99 9 97 0 70 9 64 15 64 0 52 9 20 12 77 76 150 0 51 46 0 67 97 30 34 74 121 63 9 8 54 122 54 38 65
1 40 89 0 46 95 28 85 18 52 55 70 98 4 98 36 45 51 76 82 102 49 0 45 0 0 115 156 68 4 42 29 106 15 10 84 73 80 106 97 46 59 45 17 89 32 8 8 44 54 120 18 127 0 23 79 60 7 8 99 0 72 33 27 16 12 18 24 0 7 11 46 42 78 95 12 152 73 7 27 28 9 17 20 28 41 109 149 46 21 33 63 4 20 85 44 24 63 66 56 19 88 48 58 38 49 60 56 80 49 97 72 16 88 9 1 125 8 31 63 63 60 35 0 110 72 9 0 48 16 21 38 82 0 112 46 0 65 40 48 66 18 116 11 48 55 42 6 177 40 80 0 38 168 15 18 66 73 38 30 50 73 63 53 77 11 16 83 12 21 30 109 69 16 106 25 0 92 32 44 35 74 155 4 30 81 94 18 35 43 0 80 12 95 45 0 168 0 122 48 120 26 3 79 1 83 162 54 0 18 97 0 84 54 0 10 22 12 27 46 12 12 0 56 42 46 161 69 84 77 73 32 86 43 28 0 82 56 34 11 0 7 6 35 22 84 48 25 81 33 36 87 45 18 112 58
56 95 60 55 39 81 82 54 93 128 78 128 180 15 28 16 137 133 12 64 24 34 0 0 82 24 140 75 25 9 134 177 50 52 9 75 19 42 80 151 43 166 36 51 88 42 69 44 134 134 49 51 11 77 31 71 45 70 42 0 0 182 80 36 33 54 42 128 48 48 7 32 27 66 40 69 90 30 60 92 102 27 191 26 15 66 100 64 162 25 37 0 66 0 48 0 0 128 177 88 8 60 120 48 65 94 8 0 24 52 35 12 0 63 40 59 24 0 40 138 55 109 4 55 24 96 150 131 32 55 16 116 171 99 117 158 115 63 58 18 51 202 69 26 20 72 174 36 32 36 132 30 35 98 58 24 32 43 95 0 30 40 107 40 140 40 24 156 32 69 63 58 75 4 15 72 76 86 83 0 54 125 62 39 48 24 192 0 40 20 0 30 0 35 87 62 0 74 5 233 16 32 21 0 109 149 16 133 14 25 32 74 260 0 57 36 72 124 24 115 102 36 32 48 28 78 0 67 62 189 126 12 78 137 58 49 106 30 30 142 0 45 18 36 56 15 92 14 184 74 69 0 66 21 22 52
159 135 180 144 54 165 234 167 27 49 169 176 48 56 15 96 178 10 49 149 70 18 23 22 315 25 153 164 36 62 103 49 56 44 86 117 48 82 90 41 151 0 105 90 21 81 73 249 34 72 31 92 56 209 99 8 7 14 74 48 28 119 126 142 18 60 54 108 170 131 4 58 23 214 118 126 10 141 12 133 96 42 62 81 76 35 67 75 70 75 36 57 32 81 0 223 29 52 66 18 166 68 22 82 70 15 139 42 80 109 83 77 87 202 39 3 32 149 90 156 101 38 135 45 175 0 40 94 110 34 0 91 63 52 14 174 129 30 72 3 3 190 38 152 29 18 195 38 28 102 64 16 116 135 13 26 150 14 16 65 9 35 142 54 56 18 170 81 12 24 19 174 112 97 41 108 74 105 6 19 136 0 111 66 134 23 20 45 64 94 0 154 168 42 142 93 107 16 32 106 19 30 118 116 120 302 88 81 37 243 16 23 67 30 45 88 27 0 46 139 114 16 28 0 63 122 96 16 53 94 80 64 71 115 187 138 36 0 0 72 3 20 12 99 32 20 178 90 21 119 60 117 62 125 62 127
40 0 48 12 72 24 100 68 36 130 55 30 97 0 4 3 63 113 51 86 89 20 163 12 12 36 96 79 0 12 0 7 38 57 0 44 52 15 81 54 7 7 80 64 57 33 24 98 2 89 3 54 48 36 18 72 0 28 44 61 54 114 60 9 33 15 41 16 0 81 53 81 13 54 24 12 4 0 6 4 7 25 115 6 102 58 32 46 9 121 0 18 64 54 8 124 4 47 48 0 93 0 17 224 86 110 28 0 21 9 48 4 30 54 79 169 34 56 48 15 35 12 79 26 57 13 0 0 29 0 10 45 116 75 6 55 139 101 0 0 41 120 65 159 0 154 100 21 67 51 80 35 0 26 38 54 107 0 48 9 60 48 0 52 90 0 0 0 33 43 102 86 5 35 72 17 61 0 128 106 42 85 133 64 45 46 48 79 18 122 80 111 0 46 128 18 83 24 118 92 56 16 14 12 66 111 75 16 66 4 0 106 68 29 143 24 60 77 56 90 20 57 25 0 50 114 92 0 77 0 0 100 26 20 0 15 58 0 9 111 0 38 0 36 94 10 25 71 0 0 72 134 8 48 67 59
52 48 21 73 8 34 12 27 73 76 180 20 69 10 51 35 66 52 137 76 7 161 0 96 27 89 167 102 100 12 65 72 58 97 7 48 70 23 14 47 72 0 19 187 63 53 34 42 42 0 24 93 123 34 79 26 0 173 13 56 54 51 70 8 20 32 49 8 0 20 188 54 25 131 84 6 49 18 14 0 52 50 25 76 59 36 204 79 78 105 36 140 81 63 15 186 21 74 60 0 13 24 32 124 73 36 0 117 0 0 52 56 4 246 32 54 0 0 43 140 18 35 138 0 113 9 155 39 87 21 54 37 94 128 142 132 62 119 46 68 58 14 84 53 19 61 81 0 32 46 112 30 52 7 43 0 96 43 58 36 48 107 158 85 102 72 84 58 22 14 48 80 16 11 24 86 173 126 136 0 21 38 32 18 10 71 6 40 73 4 32 70 33 45 28 20 144 38 36 64 63 23 44 64 95 78 10 99 74 52 110 25 120 43 6 68 61 36 2 99 144 71 125 38 74 39 118 133 108 36 68 119 24 38 129 73 55 112 16 138 0 36 21 55 80 62 134 81 63 35 10 26 0 30 48 9
5 61 60 32 42 39 16 92 87 23 104 0 100 74 21 138 73 71 38 141 5 71 40 50 116 0 0 29 18 12 129 84 128 42 5 48 92 20 121 81 6 65 110 105 42 124 59 109 10 93 117 33 16 155 60 73 100 63 7 56 0 92 41 9 69 21 16 123 29 79 21 0 22 0 40 33 6 44 0 162 95 61 78 34 65 21 0 123 45 72 0 17 4 87 145 8 26 27 32 57 33 19 55 91 146 42 178 54 15 8 103 69 0 51 131 84 39 72 49 20 119 36 36 108 16 94 121 82 90 7 46 38 54 55 51 42 40 67 4 153 30 93 103 65 83 6 114 48 110 24 48 10 131 8 28 12 83 126 9 57 9 5 32 55 70 0 100 45 81 81 48 73 138 169 53 34 64 39 25 180 125 90 81 70 7 131 70 63 26 69 80 143 85 36 28 36 89 117 157 92 5 33 44 78 126 29 116 40 14 48 114 47 88 13 54 30 20 144 24 89 160 137 0 48 18 0 16 68 39 40 9 36 96 42 105 39 124 159 100 68 0 78 7 56 74 0 68 0 0 23 145 66 20 76 88 51
17 5 158 0 127 56 77 46 158 54 88 78 90 31 0 11 234 87 140 103 21 10 114 110 117 66 25 48 110 50 0 18 131 9 30 98 54 79 16 110 90 57 56 90 85 6 92 72 30 88 69 73 72 28 41 135 35 30 32 28 106 57 91 62 79 42 32 173 96 30 22 101 5 63 0 70 12 89 2 6 0 71 0 35 68 8 80 68 15 84 62 75 166 72 102 16 22 0 35 45 72 45 86 155 149 10 82 0 0 31 40 0 0 101 49 119 16 138 50 21 121 36 104 45 65 0 136 18 25 42 76 42 7 52 87 41 92 99 36 7 105 234 40 45 54 70 50 58 89 53 49 0 0 16 77 49 45 0 31 64 173 10 99 27 81 170 75 204 105 72 262 80 90 35 109 105 8 75 53 107 87 12 16 135 40 121 157 72 101 86 81 15 20 127 63 102 126 161 20 69 89 18 81 79 19 171 5 82 32 14 35 15 103 23 40 54 68 98 12 165 49 92 84 164 0 0 163 25 138 135 0 142 121 13 62 35 126 39 14 45 25 66 90 53 88 8 12 56 9 28 166 56 20 52 224 120
52 23 136 52 89 41 90 92 113 30 48 78 34 40 150 9 0 57 34 0 81 82 70 24 1 81 103 146 92 81 172 101 30 108 0 54 139 116 56 130 21 80 42 121 27 55 32 188 0 0 33 43 35 64 31 0 78 99 18 119 25 40 32 30 6 120 117 83 0 0 55 153 92 202 30 90 9 110 6 24 44 120 17 88 0 21 70 90 146 81 40 232 85 0 48 54 130 60 3 6 63 99 7 98 71 80 206 56 34 36 72 9 48 103 12 91 6 78 42 84 200 152 146 119 123 54 0 57 189 63 0 21 56 13 112 146 7 105 35 9 121 4 158 18 46 35 84 51 45 19 10 52 81 28 12 84 126 18 43 67 0 147 36 8 54 140 199 15 0 72 6 36 31 50 39 0 108 23 135 37 17 72 102 36 63 186 0 24 59 82 24 100 90 100 45 166 204 15 115 99 30 30 88 87 35 176 75 148 49 21 0 110 16 6 65 6 130 108 69 160 39 7 99 23 58 190 131 111 29 74 154 77 21 7 12 63 15 119 19 315 63 25 87 30 83 96 11 131 223 48 130 127 6 69 107 74
54 72 93 51 36 44 4 28 29 49 60 78 0 42 98 104 104 70 60 69 113 74 0 22 61 62 9 35 0 43 0 30 0 121 2 45 28 50 92 54 150 0 88 47 12 55 101 32 188 37 48 104 58 101 35 34 0 36 41 6 0 8 106 155 46 14 44 112 66 54 20 0 0 14 76 44 0 55 18 70 71 0 0 71 129 28 65 56 91 43 8 42 16 38 60 77 76 83 30 28 27 14 126 22 0 12 36 76 42 69 88 209 0 127 56 30 82 132 83 61 134 98 44 8 64 54 30 90 4 2 79 93 12 28 75 143 79 7 35 63 12 82 24 86 89 105 93 16 0 0 50 63 26 172 2 22 0 2 98 0 56 29 20 28 121 25 155 24 0 16 76 117 116 99 34 28 0 0 9 8 0 77 27 38 28 85 74 66 3 12 204 162 64 20 129 37 26 0 54 112 24 55 91 88 81 78 8 68 34 73 45 58 103 54 176 43 9 28 23 81 111 149 4 24 105 87 26 18 8 117 24 0 37 94 59 112 0 96 152 80 0 34 16 40 0 18 120 0 87 6 32 40 68 32 36 49
40 122 66 28 88 24 34 46 28 0 75 21 58 65 0 31 42 38 54 66 43 57 68 21 75 14 38 2 7 104 45 70 51 6 8 30 59 8 52 12 98 154 43 113 51 12 49 14 112 95 8 20 0 51 1 14 25 16 63 0 48 42 43 0 37 30 38 43 160 86 41 28 60 18 90 115 27 28 24 18 28 45 39 65 16 48 72 0 26 34 6 0 69 117 46 6 34 30 43 45 64 30 58 50 92 0 50 50 76 6 29 88 0 46 0 77 38 38 3 49 120 74 8 36 86 24 82 20 0 0 68 66 29 66 64 9 28 0 44 66 0 84 42 46 49 0 98 8 70 0 108 96 30 89 18 52 10 32 29 5 15 14 102 9 61 59 37 4 0 90 21 119 22 35 36 71 16 47 20 0 32 1 16 93 0 18 32 6 90 42 24 0 82 113 42 82 20 20 14 107 30 0 6 11 0 73 18 12 43 28 86 40 119 30 35 63 0 6 30 56 36 18 4 30 0 30 52 58 36 50 67 88 26 22 50 25 50 88 115 126 0 49 0 9 24 45 40 87 109 3 43 0 60 39 81 43
38 72 91 152 142 79 138 34 85 50 132 114 119 48 72 0 27 96 16 35 85 91 77 43 3 60 43 3 19 86 59 171 3 159 32 89 169 20 84 152 48 47 48 265 115 32 21 84 55 18 23 33 125 135 71 22 25 60 21 96 18 89 134 130 46 168 175 79 80 53 67 12 109 155 0 51 51 18 42 88 72 90 54 40 63 26 112 90 150 306 114 49 28 29 12 121 144 98 12 5 32 41 64 115 317 39 112 75 91 77 67 10 10 120 41 90 132 47 18 201 162 257 38 120 92 167 42 90 38 50 73 24 68 64 51 135 24 217 126 93 163 83 135 36 151 7 96 28 71 27 47 54 0 88 77 51 116 60 102 4 100 16 141 55 134 8 102 12 3 73 105 214 91 96 131 75 36 131 106 68 101 81 238 155 53 107 76 215 9 126 77 108 69 68 84 246 270 72 104 104 34 18 169 55 38 100 59 18 153 42 41 14 86 56 43 87 189 99 57 77 381 75 28 32 10 42 174 99 55 96 48 147 78 135 108 178 20 99 27 142 45 37 36 46 83 70 106 94 54 0 57 93 50 0 85 189
7 51 193 266 63 164 111 35 101 65 96 70 91 64 80 54 27 103 142 127 88 152 53 91 10 162 0 156 21 125 42 71 74 42 0 52 40 76 201 27 38 24 78 252 54 108 16 134 7 96 104 6 76 48 0 136 180 128 0 89 45 58 112 16 48 54 32 34 107 54 0 116 90 194 0 150 42 57 4 46 75 39 74 135 23 36 151 10 104 124 6 92 40 112 97 135 8 129 101 79 64 91 22 77 41 40 146 0 47 141 95 8 18 112 41 20 141 160 36 63 116 30 70 36 176 80 106 74 108 110 82 6 52 89 95 50 126 37 18 55 92 92 37 30 92 35 36 96 42 82 180 91 43 86 91 4 16 153 0 140 51 150 63 42 6 71 232 52 131 22 102 42 162 74 24 48 36 108 32 209 12 56 169 78 50 31 91 66 60 19 0 58 96 129 171 126 126 36 26 40 63 80 201 102 109 118 15 169 148 66 0 96 43 92 49 84 0 100 68 221 111 45 20 42 0 133 114 66 130 117 36 107 74 20 48 128 80 24 60 66 65 24 40 78 88 30 46 157 66 48 76 35 40 0 182 58
51 0 48 0 0 16 16 52 51 191 45 34 14 0 2 8 72 136 60 205 81 70 47 22 62 237 69 0 81 23 73 0 23 46 20 113 74 32 12 70 95 22 74 134 65 118 41 84 27 46 72 64 9 88 65 59 67 0 16 49 0 16 85 53 9 28 68 52 0 0 43 0 40 117 15 32 14 47 14 36 3 168 55 157 39 49 4 84 78 113 44 0 34 41 38 0 64 0 115 110 7 45 60 106 76 0 16 32 117 48 2 62 0 7 35 15 24 0 121 6 73 25 93 127 44 21 40 139 136 2 124 4 124 54 101 104 88 155 31 40 48 34 89 63 0 137 84 8 35 92 23 6 99 117 115 28 93 81 18 62 21 68 124 132 186 12 0 64 66 24 24 111 35 42 66 63 9 62 12 48 81 42 95 24 32 89 79 14 24 48 138 59 64 6 28 16 117 0 128 43 36 49 41 109 126 54 71 97 37 0 70 74 95 6 23 36 40 144 15 188 9 27 8 0 39 149 79 135 34 79 63 14 100 58 76 32 18 63 13 55 153 10 6 59 27 46 103 37 196 45 64 137 28 63 28 55
32 12 25 8 74 37 29 159 104 32 20 41 72 96 42 78 7 56 24 86 8 19 84 0 6 63 35 16 53 47 40 28 86 19 24 35 0 62 72 61 0 51 0 81 36 46 8 82 100 44 5 42 12 36 17 123 27 34 6 21 0 114 20 56 171 50 6 143 48 6 56 82 38 0 130 47 16 19 116 16 54 12 62 48 40 25 41 63 143 76 75 67 20 0 86 15 39 42 34 86 92 93 12 56 14 9 57 0 12 43 103 59 20 0 42 28 215 38 119 107 47 30 40 173 76 20 45 56 19 85 32 88 39 8 92 96 141 0 153 75 18 118 60 45 28 221 150 0 0 0 91 43 72 94 35 0 115 1 38 44 18 69 40 11 99 81 55 52 44 121 106 40 68 0 6 0 16 97 13 16 16 111 16 81 190 104 62 16 16 66 99 140 0 28 0 0 3 40 128 64 0 36 46 0 174 77 59 67 126 98 26 37 72 0 77 14 0 121 60 87 67 106 39 6 27 45 17 135 70 107 138 24 29 0 93 76 32 48 30 67 20 0 52 88 64 21 55 89 105 16 62 118 12 0 47 63
80 30 27 189 7 25 37 65 155 8 8 104 65 48 26 36 54 52 36 108 28 46 80 4 0 70 32 10 44 85 113 190 45 1 49 20 68 60 36 95 27 0 113 120 108 53 58 83 72 35 20 48 22 39 32 50 69 9 57 0 9 42 135 32 25 55 48 71 36 9 0 117 30 115 190 0 53 24 48 27 4 115 59 3 0 21 102 57 14 75 12 54 2 88 10 123 30 21 95 45 96 82 0 58 61 16 104 0 0 73 9 16 8 118 44 107 71 36 63 169 32 61 74 70 8 32 67 8 44 41 17 55 194 64 59 14 115 40 153 38 75 178 65 103 215 0 96 68 0 0 36 95 18 76 40 84 93 3 4 92 35 2 87 48 138 72 55 0 5 50 10 51 5 54 39 50 84 68 2 86 92 78 165 0 42 93 9 43 2 63 72 98 25 1 129 94 43 181 108 65 0 24 13 70 72 12 30 160 60 83 64 14 66 50 9 55 0 83 57 96 67 101 10 45 61 44 119 187 41 62 112 41 44 3 40 69 24 57 74 24 0 40 16 71 0 24 62 106 125 26 0 85 86 62 0 104
42 0 80 26 48 130 118 134 26 73 2 80 85 114 54 15 75 185 28 49 99 32 63 52 8 9 99 69 141 30 48 195 88 117 30 35 9 52 91 106 77 128 2 23 21 26 57 23 50 56 143 44 124 51 97 45 9 62 0 45 28 65 67 0 0 0 93 69 63 21 47 61 26 91 82 35 41 67 0 83 49 12 122 69 11 35 5 84 154 95 4 8 46 50 45 123 74 74 38 6 54 96 24 96 88 48 0 86 113 0 125 20 63 215 5 94 26 84 178 121 71 27 242 82 134 74 14 96 149 32 96 49 113 96 56 38 81 155 147 69 24 114 52 77 113 12 72 50 49 14 116 33 9 171 20 5 57 43 131 60 28 20 18 37 64 24 58 38 56 43 66 118 65 25 83 112 113 67 35 66 0 72 42 119 18 43 47 147 15 41 106 81 68 72 112 26 66 72 37 56 79 49 89 83 56 188 32 90 18 93 62 33 86 25 68 34 21 125 120 226 93 23 57 109 9 104 89 25 13 94 68 18 109 41 9 112 44 43 55 0 64 10 127 87 43 34 52 66 11 105 26 82 90 111 127 15
9 80 48 93 28 41 35 183 26 38 49 16 99 130 116 124 18 34 32 76 62 20 133 61 70 0 0 71 16 45 72 49 2 28 48 30 3 99 132 81 72 106 19 83 48 17 86 30 62 24 148 0 48 76 0 89 4 0 23 27 0 151 120 34 62 65 84 77 0 24 0 128 8 84 87 101 126 57 50 35 12 81 45 67 121 11 156 158 193 127 34 70 15 68 0 43 42 5 47 122 109 121 6 20 140 26 94 42 83 100 76 113 75 80 55 126 105 42 45 46 5 130 76 91 132 118 9 96 118 51 96 91 26 28 76 35 66 56 202 121 74 112 87 117 8 85 56 16 36 45 6 57 63 99 39 63 6 22 40 63 9 55 45 68 49 41 76 6 31 8 14 146 55 44 64 20 136 0 0 39 45 50 53 89 146 56 41 110 28 140 0 54 35 149 160 0 83 8 120 74 68 32 66 35 215 61 88 88 57 45 54 93 64 11 52 48 30 147 20 72 32 85 100 21 21 77 63 78 49 125 40 55 98 100 71 131 121 76 19 60 17 59 43 0 92 51 0 64 119 24 0 82 54 43 75 95
170 18 46 200 70 10 41 86 36 46 86 52 42 16 80 24 42 66 2 150 170 196 91 23 67 125 74 62 74 20 62 51 10 68 8 54 46 38 0 12 65 45 35 137 133 88 185 96 72 42 56 0 84 147 146 50 106 74 46 45 36 92 81 60 80 9 59 140 27 14 15 29 42 240 59 69 13 101 53 180 0 69 143 31 45 49 108 44 97 78 52 0 37 79 82 66 71 89 126 52 84 130 28 123 72 78 9 41 42 189 133 94 71 146 25 92 58 121 53 55 62 62 159 128 98 64 0 40 0 0 56 37 187 53 92 60 52 79 66 70 38 172 68 57 131 77 127 63 0 14 0 25 44 15 77 30 45 0 18 21 36 0 66 16 77 34 66 139 56 95 7 67 92 34 39 66 59 62 25 87 36 62 110 56 92 0 48 115 24 61 146 24 79 40 0 120 96 23 21 109 13 117 48 80 28 79 60 101 67 65 133 39 1 121 36 35 0 36 34 132 66 18 44 86 52 27 143 0 122 58 172 32 33 132 78 77 0 0 81 59 54 85 74 99 2 88 208 59 119 40 7 63 76 79 146 101
27 101 27 16 102 48 97 0 27 69 0 38 0 44 0 0 75 51 148 46 30 41 20 6 24 54 235 157 165 83 139 105 122 28 12 15 28 12 118 70 48 76 14 107 63 76 76 6 9 41 102 0 121 30 0 81 55 54 19 0 128 99 15 0 69 6 4 51 21 34 122 35 69 63 70 0 68 34 49 9 86 15 98 37 128 21 73 60 114 18 143 11 69 101 0 110 6 112 45 81 8 33 36 55 47 20 104 84 0 25 3 0 81 84 51 20 135 92 21 270 72 18 107 45 130 36 75 72 54 48 27 58 64 24 35 48 30 0 48 49 138 27 128 170 156 119 45 15 197 0 167 26 98 72 0 21 36 7 84 31 55 143 146 5 0 0 171 88 0 0 3 75 12 40 92 117 58 139 0 72 0 63 87 69 71 102 68 55 0 65 52 50 57 111 128 66 124 39 76 93 73 0 32 101 66 146 86 92 49 30 72 20 56 39 24 60 49 27 67 177 45 116 86 0 31 65 218 49 69 9 79 54 0 24 67 128 103 2 122 86 6 0 0 61 8 0 185 58 0 6 35 60 83 27 129 31
53 16 6 104 48 0 72 8 122 6 80 31 0 58 64 89 71 7 40 73 165 8 65 14 20 46 55 64 56 21 15 49 106 45 0 5 39 8 113 16 8 32 78 63 40 57 0 24 42 11 44 0 64 109 0 9 0 112 42 3 12 57 111 136 30 0 0 68 10 87 43 8 0 176 35 53 54 16 60 104 62 36 132 28 91 71 139 0 109 192 0 8 13 29 10 123 0 69 0 2 58 52 36 134 24 20 0 28 0 2 44 45 9 121 56 120 56 87 13 113 49 204 0 36 111 119 28 33 0 42 12 8 56 65 26 42 91 48 0 0 0 56 18 65 29 61 0 16 0 74 26 36 36 19 16 42 88 36 114 48 0 40 146 28 20 0 79 24 2 47 64 35 28 88 51 18 32 51 146 0 20 0 122 61 77 9 10 98 13 3 8 0 57 54 87 53 186 20 24 41 3 16 20 31 48 92 26 8 137 72 20 89 52 32 72 0 0 0 44 0 45 48 22 24 40 15 16 59 43 9 105 144 32 70 68 56 0 10 89 170 0 76 15 17 0 42 109 56 53 5 53 56 102 40 35 26
72 38 97 72 41 76 73 39 67 195 146 18 0 48 81 2 75 142 110 93 40 56 101 9 8 35 65 56 69 36 123 0 59 128 94 49 50 60 59 6 63 137 37 142 194 30 149 61 14 45 94 84 112 32 106 96 0 54 47 7 58 25 66 0 6 21 126 112 0 69 51 28 0 124 42 69 42 107 20 21 7 72 86 131 57 58 0 5 47 161 4 84 22 62 49 206 24 46 86 59 59 52 65 146 74 66 65 0 62 39 0 42 18 63 148 4 47 58 30 127 8 181 72 124 93 107 98 129 166 160 43 44 168 75 89 28 76 24 130 6 242 126 224 124 33 86 54 67 0 48 75 32 122 24 48 11 20 23 66 61 42 55 129 10 140 33 50 159 114 183 7 106 25 17 83 85 89 54 58 56 0 67 20 60 20 63 114 16 11 99 16 147 97 30 165 67 0 62 14 64 83 54 70 12 108 77 42 112 73 56 30 51 91 54 40 44 41 143 0 161 60 163 4 63 71 8 80 66 108 156 68 28 14 108 42 223 71 86 40 65 61 0 91 64 97 14 71 179 0 0 34 12 147 49 51 66
72 8 33 0 35 49 48 45 35 18 4 0 124 55 103 0 24 0 0 40 24 0 0 48 0 0 73 52 0 124 89 67 107 0 0 4 0 0 0 120 0 0 0 16 42 21 0 5 0 7 162 0 104 6 35 48 0 7 40 0 30 32 66 35 32 72 42 100 24 0 88 82 0 72 56 32 103 49 0 0 0 70 42 18 7 0 45 67 20 48 24 0 12 13 100 8 50 8 4 40 112 0 0 107 147 0 68 0 32 0 0 0 54 132 28 127 53 24 24 0 0 92 32 40 5 0 0 18 10 0 75 0 35 32 35 88 50 91 99 57 30 42 30 0 0 35 105 0 48 56 78 54 46 76 5 35 87 0 136 90 5 0 0 0 113 0 87 8 24 98 164 102 28 10 26 66 0 68 80 56 88 0 0 76 35 6 141 106 36 54 0 0 60 85 0 128 25 0 0 104 0 111 66 30 40 79 53 91 35 6 56 10 40 0 56 84 0 0 44 84 47 63 5 102 0 80 141 108 59 0 0 60 0 24 0 0 32 100 48 16 72 40 127 68 32 32 0 42 40 0 72 0 0 0 92 85
100 48 159 164 171 0 191 28 41 37 77 48 86 16 94 24 48 58 61 57 4 79 67 100 119 105 41 80 42 59 24 130 36 186 1 10 72 68 98 67 73 205 59 103 70 45 128 293 88 14 168 35 0 133 63 30 80 99 12 28 16 56 6 56 0 106 83 98 96 50 62 17 71 136 24 24 14 78 52 33 28 79 93 80 69 46 32 5 154 18 40 32 95 125 85 5 181 48 109 18 60 67 0 112 65 0 110 72 8 57 64 24 1 94 68 144 72 128 28 95 71 132 140 100 125 112 174 139 69 113 75 58 64 33 64 97 14 72 35 14 82 65 148 74 57 1 58 6 35 43 114 26 47 27 13 26 20 56 71 85 0 32 187 76 51 169 172 67 0 132 46 77 54 15 40 7 74 70 98 14 37 21 4 90 60 0 10 8 53 28 45 77 24 148 32 78 83 37 66 17 6 0 55 128 135 87 84 78 78 0 103 123 63 60 147 5 36 52 15 75 169 126 131 80 80 71 8 12 91 74 84 63 0 84 150 161 143 28 91 40 9 70 113 36 6 141 105 179 141 54 20 32 147 0 56 86
26 72 31 95 29 72 79 71 2 0 66 10 96 75 0 78 0 12 32 45 87 0 16 16 0 29 20 82 35 54 0 127 40 21 14 2 38 81 42 23 73 72 120 19 73 11 26 27 65 0 0 29 44 8 33 8 21 12 0 0 14 24 6 77 52 57 13 0 0 3 90 28 4 27 0 23 45 152 7 57 4 11 32 60 87 62 21 24 24 0 57 108 1 72 1 69 93 0 4 85 18 28 6 10 58 16 106 0 72 3 10 63 48 34 33 49 34 11 46 75 48 72 34 109 12 7 0 11 123 18 48 0 50 5 16 52 60 5 64 55 2 16 12 64 0 70 72 2 34 15 23 4 20 9 75 16 0 62 40 42 99 54 129 16 130 24 72 14 7 143 27 55 90 99 27 36 95 36 20 9 15 72 81 0 46 0 0 27 84 136 0 62 28 50 0 24 79 16 48 38 31 58 86 113 84 244 72 98 141 41 18 10 11 35 0 36 46 21 10 76 49 16 20 0 136 18 136 7 112 34 8 8 0 103 8 81 33 195 63 67 0 24 76 20 36 7 14 70 43 4 0 38 22 17 99 38
73 102 92 81 84 33 59 82 43 10 64 58 52 35 45 6 64 274 103 90 32 4 42 5 11 52 41 42 77 20 37 24 48 142 14 145 80 0 28 73 5 32 109 173 74 46 56 5 45 69 32 63 108 33 31 150 57 30 27 71 8 44 22 12 105 45 41 40 85 8 103 23 44 188 116 102 121 75 0 111 15 9 133 31 0 30 72 119 144 37 77 19 91 98 16 60 73 115 30 26 36 0 24 154 74 81 70 106 0 45 20 72 81 6 34 123 62 125 27 194 162 47 97 153 14 31 49 51 0 26 75 52 22 59 30 149 14 90 101 32 42 310 95 16 84 49 84 88 45 0 51 53 49 0 104 80 145 3 81 70 63 54 96 23 25 56 22 56 24 3 40 84 71 27 90 145 89 137 81 87 23 140 76 174 36 72 88 172 0 42 56 54 20 81 40 15 73 56 80 90 64 55 81 98 145 40 59 86 56 58 53 0 142 58 8 76 0 48 48 60 60 133 8 0 32 69 107 87 132 0 142 63 76 48 47 35 37 83 99 15 0 49 162 10 81 0 59 92 124 51 0 179 111 50 39 49
1 27 73 39 139 129 2 68 21 0 0 72 0 25 116 23 0 139 68 22 32 9 42 54 18 64 26 85 96 6 4 78 87 18 4 0 38 80 163 24 38 76 24 122 40 114 24 56 83 2 122 2 0 12 41 0 9 99 12 0 112 18 0 45 4 46 4 12 42 3 56 119 30 45 34 0 26 85 63 79 20 0 0 75 27 30 72 0 116 56 24 92 0 38 95 15 0 27 63 0 11 57 0 16 126 67 81 38 102 24 150 27 112 74 4 22 56 85 102 79 38 36 77 56 10 54 82 92 92 32 73 9 30 82 64 66 0 51 8 0 40 72 14 2 0 25 26 88 20 8 56 21 12 82 0 6 34 77 82 39 25 102 52 2 94 89 113 0 49 30 15 8 55 39 72 83 28 47 0 55 20 0 40 139 15 18 16 32 0 97 6 32 9 45 0 49 16 0 0 76 78 0 49 94 91 137 92 56 33 6 39 36 167 26 12 0 16 152 33 113 92 84 0 0 54 45 234 20 30 111 105 0 70 31 146 24 56 28 15 57 93 0 0 36 80 0 60 15 91 4 45 36 62 0 110 60
34 9 151 34 24 39 72 98 28 9 10 78 161 3 82 19 98 77 66 214 39 22 45 111 0 87 71 127 52 29 10 110 22 97 0 5 81 44 233 27 143 112 36 123 86 66 15 116 1 67 30 45 31 56 112 24 61 60 73 38 84 96 32 8 99 136 22 56 36 14 3 97 66 78 40 45 0 0 32 70 93 44 121 24 76 0 62 71 32 0 16 12 42 233 164 85 105 50 36 79 69 49 57 46 44 5 39 133 112 155 29 94 9 244 24 27 56 99 54 94 26 0 55 1 131 62 145 98 38 102 65 74 59 20 28 165 53 157 93 65 49 42 69 89 101 57 161 158 5 110 71 24 0 9 80 11 63 8 71 91 1 23 42 26 90 16 139 70 9 49 40 23 70 23 133 60 3 119 99 0 9 10 109 4 111 27 43 22 66 54 0 1 35 0 89 99 60 15 25 92 79 67 0 54 135 42 29 188 122 20 109 63 107 16 117 96 8 176 56 168 70 90 5 79 9 19 159 74 163 40 77 36 9 116 12 95 121 101 41 29 47 40 9 65 5 86 87 108 0 18 25 78 0 136 98 50
2 15 6 42 79 0 40 15 56 77 115 63 5 1 0 12 72 98 8 57 126 40 0 0 0 209 82 46 24 18 6 2 100 103 2 132 112 8 0 132 155 122 46 182 24 71 31 63 14 8 23 54 63 24 109 85 41 41 0 24 0 0 0 61 89 49 116 167 18 32 86 56 107 79 7 15 66 63 32 40 49 26 31 18 30 113 32 40 62 20 43 8 20 12 72 0 58 32 60 2 16 61 85 87 154 38 45 0 72 81 41 260 16 8 72 142 123 92 144 76 0 87 26 63 4 37 0 220 15 67 0 60 74 4 16 51 12 25 80 39 94 67 43 56 59 182 0 4 59 21 28 0 63 105 56 20 31 6 45 19 116 33 92 22 129 8 32 9 71 61 63 60 0 97 76 71 68 70 92 38 25 21 94 8 16 12 22 67 0 66 0 65 14 135 57 141 74 0 5 65 6 117 84 29 88 46 51 26 31 5 70 35 0 8 36 0 0 0 0 6 60 105 65 4 133 105 9 98 38 46 27 63 27 35 216 59 51 63 9 54 6 11 79 49 69 31 87 56 102 2 23 0 74 2 60 75
18 43 19 45 116 84 41 42 42 128 148 91 23 68 14 70 49 117 12 220 193 54 56 16 0 76 84 227 54 6 56 18 127 103 24 78 165 91 64 8 96 129 41 65 84 67 72 53 54 27 130 67 78 98 0 244 82 176 3 70 21 23 52 88 180 0 60 73 90 32 98 36 0 72 64 103 93 11 4 184 163 4 184 74 16 49 22 139 130 16 68 9 28 103 21 53 108 129 172 57 23 0 119 113 64 94 48 64 141 20 104 7 8 129 55 102 130 131 103 148 121 217 32 114 83 102 95 171 62 61 68 67 119 57 78 142 103 108 177 49 119 22 170 10 88 35 112 16 39 52 44 33 0 21 100 40 28 42 44 21 67 20 133 39 25 14 117 207 112 40 48 81 95 170 86 14 127 8 203 136 45 177 53 78 151 112 83 91 4 54 56 97 30 216 132 62 70 70 80 81 0 0 47 13 84 117 247 143 47 51 51 57 98 2 160 15 21 135 31 97 49 71 49 76 54 91 112 28 163 164 73 32 95 139 54 97 56 36 88 16 53 226 72 42 2 62 213 14 170 62 13 96 40 98 223 93
64 56 41 128 94 12 13 41 131 158 141 18 30 80 107 72 30 48 96 96 66 18 91 99 4 1 69 36 10 90 4 7 91 114 44 0 104 60 24 85 91 42 72 112 15 152 117 41 163 10 77 61 30 18 27 15 0 146 85 0 20 79 45 51 81 27 78 111 0 40 149 203 86 72 31 48 50 33 93 8 80 82 93 50 6 74 205 49 156 46 54 93 70 94 1 72 34 147 18 28 117 20 86 79 113 53 64 40 47 44 9 16 0 203 48 226 95 137 72 87 45 106 113 44 50 50 42 111 103 60 80 21 64 149 54 128 24 116 12 28 105 79 117 121 0 91 45 10 60 121 57 103 81 45 61 91 59 18 140 40 72 21 77 19 101 32 46 32 81 117 135 63 123 52 30 61 12 33 72 51 34 84 52 89 124 6 111 121 16 115 102 100 139 183 155 82 188 0 9 97 157 125 192 196 43 208 62 7 253 84 80 101 163 1 65 42 68 49 29 25 10 9 5 8 29 66 133 74 24 48 118 81 17 117 107 115 63 135 76 74 7 45 68 79 147 66 206 74 0 92 79 55 137 0 169 116
49 102 141 47 105 103 72 151 77 36 206 55 147 65 81 72 27 223 0 32 15 33 30 0 10 30 18 112 36 124 49 129 156 68 77 110 70 206 20 55 124 77 103 121 0 38 64 184 110 23 25 63 72 110 36 78 49 16 0 36 2 146 142 115 0 12 82 81 152 64 92 99 16 152 58 21 63 101 0 0 56 20 72 54 35 43 87 41 87 109 32 27 0 126 0 20 68 124 58 27 35 0 9 56 208 121 6 70 80 0 200 29 151 36 48 154 0 52 27 83 50 10 119 122 104 89 24 72 22 10 5 2 40 68 136 129 64 76 63 75 13 170 60 48 58 67 0 45 19 97 114 70 48 54 75 20 25 16 45 63 48 0 154 20 18 74 75 8 67 85 13 110 96 168 40 34 96 110 104 139 0 27 62 157 14 0 20 20 57 119 0 164 32 108 16 72 64 76 0 0 0 45 37 136 88 92 99 135 53 48 60 73 156 53 0 77 0 8 100 38 0 24 57 56 88 78 142 58 180 74 126 50 56 63 83 128 53 16 40 31 32 4 141 121 123 56 40 99 132 111 82 6 72 64 21 74
30 15 73 143 101 102 100 8 15 63 7 0 56 124 18 80 73 196 91 140 49 46 48 28 49 86 54 35 108 21 30 140 130 14 0 24 59 36 65 82 1 10 62 18 31 0 29 45 70 13 58 26 14 48 0 120 29 187 49 56 0 106 51 19 9 76 11 34 2 38 0 120 2 5 19 22 45 39 0 117 14 67 68 13 48 6 161 126 117 53 96 12 32 18 8 18 42 6 75 58 44 36 80 59 103 73 106 81 0 0 23 84 28 0 139 98 2 24 37 75 64 61 54 40 44 70 63 96 52 16 20 150 60 63 6 36 77 38 76 36 36 25 60 162 13 42 44 17 24 16 49 0 54 47 16 27 27 64 56 3 63 5 81 110 83 10 23 62 28 98 86 34 9 33 0 116 101 25 23 75 109 140 56 3 0 53 44 41 0 96 0 33 6 6 0 4 111 15 93 89 101 0 41 67 84 128 72 199 48 8 2 68 41 82 18 66 5 104 0 10 180 58 95 42 30 48 119 11 79 76 45 12 80 106 145 10 96 46 26 99 24 9 0 78 48 78 76 42 48 36 144 103 1 53 67 6
13 40 13 64 98 0 45 11 12 69 56 21 40 55 42 46 21 48 104 88 58 48 40 60 47 18 77 63 41 45 122 39 43 20 8 24 119 0 12 48 90 44 0 113 72 26 32 26 104 69 64 61 55 50 43 43 17 64 16 90 12 59 87 4 24 75 28 26 0 0 79 30 21 54 99 100 36 14 3 107 18 18 107 31 76 27 16 28 5 77 4 62 40 49 87 9 0 48 107 63 30 40 60 46 48 8 26 146 8 34 33 12 18 68 26 0 79 0 33 0 0 43 49 34 54 63 69 0 48 11 52 64 95 88 10 94 36 192 13 102 50 54 9 67 26 6 106 37 96 72 79 0 21 91 66 0 68 81 54 6 18 71 26 52 111 0 93 21 4 51 69 14 34 36 115 112 25 150 125 62 45 1 95 16 62 28 88 42 61 50 0 11 6 40 62 14 57 0 35 105 79 44 53 105 24 93 42 103 100 73 13 32 7 27 12 113 4 95 0 126 52 17 27 42 0 10 11 21 145 64 25 0 3 110 22 106 30 18 12 64 1 7 6 94 12 21 73 84 0 28 2 93 9 91 131 109
69 37 60 141 71 51 112 36 42 0 32 65 26 6 0 68 92 63 6 50 0 34 0 0 26 65 68 50 85 126 92 15 164 73 14 64 73 34 27 26 140 63 48 157 0 59 104 81 72 142 20 61 8 130 10 8 12 27 0 36 89 86 48 10 32 4 25 32 17 24 113 129 47 36 12 29 24 94 0 47 12 17 80 12 60 70 30 0 25 149 30 24 57 33 7 21 40 115 59 27 52 42 43 59 124 54 0 21 63 45 109 49 106 26 72 158 0 128 77 28 0 72 52 24 26 6 6 109 68 4 34 42 78 140 18 144 45 34 64 61 72 94 47 77 66 12 61 56 78 18 43 27 51 16 147 14 72 0 122 127 40 21 25 15 0 12 179 21 61 123 41 6 98 24 86 44 12 43 50 116 16 36 16 0 8 10 94 121 28 28 48 0 48 140 0 245 56 56 37 114 16 36 66 143 147 92 27 139 80 40 39 53 45 39 135 3 22 57 53 205 119 31 30 50 49 35 96 22 169 30 16 108 112 129 63 57 99 72 4 99 81 5 12 119 130 53 58 22 20 0 147 10 2 47 52 22
8 68 7 55 111 24 40 39 35 30 193 21 20 24 27 58 52 50 68 36 28 136 77 14 62 57 31 20 111 95 74 92 53 0 82 99 12 0 14 181 37 0 14 99 94 41 65 0 4 85 0 48 16 24 40 24 32 10 41 0 56 2 5 56 141 50 110 29 66 86 28 3 66 87 83 24 54 144 27 56 14 0 74 53 0 65 0 5 32 0 41 42 58 70 0 51 89 101 149 54 26 35 49 0 69 6 72 35 32 60 28 86 0 21 18 0 26 18 28 100 21 45 88 67 35 44 28 22 27 53 65 201 53 82 47 10 16 4 59 32 42 136 37 147 0 46 60 19 21 0 0 46 0 28 24 72 56 61 44 34 55 39 82 64 75 62 45 57 63 16 72 95 8 24 24 16 111 67 42 0 56 0 56 8 0 42 0 9 81 20 16 12 168 80 72 81 116 0 35 96 21 28 44 69 0 80 11 70 115 45 44 102 24 7 0 66 58 0 68 18 66 32 69 0 12 112 46 164 66 61 76 64 0 97 4 103 22 93 92 24 15 0 18 6 126 9 28 163 79 0 3 56 120 0 147 0
24 78 6 15 24 84 72 72 20 24 0 33 77 59 95 26 143 60 52 34 48 48 39 23 9 45 76 32 36 21 126 112 3 66 14 36 57 0 59 1 65 35 134 80 18 6 113 16 0 0 34 60 54 78 54 128 0 3 12 57 85 63 36 4 80 54 138 73 45 0 0 30 56 54 93 54 0 129 35 63 39 69 114 60 90 0 38 67 7 56 42 92 84 72 96 99 18 67 95 85 68 100 23 138 28 97 20 18 24 11 87 7 127 0 4 213 4 21 34 32 71 28 56 92 67 39 5 46 15 0 18 10 17 0 11 53 42 30 3 147 147 142 89 87 7 12 72 101 30 2 75 0 0 45 44 90 6 9 73 77 63 0 48 28 112 28 42 36 8 49 39 183 70 24 109 30 74 16 42 0 13 94 63 100 81 155 109 90 8 3 133 78 16 18 19 68 59 24 160 47 24 54 41 35 50 97 76 81 0 129 56 6 18 18 21 0 7 120 14 165 106 102 0 12 94 45 93 0 61 151 0 44 49 52 28 67 0 69 59 42 12 51 66 76 0 56 38 62 70 16 8 78 57 63 112 16
8 63 56 145 139 0 55 15 115 0 110 67 99 42 10 24 36 66 53 189 109 24 90 13 9 151 124 127 110 137 0 176 161 63 0 70 0 63 175 102 82 56 151 201 103 101 87 68 45 0 76 59 42 134 132 22 58 0 4 61 30 55 40 91 93 72 114 46 30 29 74 152 85 131 36 99 35 133 51 105 53 37 165 54 113 0 66 45 35 37 29 63 46 91 12 131 86 141 137 135 49 62 145 14 100 8 48 40 66 24 63 168 9 81 57 94 80 151 40 203 0 49 93 92 62 35 9 118 0 84 84 193 127 50 76 91 50 15 0 36 109 177 64 92 48 50 74 48 57 36 19 48 101 0 126 46 64 30 95 59 152 45 143 11 59 8 198 145 78 67 88 7 251 117 66 50 84 58 92 113 22 92 213 28 35 27 76 147 33 132 190 16 40 178 32 90 114 49 55 182 8 6 63 119 163 101 128 285 76 0 148 49 63 44 163 133 4 55 86 42 168 0 40 51 41 53 161 27 245 113 27 111 129 136 37 96 102 131 98 17 58 10 60 110 99 117 205 137 7 4 18 15 5 45 120 106
54 25 4 12 78 109 16 60 79 83 20 107 82 36 116 12 0 32 32 19 75 99 70 29 24 0 29 20 84 72 89 42 69 4 40 18 46 76 39 27 47 54 0 79 72 21 35 3 6 59 81 12 116 93 23 10 15 8 54 78 39 8 67 10 28 0 90 8 8 0 79 81 8 100 58 102 33 103 3 3 0 45 87 61 24 0 2 40 49 239 134 117 19 27 63 82 97 59 48 21 24 27 38 58 16 9 51 25 152 16 75 129 0 27 3 0 44 8 27 125 90 81 40 52 71 44 27 49 138 29 28 28 84 36 14 5 57 9 77 3 58 0 0 94 11 15 64 35 71 24 42 81 49 26 4 2 44 96 54 72 12 118 69 60 39 25 75 17 41 31 35 72 0 29 54 28 40 42 20 24 51 0 58 0 24 0 12 2 24 72 112 35 35 5 7 77 36 0 35 162 40 0 0 36 54 36 68 72 64 4 36 0 46 28 10 81 63 63 71 82 0 40 77 80 54 36 74 15 41 96 0 40 86 12 30 50 5 118 6 100 77 40 4 0 52 14 4 143 27 0 24 24 45 35 13 0
65 35 99 33 132 45 97 61 119 103 190 155 139 65 0 0 37 130 62 39 97 0 0 122 8 17 111 24 26 53 0 123 92 114 88 93 35 120 68 175 121 76 77 189 88 84 52 56 16 8 29 56 73 68 106 8 0 58 75 0 75 35 102 138 96 54 139 91 75 55 11 6 162 57 6 14 6 130 8 231 58 66 59 8 30 24 107 47 67 143 24 35 92 20 59 56 103 172 45 65 0 10 29 74 116 12 89 105 62 84 56 66 0 95 35 83 0 82 48 220 146 202 101 64 103 35 72 135 175 127 48 67 168 90 66 103 80 127 48 16 137 79 79 36 48 6 94 134 71 0 109 0 80 123 59 5 85 27 90 170 13 0 181 71 111 60 53 312 130 97 100 136 47 34 7 2 125 143 72 42 116 78 92 64 49 54 148 115 125 111 48 98 55 104 66 99 87 100 195 133 76 6 69 82 16 68 90 144 58 9 86 65 115 23 45 106 108 156 135 165 223 64 52 78 85 107 38 97 102 103 6 9 47 70 165 125 111 38 84 189 36 56 125 57 36 80 3 144 80 105 87 60 109 91 96 131
74 72 83 59 54 48 110 114 0 88 107 15 16 16 85 36 4 0 46 123 8 53 5 22 12 0 10 58 87 42 18 16 84 37 42 54 54 42 48 101 6 30 12 30 77 95 48 90 20 0 4 0 42 34 0 0 0 43 15 0 0 79 45 0 20 47 123 57 0 0 6 77 96 66 10 46 0 0 55 18 1 24 0 12 42 20 40 56 107 0 97 0 40 89 0 31 169 72 2 90 10 42 27 44 48 0 36 75 58 50 20 30 8 73 10 103 38 14 87 116 25 66 46 60 144 72 27 107 105 9 108 40 26 5 11 36 110 16 15 42 64 0 66 97 0 72 34 5 20 117 16 68 91 72 54 16 9 24 84 8 72 54 167 92 91 16 0 34 81 45 0 105 6 36 0 26 8 48 32 54 103 12 31 58 75 0 101 98 60 24 0 29 47 111 97 72 162 0 97 52 0 72 45 132 10 219 39 0 102 62 28 57 36 65 4 4 8 70 28 12 54 8 20 0 12 108 39 27 27 81 36 103 66 92 52 24 71 142 22 48 0 18 120 63 91 59 15 94 167 146 0 72 0 0 0 57
16 45 76 15 12 80 110 70 131 128 18 121 50 16 63 0 123 85 96 227 160 50 79 64 37 31 187 78 58 63 31 46 159 14 30 0 0 45 4 129 97 198 10 186 29 30 25 125 65 0 40 99 55 60 45 42 0 26 96 69 50 67 64 83 34 0 74 27 81 0 84 72 83 41 52 30 88 71 7 54 103 0 194 69 84 67 39 32 137 69 36 45 18 83 98 24 6 148 102 106 23 104 153 49 172 5 67 52 59 30 75 112 28 87 78 117 103 92 27 218 158 10 17 112 56 8 109 133 62 15 12 0 219 72 44 10 12 62 21 18 75 52 73 186 56 32 148 57 24 18 16 15 54 43 115 41 211 32 0 95 99 65 69 56 156 0 63 61 70 0 96 89 93 113 96 52 131 95 190 28 0 0 9 67 32 132 81 137 105 50 0 35 10 64 208 110 99 40 126 100 34 0 18 20 169 127 119 66 154 64 87 105 28 108 42 8 2 121 83 70 42 17 0 62 34 72 115 12 72 156 53 151 5 38 26 40 117 72 9 40 0 0 2 123 54 62 110 70 44 18 72 12 85 30 109 71
40 37 109 58 42 44 28 87 56 44 42 44 48 88 5 72 165 80 145 48 69 154 124 18 94 135 84 0 23 76 33 28 100 15 55 29 28 100 17 6 25 65 167 57 98 44 30 66 112 28 0 90 11 18 39 201 63 35 41 63 44 0 0 20 81 18 4 178 82 92 74 80 4 102 18 118 75 17 16 16 32 60 69 13 43 67 78 142 184 29 54 74 52 125 107 30 4 63 28 13 123 85 121 73 27 0 42 81 87 6 0 142 36 72 76 70 138 110 81 143 143 44 82 22 20 36 97 103 64 21 66 0 73 63 40 18 64 72 117 9 0 125 25 84 0 137 24 32 0 0 1 68 8 3 55 32 16 58 64 4 6 92 88 25 119 81 126 43 4 37 77 5 36 77 14 109 107 58 0 0 78 16 8 7 32 115 56 39 91 39 53 116 16 15 40 64 72 67 25 116 12 30 57 7 126 66 83 84 9 84 90 0 0 35 65 10 0 30 20 51 0 112 51 14 24 65 159 94 55 84 49 0 22 113 156 48 0 173 72 56 1 16 135 20 44 33 69 199 52 8 66 158 129 45 68 134
116 28 106 167 0 135 78 44 26 42 80 69 10 25 45 50 122 13 100 8 38 94 163 82 78 94 61 153 36 52 73 16 46 60 0 86 0 54 66 44 111 93 96 7 72 20 14 59 144 83 60 47 63 174 45 97 4 112 28 81 4 89 95 59 53 34 8 132 33 76 32 45 7 90 103 35 8 57 92 124 37 6 36 18 0 69 125 82 4 31 8 76 15 7 63 100 14 96 1 39 39 0 49 104 32 42 21 32 126 96 151 153 32 109 5 10 95 56 132 164 90 26 146 4 58 5 16 110 96 43 0 40 64 32 35 84 37 33 20 82 112 128 56 159 44 196 18 60 0 46 0 41 32 81 0 4 56 77 53 30 84 8 64 106 44 32 95 72 3 110 39 144 56 86 6 101 4 28 24 67 88 15 58 15 101 150 51 9 33 120 53 125 87 8 147 127 8 87 131 0 164 32 42 144 37 179 25 123 121 4 25 73 96 71 0 26 16 0 58 144 45 182 94 8 24 118 119 30 35 106 35 4 16 55 104 165 48 0 30 60 0 0 27 103 60 87 150 51 7 93 109 75 81 0 13 75
0 0 9 17 57 22 0 106 19 67 40 109 57 110 0 0 24 82 83 40 32 0 59 47 27 114 34 28 25 0 29 73 101 18 36 72 75 90 49 70 91 115 74 126 15 45 100 54 3 0 31 157 9 63 142 70 0 21 58 47 58 15 27 40 54 58 26 146 103 131 96 61 18 21 54 0 87 177 5 38 30 32 51 58 82 81 51 23 108 90 62 72 12 78 49 18 88 32 81 107 48 69 39 93 48 6 86 28 0 36 36 104 0 143 0 141 64 31 54 101 86 77 85 5 32 0 58 143 45 18 40 3 35 0 20 34 2 84 108 8 18 122 83 129 42 69 82 142 64 27 30 18 81 0 89 51 21 8 2 80 136 7 138 12 8 0 90 35 81 20 30 82 103 31 65 111 112 94 63 0 61 94 122 24 45 83 12 127 81 96 32 112 31 108 0 36 107 72 45 0 0 21 72 84 28 7 104 133 132 0 76 75 4 12 0 0 65 30 8 48 29 54 40 20 64 33 111 80 111 6 69 141 8 0 99 63 45 32 4 60 0 24 54 114 79 27 87 0 18 0 0 72 16 0 72 145
69 80 0 39 0 20 58 23 35 148 132 10 52 65 0 30 0 0 35 61 2 36 115 66 0 54 69 42 105 37 0 100 6 37 0 75 45 12 0 52 2 0 24 70 0 0 0 92 20 0 14 0 45 20 14 40 0 16 14 0 10 5 31 42 0 93 39 19 0 0 12 75 16 36 20 20 6 20 5 4 10 78 87 18 93 0 27 83 15 35 41 0 63 15 0 0 76 20 36 131 0 60 0 56 140 62 63 12 36 70 0 0 0 114 54 16 12 40 45 46 0 76 109 113 50 16 68 46 72 40 20 0 80 0 65 18 25 56 50 50 43 27 57 54 12 43 14 12 8 40 0 0 0 12 42 0 5 0 10 69 0 10 114 108 96 56 48 84 0 31 35 45 0 117 14 0 30 46 52 40 77 40 29 21 20 6 40 0 81 138 0 64 25 74 0 0 48 23 49 58 0 18 10 54 104 24 43 25 34 0 35 4 77 0 0 42 73 76 0 54 94 6 86 0 15 101 0 15 65 35 0 0 65 48 43 27 47 92 8 98 48 68 65 0 0 0 51 98 158 92 6 100 0 0 16 35
46 39 77 61 13 16 29 35 0 6 45 58 12 74 30 73 63 0 57 24 13 40 0 20 30 60 86 49 0 0 12 46 5 76 0 36 61 10 0 0 55 12 25 10 0 51 0 7 16 0 12 64 24 48 42 105 0 8 42 42 30 0 56 0 36 80 20 52 0 40 45 32 40 0 61 35 4 0 9 12 45 4 14 32 0 15 7 62 1 59 0 30 4 8 40 0 0 0 47 0 5 0 0 15 0 0 18 56 73 0 0 12 0 90 24 48 7 38 5 45 63 0 0 20 50 49 0 36 68 14 4 54 25 5 35 0 59 63 80 0 15 0 0 0 107 0 56 80 20 32 4 54 54 22 0 0 4 25 60 12 60 25 51 0 88 7 87 30 0 42 12 0 0 45 82 28 16 35 87 60 0 32 38 0 0 90 49 54 42 41 0 0 0 0 77 88 0 0 0 40 54 24 0 15 10 11 26 115 13 21 18 20 35 6 0 20 20 66 42 35 26 75 21 19 36 72 11 70 0 63 21 54 12 15 32 32 15 85 16 0 6 0 50 0 30 61 75 4 55 5 56 85 8 64 38 16
109 60 51 90 60 64 105 24 66 18 14 63 31 12 40 7 0 18 38 40 61 40 28 6 68 40 61 156 0 51 84 56 35 22 36 144 57 14 80 35 73 0 82 50 57 93 8 52 40 76 46 25 54 67 65 20 8 65 21 35 79 35 36 47 85 37 30 38 0 0 69 9 35 138 0 0 0 52 44 16 7 49 51 47 21 28 6 63 45 111 18 49 52 166 52 54 99 53 39 0 147 0 49 51 91 10 63 9 24 69 0 7 0 40 42 25 28 156 9 41 141 49 105 0 64 6 8 133 6 104 88 28 106 95 3 164 23 47 42 0 175 0 36 64 40 6 162 48 10 0 16 40 0 61 0 5 80 40 22 16 12 9 107 12 24 14 75 131 7 6 94 35 54 49 49 70 7 124 45 29 27 0 59 24 12 0 16 37 0 0 0 124 120 117 35 107 0 36 49 15 37 0 25 62 14 124 36 57 86 25 42 15 4 57 35 72 12 8 77 192 87 48 20 18 0 69 39 18 0 40 45 36 86 7 28 0 40 81 5 101 9 46 110 87 30 0 104 18 3 36 4 96 28 89 14 37
41 99 92 74 60 125 62 79 81 36 61 123 30 6 107 10 123 139 8 96 62 10 171 10 54 36 111 33 158 45 65 64 144 114 90 134 30 0 42 58 28 99 0 69 89 16 48 48 2 99 42 102 162 82 18 30 0 96 0 40 0 37 0 0 62 3 0 67 189 81 62 35 25 50 30 36 27 62 0 0 35 15 65 42 96 4 34 26 32 92 100 20 33 68 30 49 22 107 16 0 126 122 54 114 117 30 142 4 98 0 48 0 18 121 0 10 0 72 61 143 80 54 124 88 88 36 42 36 58 54 122 9 105 128 64 88 0 42 112 32 145 176 79 68 108 36 144 136 0 0 52 53 4 60 64 51 72 0 22 80 0 24 96 20 0 0 111 48 48 40 0 59 127 16 100 78 42 116 32 192 42 69 44 8 0 21 92 14 124 0 0 138 54 102 0 33 85 115 0 12 56 0 8 64 99 156 20 37 79 8 84 0 97 0 96 139 90 74 42 59 89 6 44 0 0 16 42 42 113 4 36 81 178 8 0 0 35 90 0 91 36 0 39 36 46 12 2 27 12 6 48 0 113 0 5 81
56 58 94 41 86 158 54 122 46 213 102 27 27 74 0 0 0 57 56 66 26 88 36 8 141 24 152 36 0 77 97 73 45 0 34 58 60 44 64 27 125 35 98 153 60 52 123 134 27 63 107 117 39 138 93 88 0 73 37 24 57 135 84 66 27 45 62 12 0 6 66 18 20 18 69 42 54 13 18 48 3 105 163 126 85 16 0 48 133 128 57 0 24 56 40 18 20 32 16 9 96 25 146 64 130 0 89 24 159 18 0 0 171 20 166 53 54 50 40 7 12 116 161 4 36 72 18 250 104 24 162 141 69 38 14 114 81 0 201 47 144 46 71 118 42 39 126 0 20 0 24 6 28 105 84 5 112 83 105 130 48 24 98 37 105 78 42 56 32 78 90 38 40 82 109 201 97 48 41 0 24 94 23 6 48 9 23 54 64 12 96 43 111 187 249 66 56 24 60 53 28 40 64 81 152 144 82 134 0 140 85 0 6 91 0 56 14 24 71 84 30 66 93 98 6 28 56 81 50 158 54 102 79 79 57 78 120 52 0 32 18 6 144 7 16 27 48 24 3 3 30 0 50 0 18 114
16 5 52 89 159 113 0 87 49 86 133 9 105 14 30 0 36 140 120 99 5 29 110 28 1 12 43 35 103 3 9 55 16 145 8 45 16 26 52 147 9 82 26 44 75 10 88 4 20 121 18 101 5 35 58 4 8 56 18 82 48 10 18 0 36 30 9 96 27 54 47 35 22 95 109 54 81 122 8 0 43 70 132 182 74 35 94 48 121 34 52 36 5 161 150 71 9 98 0 143 26 48 109 131 183 24 12 0 71 56 145 6 10 14 3 125 133 114 101 52 25 73 113 42 64 51 72 43 65 33 5 44 19 113 0 19 47 83 58 140 61 156 88 72 81 72 20 28 159 0 83 18 13 53 15 14 36 43 88 51 0 12 86 2 87 3 57 29 82 104 64 71 50 66 36 69 100 34 74 117 8 77 20 116 83 63 24 97 42 27 84 43 30 65 28 36 51 148 69 69 60 39 19 56 123 100 161 69 0 42 0 20 160 0 30 81 15 53 15 117 76 54 38 104 53 0 21 26 36 57 28 16 114 86 17 56 71 63 92 9 1 61 53 46 117 39 36 56 24 0 54 35 132 55 66 45
63 104 24 86 10 134 210 70 84 74 63 77 48 32 0 67 87 30 2 27 82 82 27 51 45 28 108 93 27 63 60 126 97 218 16 63 159 78 4 37 163 110 20 105 78 41 80 137 0 67 16 35 0 0 10 12 60 49 14 30 0 82 98 122 24 112 142 124 9 150 48 21 48 128 90 35 8 54 40 182 77 66 3 87 16 30 72 36 0 154 61 32 63 3 104 20 85 68 7 34 59 27 0 48 0 42 167 85 12 117 119 18 37 29 23 168 133 80 0 226 5 153 30 34 78 71 50 50 73 26 67 104 208 147 15 60 27 56 170 15 92 70 10 70 63 72 163 136 56 101 54 36 40 55 93 4 102 6 156 0 26 160 181 75 96 0 48 131 0 144 32 74 110 3 139 3 35 108 106 120 108 117 232 92 114 100 140 40 30 27 0 60 10 108 34 183 21 72 77 189 0 16 41 50 76 128 0 56 161 94 89 81 89 50 107 21 0 35 54 78 154 53 64 24 33 9 63 66 114 38 28 48 62 45 67 138 56 25 47 237 0 31 18 47 49 63 72 28 91 23 126 21 75 6 86 30
95 8 127 18 105 59 19 70 102 32 56 54 42 51 45 8 63 79 22 54 0 24 12 3 66 91 84 0 0 0 0 82 18 96 0 28 36 69 8 79 105 81 129 45 74 118 30 37 0 18 10 0 111 54 54 63 36 18 48 30 18 41 81 18 36 36 36 18 0 73 21 63 48 91 33 9 0 21 21 21 9 78 0 22 0 0 67 38 36 81 72 8 45 28 16 36 38 36 14 43 24 24 66 63 40 0 51 18 0 39 38 0 7 18 0 15 58 0 28 125 17 55 9 16 34 20 25 57 0 30 56 92 46 0 38 30 0 27 63 27 44 29 37 90 70 20 162 56 0 97 24 15 72 0 0 45 74 0 8 75 72 0 96 61 28 0 5 44 0 95 67 16 24 36 0 78 0 81 0 32 27 9 51 54 10 45 20 18 28 6 0 93 15 0 40 30 36 71 54 0 123 0 36 0 42 24 12 54 145 9 37 15 126 33 24 153 81 91 111 79 48 10 0 0 0 28 69 54 84 12 38 0 63 6 40 0 58 20 28 52 20 9 39 28 0 57 10 0 14 38 10 63 16 45 30 20
84 34 0 117 16 88 158 67 10 70 62 96 31 81 18 119 62 37 0 92 118 84 126 42 71 123 0 51 91 76 132 117 35 102 15 66 15 34 52 0 56 18 14 94 84 64 36 20 148 82 67 55 80 70 34 106 35 97 21 0 72 27 23 81 48 0 6 22 46 129 20 118 40 49 74 81 16 12 66 110 30 4 8 150 52 65 57 78 57 34 0 62 23 43 53 14 80 28 0 38 102 64 27 34 60 18 215 79 90 36 28 6 0 26 65 30 87 54 27 46 112 187 93 53 22 0 26 35 190 59 76 24 104 49 31 51 161 225 101 25 125 82 93 0 114 73 141 64 0 0 18 39 127 38 56 0 96 64 23 32 129 0 48 1 82 0 97 119 28 125 101 134 56 33 103 7 18 68 67 136 56 46 18 46 23 50 72 99 38 107 24 56 8 57 48 40 52 149 0 129 30 14 117 150 34 47 30 116 85 42 40 65 0 4 25 57 55 85 44 71 79 104 26 40 77 55 224 114 45 45 19 207 24 144 51 32 15 83 84 72 6 0 87 30 0 3 115 76 118 4 5 36 59 57 54 73
67 0 43 69 0 172 82 73 34 33 24 65 81 55 10 0 98 165 46 144 8 30 97 12 60 66 24 100 27 148 121 155 65 151 20 0 18 0 48 61 116 40 8 0 0 84 22 73 6 16 28 7 37 14 0 0 45 92 30 37 6 200 25 27 36 56 92 34 50 0 36 66 90 166 69 0 42 52 32 96 12 103 13 6 0 55 11 25 28 27 104 24 46 9 0 90 134 44 42 6 64 56 83 44 0 71 180 24 43 77 65 33 0 120 78 42 20 78 22 81 98 84 163 69 70 13 30 51 52 38 54 0 139 14 103 83 67 2 80 37 94 4 37 54 17 56 172 64 0 18 102 66 42 56 93 73 61 9 72 132 0 3 105 152 123 104 102 36 48 41 0 75 36 84 56 149 27 144 86 0 56 76 32 9 39 15 14 58 8 40 0 10 15 22 22 169 38 0 25 173 94 7 63 20 89 153 23 154 77 56 86 43 56 6 6 76 5 125 92 111 77 116 100 81 35 193 102 76 95 97 4 58 101 21 103 137 122 82 1 209 111 10 138 87 123 80 22 0 72 81 113 7 36 0 42 65
101 48 66 39 65 18 168 47 14 45 52 66 33 20 69 8 102 0 99 0 30 72 25 12 51 28 139 15 103 22 45 102 35 0 6 4 46 28 62 64 43 46 18 172 47 30 0 91 14 18 36 49 61 38 34 56 28 30 4 38 34 1 28 63 0 11 33 0 15 74 71 8 17 4 114 75 0 71 14 61 0 0 17 0 40 6 20 21 14 68 45 116 0 16 14 34 45 25 34 12 10 16 0 32 61 15 25 81 32 5 95 18 0 37 6 23 70 63 18 48 156 61 82 68 152 12 0 0 9 0 20 70 45 8 96 23 34 93 18 18 64 72 53 54 80 40 63 41 15 63 35 38 60 0 0 62 176 46 0 5 75 58 28 2 6 56 102 0 40 5 10 144 64 12 67 13 62 47 0 0 0 34 97 65 0 129 118 90 42 30 14 65 3 64 116 84 108 80 0 70 0 2 0 21 57 46 8 82 59 9 21 14 0 20 6 38 24 45 58 86 101 102 51 18 18 29 168 12 60 101 32 68 12 0 32 35 8 45 17 76 12 0 3 22 44 0 95 69 10 0 109 47 28 0 62 28
22 135 146 34 50 76 54 101 0 184 36 119 95 13 30 12 42 166 45 98 69 0 56 18 76 104 221 61 83 0 43 94 81 7 35 20 42 18 132 89 53 46 77 60 36 0 37 135 0 28 14 237 92 49 79 199 0 15 101 0 48 60 52 57 146 115 77 180 50 6 43 58 58 105 43 72 15 37 0 34 89 10 158 101 112 18 50 108 197 0 127 18 118 28 54 57 48 76 125 54 72 93 70 198 100 117 30 102 90 50 70 62 63 186 16 51 208 75 115 79 55 115 54 97 170 136 7 168 205 40 62 72 134 24 78 81 60 42 56 16 56 128 34 135 75 204 113 109 50 0 72 62 8 107 90 82 96 30 80 72 95 33 129 62 94 14 40 66 165 149 40 105 30 38 161 9 110 45 49 42 0 117 84 56 151 8 139 5 64 77 137 100 42 82 160 42 84 16 58 121 48 74 56 56 100 283 61 160 194 67 66 53 61 15 7 21 0 95 63 114 65 119 117 48 0 24 132 101 74 181 141 36 35 73 63 49 66 169 7 98 79 17 122 22 4 66 134 148 0 56 57 84 14 0 35 46
12 56 57 60 23 0 21 45 86 0 114 28 83 129 35 0 118 33 97 117 58 187 34 28 107 49 82 0 24 100 133 64 15 80 14 35 0 137 14 32 90 0 77 53 99 108 17 10 54 108 90 0 43 100 12 9 68 107 6 9 80 0 121 0 24 27 0 128 76 134 113 24 48 21 164 81 0 35 80 91 76 47 45 37 14 74 98 81 35 99 9 15 93 222 0 6 1 5 9 0 144 69 63 23 75 42 45 36 126 45 110 34 50 135 39 95 27 32 0 101 0 72 55 18 93 99 63 0 0 48 78 9 7 21 55 124 122 202 42 107 0 1 30 0 90 104 186 72 0 71 62 54 30 76 53 92 106 99 24 4 24 53 48 0 5 24 24 84 6 108 80 166 12 129 45 96 56 51 124 0 56 7 32 67 78 28 99 18 84 18 0 0 106 117 237 102 9 111 2 63 75 51 55 12 93 75 36 18 127 48 127 99 66 0 85 116 6 93 20 51 3 10 0 12 28 49 37 97 77 18 113 112 92 94 27 119 0 76 114 104 1 94 99 97 54 158 93 14 119 41 40 118 73 0 119 18
24 41 46 153 61 94 54 0 45 23 32 50 35 0 16 0 78 71 36 0 52 46 195 55 15 88 44 0 161 35 4 114 25 33 88 37 131 56 51 0 180 18 75 71 158 53 187 144 76 46 40 46 170 31 115 135 56 92 0 36 4 24 113 72 8 31 19 64 48 8 10 91 0 113 20 11 38 105 0 40 43 76 0 95 63 0 138 25 40 81 93 0 0 114 46 50 38 36 0 81 72 34 73 43 103 42 21 83 0 152 18 52 28 48 45 31 52 25 40 115 5 81 133 41 27 77 76 18 106 35 77 56 69 25 135 86 12 29 126 30 48 169 102 50 119 62 14 30 7 104 37 60 147 101 37 0 5 13 44 48 39 72 44 21 36 73 137 27 32 86 15 35 90 92 23 134 166 40 72 62 15 42 90 117 14 0 4 29 0 63 0 97 80 141 12 69 87 187 28 34 15 0 18 16 177 196 0 133 36 12 101 0 59 97 18 18 19 92 65 55 9 76 165 111 10 30 77 0 130 67 0 56 76 87 66 92 28 33 40 69 18 17 21 6 24 0 32 3 81 0 9 21 79 57 21 92
9 178 12 42 26 30 70 43 13 12 141 86 116 46 0 79 56 67 58 19 35 48 0 4 54 64 76 61 0 60 88 100 0 9 25 34 75 103 4 78 163 56 129 91 0 29 19 16 17 0 12 107 25 128 49 108 12 0 57 0 0 30 42 37 31 91 64 161 35 69 91 33 54 13 18 0 102 107 47 153 62 3 46 0 37 26 69 0 44 87 45 66 87 22 0 3 43 88 43 72 16 0 43 66 66 6 93 28 64 62 36 137 16 174 127 65 14 15 39 106 35 15 28 56 36 23 58 67 6 46 121 40 2 8 28 30 10 4 47 42 0 54 96 87 66 76 0 59 21 0 21 72 45 73 80 0 43 39 58 27 104 54 143 13 50 26 150 81 0 42 3 136 46 174 150 94 56 60 56 102 0 93 63 70 50 20 122 87 95 157 42 45 111 16 205 135 8 6 0 102 25 114 131 132 81 116 14 132 227 84 20 30 74 105 14 104 50 18 6 42 35 75 2 21 12 55 137 0 94 54 35 24 14 51 72 141 8 197 74 31 27 61 78 0 154 2 0 48 30 99 54 12 18 64 75 48
13 27 172 50 16 68 124 94 0 70 20 58 209 151 72 54 128 133 47 165 214 27 47 127 21 209 182 175 24 74 44 12 16 40 0 28 0 141 146 143 189 48 62 159 80 24 113 102 72 15 24 140 38 92 101 132 95 7 12 0 67 73 5 45 12 21 44 31 30 107 54 189 20 192 66 7 66 65 47 78 78 86 96 14 16 70 72 116 94 81 18 54 21 16 52 41 32 12 144 93 56 46 121 18 83 76 109 112 72 64 95 114 99 28 86 57 70 13 73 102 0 55 0 55 148 24 0 243 6 114 232 37 68 52 106 215 169 70 170 6 156 83 128 86 7 68 88 117 18 24 126 24 36 53 48 70 137 12 45 16 80 34 92 39 47 54 57 69 59 21 25 19 68 108 24 73 46 100 84 171 0 90 148 0 83 22 12 77 24 198 168 0 72 94 41 0 148 8 42 71 52 94 59 15 48 80 147 145 130 29 126 4 0 36 50 32 0 35 40 140 122 43 0 0 67 65 240 24 116 68 78 102 8 48 4 37 68 125 20 42 0 39 8 68 148 148 81 84 91 0 44 66 16 0 58 64
45 81 50 53 40 72 90 150 0 161 79 39 50 9 34 48 71 87 30 45 73 56 52 38 21 88 3 25 96 15 18 115 24 61 91 32 40 96 96 61 15 42 0 61 15 28 195 22 68 30 54 28 160 104 45 57 15 18 64 6 0 54 16 41 32 40 139 105 63 26 7 49 8 0 54 3 4 46 54 4 75 60 3 98 64 27 58 60 111 60 54 36 0 97 32 9 16 123 71 133 28 116 0 62 105 50 10 30 71 59 36 63 16 124 97 39 105 66 6 37 53 18 98 85 104 99 30 67 42 16 51 47 40 40 69 148 250 57 82 113 124 36 35 60 78 18 15 0 84 20 54 0 9 142 0 0 117 34 66 35 46 88 18 21 169 0 215 12 54 59 63 107 25 17 80 9 69 173 82 84 9 55 184 28 12 55 74 61 4 99 102 41 103 0 153 82 83 32 53 102 45 16 92 7 7 128 28 54 58 135 45 48 32 30 60 14 0 0 32 72 109 95 14 0 38 32 36 37 51 70 70 68 35 21 52 32 30 50 60 29 0 10 9 45 50 72 52 85 41 23 20 47 73 28 98 28
117 107 113 208 69 28 96 132 148 111 61 30 2 49 53 38 58 55 114 82 21 52 114 83 99 28 63 104 48 113 32 40 25 136 36 106 61 90 15 96 99 23 116 9 67 35 123 291 69 173 33 68 163 198 155 147 4 134 32 8 10 28 128 57 62 72 76 60 56 75 0 9 48 60 71 47 47 95 53 107 41 91 11 97 84 48 72 65 82 190 90 38 22 116 6 28 178 71 18 45 73 0 40 100 106 34 73 57 59 181 8 84 49 4 64 76 4 88 139 207 66 84 144 32 11 20 0 143 97 2 130 45 90 8 75 89 46 8 109 24 46 84 93 82 48 73 129 25 48 43 14 71 12 169 76 18 165 0 36 98 0 102 243 12 8 0 121 130 0 107 20 63 76 49 12 128 42 63 125 98 16 90 37 104 42 121 58 42 7 96 112 174 173 68 95 60 61 161 108 68 57 16 164 198 173 140 88 156 44 115 45 91 157 26 81 10 91 83 129 186 126 44 101 73 83 44 40 151 85 63 67 58 81 144 24 105 2 18 61 82 2 0 44 95 78 62 200 14 113 50 53 28 71 10 21 109
39 30 24 51 118 32 63 32 45 0 127 3 0 40 14 39 66 52 112 178 28 40 63 73 51 40 144 86 213 60 167 18 158 78 0 132 72 12 72 117 0 56 65 54 84 36 0 0 0 4 83 64 76 48 66 53 24 59 27 49 45 24 45 16 42 60 23 78 96 30 9 0 0 145 78 102 18 48 12 119 50 23 168 63 87 4 12 55 138 181 43 28 82 0 0 6 45 120 105 18 126 69 24 28 48 40 111 31 66 87 65 0 126 186 4 39 95 141 57 136 105 72 109 118 69 54 75 57 60 8 18 24 21 145 40 48 0 170 37 43 70 54 129 64 24 57 16 42 35 51 28 50 75 64 24 54 97 81 173 88 3 18 164 66 32 106 105 39 60 64 48 180 13 18 145 48 6 140 56 14 91 60 153 87 22 121 94 99 141 97 24 56 21 30 24 179 112 24 110 98 0 45 95 123 80 162 93 84 157 111 116 78 8 36 42 6 72 161 36 129 156 54 22 0 0 50 24 45 175 58 195 247 34 152 126 33 104 6 6 104 61 32 49 69 26 33 41 162 72 18 36 145 93 27 153 114
11 36 42 21 64 16 65 36 27 53 44 27 45 59 1 10 36 113 110 72 44 34 0 42 0 9 62 42 0 0 6 146 36 30 0 0 24 6 28 102 73 38 46 73 0 32 21 11 1 44 6 36 2 10 81 118 12 63 71 56 27 39 36 10 12 0 91 18 18 18 14 120 111 57 42 38 74 30 0 137 39 0 17 108 9 28 65 0 48 53 27 36 68 54 45 91 0 10 9 0 0 0 135 135 18 12 9 14 75 38 0 51 0 81 10 149 81 20 87 18 80 60 108 22 12 46 30 129 2 6 42 72 13 0 27 26 86 93 4 13 42 58 43 138 18 6 7 54 69 48 2 10 63 80 120 6 118 21 30 88 98 45 51 1 27 0 53 18 54 52 114 84 15 116 72 36 32 0 47 48 36 77 63 90 18 98 64 135 0 16 114 0 50 98 48 41 76 31 102 12 88 63 140 84 6 97 76 109 36 77 12 23 21 39 69 24 27 18 100 15 15 56 14 90 25 16 102 3 36 36 27 89 77 34 0 9 35 0 42 9 0 9 101 63 105 90 23 6 7 8 56 78 15 63 125 38
3 56 18 0 56 14 83 60 55 39 32 20 66 36 0 19 40 114 64 55 105 23 48 37 22 0 3 44 42 45 0 128 74 59 15 48 151 25 44 61 58 0 18 72 25 141 16 101 37 66 14 22 143 31 140 79 0 40 37 0 2 97 137 41 44 0 12 182 58 52 12 72 42 0 0 0 81 164 29 15 49 123 91 45 80 7 121 2 104 143 6 108 66 38 20 48 47 59 7 4 40 61 78 21 123 16 116 0 44 8 35 39 86 97 3 97 75 37 5 130 38 122 138 0 27 41 10 89 72 69 107 124 38 27 27 98 80 128 76 0 25 18 38 20 28 40 27 48 0 72 93 130 5 35 62 73 132 12 87 70 48 0 113 8 36 6 27 38 12 57 75 20 12 60 36 39 31 82 152 90 64 56 0 139 126 0 96 145 16 92 73 27 163 13 63 42 121 82 20 36 32 88 134 150 35 184 24 122 72 0 18 41 86 20 29 36 51 26 68 18 26 24 11 49 5 99 87 99 98 15 21 16 67 11 8 136 7 119 7 9 20 92 126 4 0 35 0 36 10 60 135 6 120 0 43 78
32 24 80 54 40 34 10 108 194 32 50 74 45 84 35 12 63 24 0 107 53 14 24 29 79 68 131 40 4 26 63 17 87 140 0 0 46 63 12 46 146 56 171 13 40 172 30 35 46 28 51 45 135 54 42 98 45 10 10 9 4 0 173 64 64 40 0 55 18 0 90 78 8 36 92 42 77 47 22 7 46 34 46 30 8 47 9 36 60 175 77 70 16 67 95 88 52 24 16 96 14 58 42 64 14 16 7 113 93 24 70 117 21 30 127 82 69 100 46 105 7 84 30 98 65 63 0 28 25 7 12 82 64 7 59 24 62 33 69 42 0 4 0 52 107 40 215 12 21 85 84 58 56 38 36 16 67 28 42 87 61 19 42 25 46 0 128 44 5 122 45 44 88 73 30 42 82 0 51 0 12 54 114 0 23 0 20 27 46 35 32 32 17 45 105 0 0 35 0 0 80 40 60 56 100 77 127 114 75 77 72 90 61 8 99 27 72 91 20 68 103 56 8 48 24 72 42 0 91 0 27 32 49 62 74 64 24 131 56 47 0 46 8 0 14 67 169 3 12 44 9 117 77 20 41 9
31 30 59 53 25 64 36 32 0 43 104 5 56 30 0 72 19 72 89 67 23 51 77 14 10 42 11 3 10 56 52 69 50 31 96 42 64 76 15 73 110 8 50 48 78 0 10 24 6 0 16 7 51 62 0 8 51 7 23 14 41 38 35 6 0 50 21 32 12 4 18 7 0 27 62 48 85 89 7 69 0 14 79 30 57 11 136 42 222 94 91 12 8 50 0 48 98 80 38 103 22 0 38 17 109 0 2 53 46 30 88 71 16 84 26 0 36 30 68 161 72 68 60 17 26 88 56 106 107 30 76 28 47 66 43 42 4 18 110 7 114 47 81 81 64 77 42 0 0 56 8 16 48 63 0 46 55 10 76 4 20 42 119 68 81 28 54 113 40 60 80 174 12 139 0 95 157 81 30 0 119 34 29 95 42 40 36 81 0 69 5 52 37 102 72 68 0 26 123 38 71 0 61 49 118 141 40 51 38 56 8 24 98 21 88 34 0 60 39 14 34 36 64 6 0 62 107 41 80 130 0 8 103 89 106 53 94 55 8 7 31 80 86 47 88 22 42 18 125 77 0 111 109 42 59 89
36 9 25 189 9 28 45 30 0 32 0 0 107 72 25 36 21 0 9 66 32 18 89 39 0 0 0 24 38 0 33 72 0 90 0 36 54 64 72 49 54 63 35 72 21 90 28 72 18 91 71 50 0 38 29 30 81 24 10 24 0 40 30 14 28 58 18 40 0 0 28 0 0 0 42 51 41 96 60 86 27 0 84 49 49 60 114 77 27 0 30 30 3 114 105 81 52 64 90 163 101 0 16 113 119 0 89 60 80 42 18 25 0 4 0 24 63 76 116 36 0 0 0 40 30 12 78 0 126 0 24 45 0 0 14 55 81 89 10 78 57 95 164 0 42 91 91 24 42 96 0 18 45 89 39 0 14 93 68 12 28 0 108 48 115 63 42 45 92 42 61 126 0 45 20 4 28 22 40 145 54 12 18 56 64 51 32 63 38 112 25 0 5 36 20 16 16 39 116 60 30 0 85 35 136 86 34 78 86 107 0 16 55 54 48 14 0 64 0 28 20 130 51 137 0 26 9 18 44 48 0 36 68 96 0 48 28 0 0 5 0 0 0 0 37 6 18 6 82 38 42 66 72 18 77 71
75 113 195 20 89 24 152 154 29 13 0 179 39 36 38 0 166 90 72 152 68 47 38 4 30 120 45 61 66 20 36 44 230 70 51 54 0 114 42 0 118 57 0 134 75 132 13 105 42 94 135 54 103 44 43 157 48 0 6 0 48 135 18 112 34 15 32 47 0 0 6 33 39 149 46 65 117 84 43 204 15 0 0 47 66 5 0 13 110 59 38 30 62 47 24 53 82 73 87 9 24 64 16 50 0 12 85 82 0 79 72 72 0 109 27 77 164 32 30 32 155 29 44 216 103 34 3 45 44 47 200 0 83 98 122 80 167 23 136 12 53 122 68 0 99 132 128 38 6 0 84 14 93 50 119 45 92 36 132 25 130 80 63 24 92 1 209 136 33 60 132 28 96 16 49 73 25 190 26 125 10 65 79 154 72 76 217 148 28 92 127 105 30 63 90 136 48 66 51 70 64 12 121 87 105 190 191 96 155 139 5 15 56 36 63 71 0 114 55 108 87 189 0 24 0 82 205 102 117 195 88 62 42 75 24 68 45 18 126 0 27 20 52 24 81 134 95 48 46 46 127 30 11 27 20 59
85 57 58 20 98 12 63 54 38 78 68 106 3 3 64 0 165 40 0 61 119 74 5 36 102 10 81 61 0 63 48 31 26 32 58 11 20 80 2 33 75 91 15 23 75 0 82 97 0 7 12 0 61 46 80 24 33 0 21 43 23 118 113 21 0 0 55 106 63 15 0 2 0 178 48 0 0 55 11 0 48 59 87 27 42 14 3 36 22 71 0 36 7 18 75 154 86 37 18 0 69 35 113 9 94 0 45 84 27 62 24 30 81 109 8 47 54 0 0 61 7 90 55 56 41 42 81 27 88 35 48 24 205 56 64 49 0 101 73 8 29 70 80 30 30 31 75 6 29 0 97 28 99 70 1 22 81 3 21 33 0 30 54 83 77 0 6 97 20 38 18 33 37 97 12 0 47 115 57 16 46 88 8 7 6 41 21 27 95 0 24 64 12 32 0 0 49 39 75 72 56 0 14 126 36 33 4 60 138 27 40 21 94 48 12 32 0 107 0 117 27 88 28 24 3 103 0 115 81 75 66 90 64 25 58 27 0 66 8 60 45 24 178 98 0 56 80 71 28 57 0 7 106 35 57 119
45 88 121 93 64 95 168 118 27 121 66 132 65 56 32 116 56 121 99 16 41 121 46 63 55 78 32 58 78 103 24 175 0 83 24 0 3 89 100 105 47 22 42 125 54 36 59 143 18 40 96 88 41 60 67 45 28 18 94 33 18 95 103 65 36 78 71 12 0 7 0 28 64 129 96 45 12 105 117 129 43 59 16 246 85 41 102 20 137 179 10 1 37 125 0 30 31 35 128 81 180 204 102 72 58 20 61 98 62 71 152 49 141 143 5 62 309 121 18 245 72 47 54 74 164 73 9 138 85 32 64 107 82 36 18 73 115 168 73 189 130 65 28 33 130 66 36 67 38 7 96 63 36 73 102 149 184 88 171 94 67 161 185 79 155 91 167 99 92 67 119 121 75 72 158 41 79 65 41 38 24 157 160 98 70 51 59 108 80 50 134 87 66 70 0 207 127 128 118 195 42 47 5 171 147 18 50 194 187 152 70 59 56 91 36 10 32 148 144 109 183 180 26 101 48 94 102 77 145 45 40 143 101 138 75 131 142 8 61 97 130 0 133 6 79 69 142 28 21 30 0 64 64 43 61 64
41 50 44 3 99 8 60 67 78 176 0 12 49 83 76 42 12 61 103 133 146 43 102 15 25 52 16 75 24 18 49 14 34 1 73 15 109 12 26 42 126 126 6 128 102 64 95 132 22 20 56 66 138 105 20 108 0 35 0 69 63 58 64 143 44 28 9 82 0 86 213 31 71 0 126 15 153 40 63 163 54 35 8 19 24 111 83 48 141 101 120 22 28 9 61 61 0 51 39 68 29 21 42 64 140 45 0 63 71 54 5 56 22 26 0 95 6 77 8 315 85 71 123 60 53 14 41 86 4 55 80 15 101 81 32 119 34 32 155 43 16 25 87 93 57 72 82 62 75 56 63 50 40 5 76 32 36 17 95 55 43 50 190 0 66 18 50 24 18 49 129 12 20 28 16 183 185 13 120 111 70 64 37 96 46 59 43 130 26 25 0 59 15 121 108 64 48 63 32 76 0 74 129 60 111 102 38 57 71 21 36 43 72 15 0 32 54 9 29 7 18 90 41 91 48 32 96 16 30 35 126 56 50 2 111 112 65 18 158 135 0 1 20 4 140 38 50 0 0 8 79 15 83 0 123 92
90 40 49 117 94 6 147 68 40 0 20 118 0 79 20 35 42 123 109 48 0 0 21 0 67 0 80 15 18 35 46 112 151 90 0 36 82 48 0 8 0 0 103 84 0 85 87 115 13 0 25 0 37 37 105 0 36 65 93 36 25 157 86 0 72 43 77 68 10 1 5 67 76 134 40 33 95 61 20 121 12 96 27 112 40 47 97 8 67 99 2 24 0 38 0 40 25 130 107 37 91 3 0 33 86 56 64 16 78 0 63 12 0 49 57 166 33 39 49 33 24 119 34 106 42 21 0 63 14 32 6 4 118 36 5 29 35 64 14 60 24 107 104 86 21 0 36 9 0 0 55 68 36 40 27 80 7 0 19 18 0 0 58 11 40 16 36 46 3 47 0 117 0 56 7 93 40 34 0 81 66 21 72 0 60 56 35 64 9 43 47 117 46 88 41 89 40 0 127 56 48 24 67 9 65 48 37 70 70 32 33 44 0 78 0 29 0 48 36 60 62 112 90 21 122 20 35 138 57 124 21 37 60 40 114 18 102 5 0 114 0 99 12 75 90 6 0 99 14 0 120 73 92 30 88 35
29 48 85 58 20 71 7 66 39 0 57 48 54 48 34 7 0 152 41 30 66 68 24 87 0 23 93 8 0 0 17 8 26 58 6 32 43 66 0 105 3 94 42 34 115 24 14 36 18 18 44 12 18 9 0 18 0 48 20 18 0 35 35 6 62 27 35 48 94 21 12 72 61 74 72 60 10 36 0 3 0 20 94 60 0 20 75 93 105 33 0 56 36 102 70 9 4 86 14 42 0 20 33 40 82 46 55 21 87 28 33 48 96 14 21 7 72 12 39 102 51 32 145 58 31 16 20 16 12 30 48 10 16 28 19 70 8 30 110 9 7 116 27 78 59 18 53 45 36 59 7 104 0 30 72 39 60 55 18 52 18 24 0 24 63 30 14 49 34 22 123 0 15 0 8 24 6 45 7 114 29 32 24 57 14 24 76 58 66 20 24 54 0 14 63 62 35 30 48 95 96 83 64 156 79 114 8 28 167 21 44 18 89 63 35 48 0 73 0 38 42 38 10 48 3 0 49 67 63 33 54 0 24 0 16 77 56 90 20 78 10 22 122 21 18 6 14 26 0 72 62 6 31 0 100 80
0 87 76 30 50 64 98 105 21 76 35 84 154 57 131 18 0 140 92 104 0 21 122 15 10 32 7 57 93 0 0 92 83 62 66 0 5 80 114 27 0 0 30 146 60 129 145 56 3 0 30 96 84 0 47 15 28 35 72 0 18 138 35 47 18 45 0 40 0 27 36 0 25 0 18 47 0 85 6 49 35 15 47 75 78 40 28 24 48 41 0 70 0 45 42 18 33 18 0 42 85 96 0 0 54 18 159 10 108 3 82 36 30 163 49 56 27 0 18 69 86 17 30 72 0 12 27 35 70 27 0 86 30 42 0 152 30 28 67 45 0 65 0 49 0 25 167 30 18 39 18 28 33 78 89 45 28 35 39 45 60 93 54 15 30 20 40 41 7 6 34 42 96 90 70 43 24 21 27 63 96 54 30 45 75 35 79 33 30 140 36 122 18 10 81 13 88 92 17 42 20 52 121 70 102 82 102 12 33 18 54 0 23 39 78 52 81 127 56 15 114 44 0 16 54 57 48 29 144 39 66 12 51 27 65 67 64 104 15 85 0 0 54 31 20 23 54 6 90 0 40 50 101 0 60 0
85 0 140 40 53 16 83 40 167 152 162 28 0 51 6 27 3 107 133 141 34 16 40 41 81 114 73 25 96 68 14 127 33 87 0 54 0 78 19 48 0 110 31 225 3 126 40 195 51 0 36 72 6 95 0 9 66 94 46 46 16 38 128 113 18 35 59 69 0 51 122 191 56 0 18 33 51 73 63 32 68 37 7 40 54 47 180 24 171 12 42 36 29 139 4 73 16 35 24 128 48 26 40 42 71 28 26 49 155 36 72 92 66 25 0 40 0 15 21 220 8 40 82 84 13 63 49 54 117 54 1 82 30 140 36 60 24 14 4 18 45 96 63 100 8 140 113 48 0 68 84 39 9 126 89 52 107 32 134 87 97 72 114 80 103 24 147 75 0 8 157 1 207 16 36 98 131 27 92 6 84 75 46 188 109 16 140 75 32 75 19 117 0 36 92 99 94 77 21 128 117 38 112 51 129 230 49 222 202 65 54 69 105 48 16 42 30 193 71 56 112 38 83 52 24 92 147 60 218 35 125 59 16 36 84 125 115 88 67 203 117 0 21 20 47 66 151 0 72 73 66 21 10 55 179 54
28 0 24 88 40 75 98 9 76 26 94 46 55 85 28 7 28 34 55 8 89 28 15 144 0 89 54 0 48 21 33 178 0 126 37 101 95 48 28 47 73 56 8 104 93 109 166 73 0 7 81 41 6 90 56 32 0 137 0 55 51 46 105 42 70 172 94 88 45 76 40 81 52 80 51 54 0 106 95 30 96 75 133 34 18 24 175 24 63 108 53 42 36 63 78 126 179 67 111 10 30 42 29 65 30 40 152 49 0 60 81 0 69 184 0 124 100 79 0 123 35 177 119 0 96 0 57 10 21 48 111 84 144 54 98 100 24 172 30 28 71 156 69 35 86 64 100 158 20 91 90 16 28 24 4 12 85 1 110 32 88 48 125 0 100 32 87 27 18 94 109 0 160 0 31 54 130 32 92 56 110 163 70 42 81 48 113 144 40 6 76 50 25 82 88 15 130 42 79 50 56 16 53 43 12 154 72 92 192 28 81 25 0 42 0 36 52 57 36 43 176 56 90 16 50 112 213 13 61 26 86 77 66 0 44 132 20 0 102 205 7 56 64 80 0 47 77 52 110 10 40 69 35 10 119 153
75 40 99 17 112 43 149 87 115 146 44 220 66 134 16 54 123 173 144 150 160 46 80 20 16 84 108 50 118 91 82 146 45 15 100 30 76 89 0 47 136 128 119 38 64 73 11 125 60 200 71 0 253 20 84 112 62 64 94 35 114 86 63 30 4 0 137 141 16 3 106 179 0 131 73 24 45 125 21 88 48 5 102 119 89 28 127 101 24 129 27 149 24 96 56 82 42 24 105 153 178 52 89 114 35 52 128 0 71 16 14 105 61 159 142 30 178 21 14 87 35 59 298 57 36 61 91 45 43 36 142 103 178 79 14 49 160 149 168 6 62 33 141 119 26 122 82 36 100 0 181 4 27 193 69 78 68 18 77 81 222 46 140 38 150 18 199 296 94 166 141 72 139 72 32 75 106 111 24 91 107 273 226 63 15 60 24 28 123 304 96 140 128 156 24 0 71 139 110 164 146 16 115 179 62 262 101 298 84 66 69 87 40 32 14 77 63 240 75 374 82 69 0 52 99 103 173 115 277 114 111 165 127 43 24 95 48 142 15 86 58 45 214 49 82 8 34 142 63 48 141 154 114 0 159 159
53 15 6 33 56 70 18 51 6 68 67 0 52 40 33 14 117 12 28 42 63 10 108 25 26 122 125 66 63 117 134 38 104 29 30 35 7 12 42 142 81 102 77 27 117 66 36 7 84 0 92 24 78 6 9 42 20 20 18 0 0 7 55 8 162 0 18 81 27 0 105 0 2 36 43 87 71 81 0 18 70 6 78 24 30 62 24 51 60 17 72 24 0 29 54 61 10 53 30 44 74 27 111 24 98 0 58 72 112 11 0 129 42 161 45 19 135 70 63 90 96 10 122 114 34 21 14 59 82 11 47 28 97 72 56 56 0 21 84 0 66 76 94 138 3 91 24 0 72 0 67 36 0 63 72 0 8 58 36 0 70 27 12 52 163 41 24 30 18 96 24 25 23 83 12 4 0 8 12 62 0 0 12 42 16 61 10 0 101 65 97 33 0 77 54 0 101 48 21 113 42 98 20 76 0 92 86 63 46 24 50 0 30 0 12 0 63 55 45 45 0 113 7 48 45 138 127 10 56 34 92 27 49 53 77 90 73 82 38 61 0 0 0 22 63 2 63 123 42 18 71 12 143 0 137 92
0 63 72 116 62 92 120 107 103 28 61 35 105 38 14 0 40 1 20 32 78 0 42 14 36 87 25 0 115 130 8 256 38 22 93 30 73 56 84 39 0 64 71 157 12 78 152 74 0 4 65 95 2 122 19 14 26 30 0 115 89 28 145 69 80 50 184 81 57 36 56 89 36 5 39 45 0 96 0 6 0 92 67 6 69 26 20 6 4 15 132 57 79 163 5 83 9 30 76 94 14 29 42 10 82 17 49 105 63 36 167 72 0 94 0 19 0 148 21 129 7 0 16 0 132 42 0 18 106 49 71 121 7 100 110 105 64 68 65 35 65 174 48 36 42 79 40 143 32 21 77 6 14 0 90 28 16 8 0 40 65 44 120 18 0 56 85 54 80 105 111 24 197 100 78 145 141 56 8 0 154 79 81 24 128 0 153 47 14 105 80 113 35 101 56 39 101 56 6 96 24 39 10 136 0 228 6 214 75 59 83 15 41 26 0 117 91 74 67 32 55 149 180 101 21 24 75 98 97 50 0 51 75 43 26 24 115 0 71 88 42 28 0 44 0 0 65 80 7 2 87 81 71 47 62 0
38 82 42 47 40 0 72 140 173 96 39 92 36 18 79 90 9 171 86 12 94 97 0 0 12 18 36 12 46 57 42 64 8 61 0 20 23 45 43 74 2 32 58 75 67 72 72 147 25 124 0 7 81 72 34 34 55 52 100 0 4 103 26 100 108 45 100 28 99 38 60 66 33 52 74 14 47 6 61 86 40 15 76 28 48 12 20 66 117 81 182 33 29 53 10 64 42 6 106 78 46 42 138 63 112 32 134 114 9 49 92 48 36 49 17 72 68 52 80 186 0 69 123 110 107 0 85 15 92 0 8 46 26 69 78 0 104 110 195 86 70 36 0 64 67 84 122 0 82 3 0 8 96 67 19 68 130 87 16 0 5 27 84 58 80 0 0 30 46 30 65 12 73 179 72 129 65 150 48 51 5 37 51 16 105 36 39 51 69 101 0 0 46 61 30 20 36 35 60 70 32 18 18 108 110 12 70 16 257 67 153 111 69 46 45 129 127 47 28 108 49 27 0 10 97 98 35 104 61 87 6 121 103 93 21 35 52 94 77 32 3 154 71 72 0 26 67 0 55 67 64 24 22 86 51 166
24 48 108 97 42 123 45 36 40 78 40 32 69 71 63 2 103 45 16 113 113 51 75 75 40 142 89 38 24 91 78 159 199 12 0 87 13 49 129 126 71 77 79 123 81 138 0 8 89 28 28 99 16 11 4 84 24 79 2 55 18 95 50 50 86 78 78 60 17 0 54 92 48 45 0 30 3 91 4 103 64 104 24 158 75 52 36 54 44 29 136 24 9 77 87 45 24 77 107 88 7 12 238 112 66 18 108 68 99 93 20 129 16 82 24 147 186 24 134 72 68 44 111 68 76 61 8 228 57 12 39 98 78 94 73 67 90 13 76 104 192 2 29 111 62 117 139 74 43 20 57 53 126 73 74 2 54 75 135 64 91 56 40 44 179 76 75 9 65 14 138 39 43 236 38 62 36 22 80 33 72 50 78 102 0 58 55 114 54 40 103 40 63 70 19 50 14 49 44 129 24 65 60 93 25 177 36 129 105 86 78 40 45 91 18 26 28 109 6 45 222 192 94 108 28 49 68 76 86 77 36 124 124 12 135 81 124 143 119 71 10 10 96 52 113 20 42 48 46 5 82 0 28 35 172 105
9 36 24 133 64 34 95 36 8 81 52 23 91 57 0 24 25 8 4 52 32 50 36 18 35 152 40 32 60 26 44 57 44 71 28 0 28 34 34 87 6 0 5 159 59 30 50 0 0 0 34 67 15 42 51 48 44 0 26 0 32 40 122 24 26 54 80 24 2 6 14 54 92 81 0 54 113 44 8 108 54 91 27 79 18 2 140 33 30 10 16 0 42 38 45 72 0 106 99 25 48 64 18 88 112 20 25 56 5 70 0 48 15 56 0 162 0 55 0 0 39 124 4 33 54 0 0 89 77 10 120 45 30 40 72 68 68 150 59 50 73 21 65 57 0 67 26 3 20 45 17 104 135 0 178 72 34 2 24 30 62 36 0 30 107 0 24 19 70 0 113 44 106 73 12 91 31 92 4 88 0 30 110 8 64 34 30 130 8 54 40 21 58 157 36 32 171 0 10 28 47 0 132 31 30 80 84 84 0 29 79 113 60 4 0 113 59 0 58 81 124 54 8 16 18 36 72 200 86 18 0 94 85 0 2 24 48 63 58 55 58 69 5 93 114 32 59 62 131 0 17 0 10 57 24 96
6 24 0 40 2 32 8 0 77 0 40 0 118 25 36 0 35 85 16 4 44 80 0 82 5 0 40 0 105 36 5 28 0 62 0 56 18 24 24 98 0 32 44 112 60 24 64 0 0 27 21 30 72 6 53 20 0 0 27 0 0 0 18 0 104 0 0 33 0 0 33 7 18 24 6 15 54 45 64 30 99 12 45 6 40 0 0 35 34 9 91 0 12 6 54 31 40 18 0 40 48 84 3 31 57 40 8 62 72 0 32 90 27 0 80 49 92 48 18 39 0 0 32 35 5 0 8 32 60 46 54 64 30 4 53 25 64 65 63 41 15 32 20 44 0 30 27 0 52 8 0 26 0 35 0 0 3 4 0 0 76 0 110 0 79 0 15 66 28 138 18 45 0 34 40 0 45 25 80 60 13 35 3 6 84 36 75 9 27 29 16 21 0 25 83 54 72 0 3 30 24 60 47 56 117 84 0 28 24 52 63 3 48 0 0 33 37 24 88 0 56 24 0 48 35 112 33 10 32 59 24 4 7 99 9 21 24 121 77 0 0 40 77 12 18 8 40 30 47 34 36 25 99 10 87 30
32 30 5 50 43 20 91 0 0 64 0 60 51 46 0 47 48 71 5 95 40 57 45 0 12 36 2 0 94 6 3 29 108 53 32 0 22 41 62 48 96 14 35 29 28 78 19 56 78 36 84 0 52 6 42 77 5 61 3 60 48 35 99 15 18 0 20 52 42 9 16 123 15 51 82 21 0 7 33 75 0 0 39 24 21 15 7 72 85 58 68 30 25 119 0 42 15 23 50 18 225 73 49 69 58 52 48 97 0 0 26 42 90 87 101 135 69 84 12 44 3 31 56 28 25 67 42 82 0 10 83 65 22 35 42 18 85 18 40 21 95 86 4 99 8 43 24 13 59 48 81 21 113 149 55 16 24 63 12 2 133 28 30 6 9 70 91 89 96 74 62 0 40 29 67 93 0 59 24 79 40 31 18 4 61 0 56 111 61 61 0 48 102 171 22 61 26 69 18 18 8 79 0 92 66 61 73 28 64 89 86 47 89 77 63 18 0 99 71 62 74 57 40 69 30 51 59 0 125 98 7 159 3 92 44 46 76 6 5 43 0 2 0 105 63 48 97 35 99 36 56 66 65 84 21 132
73 8 148 246 68 9 80 62 31 174 18 75 21 78 63 0 0 90 93 17 9 65 104 47 24 0 153 28 31 39 51 23 12 124 3 70 35 136 91 21 5 20 41 183 59 49 66 102 124 7 62 91 62 80 15 8 69 99 10 9 106 92 92 28 12 37 27 24 214 130 7 55 65 133 246 33 37 36 0 0 81 0 54 106 147 77 128 37 72 9 14 18 7 119 35 79 24 105 52 144 8 35 39 79 138 0 16 99 75 106 64 10 91 27 26 9 28 100 5 103 25 25 113 53 124 145 54 26 20 18 11 25 66 13 74 23 61 39 206 27 0 297 104 146 204 70 133 68 74 0 70 84 52 205 0 27 61 64 34 0 18 9 21 111 123 45 48 96 94 107 9 55 64 12 67 78 13 55 0 41 25 8 59 227 40 21 36 45 25 62 36 62 7 48 93 45 39 8 117 75 89 45 30 92 134 200 12 32 40 14 85 76 96 51 0 16 0 74 41 32 61 93 104 30 10 59 56 59 6 69 99 58 12 81 63 0 70 0 100 42 15 0 122 51 9 248 196 26 141 48 18 126 42 24 62 39
19 52 75 45 36 129 84 89 0 14 169 57 32 86 127 104 63 44 66 126 88 25 0 92 0 69 8 95 145 48 7 63 100 0 72 43 33 6 167 0 43 0 53 65 105 50 40 22 47 0 48 52 149 20 146 36 0 0 3 0 21 31 8 104 20 8 128 90 44 43 104 31 40 106 22 37 0 86 108 66 113 55 100 0 69 22 24 85 45 36 0 116 65 54 127 80 27 85 59 8 28 21 82 4 99 31 62 42 0 54 153 48 8 100 39 50 22 53 24 169 63 114 81 103 63 108 54 67 62 125 0 0 32 77 76 148 37 48 65 152 141 134 21 60 80 123 24 69 0 27 11 62 94 2 0 0 16 99 88 151 12 81 224 53 1 48 134 39 40 57 50 100 108 104 101 0 158 54 86 5 32 18 27 27 40 12 32 54 30 52 0 44 38 52 58 67 99 59 96 18 0 0 137 113 73 87 175 54 155 57 67 36 3 70 25 39 39 27 45 20 69 8 88 0 51 15 26 85 73 59 92 84 15 21 76 97 96 126 119 81 9 88 19 0 14 55 41 137 42 12 40 30 52 38 39 63
79 108 159 111 9 18 70 160 28 101 94 152 21 92 61 23 96 63 91 112 32 124 111 124 105 5 101 3 25 120 52 75 42 107 60 89 24 170 120 0 48 107 56 113 65 89 57 115 51 126 21 35 55 27 142 36 35 42 3 4 72 49 37 105 14 0 94 64 127 210 40 73 35 0 101 21 16 49 32 134 130 30 83 72 193 67 170 56 96 39 0 103 63 217 21 9 76 76 62 76 0 67 89 36 99 4 57 96 37 95 32 0 16 68 89 50 28 6 0 37 4 3 186 86 211 128 153 38 54 4 141 22 57 40 23 146 24 36 94 104 49 98 183 43 84 70 81 51 0 80 58 24 64 80 29 6 152 63 37 141 0 0 76 92 95 0 93 109 28 64 133 82 48 88 30 9 12 126 82 32 14 22 79 92 30 54 44 37 58 196 69 63 108 24 57 0 48 113 80 74 211 28 134 92 198 101 56 81 70 48 24 32 66 0 12 69 6 175 0 94 0 38 48 0 35 32 103 175 136 120 39 16 24 112 32 141 0 116 117 47 0 36 0 62 64 60 44 55 32 15 82 28 60 0 188 110
100 0 87 159 104 54 157 65 52 33 99 122 16 0 27 0 156 24 0 20 82 43 99 0 53 68 20 0 52 30 41 64 112 27 14 0 24 36 30 78 41 52 16 43 147 10 141 4 73 103 136 78 60 0 236 39 27 14 124 78 16 206 140 130 16 145 69 88 18 72 7 51 32 96 48 107 90 63 30 28 12 156 97 70 135 24 229 18 67 38 80 9 20 57 76 108 59 60 75 81 25 70 168 11 304 41 75 0 0 135 63 39 0 216 32 191 88 141 45 82 0 124 45 52 56 0 18 5 50 50 69 39 158 142 109 153 68 127 90 30 118 313 121 50 207 195 233 88 28 0 98 104 57 14 28 92 87 2 70 23 0 12 12 3 71 64 144 16 16 93 10 24 105 84 82 76 41 86 118 32 20 35 16 113 116 0 141 109 56 47 81 40 122 176 122 48 54 130 65 97 37 13 42 0 186 227 18 74 145 46 47 85 8 62 48 95 62 66 0 189 18 188 110 48 59 58 27 72 54 99 66 105 161 115 30 104 40 50 75 96 52 64 81 109 90 54 44 111 40 0 36 36 39 32 53 123
54 18 85 12 126 47 78 23 36 0 79 0 57 0 0 0 42 111 64 79 36 27 16 66 82 54 30 40 18 48 36 46 8 8 19 0 14 71 0 24 124 56 0 58 43 10 39 75 0 123 66 81 0 60 9 4 25 42 62 66 38 42 135 35 45 72 15 2 36 0 16 121 56 133 202 18 48 74 0 63 0 0 105 155 21 0 61 21 101 66 36 0 0 34 5 137 48 32 34 147 100 30 18 83 60 0 127 0 0 0 94 12 49 134 27 64 18 20 71 0 71 5 62 0 8 56 20 18 64 44 0 74 24 52 65 6 71 26 66 0 4 112 24 57 35 14 173 38 82 42 0 4 18 114 22 10 106 42 9 20 43 12 0 30 54 0 15 2 46 109 0 114 62 46 72 86 129 47 0 18 78 9 6 0 98 20 10 64 0 85 48 0 20 54 71 57 54 55 0 72 48 7 0 32 41 100 99 12 24 70 32 20 67 3 24 77 0 32 12 87 126 8 0 38 32 48 83 54 0 50 137 136 75 18 18 67 42 92 26 48 36 40 8 125 26 30 64 72 51 79 0 7 59 7 107 14
80 89 9 82 28 31 115 32 93 22 34 83 81 34 8 0 59 45 30 84 0 1 57 0 48 10 78 0 58 20 72 56 25 72 12 95 64 36 80 22 125 72 27 119 20 112 54 147 12 73 28 27 97 26 3 83 74 98 44 0 112 86 123 112 0 26 42 18 63 98 42 56 10 94 72 28 102 64 7 84 63 0 8 90 0 54 54 48 51 56 74 97 6 16 54 15 76 123 77 93 44 0 4 61 29 50 80 0 152 38 8 48 14 114 0 40 0 114 65 29 10 50 37 2 89 14 42 31 74 2 116 42 21 23 66 62 131 0 4 25 34 27 54 71 66 60 0 64 19 193 8 40 70 36 62 0 60 34 8 64 72 30 121 108 4 0 107 49 81 40 49 173 99 50 28 35 16 104 81 26 63 34 129 89 28 2 51 12 68 41 14 0 18 45 34 7 0 133 95 74 0 88 93 39 89 38 16 49 38 0 8 32 155 2 0 16 0 123 22 81 2 116 28 69 12 60 143 48 137 93 99 45 81 7 16 64 43 22 47 13 0 0 0 34 26 111 57 12 203 27 40 56 111 3 78 15
31 0 71 68 75 94 31 159 30 14 174 30 145 80 6 0 66 141 48 17 80 89 134 44 97 134 58 33 12 8 90 24 13 8 58 0 22 50 0 75 68 35 80 80 66 27 53 96 2 38 85 76 0 108 123 60 0 46 83 91 54 41 49 119 90 63 124 55 85 72 0 71 56 109 49 124 30 70 28 94 0 72 86 95 73 27 24 125 102 47 56 0 18 115 1 73 86 79 35 0 60 96 42 4 67 74 91 8 160 45 79 48 87 151 24 52 54 57 24 73 104 43 82 36 29 26 8 2 84 60 36 12 10 11 10 91 10 5 85 35 105 121 66 40 6 93 103 77 43 28 0 48 72 88 100 59 120 62 48 71 18 32 12 17 18 87 21 88 4 71 2 64 117 35 0 124 0 79 6 0 7 28 18 18 52 42 45 72 55 66 138 24 36 113 75 34 89 98 64 76 32 40 103 89 16 256 59 76 54 39 87 106 2 50 12 30 1 0 81 19 14 62 74 86 14 0 63 7 0 73 88 56 40 12 0 117 63 0 7 102 0 70 18 62 20 40 52 79 25 14 40 0 12 20 7 45
58 81 158 36 12 70 120 43 84 19 43 15 99 72 71 10 119 99 64 110 108 0 137 36 32 48 0 0 11 44 24 2 28 123 39 42 63 70 30 71 77 96 14 45 30 48 58 99 44 27 29 59 25 6 12 56 0 29 59 0 16 30 64 20 54 40 34 63 61 0 33 76 74 23 18 121 9 86 56 33 24 80 24 35 0 24 20 48 28 81 23 14 18 12 0 8 57 92 0 9 88 7 79 32 97 2 60 27 80 35 31 84 100 52 10 74 0 43 38 123 157 115 20 70 17 14 25 64 49 9 144 54 27 35 90 78 30 104 28 63 10 26 48 15 0 103 32 80 3 86 32 93 0 133 11 61 116 9 20 56 67 15 86 21 1 52 125 25 10 182 8 13 21 62 82 6 8 118 161 126 32 38 32 59 45 90 141 88 19 80 30 40 31 77 172 139 69 24 33 35 76 190 45 97 0 148 26 67 174 85 120 5 115 0 0 129 35 83 119 14 9 10 22 4 15 80 16 120 92 102 12 29 51 16 27 18 0 85 14 64 6 16 72 66 56 31 46 20 70 104 110 0 15 27 107 92
11 0 65 18 122 62 164 168 63 90 152 32 41 80 32 9 27 91 87 49 59 36 107 14 0 0 0 51 5 9 0 66 40 40 67 0 49 76 41 70 2 0 89 171 96 34 239 138 88 21 23 87 54 18 120 69 24 7 0 0 50 0 3 18 171 33 91 144 88 151 50 27 88 24 82 42 0 93 11 88 10 59 49 2 69 31 20 74 81 0 0 65 95 135 28 82 113 83 21 29 29 23 28 56 100 52 49 42 32 16 73 0 4 15 45 99 9 63 40 94 67 0 122 70 81 41 42 18 63 81 12 24 78 57 63 254 56 106 57 12 0 151 56 0 0 54 3 45 35 0 54 64 12 36 33 66 142 0 66 40 49 20 10 2 0 62 16 50 38 61 0 135 44 18 97 30 28 121 0 35 29 29 71 95 49 0 73 106 32 123 97 64 41 52 12 4 103 97 66 82 0 15 72 92 25 131 28 94 4 51 36 95 100 25 9 34 40 53 36 45 29 44 0 0 19 30 64 12 54 65 6 97 24 0 12 101 80 18 7 52 3 14 35 0 7 5 90 147 36 0 72 51 40 70 66 105
118 0 0 150 64 0 187 46 29 69 18 14 41 30 0 32 10 48 102 122 80 14 6 24 88 50 85 69 84 0 12 36 86 41 0 138 134 62 122 122 148 76 60 145 48 86 75 131 61 68 68 72 127 126 21 54 0 97 24 0 85 72 216 24 0 82 42 72 0 63 62 12 47 14 82 38 122 157 16 38 12 132 0 106 56 72 128 113 153 4 78 120 50 48 15 41 115 9 0 137 40 56 0 40 101 54 106 44 152 90 11 56 12 151 0 168 8 29 80 164 28 145 38 14 24 16 8 125 185 58 80 28 18 33 106 196 42 124 127 52 18 7 0 8 6 56 21 67 18 151 19 66 36 83 36 80 88 0 48 52 70 28 198 65 41 0 105 32 4 49 34 182 80 3 44 58 166 4 78 3 95 49 90 48 144 12 20 100 40 42 0 50 179 121 100 62 141 104 107 86 52 25 64 16 138 146 56 96 70 12 32 39 35 48 0 8 60 67 6 169 84 71 60 50 133 60 99 142 124 146 134 148 76 12 24 88 102 52 0 152 0 86 0 18 74 73 32 0 192 12 96 70 14 24 59 88
131 0 9 99 0 35 97 6 30 35 128 0 10 4 27 45 20 29 45 5 0 133 0 6 34 16 109 0 111 63 36 34 8 0 5 6 94 33 0 205 2 10 131 34 99 86 48 30 15 117 52 47 51 45 75 9 36 0 49 56 68 8 9 0 8 51 4 2 10 84 93 36 0 72 64 25 18 112 28 10 8 78 44 56 3 50 0 25 52 88 2 48 27 23 18 0 50 71 54 30 51 0 42 25 28 18 36 4 18 2 58 54 56 0 18 122 61 39 10 78 1 97 31 36 0 53 0 32 45 8 6 128 45 12 16 18 117 46 14 2 20 121 26 120 45 81 48 0 12 0 14 36 0 0 4 93 63 109 71 35 7 54 25 24 18 63 0 0 54 0 8 56 15 18 25 26 46 71 1 44 24 75 32 10 0 4 15 44 71 18 7 64 85 188 135 164 101 97 42 103 36 9 26 38 154 18 20 94 21 77 29 142 12 34 11 70 81 24 94 220 9 76 10 16 63 80 21 18 68 16 0 42 40 93 67 44 136 117 36 81 27 0 37 27 307 19 6 51 49 0 12 120 0 40 16 24
18 42 126 56 32 56 68 57 39 0 0 28 144 0 30 30 57 78 0 33 42 8 87 36 0 56 2 0 21 64 24 128 77 18 0 20 56 41 164 66 47 27 76 39 7 14 21 35 16 21 0 17 28 7 3 36 54 9 0 28 8 40 51 20 0 30 0 99 9 12 5 17 45 0 18 10 0 85 28 0 30 36 72 0 0 0 49 18 102 130 24 42 24 7 2 24 33 0 52 0 86 105 44 3 135 46 60 51 3 30 31 0 97 39 35 69 58 14 22 91 20 28 0 60 95 88 0 18 54 68 58 61 25 39 45 112 35 10 0 81 35 24 30 18 133 83 100 50 70 16 18 8 62 62 47 9 58 0 30 27 28 0 6 18 82 0 56 7 16 81 72 51 15 42 56 45 96 54 23 81 45 12 157 144 98 0 42 45 12 64 9 21 30 0 27 89 78 42 8 20 36 18 24 0 85 55 16 74 0 55 100 0 28 58 69 6 32 76 29 67 100 0 35 14 0 12 80 42 82 96 15 7 45 42 5 25 111 48 96 0 81 18 40 61 18 60 64 29 7 9 110 10 18 46 8 48
0 68 70 63 87 68 106 79 14 93 24 102 0 16 53 12 4 25 50 210 96 34 195 50 74 12 103 125 19 85 71 65 36 78 0 0 21 20 48 14 5 105 4 26 78 36 132 120 65 54 56 57 7 95 122 24 33 2 15 68 34 140 119 39 85 97 12 14 119 24 51 42 49 151 78 20 75 174 60 222 9 69 43 171 42 58 82 49 134 81 105 6 38 79 42 55 71 49 27 170 91 55 48 103 145 40 113 14 86 102 91 6 60 115 75 56 42 145 130 205 144 42 45 54 119 48 18 108 24 4 54 84 35 35 0 154 46 80 194 45 76 78 75 35 37 84 183 48 53 0 0 20 0 55 26 20 51 0 35 42 51 5 83 28 103 64 71 35 28 15 60 224 36 60 95 56 191 83 56 39 27 60 113 51 82 34 0 99 93 70 65 122 50 76 149 156 36 5 63 165 0 55 47 0 100 152 115 14 35 40 77 24 48 14 64 40 7 45 56 55 151 81 133 106 94 83 68 36 36 52 126 137 0 102 62 72 98 81 18 127 0 18 5 9 8 45 121 0 84 4 17 91 56 109 170 141
6 66 60 0 16 35 52 84 93 0 68 78 107 35 117 58 74 118 56 54 111 12 54 19 14 101 72 42 58 38 44 74 32 69 0 12 16 10 40 77 63 55 19 36 127 29 122 112 14 56 75 25 115 54 0 105 0 9 51 14 0 54 30 0 112 27 59 15 0 6 4 63 0 24 18 90 53 12 57 132 34 67 6 74 35 0 78 115 197 157 94 0 45 32 30 86 56 45 111 40 35 93 44 77 61 117 22 48 70 109 107 132 3 3 0 104 122 10 68 214 138 168 0 44 102 32 0 55 0 16 42 21 60 28 16 81 67 89 109 83 91 82 90 80 135 12 56 0 22 73 0 69 24 24 63 36 24 111 92 15 95 57 84 17 82 0 46 30 55 85 16 83 2 16 21 78 42 46 14 74 14 107 212 8 78 47 0 40 92 0 0 18 56 64 186 182 94 103 16 189 24 63 54 46 71 96 8 93 127 75 202 80 58 30 6 64 72 56 44 110 101 87 0 16 48 0 117 118 64 105 81 12 96 58 0 60 33 62 106 169 63 129 0 58 128 48 28 81 169 14 48 14 18 12 83 65
0 32 55 10 75 93 29 68 72 19 91 15 60 16 76 12 85 16 68 91 39 72 58 1 36 65 42 36 81 22 60 38 44 101 16 80 87 42 26 36 218 69 9 170 123 46 64 52 0 52 18 36 96 105 32 26 16 53 55 0 33 71 95 28 97 6 61 100 16 96 121 32 98 63 0 40 4 11 1 60 4 53 48 74 73 6 21 16 58 163 102 32 30 104 10 93 20 68 24 45 106 89 31 102 82 40 64 28 26 50 14 58 81 115 40 113 0 18 18 90 0 26 109 28 58 18 60 36 57 23 56 42 14 67 16 66 60 5 56 159 167 59 48 165 18 60 96 96 55 23 80 6 6 13 66 6 117 24 21 47 24 47 96 45 27 2 71 130 0 28 34 36 32 32 105 145 28 60 91 102 6 40 24 32 102 115 88 42 33 10 2 77 0 63 96 133 66 0 73 18 0 92 12 4 10 6 0 38 13 66 51 65 78 54 39 48 78 112 108 105 52 20 0 44 35 110 76 59 222 121 0 64 63 84 63 124 24 0 52 102 10 32 0 178 8 86 46 41 32 90 0 0 36 36 70 0
42 0 78 51 71 7 115 40 80 119 32 82 6 75 25 63 129 0 48 12 199 50 0 23 2 48 122 64 0 59 43 70 151 64 72 0 27 111 63 70 102 48 36 24 107 80 33 26 18 10 208 0 138 30 130 48 0 0 44 11 0 81 156 0 101 0 111 144 0 27 54 49 96 63 185 57 94 123 67 63 0 6 54 103 66 27 8 10 210 45 66 96 6 86 110 88 38 32 0 78 77 0 92 64 20 18 66 32 65 4 24 171 44 126 110 0 108 21 69 62 14 6 12 15 60 179 100 37 2 12 78 0 99 104 19 26 49 62 174 0 0 84 66 116 70 54 171 0 18 0 108 65 0 77 0 0 101 1 15 84 59 49 72 62 163 6 48 21 0 133 68 70 77 91 16 30 61 35 30 0 56 72 112 32 0 0 57 48 105 174 0 78 105 93 93 2 18 42 68 124 108 95 8 39 12 0 134 57 91 81 12 81 102 13 18 55 45 84 18 81 34 150 0 18 74 42 97 71 86 111 35 28 35 6 21 15 24 123 0 9 0 0 107 61 105 56 88 180 34 0 36 77 95 21 105 0
36 47 13 104 15 13 61 20 4 56 16 41 183 40 0 10 75 1 4 47 27 16 103 51 24 5 164 11 96 21 89 90 35 0 24 52 63 64 51 44 34 35 76 229 57 88 25 24 0 0 2 0 125 27 54 0 40 0 39 0 25 29 30 44 33 78 31 21 9 40 104 42 47 162 36 152 7 76 28 36 69 161 81 0 32 0 32 36 18 27 30 16 0 21 8 46 55 109 79 85 59 36 3 91 20 36 36 0 106 84 0 91 53 100 0 91 22 1 78 0 95 91 56 68 50 44 6 18 96 20 28 93 93 94 0 113 0 0 87 38 57 9 29 75 56 30 100 0 0 108 35 37 60 72 52 1 28 0 47 32 0 0 54 76 107 0 44 72 17 32 48 97 68 1 60 8 60 74 104 40 105 36 138 6 49 5 24 15 48 30 0 93 42 64 3 72 64 0 59 112 0 48 91 25 54 8 17 91 24 11 36 0 0 20 30 24 0 49 45 135 122 0 4 0 16 80 44 114 67 75 25 70 42 6 123 38 28 0 0 56 3 28 58 48 0 2 0 65 94 4 20 105 59 115 10 45
69 186 48 156 34 31 211 99 100 75 46 51 21 111 67 79 72 7 63 0 29 70 47 41 75 48 89 141 33 201 119 134 0 84 44 35 68 81 33 47 89 131 15 100 73 16 87 145 63 82 65 90 47 4 28 6 14 85 0 0 118 111 49 89 200 72 145 73 49 152 44 74 126 111 69 97 5 48 97 21 83 36 20 26 32 139 8 49 79 110 79 104 63 260 65 214 148 66 55 50 149 61 17 90 24 12 110 46 56 58 68 37 58 147 0 82 42 32 88 156 64 174 192 49 130 8 28 16 104 36 220 76 60 100 31 77 171 0 151 36 108 45 4 110 70 7 39 121 23 41 61 49 40 171 0 12 59 32 0 51 67 7 110 35 23 52 68 30 16 184 90 104 140 22 51 147 52 12 105 83 69 69 124 85 19 49 119 42 26 58 20 127 91 116 63 108 27 69 46 85 37 149 184 168 25 220 40 47 221 123 58 18 40 24 0 4 35 120 94 125 66 98 48 36 6 87 69 84 46 61 32 60 4 27 17 113 86 102 96 109 2 25 57 69 34 0 113 80 87 119 15 24 134 56 151 8
18 9 94 44 53 0 25 155 0 6 0 6 86 42 22 20 81 105 34 9 55 38 91 47 12 79 94 91 36 33 30 198 3 60 88 30 83 24 20 64 12 0 7 85 83 11 68 24 45 24 28 58 30 6 114 40 38 54 27 4 0 0 98 57 88 39 52 93 63 2 0 27 27 24 74 34 16 165 0 99 8 90 8 96 15 4 105 99 58 9 0 42 35 191 111 135 122 10 89 62 40 83 25 89 95 16 117 44 58 10 21 36 78 192 62 59 54 8 45 97 53 83 82 68 45 109 51 80 106 100 36 44 83 0 48 115 9 84 84 0 112 121 139 113 96 46 95 35 24 4 0 67 54 51 41 46 69 0 38 29 97 5 48 1 229 18 25 58 12 108 84 52 26 9 39 28 18 52 10 81 7 12 92 92 42 5 30 0 28 92 32 120 128 36 145 0 55 104 0 97 87 69 39 42 4 76 42 47 68 36 127 0 22 33 92 18 45 87 49 12 204 37 0 86 74 32 91 0 35 125 76 40 6 64 27 42 46 102 31 10 35 17 54 88 84 48 78 36 56 23 106 98 22 153 123 64
127 80 144 90 48 3 76 129 161 40 40 102 32 72 12 32 107 158 106 37 0 95 35 18 99 96 198 75 1 129 4 173 132 18 21 74 48 38 60 15 18 0 110 196 0 105 136 220 43 89 159 0 54 87 167 74 12 54 118 0 0 43 85 99 44 44 8 34 65 80 7 0 67 58 191 18 200 14 20 141 28 76 57 128 49 12 152 12 122 79 30 24 0 9 99 26 20 0 56 36 46 40 0 49 35 32 16 82 15 20 111 14 10 177 64 24 71 64 46 44 46 72 135 50 127 0 40 143 0 61 31 56 116 24 92 100 64 94 64 96 82 140 63 105 111 48 144 28 0 56 301 0 60 38 4 160 75 49 40 14 69 0 286 112 115 16 4 18 0 106 18 140 64 58 40 104 93 16 30 5 42 69 193 156 24 0 47 69 46 3 40 134 103 105 64 0 0 0 38 16 0 63 12 0 207 42 112 96 36 36 72 141 20 34 60 66 40 36 50 83 106 8 42 70 90 82 99 20 42 103 111 108 70 58 33 62 79 96 58 8 0 40 100 105 54 131 74 0 56 17 94 107 42 73 74 72
1 78 46 55 0 111 42 18 35 40 40 113 0 32 24 8 70 71 48 13 25 45 24 55 36 8 14 48 0 67 42 42 35 48 0 56 16 31 104 0 22 23 36 0 4 2 24 10 8 45 92 6 32 16 16 40 0 0 10 15 0 64 28 0 66 0 20 16 23 78 44 0 0 111 36 6 14 48 0 56 54 3 62 144 23 12 48 42 72 87 54 0 39 8 8 0 16 25 45 75 66 18 0 0 56 4 120 108 0 24 2 18 0 0 24 12 117 54 0 102 54 4 0 98 80 96 5 12 10 10 40 0 31 71 36 15 0 45 42 85 64 77 24 18 64 0 51 166 72 6 105 16 8 64 18 32 32 110 0 96 57 87 53 47 0 0 72 0 63 4 30 12 36 48 0 52 0 68 0 176 0 6 85 36 2 8 25 14 18 30 24 36 20 0 4 42 0 48 48 0 0 0 0 122 175 57 0 71 45 0 16 17 16 43 27 0 42 72 30 145 32 46 0 0 6 57 8 0 72 2 0 32 50 42 6 62 16 108 9 56 81 6 0 0 6 23 66 0 0 0 27 0 102 0 65 56
16 32 66 60 142 20 0 36 45 36 0 70 115 50 18 0 123 40 108 75 56 28 56 27 110 143 38 43 16 70 22 99 94 7 0 2 164 0 43 47 222 38 61 100 30 152 26 113 15 36 91 101 44 79 0 91 38 121 48 12 70 0 182 35 8 136 90 47 12 23 47 93 20 81 34 32 52 40 33 111 18 81 64 76 36 0 104 24 139 42 44 16 36 11 100 18 18 44 135 65 43 18 15 10 78 33 8 91 72 2 50 0 56 97 0 217 65 31 28 102 7 46 28 50 78 12 28 48 58 18 79 88 3 19 58 22 10 78 53 5 26 50 16 105 35 38 111 60 20 160 38 6 103 104 30 28 117 40 63 16 71 24 82 78 144 0 13 87 45 83 63 6 32 39 24 127 97 46 6 54 8 17 51 17 78 23 12 73 0 42 80 0 21 117 87 27 52 35 25 12 36 0 10 3 28 44 134 160 71 81 14 80 25 20 0 81 8 18 8 82 121 16 35 0 40 0 151 36 60 37 112 137 45 24 96 142 26 0 36 89 0 17 0 71 35 144 161 46 85 2 15 39 28 65 41 110
71 48 112 106 63 0 0 171 179 0 35 76 64 33 166 7 113 92 100 96 54 98 15 18 116 33 101 42 0 81 36 106 43 0 24 141 76 85 12 0 125 23 48 65 105 30 56 47 28 217 6 39 75 54 27 36 18 0 79 63 54 0 18 117 88 42 39 22 42 90 85 56 98 27 36 21 18 7 11 146 32 98 69 27 3 46 68 52 0 80 0 65 54 154 15 3 0 63 67 56 34 68 28 68 36 0 85 64 0 151 0 16 0 33 56 103 56 0 18 62 104 21 173 170 141 0 63 42 51 36 54 9 49 64 105 106 60 94 45 72 24 97 159 71 57 117 63 36 40 14 0 64 122 36 8 119 79 26 19 44 0 18 2 9 63 28 38 50 0 6 75 5 52 24 92 96 0 152 0 45 0 48 233 12 0 85 68 55 0 35 0 40 86 69 119 8 139 28 99 24 50 45 6 85 82 109 116 59 69 42 88 118 14 69 12 150 35 43 0 205 114 30 0 18 129 79 72 48 24 49 9 99 69 94 28 21 0 109 134 112 4 58 56 72 6 64 0 66 0 1 72 89 30 70 203 147
0 92 45 60 90 72 84 59 150 87 62 11 26 85 0 16 7 91 62 2 67 136 53 0 0 19 122 56 70 0 5 15 68 64 32 110 13 23 111 9 105 18 178 274 24 204 133 91 28 0 9 114 136 14 63 38 0 55 73 2 99 25 116 19 111 20 54 79 0 68 46 52 71 84 72 0 99 32 95 136 122 65 78 35 109 49 132 39 36 43 32 0 21 21 95 56 6 81 57 31 137 144 26 47 56 54 32 57 111 75 39 162 81 104 80 101 86 117 18 107 57 118 51 51 30 16 7 91 91 121 62 34 151 15 67 60 29 114 88 51 147 56 42 181 16 125 158 105 0 20 21 42 36 32 12 62 119 45 56 5 116 30 148 16 105 8 143 146 16 174 40 156 29 65 111 62 40 8 103 72 51 26 82 30 88 26 201 136 9 106 0 166 32 30 113 69 106 68 40 101 54 99 127 97 94 87 4 91 86 32 40 44 89 53 0 0 47 123 49 90 62 125 15 0 20 98 148 70 148 215 55 121 8 104 60 107 0 123 57 59 4 40 87 0 0 26 116 113 18 42 47 47 176 53 212 38
0 12 30 34 0 24 119 9 42 72 139 23 0 93 56 72 120 132 84 171 161 23 30 72 86 103 88 84 63 0 87 74 99 152 16 154 30 13 100 117 62 38 77 139 105 38 108 185 8 24 76 48 56 103 43 44 30 33 0 0 0 9 15 12 4 79 99 69 153 40 26 0 28 135 66 83 41 35 33 126 22 95 71 32 147 24 0 110 61 171 46 57 79 48 0 0 153 40 152 27 42 100 60 0 47 53 112 43 49 115 79 55 72 15 48 28 94 82 83 129 0 236 134 60 79 38 90 161 45 22 114 6 38 37 30 80 92 33 75 66 104 217 0 60 107 69 12 18 3 51 2 18 0 84 27 32 69 57 117 9 136 30 220 81 27 0 64 9 0 81 0 143 60 75 162 69 4 138 113 27 114 6 126 120 66 75 18 18 93 38 64 16 96 64 220 169 240 0 34 66 0 42 10 80 54 94 24 48 233 41 88 117 6 40 0 52 30 66 14 84 145 17 28 0 42 57 110 33 34 73 45 50 18 3 8 42 10 4 12 177 8 5 112 48 50 33 54 48 175 41 20 36 0 77 122 103
69 0 129 6 98 29 94 9 26 28 16 68 0 64 121 156 89 28 112 125 46 42 68 111 0 24 159 32 101 135 0 101 0 36 39 44 51 36 0 28 69 41 113 181 120 105 75 246 51 60 48 58 59 75 75 49 31 44 2 0 24 30 25 12 90 98 79 96 18 18 78 106 85 93 90 56 36 36 71 9 17 67 50 27 28 48 17 145 51 28 73 74 77 97 48 36 86 114 84 137 50 56 7 1 26 70 27 131 106 40 282 47 46 0 78 47 46 123 247 21 0 18 36 66 119 66 85 18 60 16 20 33 21 95 24 108 114 70 40 210 6 86 80 88 37 86 30 62 66 86 54 35 9 71 57 70 10 46 57 8 68 116 59 68 57 24 97 18 45 21 63 109 189 2 91 168 80 80 40 30 60 49 41 129 74 95 38 97 6 39 69 129 1 36 114 30 160 8 160 44 66 0 46 144 109 174 53 253 108 148 42 106 80 64 8 92 70 41 91 102 56 137 72 15 40 96 16 101 27 137 126 12 80 23 54 58 85 19 24 111 42 49 106 67 41 96 102 5 115 42 16 115 108 94 5 15
0 69 0 2 28 22 84 95 72 43 0 141 80 12 85 48 93 141 12 63 64 14 138 77 0 52 6 33 52 17 69 92 118 44 66 22 45 45 18 0 115 0 17 40 118 15 0 54 11 79 18 28 181 130 101 92 69 0 56 102 0 155 55 20 32 122 35 88 36 0 0 94 20 84 79 12 73 119 80 108 47 58 3 3 30 6 17 28 32 230 108 54 72 48 35 68 5 75 107 139 57 38 48 68 120 66 48 43 99 73 36 80 141 168 61 65 81 27 12 230 55 32 92 89 80 36 0 25 18 0 108 9 109 110 16 78 5 137 250 85 32 71 0 100 93 97 185 133 46 61 90 0 31 99 129 40 80 0 88 5 8 70 107 7 62 32 80 82 3 88 89 7 40 43 81 58 75 70 96 216 80 85 87 53 0 103 56 30 74 65 101 0 0 0 10 38 42 42 75 18 0 0 45 28 2 114 64 115 102 24 38 0 55 47 54 0 72 0 56 131 54 148 84 57 0 66 42 17 134 0 57 16 98 39 0 40 30 0 35 87 36 0 36 48 109 74 74 29 7 12 118 15 66 25 56 39
126 18 135 59 108 64 187 53 62 182 45 146 27 45 82 32 51 8 8 169 64 48 73 72 64 94 69 60 64 18 61 8 52 10 0 54 106 138 107 70 20 88 57 66 54 63 0 88 22 28 53 89 72 98 57 48 45 123 67 53 46 98 85 49 17 4 42 45 94 8 45 0 30 130 40 175 27 0 0 55 43 27 256 109 64 18 32 55 124 85 110 38 21 0 44 105 6 76 86 7 78 35 48 18 24 0 45 25 40 89 16 57 56 40 24 69 77 87 40 126 15 14 48 30 128 48 119 114 145 40 33 46 162 45 123 87 31 0 56 50 117 149 161 179 24 28 173 35 30 0 149 32 12 207 24 0 136 106 96 151 9 36 18 55 114 17 67 94 28 10 59 32 20 126 41 95 32 77 52 47 0 91 62 3 88 57 99 39 9 55 72 32 123 54 251 0 0 129 46 22 16 36 45 9 62 98 109 95 59 204 0 16 18 27 0 28 0 125 66 223 78 105 55 30 63 79 9 110 45 56 95 48 46 95 84 71 16 90 74 28 12 48 111 73 77 38 143 199 83 52 8 8 154 0 55 91
113 117 192 45 6 40 2 237 107 97 151 100 110 84 35 36 113 85 52 77 57 94 33 43 54 165 15 129 45 69 106 42 12 144 18 70 3 92 48 44 31 56 42 101 0 12 18 38 96 49 81 90 147 146 75 11 9 16 3 27 50 90 14 139 96 18 21 69 148 63 0 93 16 109 51 20 0 131 75 159 126 31 125 21 100 0 61 95 60 218 0 3 23 8 14 51 68 105 78 77 9 135 62 6 39 87 65 42 80 92 344 119 126 87 15 56 105 211 26 107 6 127 40 43 171 57 54 137 12 45 92 0 40 5 63 57 81 75 42 45 85 112 80 2 61 207 50 143 7 0 27 0 56 34 42 54 109 32 129 67 78 8 141 93 117 70 128 159 79 61 35 156 88 63 112 69 0 170 94 62 24 39 136 87 40 1 80 102 54 132 187 128 31 93 0 132 54 38 16 84 60 15 90 48 52 110 0 117 144 42 60 88 44 36 0 79 15 104 65 77 121 0 26 0 0 110 162 99 82 32 51 36 65 78 46 82 93 125 69 166 36 66 40 75 72 81 8 26 24 99 12 30 90 29 49 120
101 80 62 37 36 157 231 129 151 63 111 155 78 10 7 8 222 120 48 76 74 75 63 45 131 139 127 10 73 53 16 68 64 34 112 111 58 101 93 88 263 40 29 18 44 50 89 129 23 125 69 44 88 49 43 130 0 55 80 61 137 42 104 145 8 15 163 6 23 150 0 99 4 139 152 25 6 65 8 135 14 30 62 63 1 45 12 44 54 72 19 84 24 146 6 76 10 15 25 27 122 66 74 88 94 20 128 8 14 15 45 113 35 88 20 6 39 41 167 99 108 84 140 0 147 36 0 89 90 34 132 117 8 73 74 43 96 31 41 20 69 90 48 48 4 170 106 96 20 147 39 17 160 151 7 70 133 16 20 35 85 33 40 29 13 16 42 114 70 63 79 104 79 57 44 81 152 97 17 40 45 127 202 15 32 114 78 8 54 59 32 151 85 144 85 44 114 189 80 75 9 58 33 74 102 129 72 99 57 92 73 91 24 35 18 69 20 139 49 236 85 21 63 56 93 131 78 89 22 217 4 137 79 65 48 76 29 18 32 23 21 43 10 82 18 9 56 68 70 44 142 36 130 28 86 124
0 106 68 45 28 0 63 4 140 0 49 60 24 12 0 9 47 10 16 80 25 18 59 5 2 38 60 0 74 0 0 46 102 24 0 56 54 62 13 2 66 71 50 112 60 39 34 50 42 48 8 0 40 48 15 8 0 0 0 6 72 8 6 90 36 20 7 70 6 8 0 0 82 94 6 0 58 18 4 41 13 14 68 30 91 4 45 7 42 40 0 40 20 25 0 22 0 100 0 66 32 14 12 13 137 0 76 6 6 30 18 0 0 0 74 44 0 2 1 3 0 18 51 95 12 103 35 60 0 91 82 8 121 34 28 14 73 0 0 28 12 99 96 0 3 70 5 24 0 46 9 70 0 45 0 6 27 15 0 33 112 5 86 7 78 0 34 94 16 108 80 50 27 49 40 18 4 21 28 54 9 9 44 86 23 0 113 24 0 57 38 44 16 15 146 96 12 92 36 7 0 96 53 143 164 73 26 13 87 0 0 63 40 0 9 26 20 102 32 69 70 14 30 32 0 15 111 1 0 106 45 96 5 45 24 12 56 122 37 9 30 3 120 16 0 14 83 24 28 73 0 7 1 8 26 20
13 56 100 60 24 108 217 99 18 97 71 79 83 133 125 84 140 165 85 128 79 56 21 69 2 195 105 120 233 84 107 23 51 58 81 45 0 137 32 24 64 72 12 152 120 58 108 56 120 102 75 6 90 104 84 89 16 96 27 8 56 40 62 0 24 16 93 119 90 0 24 72 44 159 134 113 20 6 53 55 76 104 71 2 35 15 64 152 68 24 52 125 11 81 30 66 8 56 9 81 67 54 56 49 205 58 152 64 144 18 55 3 85 10 54 18 11 70 21 213 0 13 121 102 146 85 68 63 18 106 18 12 112 117 92 181 195 228 227 100 86 193 104 84 78 98 101 66 32 95 101 36 71 62 85 31 141 45 5 70 73 64 170 2 81 12 60 163 14 111 71 18 35 66 25 54 36 145 150 21 9 44 45 68 57 110 112 20 0 108 60 8 18 60 64 84 63 111 118 127 24 51 28 172 168 88 61 62 90 115 67 33 129 35 2 40 9 74 76 139 32 138 32 28 63 9 99 83 96 62 93 63 33 114 54 62 112 24 40 28 78 12 99 83 7 34 115 171 110 27 25 75 36 0 10 53
14 137 128 79 25 7 9 111 16 63 95 49 60 160 0 42 16 6 48 105 67 18 49 72 49 90 28 0 36 35 42 0 42 63 83 114 161 0 95 27 50 84 14 192 84 56 73 38 42 7 74 81 35 137 16 0 27 70 10 82 79 42 0 7 0 46 12 49 147 0 129 28 75 45 89 26 75 45 8 15 27 50 97 34 0 28 64 28 64 59 5 24 0 14 7 86 0 29 142 0 17 15 0 117 99 28 77 58 137 38 115 22 0 56 0 25 16 151 48 49 73 61 32 35 120 54 18 84 81 0 135 5 7 127 132 32 9 103 35 72 47 132 162 43 0 45 0 66 60 16 131 9 0 47 15 100 0 0 91 13 7 24 148 3 63 42 77 0 72 20 74 42 63 61 54 125 115 0 113 3 42 42 88 72 0 70 36 53 63 35 32 116 78 227 40 30 93 0 77 56 0 86 90 0 45 82 35 0 64 30 20 0 132 0 21 27 0 49 8 48 29 63 67 6 48 101 107 46 36 30 0 92 66 12 101 51 45 7 12 47 54 24 55 32 84 53 77 21 94 0 18 64 56 0 67 99
0 54 110 93 18 0 72 83 49 42 8 5 30 30 29 33 56 79 17 48 34 54 39 40 81 167 71 0 28 24 27 64 95 44 34 36 14 4 64 148 35 21 4 112 53 165 47 108 28 55 81 82 9 91 0 37 60 87 49 53 40 106 143 0 6 127 83 93 120 19 0 102 130 47 82 75 69 63 0 114 6 66 139 38 73 0 133 28 74 54 44 36 13 63 12 172 49 66 81 52 49 89 50 72 37 21 174 61 24 15 125 0 0 78 30 155 0 117 82 53 127 92 15 0 69 36 111 110 116 0 0 3 48 19 57 59 0 116 32 0 42 152 12 101 43 36 97 65 55 29 4 52 195 9 48 85 66 56 42 38 64 36 78 53 87 0 43 0 169 73 24 28 200 26 104 71 58 48 27 56 113 28 25 63 49 36 64 225 0 3 80 74 47 195 56 14 144 37 67 99 20 0 4 41 28 146 32 24 4 16 56 93 6 63 60 104 29 64 86 20 170 39 46 24 0 8 75 127 0 39 33 136 149 13 62 5 123 28 32 134 36 59 0 112 104 68 76 0 89 0 72 20 40 39 68 68
33 33 96 189 66 73 134 8 49 179 90 38 124 0 8 54 36 63 30 154 226 26 182 12 30 57 133 42 104 35 42 64 36 144 21 71 0 68 156 56 63 0 18 24 60 60 183 170 47 0 156 0 31 42 21 121 0 99 18 0 14 100 13 103 88 162 28 30 72 6 63 111 14 0 30 197 26 6 48 141 51 54 90 66 148 33 201 67 134 49 99 16 48 131 36 177 3 42 177 120 147 65 6 171 118 140 12 26 54 76 20 8 6 54 66 78 101 184 24 49 170 51 109 26 65 44 12 90 45 42 33 58 0 125 0 222 9 36 46 34 130 110 126 91 8 110 109 0 30 52 129 68 89 56 0 32 25 0 96 91 0 25 129 3 32 56 150 106 20 145 77 36 79 53 10 16 132 35 80 40 10 87 85 73 100 27 106 51 1 81 0 24 57 208 108 19 37 81 24 76 16 18 38 15 152 207 47 72 132 78 103 27 72 53 66 72 0 70 79 25 91 92 132 72 111 42 76 34 57 139 96 12 121 63 4 75 96 70 135 135 3 84 56 59 54 52 61 0 112 78 38 42 84 12 111 69
93 126 4 0 14 33 97 81 90 173 108 9 72 15 0 24 75 53 42 16 48 141 67 18 72 53 133 29 36 114 63 101 57 0 43 51 46 78 62 153 85 64 46 159 0 26 28 91 65 63 68 16 79 56 28 42 0 4 9 15 139 74 109 66 36 30 82 112 78 120 24 30 0 42 63 52 20 148 31 32 0 45 186 29 102 75 0 48 124 108 44 0 105 105 24 96 0 43 135 108 69 188 6 8 63 28 81 0 8 68 117 98 199 161 64 135 89 29 6 63 20 118 88 124 65 86 67 65 48 32 130 101 167 24 81 19 65 18 18 90 70 127 83 176 27 123 33 86 0 22 24 14 0 64 95 9 64 6 65 151 4 74 8 123 307 16 46 110 48 177 8 88 157 8 96 184 16 35 22 20 28 57 9 134 76 7 133 121 51 104 40 71 157 9 116 50 48 39 6 196 99 60 57 35 151 138 45 107 45 78 0 115 51 6 0 70 0 104 63 153 77 60 0 14 0 164 153 51 89 224 94 50 59 114 37 208 5 84 105 120 30 0 60 110 116 0 80 196 1 159 38 40 27 35 86 12
0 5 107 13 48 29 16 0 87 47 75 166 98 90 84 45 74 32 68 64 113 28 10 0 6 70 78 8 60 145 8 58 0 38 19 20 21 0 0 34 47 88 64 136 98 94 8 96 54 31 20 27 60 92 71 45 13 8 14 6 12 73 81 9 9 18 12 16 51 0 36 93 74 5 36 25 8 18 0 68 74 46 62 52 50 49 188 20 0 92 17 52 40 122 12 13 44 44 30 84 80 37 80 66 51 32 58 36 141 32 68 123 52 42 6 76 45 51 20 230 5 137 60 0 50 25 137 18 13 12 0 26 108 48 45 86 24 132 28 123 139 19 57 75 0 62 84 20 0 67 97 88 40 34 80 48 167 60 95 2 14 54 183 10 55 0 107 132 0 198 71 45 165 10 100 74 48 29 71 0 64 33 12 117 24 0 144 45 3 114 60 31 37 112 28 113 6 68 32 48 42 63 42 147 52 135 30 106 24 69 80 59 57 0 22 108 88 102 57 56 46 22 12 72 0 8 18 67 287 71 8 0 30 125 113 60 98 50 46 45 0 8 64 78 39 18 12 31 27 50 51 52 56 40 96 128
108 38 34 175 125 0 177 121 183 40 91 4 167 36 35 26 79 145 60 34 40 10 105 37 5 19 158 154 34 23 43 74 44 63 0 0 93 147 4 215 8 56 76 161 86 90 48 58 9 32 116 38 91 69 59 60 23 57 20 61 6 28 0 8 100 119 4 112 72 0 37 121 45 49 181 96 37 42 0 43 134 75 158 100 85 52 103 115 116 106 50 66 24 8 74 83 6 146 248 113 28 188 8 60 127 16 23 0 90 57 127 82 20 94 17 126 148 130 63 72 5 160 28 106 27 33 18 86 22 98 7 151 203 53 123 60 120 30 35 198 130 64 89 102 36 98 106 0 119 43 21 64 0 153 112 89 90 5 38 80 80 40 72 61 226 61 81 288 86 106 160 67 213 33 175 1 46 16 114 200 0 118 56 97 87 151 87 81 28 166 115 199 4 210 100 86 175 57 130 187 122 8 89 74 236 247 66 168 60 81 63 49 125 18 129 62 72 113 95 225 233 77 32 76 69 143 20 114 64 108 131 35 112 54 70 66 73 88 28 160 80 0 53 201 124 26 85 92 64 67 50 72 75 53 124 139
19 180 98 33 29 56 57 122 79 39 36 6 116 36 0 19 128 62 41 36 76 18 6 20 60 0 162 8 41 11 34 41 66 68 43 14 90 22 16 72 85 0 54 90 48 81 0 91 42 23 55 85 36 4 117 60 54 77 48 22 0 107 86 46 42 44 66 60 0 14 44 39 10 35 32 54 136 42 35 32 8 99 12 54 36 50 104 40 85 39 21 43 62 94 77 74 0 58 63 7 171 38 40 51 55 90 60 52 28 37 8 32 14 78 16 225 16 39 12 23 65 83 69 51 42 33 0 104 74 42 145 54 84 36 102 204 89 81 7 18 32 57 40 95 80 40 137 23 14 20 70 62 73 83 76 83 26 6 51 32 96 33 42 8 18 7 56 0 67 54 23 0 83 30 50 109 26 103 92 68 0 50 35 4 84 45 35 178 12 21 0 108 141 172 73 41 40 23 8 65 24 16 61 0 67 126 50 55 35 39 169 66 88 46 2 24 30 24 105 86 82 61 7 9 30 46 1 69 12 147 140 96 28 0 7 12 80 0 40 47 24 66 20 48 101 48 104 2 71 0 118 34 29 8 2 30
44 100 29 105 20 52 32 51 27 68 109 0 162 18 36 50 34 79 16 155 49 90 108 51 84 53 16 92 33 62 129 86 71 141 12 66 56 36 110 61 94 20 99 94 26 37 50 18 127 38 63 0 80 110 5 0 0 86 0 8 27 6 24 45 26 49 78 260 26 32 89 38 8 0 0 46 26 131 58 161 65 109 47 2 85 7 28 105 40 143 22 88 39 8 98 104 18 90 38 10 0 30 2 93 24 32 56 67 21 82 100 71 81 123 36 114 0 79 11 104 25 56 64 85 36 35 0 36 177 72 51 30 32 87 40 113 34 30 33 68 72 30 78 88 4 157 75 102 35 15 104 18 48 16 40 21 82 57 91 58 62 45 82 108 87 4 63 137 22 85 47 119 35 57 6 37 28 0 80 14 54 37 45 79 104 70 26 39 36 10 8 60 80 0 0 18 24 49 86 69 0 14 37 65 95 122 21 114 10 20 16 97 127 66 74 9 54 61 53 157 93 39 35 34 18 14 96 30 107 80 0 27 6 80 7 174 45 81 8 110 10 66 12 52 68 102 144 56 32 9 86 0 41 0 59 18
0 57 79 15 91 5 80 101 2 201 0 0 0 48 0 0 104 0 0 111 134 91 0 0 215 93 15 66 75 16 71 16 68 0 72 0 46 90 133 164 199 176 48 128 16 116 16 151 0 5 35 64 90 34 5 30 65 30 41 42 70 1 177 55 45 0 0 74 63 0 145 20 35 57 12 0 102 142 0 44 0 40 0 54 52 97 0 105 87 81 34 72 48 26 9 72 32 62 25 87 126 168 71 49 24 20 0 66 116 25 5 174 116 139 53 25 28 59 42 124 93 81 0 98 35 0 35 96 156 45 89 119 30 0 137 21 2 96 82 112 52 69 35 54 64 115 121 30 59 5 73 0 102 178 83 6 181 0 38 84 95 35 0 31 52 0 133 39 36 0 98 204 171 49 140 91 153 48 49 10 49 94 77 6 74 28 92 132 46 40 40 72 5 27 213 50 101 64 6 80 68 87 72 15 30 69 73 78 56 64 116 73 88 10 9 90 0 65 0 93 19 135 0 0 18 123 131 0 138 97 45 80 84 44 102 15 90 32 42 12 49 8 1 2 52 0 188 5 24 27 5 0 81 78 145 48
9 10 0 62 59 2 27 0 26 0 18 52 42 4 22 60 53 48 71 16 94 36 35 14 0 42 46 60 4 24 84 23 0 1 8 13 77 0 73 15 36 44 10 122 8 85 0 32 112 18 65 17 83 84 18 7 10 103 0 6 89 47 8 0 42 4 4 86 0 6 32 58 27 53 7 63 47 96 21 21 12 42 44 0 38 49 54 46 66 110 52 69 35 32 26 65 0 14 29 0 8 18 22 64 34 12 55 35 50 18 54 57 99 63 18 22 0 60 12 124 0 48 16 5 13 23 53 17 111 50 81 13 34 8 17 96 31 79 22 0 20 6 34 53 14 71 91 78 29 18 20 0 0 7 35 9 93 37 32 19 44 15 60 6 27 0 42 0 0 59 38 57 26 15 34 56 51 18 74 12 28 10 30 28 52 4 56 46 32 19 0 32 36 80 31 24 25 4 21 111 18 6 34 53 51 56 7 41 42 4 3 18 86 39 27 0 53 68 7 48 7 94 0 4 6 19 102 10 44 16 16 52 29 75 82 0 8 22 0 17 0 20 15 0 0 2 33 20 22 0 73 54 16 0 61 7
1 33 75 36 23 44 125 98 13 62 123 152 45 40 0 8 200 4 22 44 125 89 38 45 24 16 16 25 34 56 48 90 80 55 27 0 9 90 50 93 118 42 104 57 95 36 31 0 15 56 4 35 41 35 32 32 41 6 18 15 10 64 16 47 38 22 36 24 4 3 29 21 76 68 31 25 15 105 69 60 8 37 33 36 62 16 7 69 94 49 48 2 49 15 63 3 35 60 31 7 0 60 0 32 27 18 92 46 87 31 50 39 76 100 54 32 44 49 8 32 47 5 80 17 46 0 0 23 26 5 120 87 169 72 89 61 3 18 225 77 19 16 56 64 45 29 64 22 16 3 0 42 20 48 148 10 99 64 49 56 40 34 15 20 30 24 110 36 0 5 49 118 38 80 74 32 20 38 0 15 14 39 4 3 10 58 96 45 129 26 77 131 36 16 70 16 68 54 59 90 24 68 49 84 40 120 25 80 36 7 0 10 40 42 143 41 28 45 92 96 53 75 0 0 15 66 64 16 5 19 30 12 125 79 24 161 0 101 67 0 0 60 71 15 47 40 116 140 0 49 88 26 75 27 62 4
43 54 88 48 96 54 56 101 36 90 133 116 46 83 95 36 64 59 104 130 63 91 24 45 0 130 72 65 116 105 109 0 75 0 20 89 64 72 81 46 134 0 65 2 42 0 0 107 72 138 93 29 164 57 94 69 42 10 9 35 139 16 85 122 8 74 155 18 63 59 56 89 5 183 88 108 8 102 45 116 97 24 93 24 33 18 70 144 27 139 48 127 0 24 35 80 72 30 146 54 77 39 29 10 146 40 64 78 56 22 90 51 147 0 0 42 20 61 134 12 0 41 0 119 71 85 63 59 76 60 71 0 2 66 84 62 52 38 82 211 108 151 61 28 12 126 0 88 0 145 88 57 16 102 20 52 26 58 63 142 64 60 223 140 29 87 46 161 24 54 110 123 120 145 78 24 34 87 59 87 81 24 55 96 36 49 44 27 9 84 72 66 35 80 40 10 36 209 189 0 0 91 84 96 70 89 123 0 21 39 62 41 91 0 0 110 28 128 29 199 0 38 0 67 71 84 220 200 44 185 116 142 131 17 81 43 4 135 4 50 2 9 0 49 92 52 45 74 203 12 0 95 26 46 35 79
18 10 145 84 78 0 75 70 16 36 2 84 154 128 128 9 42 24 48 45 156 36 15 90 0 64 108 42 39 89 8 8 32 64 61 66 42 96 67 63 93 14 27 36 42 147 24 42 72 24 42 3 181 8 72 117 54 30 0 50 42 69 174 102 36 0 0 24 72 9 50 118 35 70 100 6 15 70 7 79 24 32 34 24 69 16 24 69 48 20 0 108 0 40 84 99 5 0 36 45 107 52 0 112 184 12 46 32 76 28 38 0 49 72 0 88 26 62 55 115 109 40 84 0 121 56 54 0 0 0 32 36 42 71 78 77 13 181 32 56 0 104 24 54 64 0 88 0 75 152 170 157 88 151 33 30 103 0 83 49 0 48 83 24 111 99 121 76 42 175 43 42 35 0 28 0 8 0 56 63 6 42 8 45 15 0 86 59 78 74 0 0 2 18 48 52 36 89 98 147 72 72 82 52 73 166 98 51 32 0 64 0 132 12 60 76 3 63 48 21 18 112 0 131 64 226 88 100 127 0 24 26 14 0 40 12 51 42 72 181 45 0 0 46 32 56 50 42 89 0 109 122 48 24 88 69
39 8 46 99 30 0 114 25 0 0 32 2 15 50 0 21 45 83 54 76 111 19 45 62 35 13 58 104 64 1 31 82 128 20 10 4 6 59 142 9 7 0 80 75 50 124 45 109 31 25 90 0 42 62 156 0 45 43 0 36 9 62 23 98 83 63 16 6 51 22 25 6 119 76 80 0 19 23 112 107 35 70 28 0 79 48 33 66 88 63 7 16 10 136 25 112 78 46 105 8 47 5 78 101 75 97 12 48 39 5 30 13 0 58 54 49 86 66 77 143 51 90 50 36 83 58 0 106 0 10 21 0 35 23 0 94 15 62 88 43 53 16 30 71 106 6 42 58 63 30 113 0 67 28 26 69 50 42 48 17 0 0 141 0 0 76 9 28 0 49 23 55 75 0 42 72 63 61 94 94 43 0 38 33 29 0 4 19 4 57 0 72 25 75 99 19 114 6 56 26 35 35 127 27 88 111 12 76 67 40 106 8 40 163 47 10 15 29 70 71 24 82 88 107 24 38 16 22 99 42 24 99 36 14 28 60 147 10 80 29 0 14 44 54 0 119 161 41 0 0 92 77 121 144 48 109
3 0 33 38 9 67 77 58 78 38 34 122 80 21 10 22 55 107 40 119 36 30 39 8 61 60 84 10 118 105 117 96 131 82 0 8 0 49 85 160 73 74 69 39 53 74 54 112 33 36 33 0 74 55 10 42 8 15 49 6 40 0 93 42 0 45 68 85 15 0 18 111 17 58 7 19 24 58 0 63 0 25 49 33 0 5 0 67 146 103 4 25 31 24 0 86 61 30 0 8 59 48 21 54 21 99 118 80 42 0 36 6 16 95 16 102 69 14 12 51 18 105 152 46 28 15 16 87 168 21 4 44 101 82 35 82 30 12 0 3 29 0 48 62 51 31 18 24 9 42 102 14 140 5 42 38 7 0 54 18 120 18 69 27 21 21 20 111 73 33 40 67 6 66 0 17 48 58 33 10 6 62 46 24 3 26 48 90 24 15 87 4 63 77 46 6 0 60 14 66 54 16 54 63 29 102 41 93 8 66 14 33 24 25 4 42 0 76 27 64 57 103 74 121 12 53 189 0 0 109 144 157 8 0 29 63 79 6 35 49 5 39 36 49 100 12 84 66 5 6 36 0 94 0 21 68
2 145 90 110 74 14 0 45 35 0 82 133 58 34 0 46 0 18 73 63 86 56 6 15 48 98 0 80 57 85 49 77 35 8 27 50 134 0 70 114 36 8 63 12 33 7 19 13 114 7 18 120 28 56 0 3 111 8 5 0 0 2 137 0 24 41 29 76 108 9 0 0 68 112 90 15 1 121 0 49 0 5 29 8 0 50 14 0 18 0 17 18 86 3 28 0 1 49 83 1 120 45 0 0 0 0 58 28 66 0 74 20 45 0 0 0 0 144 45 72 81 20 18 102 150 54 62 0 63 8 152 92 0 28 154 0 0 93 21 15 25 72 12 0 42 45 42 37 0 32 54 124 17 129 0 145 68 8 36 0 18 0 84 31 64 108 25 36 106 44 74 7 24 60 76 84 58 0 11 125 0 0 49 0 18 0 148 0 5 73 56 87 10 93 72 125 42 0 0 88 42 133 92 112 3 72 56 94 100 8 4 11 121 6 0 99 0 60 54 0 31 0 26 0 24 79 42 34 137 60 0 29 57 57 32 49 28 76 56 134 54 20 74 4 0 56 104 41 102 64 18 75 0 0 44 30
49 75 42 0 63 0 76 72 63 91 27 14 76 18 42 68 45 56 25 7 152 31 0 48 0 0 170 44 0 106 24 124 48 0 0 36 80 62 0 66 0 107 12 66 96 16 0 137 0 0 41 0 45 21 18 24 0 36 24 50 0 100 0 83 10 93 6 12 0 15 27 45 0 76 16 53 46 27 0 0 0 65 48 71 36 14 47 54 93 20 0 30 32 67 0 9 42 21 45 63 35 12 71 114 98 81 100 56 72 14 56 0 28 24 19 116 83 49 9 9 42 150 73 192 9 79 63 3 14 0 0 0 81 64 94 70 0 78 51 45 72 3 110 79 6 49 63 11 30 25 24 0 63 75 0 24 202 63 35 12 4 63 90 35 59 0 27 56 0 82 114 15 72 136 36 0 14 112 126 18 10 78 60 81 0 48 121 55 14 101 0 48 6 181 0 0 42 45 146 30 64 36 20 182 64 66 88 37 151 90 0 63 36 10 14 36 63 0 27 36 104 34 10 0 24 21 69 42 152 78 96 0 0 7 97 27 56 72 0 30 0 6 71 119 49 56 0 33 43 42 58 42 79 35 112 0
3 35 102 24 4 4 28 20 0 27 0 0 48 54 72 12 0 6 16 81 14 0 39 35 8 0 60 33 28 35 6 6 60 39 33 58 153 42 32 5 97 51 20 10 41 24 0 25 12 0 7 61 108 20 0 5 0 64 5 53 2 0 66 35 3 72 7 98 63 6 92 12 52 0 44 9 21 54 64 3 54 40 11 30 28 0 124 31 6 68 27 50 9 0 63 8 0 81 9 0 4 4 3 28 104 0 35 79 28 54 0 0 61 81 0 90 0 0 4 110 57 69 14 9 42 28 0 0 61 50 26 0 0 72 69 132 12 147 63 2 21 35 71 8 34 115 73 75 50 84 5 105 0 16 10 0 154 14 102 0 0 9 79 0 63 4 56 49 0 42 0 42 52 0 49 0 64 0 11 4 40 42 128 42 108 110 44 14 67 0 5 56 49 5 33 18 73 0 56 15 24 0 12 67 0 84 70 72 93 7 40 5 1 16 0 36 15 24 0 0 29 0 0 0 40 0 71 35 121 0 102 147 14 9 0 120 0 7 48 226 0 4 0 77 9 68 32 9 72 0 55 104 0 0 24 35
160 6 90 177 0 1 72 40 75 88 126 138 26 40 40 18 239 88 99 141 139 76 68 100 86 44 45 18 50 48 6 151 142 0 43 93 108 56 30 68 125 0 79 54 146 54 16 8 55 166 18 24 52 86 78 70 42 96 43 56 80 117 119 38 41 12 0 0 24 78 72 48 66 28 72 0 116 15 8 64 48 90 0 137 2 6 185 28 69 82 42 92 84 1 63 32 0 72 50 49 43 40 81 64 63 76 137 122 125 208 48 37 6 126 16 179 137 0 2 66 37 169 192 42 116 51 139 199 48 64 67 96 253 54 12 100 121 192 78 0 64 64 130 33 84 141 18 56 0 0 114 78 69 87 16 138 64 40 10 52 32 55 48 49 152 104 71 176 8 66 86 48 0 140 72 126 118 115 48 85 82 53 192 34 87 0 46 106 153 45 83 106 117 0 74 54 93 86 0 122 32 40 39 76 115 182 12 125 12 80 99 110 0 18 40 32 140 184 9 229 246 121 27 16 21 59 238 114 84 69 0 42 192 104 190 48 121 305 55 96 15 116 183 83 145 128 48 201 4 47 94 18 131 30 16 0
1 0 37 8 76 111 40 54 53 21 40 29 36 32 72 0 36 108 23 74 0 31 63 0 18 92 20 8 123 24 72 9 137 6 35 65 2 50 46 5 1 78 18 48 9 0 157 57 0 67 86 93 0 75 30 60 2 0 0 20 38 20 93 0 36 0 145 33 5 36 0 18 12 35 43 92 6 0 9 10 0 48 33 57 24 30 8 54 90 159 45 94 9 80 33 77 96 36 30 93 28 16 36 41 136 35 8 42 72 13 2 56 0 26 49 37 72 9 135 64 36 65 64 121 139 23 36 116 62 13 71 21 2 78 13 152 94 30 64 18 144 72 3 12 121 93 32 34 0 72 37 10 0 10 27 0 58 54 27 27 0 23 90 117 66 0 66 35 46 25 35 113 24 0 19 44 0 54 6 107 81 33 35 86 56 57 14 14 0 49 48 20 48 0 35 68 71 72 81 0 0 9 0 61 100 85 87 73 13 84 26 11 0 30 36 6 0 176 0 200 1 78 51 51 10 36 0 94 76 65 81 12 135 45 113 65 46 0 6 48 54 0 16 38 42 14 42 124 81 0 40 99 4 15 77 65
12 0 85 24 34 12 73 37 0 99 16 76 160 48 0 48 154 151 117 68 58 82 164 71 29 75 167 82 116 45 96 138 93 30 42 46 113 32 25 95 102 33 12 238 139 69 46 1 142 63 6 94 83 0 68 3 65 23 39 12 0 99 5 13 52 119 41 210 81 6 23 17 76 0 103 90 54 100 21 0 61 78 71 0 18 36 108 92 113 94 121 35 60 49 28 26 42 19 68 1 52 46 33 45 16 28 80 184 117 71 125 124 6 171 20 6 66 3 27 73 148 54 9 83 52 27 113 18 70 50 60 33 189 131 126 148 68 38 127 57 24 91 69 27 112 116 142 49 14 32 156 108 15 190 84 104 19 8 67 25 102 24 170 38 158 75 45 41 40 87 72 177 43 80 48 251 175 83 30 32 81 13 66 140 47 6 141 90 14 56 0 50 55 45 56 117 45 32 7 99 24 24 92 0 86 173 48 140 98 32 161 0 127 70 135 50 35 24 72 43 142 27 97 24 54 89 178 79 24 4 67 24 88 46 158 79 61 8 16 106 0 34 33 74 18 110 54 69 75 0 117 48 88 6 22 97
33 70 117 285 0 24 113 107 69 64 31 181 10 86 32 174 131 71 94 73 189 16 0 83 22 78 113 28 54 250 169 245 90 111 35 63 48 71 48 18 41 0 116 62 165 45 32 191 78 21 66 14 65 63 46 6 50 142 22 10 13 93 176 95 72 42 153 106 96 24 30 150 125 40 104 74 18 45 13 102 104 16 94 12 21 60 154 36 65 102 25 69 26 107 73 163 105 52 163 83 62 88 66 65 69 70 112 79 181 27 196 82 41 36 12 15 222 181 108 105 61 163 140 28 127 113 3 28 44 7 115 20 254 116 58 56 42 40 42 24 165 119 140 131 167 2 129 73 0 40 63 87 22 51 24 71 117 49 93 19 62 72 77 16 71 56 25 18 0 95 110 137 143 168 57 94 104 77 111 37 26 57 96 80 74 43 116 125 90 43 102 62 30 113 260 60 48 90 106 73 118 52 104 246 67 126 22 113 291 157 27 100 28 50 70 57 21 145 22 118 155 130 81 63 47 93 165 86 58 196 88 31 103 53 128 72 78 194 83 14 25 87 137 70 65 84 122 138 71 52 14 28 188 0 164 82
40 0 4 45 58 89 81 69 62 30 46 19 142 51 12 20 0 81 59 14 36 6 45 18 63 42 3 6 59 58 124 67 109 30 0 70 9 72 114 76 33 91 8 43 24 3 0 24 77 45 138 16 3 67 64 28 0 47 20 46 0 63 24 21 24 0 109 0 48 9 16 27 5 12 30 65 35 49 12 19 0 2 66 29 0 8 34 53 28 117 21 9 7 12 114 3 109 5 18 54 54 0 52 63 100 5 18 72 60 45 49 24 49 51 32 69 61 21 14 48 21 27 105 27 12 5 52 30 89 20 66 35 35 59 0 138 35 129 51 18 21 147 11 20 51 3 215 0 39 0 51 30 27 4 20 0 75 25 23 52 17 9 54 2 120 27 17 0 30 39 24 27 56 31 21 41 36 71 66 54 45 14 9 85 75 30 96 46 55 47 99 0 80 59 25 2 15 39 34 89 45 45 23 93 67 80 14 44 57 9 21 23 39 21 50 6 5 59 9 51 25 131 81 111 0 39 118 28 78 21 0 72 6 45 38 9 62 32 15 0 6 10 151 55 36 0 49 21 11 15 36 54 59 6 84 72
43 20 38 81 73 2 10 24 56 28 38 40 64 25 18 17 16 65 7 30 12 8 45 28 24 0 66 64 64 56 103 11 64 117 36 32 11 8 18 58 9 31 12 57 48 43 0 74 90 75 118 45 56 71 18 0 0 163 48 0 0 23 38 24 163 24 49 74 36 44 157 9 5 158 10 80 14 53 47 81 92 8 2 8 114 10 80 105 5 97 35 6 0 174 81 121 105 97 58 40 120 37 51 130 88 26 6 44 56 15 75 30 0 123 8 7 14 46 24 72 64 114 143 16 54 12 10 49 10 30 89 1 0 90 9 200 18 29 30 40 10 60 56 113 27 88 67 18 53 5 93 42 5 84 52 36 0 72 141 31 0 0 102 134 129 14 60 0 42 82 32 55 50 0 85 45 54 71 128 56 16 25 114 23 25 15 30 3 72 0 63 54 54 121 0 90 18 0 45 103 8 52 24 22 6 134 24 5 220 24 90 132 56 12 12 39 0 0 42 102 91 46 125 106 54 86 33 42 53 6 79 96 42 44 15 70 88 44 88 126 0 30 56 24 32 101 127 0 72 12 121 0 43 54 133 139
17 33 102 36 30 75 47 48 103 78 167 47 38 83 93 45 15 69 47 270 97 18 21 28 0 12 48 130 8 12 119 21 32 116 24 12 30 57 72 16 0 56 20 105 102 71 55 48 14 24 4 32 71 64 75 3 24 24 0 0 30 10 54 65 24 27 21 113 63 0 78 60 20 132 0 78 18 51 24 21 52 66 65 35 29 22 4 27 29 54 55 12 40 0 15 208 62 51 106 0 75 0 27 169 4 66 35 0 27 55 70 34 132 145 30 63 18 85 36 78 90 75 98 18 79 0 49 36 45 0 23 25 121 146 59 147 78 99 99 24 93 26 76 94 0 12 122 39 0 15 134 14 32 36 85 34 27 0 117 92 23 0 158 5 24 48 112 57 57 85 90 96 121 52 58 9 18 8 157 67 18 112 39 63 0 24 6 49 30 84 78 80 79 110 75 30 50 35 18 0 0 18 139 97 40 118 39 123 0 111 27 29 129 38 99 0 54 0 45 84 104 0 4 5 15 119 116 24 148 0 81 65 56 37 45 94 5 6 8 76 35 4 45 7 115 56 271 0 10 28 21 45 68 0 6 122
11 32 154 32 26 224 133 197 37 73 64 197 82 62 68 18 212 97 32 197 172 29 50 106 25 17 111 93 16 27 80 74 5 105 64 0 18 92 134 83 41 128 43 134 42 104 95 72 24 24 35 0 0 5 17 0 39 83 13 0 28 88 0 77 104 136 139 36 108 0 44 30 70 35 40 87 12 84 102 39 72 113 134 16 46 18 39 56 56 94 32 66 27 179 140 83 154 12 294 63 27 60 73 0 52 22 170 42 8 126 28 36 99 0 25 133 114 27 0 165 30 165 111 78 64 5 108 0 111 8 157 3 221 6 77 142 134 0 100 24 75 82 25 57 0 78 146 62 0 0 0 28 54 153 98 4 118 8 83 130 24 36 35 94 260 18 72 145 72 45 48 0 62 14 59 26 0 76 104 0 36 0 47 72 69 35 48 69 96 61 0 50 84 42 45 0 88 16 17 143 76 0 71 71 67 214 16 204 106 83 61 35 12 61 30 0 0 159 62 204 126 36 32 0 32 0 72 83 48 124 0 78 4 1 98 68 12 76 0 67 45 21 110 44 0 26 48 155 72 54 9 0 118 111 8 56
21 105 23 48 19 105 163 197 162 29 145 85 0 71 38 47 39 49 23 100 157 152 44 39 48 87 109 3 59 57 6 120 136 0 83 37 90 89 117 148 0 156 1 141 74 87 176 153 58 57 38 50 103 60 24 111 63 25 48 21 75 52 131 64 154 21 131 93 42 60 56 80 14 116 0 31 129 15 21 106 12 59 79 117 28 72 137 113 176 69 46 42 101 204 174 25 4 6 166 3 105 177 96 252 142 87 40 28 104 53 59 144 63 108 20 335 135 48 88 41 118 242 65 104 132 38 71 251 12 0 224 89 89 19 130 177 80 114 36 116 95 24 42 157 10 126 28 18 0 30 0 54 90 56 121 115 122 22 106 69 73 97 114 9 53 48 134 39 81 130 87 135 80 149 116 73 30 66 126 99 10 87 33 94 77 6 91 228 52 89 144 66 112 246 91 58 164 85 0 119 46 99 111 30 36 216 143 92 67 57 96 157 88 34 42 19 36 111 27 56 89 220 75 33 35 144 111 152 195 130 98 105 119 70 56 29 87 117 137 40 1 132 161 126 163 69 264 147 143 28 32 15 99 0 77 132
36 27 94 49 228 63 0 15 101 0 126 5 185 16 0 8 8 157 96 45 37 16 117 26 24 131 109 45 90 0 45 158 88 14 9 54 0 30 8 73 0 0 45 58 0 17 32 64 63 54 6 27 81 21 72 0 56 61 33 54 5 0 45 146 45 21 99 69 27 27 0 108 58 189 63 121 54 92 50 76 0 15 88 15 0 0 72 102 162 50 45 0 21 0 12 0 150 153 14 54 45 68 0 45 81 103 4 0 66 0 24 0 9 108 0 93 95 108 90 0 13 51 102 132 51 117 9 19 139 74 90 0 174 45 24 135 0 18 0 45 80 186 45 0 43 94 54 0 81 72 0 8 20 45 0 40 20 0 33 39 108 0 105 72 82 0 45 114 24 12 4 105 0 18 22 0 54 126 7 0 81 54 81 0 103 40 12 12 0 16 0 36 0 24 32 0 0 0 106 35 94 0 111 23 54 237 99 38 16 55 16 63 0 24 6 9 0 92 0 6 62 7 6 36 0 36 102 61 101 145 126 6 74 81 0 27 48 30 0 74 18 27 81 49 0 0 80 156 95 6 34 72 81 0 62 43
16 29 41 42 52 50 24 33 87 40 131 0 45 33 7 34 40 272 35 0 23 28 75 68 42 41 163 14 109 18 137 118 24 122 35 28 135 72 1 47 100 68 62 87 72 22 106 91 29 92 34 30 56 95 111 48 45 78 105 0 60 8 8 124 84 0 63 153 144 91 114 55 14 42 6 48 40 112 28 46 134 78 161 59 34 11 36 34 134 129 24 100 70 4 59 50 42 73 0 86 92 52 12 41 105 40 102 56 116 72 67 105 90 186 9 28 56 72 19 28 127 150 137 20 38 42 80 95 96 104 58 36 80 34 8 97 158 66 168 28 213 108 72 41 182 90 85 39 24 0 62 9 32 37 0 54 119 0 136 129 64 5 22 11 35 52 112 77 33 84 28 43 143 32 96 24 116 111 6 101 55 99 186 21 77 13 53 33 70 58 80 59 72 72 98 120 36 16 0 54 4 89 112 51 45 36 40 135 106 15 39 95 56 6 123 49 53 49 0 185 71 35 22 12 102 35 12 7 100 24 38 107 64 39 61 70 137 39 3 12 10 116 0 21 33 0 0 97 0 2 94 14 184 58 54 61
51 3 114 57 123 15 0 36 39 127 98 130 93 42 18 0 30 137 36 73 90 131 97 42 18 140 96 46 105 20 27 85 0 90 11 72 24 63 90 123 122 64 93 103 9 83 59 0 96 46 12 85 49 15 158 73 63 45 77 160 0 5 13 78 32 85 12 79 87 31 137 74 8 83 92 39 71 125 21 66 36 108 8 4 72 26 72 7 37 106 26 112 44 21 30 74 112 3 0 88 16 131 3 113 4 45 27 52 19 0 53 113 4 159 52 56 36 89 108 61 4 74 132 0 70 20 56 4 89 26 63 60 50 63 99 95 48 78 75 5 75 188 76 65 193 1 35 50 57 28 145 33 47 114 40 7 88 15 72 87 167 0 0 0 53 45 113 46 6 78 0 48 111 16 122 34 35 47 139 0 82 49 99 33 126 3 18 30 90 123 75 42 29 29 82 3 68 101 0 12 96 89 116 136 25 171 28 131 49 35 20 14 203 90 60 78 21 102 7 83 51 5 1 16 5 142 23 8 182 1 0 4 0 82 18 87 116 112 87 47 32 44 19 18 90 20 68 0 111 5 66 81 123 8 80 21
5 99 71 61 68 12 24 158 29 0 87 42 58 52 83 0 14 31 0 5 99 58 56 16 0 90 68 106 39 57 90 60 15 16 21 75 9 103 35 88 82 86 15 147 25 95 3 18 0 0 57 103 6 30 41 15 40 46 0 0 43 16 27 20 42 11 63 92 67 12 3 12 45 11 65 67 48 63 0 10 57 15 55 63 31 26 12 80 73 80 12 80 16 108 49 59 21 43 51 19 15 69 45 25 45 13 0 0 143 22 213 18 15 117 36 44 33 118 53 115 7 74 112 106 166 74 11 72 33 65 24 105 99 50 148 12 58 80 48 131 92 8 47 0 8 53 0 18 64 26 66 13 0 81 40 38 18 48 25 75 74 55 245 25 76 15 36 102 96 49 34 122 54 79 165 42 82 3 114 80 0 79 18 28 42 136 77 147 18 30 47 121 14 65 93 6 48 24 66 141 24 36 42 6 77 74 90 26 12 0 21 12 156 0 65 33 13 102 69 118 77 66 77 21 92 94 21 42 6 39 39 63 154 33 51 130 68 74 53 93 57 99 36 24 45 52 72 68 0 58 21 29 22 32 137 33
23 0 75 56 90 19 110 140 5 54 46 69 64 64 15 5 54 90 54 46 58 18 190 38 20 40 125 30 64 9 55 59 66 69 50 14 2 32 45 71 45 72 57 188 189 96 243 173 48 15 16 123 4 0 180 72 20 70 40 0 51 16 36 3 25 77 117 88 84 18 12 53 78 101 56 72 10 35 0 81 81 131 35 45 25 12 82 27 16 49 42 0 64 99 79 15 111 94 27 24 0 93 10 119 25 7 124 57 87 77 19 65 0 230 127 86 32 107 52 123 137 79 71 131 96 36 18 70 73 32 50 28 64 51 127 134 45 54 6 108 48 112 54 112 77 0 124 94 0 5 87 40 36 80 88 114 8 21 18 56 56 0 92 11 65 4 94 52 81 57 0 104 36 9 137 71 0 40 62 46 6 12 70 208 3 12 89 63 3 45 74 4 67 36 108 10 21 64 7 112 24 81 47 0 50 76 64 13 16 50 162 11 58 157 50 37 1 89 0 0 46 45 28 54 0 33 38 32 81 16 151 0 55 22 116 34 10 32 46 94 9 37 6 15 8 113 38 40 89 12 9 87 52 77 130 165
0 56 20 36 19 28 42 36 55 8 64 3 11 21 0 6 24 44 0 69 54 25 3 29 47 45 45 0 27 6 63 84 40 64 8 42 54 44 33 2 77 73 71 57 27 72 50 6 0 0 81 30 56 0 48 57 70 21 0 35 0 12 45 51 45 54 71 82 24 33 31 18 16 0 20 72 0 12 28 36 83 17 30 15 63 42 53 53 58 13 0 17 43 24 73 80 45 47 59 0 8 78 18 60 28 12 49 18 0 0 40 114 8 27 81 44 93 188 45 18 35 47 29 102 15 42 0 40 18 14 5 78 0 74 69 14 0 30 48 24 8 22 54 12 12 66 117 71 25 0 45 0 21 0 36 16 42 36 0 39 0 3 0 21 0 0 42 12 7 10 72 12 131 105 27 9 24 28 62 8 57 84 68 59 48 61 78 10 4 39 0 80 19 54 24 0 98 90 76 54 0 8 78 72 83 99 26 27 17 0 82 42 40 8 74 36 10 32 15 57 93 45 25 0 45 48 6 38 16 50 36 51 83 54 94 73 0 119 0 51 13 47 20 0 0 51 85 14 16 25 18 35 87 0 46 44
42 80 53 0 22 16 75 27 0 30 74 74 13 46 4 64 40 44 51 76 110 54 39 23 54 27 104 49 67 36 68 159 67 0 17 20 54 0 89 72 107 16 15 37 74 49 121 86 49 128 127 15 89 151 46 115 40 91 80 0 111 26 12 0 20 29 32 17 42 41 7 58 48 70 78 54 24 58 0 45 27 56 92 73 0 32 121 60 22 16 0 40 98 51 68 0 27 39 63 85 98 30 6 8 87 30 216 25 76 3 32 0 0 54 27 48 68 85 3 40 71 24 18 78 43 47 32 109 50 4 76 52 54 78 112 89 164 69 52 38 150 7 36 6 12 45 156 50 30 0 48 24 23 52 24 49 241 121 36 68 79 25 23 21 86 35 46 72 67 102 109 85 18 88 9 24 44 67 44 91 64 4 48 56 42 30 100 15 0 75 64 31 122 106 0 12 98 104 69 87 12 16 14 74 27 0 47 54 16 22 80 0 12 10 42 45 12 70 75 107 113 18 26 32 47 55 152 58 163 120 60 182 5 71 24 0 5 136 51 53 15 37 44 85 0 60 76 75 125 9 14 47 0 0 136 46
0 24 66 99 118 27 46 0 48 14 56 8 20 18 90 60 45 90 131 81 1 47 0 12 69 22 46 72 94 96 126 175 93 70 18 42 74 0 176 85 181 56 0 147 30 164 45 12 42 21 0 12 108 45 7 0 144 12 71 0 114 63 66 9 24 68 53 2 84 34 133 0 137 63 42 0 15 106 6 122 63 0 4 60 66 72 43 5 84 21 22 42 25 36 0 63 0 58 62 0 50 69 28 0 163 45 72 21 81 0 0 18 66 108 54 40 0 69 87 160 0 63 78 82 46 27 21 6 36 27 27 62 0 48 57 48 35 0 5 33 58 0 112 59 71 0 54 22 89 63 0 88 42 54 63 66 112 9 90 85 30 67 123 46 30 49 79 30 84 36 39 108 100 67 131 139 41 103 5 6 12 0 72 24 4 24 75 9 9 36 17 6 21 100 25 103 137 12 54 78 9 32 147 132 26 133 42 93 36 0 128 71 18 51 12 30 0 24 87 145 29 18 51 0 10 72 58 53 96 88 0 14 102 36 144 111 104 17 87 65 15 12 24 81 0 113 82 29 81 93 0 76 45 21 52 57
88 58 57 103 95 63 117 90 39 39 73 31 71 91 88 0 110 39 72 8 77 81 12 60 24 63 74 24 45 40 90 82 84 46 0 41 61 35 28 78 66 0 121 182 78 59 24 54 10 12 12 0 28 131 57 96 16 0 0 21 0 36 108 7 130 66 40 102 36 0 92 54 88 103 69 59 53 99 43 190 50 14 28 111 134 83 9 87 43 0 16 54 54 123 54 159 53 224 52 144 31 60 50 72 100 0 98 2 105 89 0 192 116 95 21 115 120 59 150 156 99 74 67 52 77 5 1 79 40 30 70 11 147 60 53 125 156 51 82 142 29 72 65 134 34 114 12 32 50 8 76 23 53 123 239 10 50 56 81 37 46 100 9 40 137 21 42 97 45 16 74 29 72 48 56 60 18 18 84 87 15 98 85 19 44 117 89 75 113 67 51 16 0 106 75 190 65 24 140 101 36 107 162 65 72 95 0 238 97 81 84 0 30 75 0 0 0 16 26 98 30 177 0 93 90 109 8 41 141 152 0 27 11 37 10 77 180 0 109 110 0 20 33 31 180 27 40 83 53 7 84 30 0 85 80 72
4 29 113 59 57 83 47 73 51 148 69 106 0 48 6 16 63 62 45 44 81 38 15 36 22 157 120 35 0 28 41 84 88 46 24 101 70 68 126 80 153 68 83 167 0 61 113 116 69 35 39 195 54 116 20 277 0 111 61 0 37 24 96 115 171 38 94 130 14 42 79 0 112 29 34 54 52 4 6 85 2 52 111 12 144 79 133 40 75 161 28 0 73 39 88 16 64 56 51 6 5 19 78 252 226 60 46 78 57 45 0 88 12 14 174 103 103 6 112 58 30 116 8 51 123 144 0 252 54 30 115 44 16 50 39 138 115 49 0 86 66 86 54 84 89 185 87 40 50 66 80 43 4 84 104 56 235 43 169 81 84 108 144 24 163 7 65 70 32 153 120 85 0 10 143 68 44 27 233 27 4 101 85 204 24 42 121 30 24 11 229 110 70 61 182 24 70 54 109 69 6 4 33 0 138 100 22 98 70 60 52 112 28 67 124 7 0 32 163 0 79 95 57 135 0 20 59 106 124 152 0 126 12 120 137 74 54 54 110 115 40 18 74 84 30 156 86 12 64 4 0 78 57 0 28 62
0 109 196 52 49 50 60 106 1 76 0 63 41 0 99 16 69 71 119 10 33 89 69 37 7 163 109 66 39 0 77 21 56 44 18 97 57 42 110 54 10 35 0 33 61 102 28 28 16 0 22 91 111 125 115 159 137 67 3 153 0 147 18 0 103 30 63 194 0 24 89 84 78 130 54 149 9 70 6 0 64 94 42 51 0 53 125 0 144 41 32 174 50 100 56 4 27 129 46 36 90 105 52 159 151 0 70 12 115 28 18 62 0 137 26 21 127 84 152 0 232 134 72 66 58 36 21 156 16 65 103 20 21 20 19 214 113 8 21 81 126 71 27 40 35 148 174 37 0 52 0 79 0 80 9 7 114 0 46 93 69 87 72 9 69 86 166 40 43 104 169 67 88 0 18 62 105 8 121 69 24 95 84 32 79 90 93 68 0 29 155 155 88 45 168 162 5 95 63 0 89 130 165 114 72 176 38 102 262 42 14 2 32 43 195 54 9 75 15 110 107 144 112 42 12 204 74 157 57 123 44 24 6 20 125 0 88 82 0 112 28 14 167 44 36 21 137 95 51 64 24 151 44 0 88 30
18 23 25 26 10 10 95 6 91 21 52 73 103 21 3 9 101 167 36 61 44 20 112 8 42 105 81 32 90 87 59 59 59 55 24 63 28 0 4 4 92 0 53 104 173 0 178 51 20 57 66 41 112 88 123 0 8 56 73 21 114 18 0 21 12 0 18 142 39 0 75 53 0 178 23 33 20 170 33 104 20 56 70 64 9 6 58 9 83 166 32 73 39 48 34 42 29 51 60 5 131 8 7 51 54 14 119 76 20 32 71 25 85 57 58 10 9 80 21 106 8 71 87 7 4 25 38 18 41 70 117 5 72 35 94 131 133 5 0 6 85 64 69 22 8 101 36 102 4 0 0 19 61 62 71 2 86 13 50 79 89 12 81 4 5 14 53 269 111 114 121 41 89 32 3 124 40 47 63 6 52 6 2 36 28 0 63 88 8 56 64 39 85 199 53 54 0 109 10 58 30 64 115 85 89 45 4 141 0 15 116 27 20 61 2 24 27 112 71 177 70 22 14 41 30 69 193 0 61 70 0 81 69 4 73 62 24 83 15 36 95 61 139 56 20 18 33 0 44 63 79 54 103 0 11 64
118 82 46 138 40 80 131 109 195 169 242 88 74 34 4 4 29 74 17 119 9 6 60 24 33 116 54 12 63 42 56 108 6 113 56 90 17 172 0 95 60 63 33 104 9 55 103 60 92 53 56 59 201 91 94 56 7 60 58 0 16 59 51 18 21 21 100 73 15 12 115 124 99 75 90 130 8 38 36 98 84 43 7 158 3 43 57 25 5 61 0 12 4 136 31 83 9 58 70 104 39 114 129 211 87 70 15 63 147 59 44 132 3 136 39 38 209 106 125 97 30 118 149 98 96 20 30 103 109 12 0 105 6 145 44 130 94 112 0 18 93 15 39 54 14 24 79 18 58 54 99 63 74 70 48 66 36 50 119 27 40 25 87 36 153 62 147 56 16 69 111 15 86 104 70 85 82 159 200 47 27 150 123 45 6 60 96 87 67 127 156 75 30 156 24 74 142 93 70 148 17 125 62 72 0 158 34 39 56 213 12 56 85 79 24 42 54 105 18 260 110 45 5 63 106 193 28 193 92 27 9 70 125 94 94 36 56 144 42 100 0 32 130 50 28 35 72 87 90 112 32 33 142 140 145 235
16 32 150 57 48 96 103 114 85 178 63 107 30 0 35 51 162 70 55 299 160 50 0 57 81 90 30 194 110 0 33 0 157 114 5 72 108 194 220 31 0 97 28 78 147 0 195 72 0 15 10 96 97 40 74 40 89 12 68 128 72 47 0 83 20 2 32 167 156 17 71 112 58 179 78 72 41 25 10 209 74 70 109 115 133 49 85 77 57 13 48 28 3 7 66 34 40 44 135 4 80 46 79 0 65 99 25 104 42 231 97 25 72 102 0 69 0 14 9 205 0 50 29 131 26 60 122 50 89 0 21 40 127 8 134 99 8 63 99 58 14 204 43 91 121 45 97 117 10 37 31 41 104 63 0 78 68 39 63 126 40 6 145 93 110 86 94 106 6 53 62 9 83 89 130 39 70 155 144 137 170 24 176 0 113 125 100 83 32 122 24 15 66 64 134 105 160 54 32 94 24 7 119 107 141 148 32 122 109 111 116 171 18 101 0 4 106 57 12 162 6 7 0 0 44 8 129 171 137 63 20 68 113 0 48 4 44 133 30 62 28 20 13 56 64 63 101 12 81 56 0 83 141 97 159 247
81 55 136 51 131 144 112 99 36 47 247 133 47 82 0 36 136 168 48 39 188 85 33 167 39 122 72 58 15 153 15 63 55 134 30 90 63 93 46 51 163 20 68 224 61 124 84 111 70 9 92 27 105 46 33 84 52 42 16 43 0 62 214 84 111 21 36 95 101 143 6 35 123 53 133 27 58 20 33 260 30 45 93 70 30 27 114 22 130 49 71 32 24 99 58 88 48 144 147 60 4 0 51 63 50 36 185 21 83 53 174 90 26 37 27 3 61 27 107 108 131 80 92 46 102 68 0 20 30 72 151 28 145 17 130 55 44 73 81 10 149 163 72 18 39 80 111 83 23 90 120 42 40 60 104 19 103 77 110 48 31 57 165 55 38 23 38 178 80 62 21 116 0 108 90 25 107 51 84 72 14 67 138 128 28 55 59 138 165 83 0 67 79 103 68 117 35 131 45 137 88 36 46 82 93 167 0 142 236 2 14 99 209 86 39 95 0 58 9 109 155 38 22 71 12 28 40 48 159 109 25 12 71 90 54 249 78 108 0 50 69 74 91 10 102 18 52 131 121 90 53 0 182 28 187 48
24 76 6 89 28 62 50 16 126 46 51 20 189 40 114 8 56 24 110 88 14 28 16 40 18 21 12 20 18 72 79 149 8 46 17 18 0 74 0 1 2 0 19 0 132 0 106 0 5 77 28 27 116 65 46 25 83 120 8 4 20 162 0 11 99 18 0 93 0 18 49 138 4 177 0 6 72 23 16 27 14 76 21 105 32 82 164 28 42 56 148 36 0 142 15 91 68 69 76 45 46 38 123 121 45 36 25 56 81 53 8 6 0 103 27 28 126 24 0 52 0 0 117 0 69 20 49 45 10 0 60 89 63 0 177 96 46 32 59 103 33 45 69 90 0 26 84 0 63 78 38 22 49 54 18 72 8 10 10 0 49 42 48 0 35 40 54 49 0 76 111 83 55 131 28 77 0 179 14 40 12 45 63 9 16 20 0 23 0 77 100 43 35 98 49 0 103 0 40 8 64 36 24 172 18 187 20 89 28 0 71 32 124 35 18 66 143 0 97 46 33 100 8 8 15 45 116 83 75 0 78 32 180 15 63 31 36 0 30 12 5 15 128 70 4 0 116 0 109 3 0 24 39 0 156 106
0 97 174 6 65 35 117 166 0 113 16 95 51 0 40 0 0 1 28 98 111 74 0 37 0 234 84 56 52 0 49 48 68 1 42 44 54 82 84 45 7 61 16 41 36 34 0 0 0 0 18 152 55 14 78 72 144 6 0 63 0 48 16 5 72 1 48 76 54 0 30 0 43 134 0 69 0 98 3 99 12 6 39 36 16 38 67 42 27 6 7 44 30 48 148 7 0 6 81 0 63 36 24 108 53 0 49 49 39 10 136 64 0 44 0 37 72 147 119 0 178 30 38 61 157 54 18 64 18 1 71 24 0 48 96 58 0 180 35 89 0 0 61 32 8 117 53 21 30 0 7 42 0 74 3 73 66 32 0 72 81 32 72 27 46 33 53 75 72 1 52 128 48 16 119 30 52 0 9 87 0 41 73 0 1 51 101 99 5 81 72 139 8 72 36 53 140 80 48 15 57 36 89 43 0 87 216 33 16 0 16 0 4 37 37 61 0 89 18 6 38 114 67 30 0 102 119 78 97 8 27 42 66 11 84 0 54 83 64 123 54 40 76 43 6 96 200 21 9 17 18 85 44 28 69 32
0 77 65 27 15 32 50 70 15 42 92 20 93 0 16 72 88 170 0 45 91 10 12 12 99 86 72 36 15 0 0 32 87 63 27 40 73 45 105 80 0 0 52 54 10 72 0 199 0 0 34 45 0 78 47 0 46 144 50 28 81 48 96 104 0 27 62 81 174 100 49 36 4 69 0 21 87 0 0 71 104 66 0 36 42 0 88 56 81 77 0 0 27 18 49 0 32 0 69 0 79 53 0 27 78 105 90 72 83 39 61 0 0 126 47 140 116 207 35 27 5 216 8 66 80 49 35 64 68 32 136 0 0 8 47 93 54 107 68 0 44 167 0 0 69 58 27 93 0 9 86 62 9 14 0 139 39 0 0 30 36 0 112 12 0 0 106 47 58 35 8 5 135 81 30 18 54 48 14 140 49 0 18 12 182 36 45 72 0 42 40 83 60 85 86 0 124 0 0 117 0 0 0 24 0 72 40 18 67 0 0 18 63 35 81 15 0 126 0 36 47 162 102 0 12 0 160 134 81 45 81 28 29 0 0 0 0 0 0 84 30 156 3 60 0 40 53 57 5 8 110 0 28 64 63 37
30 36 100 96 103 60 12 140 5 22 69 59 24 147 15 84 40 107 42 111 85 28 74 0 45 20 43 64 40 93 18 71 87 63 73 13 24 14 10 56 9 30 12 122 67 160 71 37 58 92 49 61 36 30 52 36 25 0 0 0 0 83 152 26 69 74 32 70 75 50 45 54 38 35 89 18 70 80 63 20 54 6 72 151 24 65 141 3 67 45 15 18 41 127 1 70 88 69 25 95 79 91 90 39 44 12 74 63 61 7 28 3 64 149 36 63 112 29 18 161 52 63 31 35 98 50 16 105 86 78 29 149 36 11 21 94 61 30 56 72 37 55 46 62 40 72 177 50 0 41 131 0 72 0 82 114 59 49 70 91 90 68 183 36 72 0 106 9 77 42 129 116 52 55 25 99 46 170 85 60 14 74 54 137 61 3 24 101 23 40 24 51 47 129 45 51 74 76 48 2 72 27 90 105 71 115 101 56 171 66 82 52 99 30 60 122 0 54 25 0 117 18 18 0 58 36 39 81 125 26 200 151 61 86 61 125 71 102 52 108 0 16 24 58 78 59 21 21 51 4 45 35 49 9 24 160
57 5 71 86 2 64 204 179 55 181 116 137 37 155 0 54 0 64 92 125 157 101 102 21 7 72 98 95 82 147 76 133 63 36 26 83 60 6 97 71 0 9 178 124 76 112 68 167 42 80 69 43 44 98 254 180 14 76 38 0 0 64 123 0 0 12 78 88 72 72 31 126 54 106 0 22 0 59 4 90 0 135 107 57 81 76 0 135 95 70 35 39 118 50 35 71 102 52 25 76 120 52 89 179 94 52 118 44 164 9 0 31 30 66 80 145 25 112 71 46 63 116 142 39 72 16 21 151 63 79 94 30 49 156 58 105 126 168 229 4 124 51 122 124 56 44 66 21 6 59 98 21 78 73 176 0 215 35 39 117 91 5 100 45 101 15 47 136 66 43 10 115 36 126 89 94 71 162 93 95 72 28 129 107 86 0 38 43 32 199 91 144 138 149 0 101 97 27 114 9 47 112 121 96 118 104 79 242 78 34 54 46 114 25 81 32 39 31 28 75 48 30 4 76 107 58 20 108 99 79 77 70 39 26 42 84 103 0 70 125 69 2 0 193 110 8 27 26 90 0 57 145 32 59 85 144
68 144 46 101 22 10 0 27 63 158 132 4 64 78 20 163 0 83 81 78 115 52 0 139 38 32 45 126 15 105 24 95 21 8 12 50 36 23 49 20 20 49 65 87 58 1 96 82 56 63 40 58 40 171 30 34 0 42 18 54 68 35 25 21 56 45 63 32 28 186 49 148 52 16 92 77 40 18 60 28 114 55 21 14 48 137 83 50 61 123 47 57 57 130 16 110 27 76 122 116 78 35 33 30 42 2 97 0 123 16 64 33 16 0 0 31 50 77 87 222 0 63 63 68 36 45 3 68 48 16 182 0 58 37 8 54 164 30 117 3 56 118 35 78 27 33 40 42 42 59 0 42 0 88 27 2 54 0 20 49 44 72 193 48 15 0 50 93 18 93 128 57 91 94 27 54 103 0 94 41 89 24 61 0 24 61 111 104 16 54 48 18 64 73 111 80 0 0 57 54 80 66 152 145 46 131 23 49 224 118 18 100 98 4 8 72 36 40 40 24 0 27 72 23 0 40 102 113 27 52 15 48 86 48 32 0 70 56 32 40 0 0 50 0 28 0 72 42 31 93 0 24 12 87 151 0
138 72 16 80 72 62 124 105 106 8 73 73 4 0 14 35 27 121 35 20 32 83 135 48 89 32 256 81 6 6 9 82 39 83 0 145 0 32 36 99 9 22 75 136 12 18 33 149 35 0 12 12 35 6 29 21 0 88 38 96 0 35 0 175 14 34 52 19 0 156 0 63 31 153 135 54 53 0 16 67 80 18 102 68 30 0 63 74 157 18 0 132 24 63 16 63 62 72 10 0 70 118 61 0 0 48 109 24 28 0 86 35 33 90 48 82 162 102 42 81 0 53 83 101 79 32 36 52 80 18 35 68 93 40 49 54 0 18 108 45 86 140 0 50 63 79 0 68 36 121 3 42 187 0 20 26 160 0 0 38 87 45 123 91 105 0 0 70 0 68 190 84 86 68 44 0 35 90 36 70 68 22 132 67 48 48 46 30 68 0 32 49 0 0 106 6 25 54 0 102 81 14 36 171 177 48 23 88 132 48 6 50 77 12 36 70 15 64 28 0 117 48 36 0 4 65 94 104 14 30 152 63 32 96 12 9 36 66 0 36 37 6 117 18 36 0 140 64 31 0 69 54 151 23 83 20
63 16 6 90 52 81 12 4 8 102 108 50 94 16 0 0 21 44 45 42 0 130 0 72 52 53 87 27 45 4 86 33 13 14 45 54 66 66 72 36 3 0 0 117 51 114 28 6 36 9 60 81 45 44 98 78 55 48 0 63 54 0 2 66 0 0 98 17 7 32 105 6 22 96 52 54 0 18 28 25 55 40 63 81 0 36 24 19 5 110 0 106 87 8 0 68 16 12 36 6 0 10 147 104 130 0 9 40 65 42 0 6 3 76 58 51 81 0 45 27 9 75 112 48 53 93 125 128 46 35 36 133 69 20 92 99 36 154 67 28 67 84 24 8 33 17 144 0 12 24 4 16 26 0 96 0 17 75 63 48 8 15 90 64 71 72 0 32 57 18 96 6 64 83 36 8 54 147 33 16 41 117 74 9 16 23 93 5 51 0 72 6 0 81 0 27 32 0 36 84 0 0 121 100 33 24 94 108 0 0 156 1 39 0 0 60 72 24 0 85 169 126 30 70 27 72 16 101 110 72 0 29 74 108 93 41 54 81 0 12 16 36 102 23 61 0 48 121 0 0 7 20 0 0 0 24
72 99 92 91 63 65 98 145 4 164 18 24 47 64 171 63 146 93 26 93 0 31 192 12 149 18 121 73 25 128 115 68 70 131 0 2 46 38 0 130 147 101 67 110 48 38 15 249 45 4 126 76 125 106 38 45 39 114 38 56 0 90 2 0 50 159 157 147 87 0 95 48 64 149 42 236 12 78 60 27 22 99 89 44 136 19 17 45 89 244 63 72 35 72 90 10 110 80 44 86 160 67 16 136 170 12 126 6 6 68 80 74 109 178 74 132 159 131 47 151 40 179 126 71 113 66 35 60 78 2 36 0 87 30 0 190 0 78 39 28 90 123 16 154 63 171 208 56 12 36 36 54 21 95 78 15 54 56 35 30 0 63 72 77 63 14 8 35 6 69 137 136 151 84 44 72 27 144 185 46 125 106 7 114 6 75 140 116 8 22 48 126 24 148 136 76 106 33 63 108 64 90 86 6 55 35 30 82 161 147 78 51 90 108 130 88 0 177 80 251 0 111 73 59 12 190 44 102 157 88 74 91 21 148 105 110 121 30 0 137 39 24 102 78 71 47 110 155 130 33 28 40 91 25 104 92
75 80 134 78 16 4 82 184 15 0 95 55 24 44 0 93 87 0 6 28 56 39 30 6 102 34 189 0 12 52 0 37 12 48 12 12 50 0 12 47 9 0 57 36 74 51 39 84 42 0 58 0 0 108 71 0 0 54 63 6 0 40 134 100 0 75 77 40 30 160 6 28 36 51 155 18 104 0 0 80 48 57 14 63 2 4 126 6 0 57 15 74 0 42 34 71 14 54 45 0 60 0 0 18 32 15 61 42 100 30 18 0 12 145 6 74 8 2 19 0 45 126 8 59 100 42 28 15 38 14 0 32 51 27 83 30 32 100 119 3 58 78 9 67 79 59 119 11 0 72 75 110 100 52 16 56 113 97 48 30 0 30 111 129 128 6 54 9 18 84 88 99 0 86 0 71 64 32 0 0 37 18 132 85 56 0 107 166 60 10 0 54 44 4 36 41 50 0 36 0 36 24 40 97 51 140 14 0 85 25 48 64 0 46 52 4 10 36 0 10 73 0 98 12 18 0 63 155 76 39 42 42 0 59 18 49 24 66 12 30 0 64 0 104 18 122 72 45 69 12 50 62 12 86 65 25
12 0 9 40 54 31 30 3 57 36 0 31 44 71 9 42 10 15 0 63 2 100 16 0 85 36 0 42 41 10 80 12 2 28 25 30 20 101 0 35 0 4 56 44 10 65 10 0 28 37 0 0 0 25 14 57 25 0 18 8 0 0 49 0 63 16 0 65 0 49 72 59 0 36 6 24 4 34 7 49 0 32 37 17 14 15 24 147 55 7 32 0 41 127 5 42 63 12 0 31 56 44 51 44 54 1 39 12 4 22 5 0 0 69 67 50 64 7 0 41 5 0 25 107 9 9 0 6 0 38 20 55 0 0 45 68 42 63 66 0 0 48 43 0 43 60 30 44 0 0 0 8 25 0 48 30 0 0 15 52 1 0 35 21 34 0 22 61 1 69 45 25 20 47 29 60 5 29 15 18 9 15 4 22 72 0 25 2 14 7 1 2 36 6 4 0 0 51 20 12 28 9 25 20 186 67 103 35 7 5 96 0 48 2 0 81 0 10 3 20 14 40 12 0 21 40 20 6 19 69 0 28 12 18 40 24 14 18 0 0 37 30 49 16 0 0 43 56 50 5 4 112 18 42 10 21
12 32 81 37 56 156 49 59 0 144 9 0 70 0 60 62 10 92 47 81 63 92 67 3 40 18 8 0 42 36 93 48 18 31 60 22 45 0 121 9 14 19 17 25 81 0 24 32 0 38 0 56 90 29 0 70 0 63 20 21 21 0 44 79 18 69 50 30 144 27 108 0 14 72 18 143 47 6 6 113 56 18 60 16 52 18 0 22 15 25 18 0 14 11 22 24 3 11 43 22 63 114 56 108 129 8 132 56 28 40 4 33 127 51 20 26 64 71 136 56 57 170 29 29 1 72 0 78 60 3 0 53 7 49 16 92 42 27 111 26 44 48 52 48 8 26 12 21 15 0 2 38 49 0 0 2 19 0 144 154 47 5 48 5 12 0 110 115 38 8 56 30 66 17 0 20 68 4 72 4 42 88 53 0 71 44 61 8 11 25 16 15 63 75 76 98 21 0 24 30 6 122 2 52 13 119 41 139 16 75 12 33 1 4 66 10 23 103 0 63 20 47 16 48 0 73 21 100 79 123 28 30 0 89 2 36 81 22 1 36 2 86 54 6 56 18 28 32 54 50 0 26 60 12 6 24
21 56 67 0 77 51 40 181 56 0 90 46 59 112 39 58 56 4 0 69 149 49 43 12 118 25 106 33 32 24 66 60 24 0 45 158 141 54 6 0 63 57 66 140 69 254 36 60 34 56 38 62 0 23 218 73 65 5 93 56 0 35 0 43 84 59 22 46 41 43 34 56 14 49 10 75 65 20 4 29 0 56 100 70 84 39 0 133 31 57 2 36 3 82 70 24 59 20 0 11 65 0 42 71 52 43 61 42 121 18 72 48 0 36 207 104 16 11 0 36 119 82 131 122 59 39 34 52 36 54 6 3 52 32 70 47 35 143 126 73 55 50 164 54 24 64 89 37 40 40 129 33 12 3 36 0 159 138 81 25 48 15 161 0 54 0 45 8 28 80 28 92 46 25 124 9 79 76 53 39 0 83 64 39 0 64 109 70 31 108 56 111 0 16 128 0 98 15 120 42 0 27 168 102 102 190 231 97 0 57 128 85 0 63 5 18 13 24 27 10 37 72 19 0 42 86 2 25 107 36 54 89 0 3 90 73 60 56 64 60 0 64 72 12 0 51 0 54 54 18 55 116 27 0 56 75
8 13 28 0 26 98 39 65 103 53 149 113 106 60 125 1 66 72 45 61 16 24 24 121 44 46 42 93 32 27 28 62 20 77 0 49 19 68 92 6 2 48 133 98 56 24 83 39 57 35 134 12 3 43 17 5 20 40 51 0 0 20 9 70 144 0 0 104 27 0 20 16 25 56 18 48 42 56 0 60 81 57 148 72 109 18 22 175 59 41 0 72 92 86 104 64 111 27 94 0 61 39 84 0 54 40 65 42 121 15 56 39 54 111 89 109 60 8 15 27 7 60 129 36 84 70 150 82 54 61 4 12 105 16 12 89 0 161 74 63 15 72 6 106 64 117 105 53 0 28 49 30 0 0 92 16 116 157 68 76 96 92 55 95 99 107 7 68 28 75 32 44 48 57 86 7 0 58 66 0 21 24 0 0 102 69 110 9 99 39 90 27 0 55 132 7 129 48 75 101 4 72 70 37 192 136 33 12 24 1 69 66 5 0 15 27 46 117 31 141 108 12 19 0 65 3 141 69 150 88 0 54 23 68 48 5 93 73 20 72 36 57 42 36 0 14 102 181 0 0 10 0 63 48 29 84
6 27 39 91 28 33 24 181 6 43 37 0 74 108 71 50 24 7 0 120 107 30 30 4 37 6 40 14 60 113 86 16 30 114 0 21 49 60 0 151 35 78 36 97 14 53 62 60 42 45 102 28 81 57 32 81 25 20 6 23 0 48 86 97 12 98 73 77 90 0 26 15 20 0 59 42 14 23 0 75 88 97 49 40 0 17 3 85 95 90 85 17 2 30 35 39 82 108 18 5 69 78 45 21 100 26 45 38 92 15 50 39 14 90 58 63 40 123 9 8 48 27 48 47 27 21 40 59 84 15 35 124 12 70 107 10 61 65 81 172 71 0 23 10 24 30 32 0 0 111 30 53 39 126 44 18 33 60 54 81 0 0 6 0 0 58 90 16 111 140 87 146 89 35 81 80 97 13 80 47 30 0 0 72 40 0 99 71 18 48 70 9 0 78 155 69 50 63 28 84 54 94 172 99 245 104 52 30 18 0 106 21 24 0 123 74 0 33 45 12 158 40 129 139 79 61 37 88 92 82 54 60 63 122 5 110 63 75 142 60 27 25 6 56 39 146 84 20 0 27 19 46 6 0 12 87
25 54 54 38 54 9 182 7 36 35 18 12 8 72 21 35 3 18 118 74 79 49 14 43 0 21 15 0 65 12 16 106 0 12 6 42 157 16 58 94 125 56 21 149 84 4 15 0 8 28 24 25 7 51 2 54 14 0 26 49 0 65 21 54 8 40 15 21 15 0 69 0 40 0 77 0 45 30 0 72 4 28 89 102 0 0 90 37 16 31 0 8 59 56 35 64 44 34 14 0 35 49 129 28 100 0 54 138 87 89 14 114 35 0 14 85 81 24 28 24 153 72 50 28 88 56 49 117 21 0 63 168 0 12 0 0 51 138 14 226 0 3 115 56 0 42 0 20 75 47 92 8 9 0 100 72 116 48 76 8 0 68 91 26 35 0 15 0 0 18 110 78 7 72 54 173 65 50 64 45 0 158 95 129 24 88 0 131 0 0 104 72 90 72 67 66 289 76 124 33 0 0 81 54 0 12 28 151 0 28 0 28 16 0 0 84 0 36 40 49 50 105 0 0 18 77 88 46 9 4 0 106 72 87 98 93 2 35 114 0 45 0 72 84 81 90 56 35 0 8 0 72 12 7 0 39
43 49 20 78 36 36 162 54 76 81 28 140 6 35 36 5 63 31 126 72 32 66 8 52 8 64 63 35 60 159 16 56 66 0 0 92 52 28 24 30 0 72 70 35 16 14 0 84 0 81 0 64 123 22 4 32 12 0 27 68 45 107 110 21 0 0 36 12 0 3 40 45 8 106 54 4 0 2 29 48 72 6 164 0 95 0 13 0 0 81 46 0 0 36 27 150 30 16 136 48 5 7 102 115 24 42 78 38 32 75 30 36 5 36 60 20 0 18 51 18 56 37 0 19 0 4 81 0 18 34 6 48 99 40 109 40 40 0 75 42 80 68 24 182 36 30 91 32 0 1 40 0 14 8 14 27 72 37 9 35 38 0 146 3 0 8 89 72 0 38 16 49 0 77 100 7 115 0 142 36 54 0 93 9 63 32 32 0 8 14 0 0 20 56 24 72 83 0 63 82 36 12 18 76 72 133 0 59 77 80 38 40 8 32 0 0 66 81 0 77 69 94 46 20 0 111 65 129 82 114 92 74 0 63 12 24 82 30 87 24 6 16 25 33 0 6 34 33 81 0 55 108 48 1 163 109
32 164 87 78 100 91 98 116 149 42 153 109 165 132 141 0 94 125 44 13 77 66 135 4 62 141 15 45 61 126 145 147 105 31 85 124 70 94 24 47 38 44 133 123 35 91 23 32 70 80 100 63 61 73 79 42 33 43 16 46 34 106 164 90 21 9 166 121 69 55 72 28 57 110 18 42 125 84 40 56 8 102 131 7 65 24 60 62 32 147 72 48 118 69 42 49 96 72 42 0 116 24 76 35 190 15 4 9 70 76 137 56 8 51 92 127 0 73 21 9 133 32 67 141 137 42 0 75 20 79 294 49 144 90 93 122 31 155 93 106 167 120 56 18 42 45 121 43 0 72 63 73 12 51 150 78 28 0 66 30 54 42 159 24 83 120 18 76 104 228 49 55 69 102 99 195 52 68 0 111 6 39 42 67 35 49 151 155 73 21 137 100 32 71 140 42 47 40 14 42 36 137 211 68 110 265 23 171 56 7 139 26 67 21 45 138 8 92 55 140 24 133 128 98 0 13 102 155 0 30 28 46 126 17 56 139 10 117 103 67 72 39 288 89 140 15 15 165 12 56 114 24 60 0 112 51
28 61 89 21 60 72 128 49 51 102 90 69 45 91 15 129 102 181 44 128 135 51 111 72 28 118 25 119 15 72 107 149 49 41 108 39 68 53 86 60 242 0 20 83 96 25 98 97 47 45 16 63 128 125 129 192 5 78 0 0 0 174 70 135 78 6 94 96 6 24 3 83 64 192 48 70 0 153 130 49 72 72 60 39 14 59 3 111 90 144 0 54 49 80 45 215 57 51 40 38 170 114 130 16 131 18 161 14 137 18 52 165 94 174 98 0 27 126 69 20 177 174 42 30 81 101 51 157 84 131 50 15 70 42 38 116 180 39 255 127 130 68 39 136 69 147 123 48 6 55 22 42 99 89 99 41 137 60 10 99 20 50 44 115 79 3 71 51 37 63 126 78 15 51 29 91 112 25 188 29 56 32 45 42 0 44 0 16 0 18 87 81 82 14 10 70 112 131 69 58 10 167 55 51 67 3 56 85 44 44 69 42 18 9 46 0 19 56 101 35 139 103 5 49 57 165 21 68 57 134 63 104 70 21 111 95 117 4 0 132 55 0 18 72 58 63 99 74 101 54 64 42 102 81 60 0
12 108 244 27 36 124 192 157 47 191 2 96 83 45 0 63 188 98 32 200 165 160 113 48 138 88 76 109 157 61 50 34 150 24 56 45 72 99 68 66 128 96 42 110 136 38 54 147 7 104 16 90 65 87 122 126 0 5 81 75 110 64 82 88 12 42 60 168 12 33 113 14 17 167 30 41 113 48 66 80 62 154 9 192 35 56 27 51 72 126 28 40 112 8 6 0 18 85 35 24 126 44 6 144 122 33 105 16 123 66 56 72 42 36 15 144 101 93 51 238 30 44 86 48 66 18 10 110 156 89 105 0 139 191 65 228 140 30 64 0 129 153 40 65 2 231 141 5 42 9 81 67 0 84 182 8 239 44 97 53 178 72 170 1 76 0 27 179 40 14 245 95 0 40 54 91 98 36 67 30 84 31 21 101 165 124 169 170 0 28 114 128 72 35 110 28 18 92 24 52 30 16 120 130 48 182 61 90 144 78 0 46 112 79 106 14 16 56 64 188 4 60 10 32 27 40 213 49 120 78 81 167 92 28 24 144 46 24 87 111 64 22 64 47 126 40 48 29 8 20 143 30 81 48 96 29
29 0 117 65 48 18 123 175 197 120 166 113 118 23 126 70 190 173 10 59 103 36 25 100 101 62 87 4 30 142 36 137 112 60 33 130 32 94 19 84 118 0 70 120 179 43 76 146 43 175 38 36 148 116 129 27 55 55 115 50 47 87 71 52 32 40 69 150 116 110 43 32 43 110 53 0 84 74 78 36 136 80 163 32 113 19 154 23 52 244 68 38 33 82 88 96 32 49 87 12 60 81 152 68 221 62 70 72 61 112 129 26 20 200 123 148 77 58 22 115 14 63 112 32 96 55 78 51 10 106 8 8 126 131 190 94 74 135 168 88 76 235 155 85 80 143 153 44 0 1 70 77 32 100 53 40 143 66 27 74 66 0 345 92 113 16 47 155 33 145 90 158 83 189 117 14 272 100 143 81 116 56 129 3 5 18 85 77 57 24 24 18 35 99 98 25 177 92 84 96 54 48 26 76 72 47 152 0 177 0 106 104 49 88 26 56 179 101 73 110 88 13 130 32 117 46 128 106 104 32 81 172 150 82 47 51 66 191 97 118 20 120 128 146 91 162 44 76 13 35 135 67 60 56 55 168
0 40 2 63 18 92 42 99 4 0 57 18 70 0 0 69 18 28 0 28 0 8 0 32 0 24 0 28 5 42 0 24 46 0 113 0 4 61 49 0 99 0 9 8 0 20 56 14 49 12 56 22 40 16 10 27 0 4 2 40 31 2 26 0 58 0 63 44 0 15 0 27 0 24 0 0 0 64 32 19 24 4 16 3 35 28 6 0 75 72 0 21 0 110 36 48 24 45 0 0 14 6 20 8 64 25 0 20 36 0 79 93 3 64 23 16 8 0 33 75 48 103 16 0 56 45 0 45 106 40 30 9 28 24 7 66 56 24 83 24 45 58 0 93 40 0 42 0 0 21 20 0 88 0 0 0 0 16 0 0 5 0 38 0 20 0 15 61 32 96 21 81 36 12 27 0 88 81 28 7 45 0 16 8 40 12 14 42 0 28 0 56 10 0 65 25 49 15 0 0 0 5 46 96 0 84 52 19 42 42 5 56 40 17 15 0 0 12 32 16 12 38 0 0 14 0 16 0 8 48 12 0 34 21 58 0 55 38 37 5 8 20 34 4 0 0 9 63 0 0 0 45 72 56 14 20
