5055 4687 5100 4526 4494 5289 5466 4966 5035 4588 4629 5075 5328 5134 5206 4956 5209 4603 5374 5048 5192 5443 4929 4995 4607 4845 4942 5034 5203 4902 5018 4656 4908 4858 5087 5234 4653 4714 5176 5147 5089 5094 5144 4836 5344 4533 4754 4656 5174 5140 5322 4802 5241 4898 4918 5138 5613 5284 5072 5500 4855 5450 4557 5016 4997 5092 5139 5191 5248 5026 4811 5082 4919 4735 5058 5199 5314 5276 4753 5075 5575 5232 4853 5462 4847 5123 4476 4678 4826 4792 5256 5702 4865 5606 5023 5055 5239 4638 5281 5271 5101 5500 5322 5160 5038 5189 5311 4765 5356 5117 4836 4792 4658 4963 4928 5440 5105 4615 5167 5508 4557 4687 4894 4990 4731 5072 4937 4705 4917 4772 4958 4708 5231 5227 5291 5340 4916 5180 5031 5051 5065 4939 4622 4990 4634 5404 5222 5086 5127 5371 5195 4855 5146 5115 5092 4938 4643 5142 4753 5319 5387 5391 5476 5223 4891 5271 5032 5014 4828 5045 4978 4987 4868 5095 5156 4454 5040 5271 5116 4972 5010 5025 5068 4887 5156 4970 5270 5206 4922 5118 5176 4768 4986 5499 4745 5233 5140 5146 5237 5048 4890 5760 5134 4946 5165 5020 4692 4756 4961 5153 5568 5028 4701 4957 4941 5163 4973 5127 5032 4555 4996 5570 4943 5118 5217 4961 5008 4725 4994 5184 5150 5262 4715 5147 5410 5109 5363 5215 5152 4833 5249 4920 5153 5478 5266 5369 5010 5583 4946 5365 5120 5501 5345 4973 4841 5097
5213 5177 5375 4933 4882 5238 5336 5100 5292 5001 4699 5406 5526 4790 5246 5474 5413 4645 5811 5202 5291 5275 5187 5313 5040 5548 4973 5198 5659 5222 4863 4947 5037 5116 5069 4749 4872 4888 5639 5445 5472 5216 5347 5167 5367 4956 4995 4710 5204 5184 5306 4730 5424 5340 5315 5125 5638 5613 5525 5559 5054 5696 4846 5283 5082 5442 5323 5672 5323 5068 5165 5173 5363 5211 5352 5420 5415 5422 5107 5242 5386 5020 4780 5567 4976 5198 4738 4919 4896 5209 5359 5485 5264 5681 5213 5470 5353 4894 5351 5595 5346 5564 5087 5202 5386 5379 5606 4911 5469 5551 4853 4896 4890 5441 5384 5746 5103 4868 5156 5592 4607 5251 5290 5258 5066 5070 4798 4857 4956 4979 4952 5062 5477 5465 5539 5436 5050 5280 5191 5275 5215 4974 5214 5280 4594 5278 5341 5306 5678 4931 5727 5048 5231 5070 4762 5513 5172 5416 4926 5240 5453 5659 5656 5238 4956 5440 5301 4882 5229 5458 5529 4996 5234 5342 5093 4698 5027 5300 5120 5130 5192 5262 5170 4880 5003 5217 5843 5466 4928 5085 5497 4874 4941 5675 5018 5233 5143 4906 5243 5231 5046 5605 5112 4838 5478 4932 5309 4802 4857 5023 5714 5093 4561 5467 5084 5636 5753 5593 5097 4722 5147 5611 5170 5124 5209 5427 5244 4849 5640 5199 5564 5271 4948 5348 5434 5169 5105 5016 5060 5201 5523 4960 5127 5312 5602 5180 5397 5552 4801 5510 5288 5662 5720 5131 5027 5384
5674 4848 5440 4878 4858 5406 5342 5260 4994 5013 4756 5133 5435 5074 5546 5449 5504 4809 5871 5308 5515 5355 5186 5162 5233 5425 5108 5425 5510 5157 4698 5216 5021 4973 5313 5145 4959 4936 5657 5571 5580 5377 5364 5222 5481 5146 4877 4727 5205 5103 5596 4955 5351 5263 4964 5097 5611 5710 5251 5432 5075 5767 4883 4960 5298 5120 5531 5406 5337 5296 5106 5142 5397 4895 5330 5224 5334 5449 4815 5168 5587 5293 5157 5772 5150 5173 4800 5083 4657 4940 5404 5510 5097 5398 5167 5283 5524 4918 5446 5382 5213 5363 5198 4966 5416 5298 5375 4997 5497 5521 5001 4984 5077 5171 4958 5788 5100 5086 5148 5617 4656 5025 4869 5275 5154 5187 5285 4499 5135 5092 5085 4935 5690 5452 5479 5380 5200 5159 5234 5025 5349 5204 5191 5007 4585 5493 5237 5490 5483 5182 5665 5075 5387 5090 4841 5521 5447 5513 5105 5314 5429 5620 5521 5399 5170 5613 5389 5136 5033 5408 5391 5020 5352 5229 5003 4463 5116 5296 5364 5019 5046 4976 5255 4922 5269 5209 5565 5582 5041 5160 5159 4985 5151 5314 4996 5041 5226 5033 5222 5015 5059 5707 5322 5020 5340 5197 5262 4891 5103 5069 5954 5201 4849 5254 5113 5601 5513 5356 5246 4972 5146 5570 5379 5317 5425 5440 5235 4789 5541 5075 5258 5422 4953 4953 5382 5350 5326 5233 5344 4962 5580 4918 5196 5604 5543 5244 5348 5432 4767 5545 5242 5736 5690 5474 5065 5241
5505 4874 5213 4762 4728 5201 5302 5051 4932 5061 4713 5421 5438 5097 5404 5376 5347 4880 5648 5270 5448 5353 5138 5058 4990 5346 5241 5401 5242 5080 5166 4636 4801 4861 5215 5147 5017 4831 5430 5481 5434 5360 5351 5089 5358 4973 4961 4740 5252 5042 5001 5017 5040 5467 5111 5119 5752 5675 5544 5340 5074 5606 4763 5327 5304 5547 5404 5494 5225 5105 5170 5297 5162 4686 5479 5807 5111 5460 4591 5241 5574 5138 4972 5596 5089 5201 4663 4689 4845 4928 5472 5448 5079 5455 5144 5273 5614 4969 5348 5439 5132 5247 5420 5194 5176 5426 5486 4887 5799 5542 4654 4818 4750 5210 5426 5752 5197 4879 5381 5846 4646 5114 5063 5117 4949 5277 5104 4814 5058 4918 4758 4913 5532 5097 5765 5481 4840 5345 4796 4975 5396 5160 5119 5125 4817 5388 5168 5349 5122 5244 5724 5280 5208 5347 4988 5224 5060 5132 4887 5736 5397 5656 5318 5261 4966 5560 5203 5145 5134 5199 5236 5260 5110 5256 4852 4602 5132 5104 5210 4833 5118 5165 5339 5203 5325 5066 5717 5446 5285 5165 5290 4989 5118 5524 5098 4934 5240 5049 5210 5222 5105 5586 5291 4680 5441 5146 5474 4544 4799 4858 5865 5167 4865 5405 5107 5364 5412 5464 5264 4663 5114 5369 5125 5346 5459 5333 5207 4873 5306 5318 5270 5141 4984 5282 5424 5391 5488 5014 5179 5089 5493 4939 5170 5300 5708 5402 5271 5466 5032 5068 5199 5677 5565 5650 5039 5008
5318 4955 5412 4712 4729 5297 5408 5228 5206 5047 4659 5595 5289 5122 5483 5305 5390 4705 5770 5263 5118 5352 4838 5321 5292 5315 5311 5537 5531 5003 5085 4952 4989 4798 5177 4963 4830 4781 5542 5571 5591 5340 5333 5247 5498 4815 5071 4927 5101 4967 5570 4888 5372 5437 4823 5026 5518 5476 5519 5434 5079 5845 4869 5278 5385 5426 5442 5517 5267 5111 5354 5377 5294 4812 5765 5579 5392 5459 4874 5408 5602 5019 5022 5642 4989 5134 4773 5042 4932 4876 5519 5512 5451 5815 5123 5546 5309 5010 5233 5367 5097 5461 5256 5256 5361 5290 5733 4941 5859 5365 5020 4803 4914 5122 5236 5864 5066 4894 5357 5877 4847 5237 5192 4941 5156 5215 4993 4909 5217 4898 5317 4881 5491 5494 5346 5379 5054 5179 5166 5277 5164 5114 5198 5128 4873 5385 5458 5559 5368 5109 5620 5363 5418 5031 5075 5300 5302 5365 4918 5544 5498 5598 5330 5465 5051 5515 5479 5072 4987 5280 5372 5259 5368 5443 5117 4573 5556 5360 5131 5384 5128 5108 5478 5386 5388 5290 5258 5641 5140 5226 5305 5054 5091 5582 4865 5210 5460 5232 5292 5205 4997 5858 4866 4712 5508 5476 5133 5083 5006 4905 5549 5098 4788 5382 4857 5461 5520 5661 5449 4839 5164 5634 4877 5126 5149 5290 5232 4986 5515 5480 5430 5326 4974 5113 5764 5114 5135 5024 5276 5191 5620 5158 4898 5397 5677 5115 5331 5514 5070 5229 5396 5757 5661 5354 5008 5310
5551 5091 5315 5168 4798 5433 5544 5116 5364 4962 4980 5574 5596 5054 5549 5630 5296 4904 5755 5466 5462 5425 4993 5437 5093 5499 5097 5426 5432 5310 4918 5182 5318 5239 5344 5237 4937 5029 5875 5603 5450 5353 5541 5225 5408 5040 5368 4796 5702 5147 5452 5147 5510 5155 5022 5342 5849 5490 5477 5530 5014 5918 4771 5002 5332 5632 5681 5698 5315 5292 5245 5563 5367 4879 5543 5529 5571 5514 4950 5558 5572 4924 4983 5308 5266 5310 4937 4807 4970 5050 5699 5609 5173 5650 5304 5486 5569 5054 5351 5618 5416 5383 5608 5231 5269 5486 5645 4857 5839 5571 5029 5361 4581 5187 5521 6018 5232 5001 5518 5617 4677 5241 5438 5292 5431 5487 5199 5016 5222 5092 4914 5007 5514 5595 5540 5543 5150 5364 5256 5481 5461 4879 5174 5282 5059 5514 5276 5535 5464 5242 5557 5051 5263 5074 4921 5376 5122 5436 5139 5652 5419 5737 5609 5533 5111 6075 5397 4998 5249 5592 5539 5104 5413 5149 5161 4924 5539 4985 5457 5382 5281 5340 5331 5085 5602 5181 5646 5753 5198 5242 5320 4937 5273 5936 5241 5137 5159 5431 5456 5084 5262 5748 5255 5097 5441 5389 5217 5213 5239 5120 5467 5119 5041 5386 5117 5624 5573 5627 5529 5075 5269 5915 5323 5318 5452 5229 5273 5027 5336 5412 5670 5536 4997 5523 5561 5189 5449 5447 5298 4859 5650 5307 5322 5682 6132 5152 5433 5663 5148 5368 5131 5616 5728 5645 5082 5646
5158 4969 5361 5066 4608 5386 5208 4978 4987 4668 4788 5331 5360 4971 5336 5175 5410 4498 5630 5150 5308 5482 5002 5382 4881 5111 5036 5043 5480 5235 4991 4805 4912 4997 4937 4823 4953 4857 5478 5400 5432 5208 5245 4875 5119 4839 4792 4520 5261 5135 5110 4669 5112 5271 5270 5032 5731 5398 5282 5269 5400 5335 4644 4924 5312 5341 5236 5339 5057 4847 5019 5381 5122 4869 5282 5324 5289 5419 4697 5222 5474 4929 4757 5519 4905 4976 4558 4694 4541 4988 5227 5327 5101 5411 5029 5264 5533 4547 5070 5621 4888 5151 5033 5230 5057 5333 5206 4829 5558 5412 4707 4792 4837 5244 4998 5424 5115 4811 5168 5348 4349 4745 5204 4989 4945 5137 5006 4863 4767 4883 5094 4880 5491 5071 5385 5135 4811 5169 4906 5140 5226 4901 5129 5184 4745 5344 5294 5012 5199 5013 5418 4911 5193 4986 4741 5164 4853 5265 4749 5251 5447 5556 5398 5106 4964 5345 5033 4908 5074 5260 5188 4953 5292 5254 5117 4591 5330 5165 5390 5144 4982 5281 5370 4833 5390 5091 5486 5207 4971 5067 5147 5143 4812 5467 5012 5185 5344 4868 5397 4834 5077 5521 4965 4912 5326 4979 5023 4713 5144 5077 5574 5117 4883 5302 5059 5629 5265 5232 4971 4972 4840 5349 5320 5077 5544 5240 5122 4759 5382 5116 5329 5277 4716 4977 5503 5038 5119 4958 5222 4738 5676 4561 5178 5465 5603 5117 5325 5362 4828 5083 5244 5295 5516 5238 5116 5222
5340 4802 5205 4751 4713 5229 5306 4943 5147 5165 4582 5342 5313 5060 5440 5231 5173 4986 5478 5173 5085 5421 5208 5241 5024 5184 5187 5276 5443 4989 5014 4859 5178 5202 4995 4824 4852 4924 5485 5533 5274 5046 5512 5254 5417 4717 4862 4669 5451 5105 5191 4755 5270 5320 4929 5250 5539 5725 5419 5266 5202 5486 4561 4854 5211 5330 5309 5495 5134 5315 5058 5552 5296 5037 5504 5100 5647 5516 5137 5461 5720 5179 4782 5429 4924 5242 4846 4817 4804 4969 5382 5543 5224 5464 5217 5213 5102 5281 5183 5254 5193 5427 5287 5310 5160 5237 5483 4859 5682 5296 4955 5255 5029 5156 5378 5764 4926 4985 5476 5594 4685 4822 5027 5142 4981 5145 5292 4892 5006 4761 4960 5010 5669 5376 5335 5466 5030 5296 4982 4926 5122 5040 5181 5139 4901 5735 5364 5185 5382 4925 5410 5110 5419 5139 4959 5185 5196 5248 4845 5283 5584 5663 5268 5596 4898 5367 5362 5215 4995 5174 5073 4836 5278 5378 4917 4953 5574 5392 5116 5267 5303 5083 5407 4846 5399 4863 5506 5634 5170 5304 5096 4915 4917 5760 4976 5251 5495 5454 5058 5058 5122 5765 5094 4852 5249 5158 5239 5111 4978 5062 5580 4946 4937 5029 5080 5399 5492 5457 5256 4809 5117 5331 4981 5422 5438 5307 5286 4974 5320 5248 5245 5376 5065 5112 5570 5075 5553 5360 5297 5213 5529 5049 5154 5494 5945 5208 5119 5423 5122 5328 5270 5560 5562 5340 5143 5066
4926 4771 5368 4534 4577 5570 5282 4963 5214 4796 4727 5135 5448 4856 5319 5201 5349 4677 5484 5172 5119 5268 4891 5167 4950 4853 5094 5194 5320 5230 4785 4799 4821 4808 5159 4934 4525 4663 5248 5476 5508 5055 5223 4820 5485 4779 4702 4773 5460 5047 5223 4706 5097 5393 4976 5013 5557 5321 5116 5148 5199 5538 4896 5189 5119 5305 5020 5514 4944 4773 5103 5391 5432 4882 5189 5447 5126 5150 4720 5268 5288 4854 4799 5084 5098 4990 4534 4781 4746 4794 5464 5674 5111 5450 4916 5360 5160 4860 5216 5326 5031 5544 5189 5052 5128 5087 5374 4687 5609 5161 4852 5029 4869 5087 5083 5846 5104 4676 5184 5721 4593 4872 4959 4817 4797 5006 5028 4835 4791 4941 4803 4882 5449 5348 5400 5364 4689 5052 4904 4754 5312 4705 4770 5012 4685 5452 5053 5173 5258 4924 5311 5012 4970 4789 4812 5278 5030 5257 4959 5493 5295 5384 5463 5052 5080 5299 4881 4960 4862 5223 5515 4807 5116 5152 4967 4631 5075 5216 4950 5036 4833 4748 5154 4834 5303 4997 5458 5516 5000 5001 5212 4851 5177 5604 4635 5129 4883 4822 4911 4834 5032 5350 5052 4489 5391 5363 5263 4737 4919 4987 5398 4949 4740 5065 4809 5199 5393 5261 5017 4686 5129 5381 4881 5054 5246 5323 4884 4559 5332 5148 5214 5004 4697 5110 5257 4899 5229 5061 5093 4965 5482 4708 5156 5443 5649 5276 5228 5399 4928 5165 5152 5493 5370 5049 4788 5121
5156 5080 5560 4853 4780 5533 5351 5162 5001 4871 4963 5253 5404 5003 5384 5240 5352 4891 5657 5495 5179 5506 4786 5282 5085 5310 5287 5541 5342 5239 4810 4886 5087 5126 5119 4881 4863 4741 5365 5385 5497 5298 5505 5046 5379 5129 5025 4827 5362 5427 5159 4902 5392 5453 5227 5084 5686 5420 5338 5360 5118 5590 4500 5051 5186 5332 5561 5629 5303 5114 5097 5428 5330 4881 5205 5459 5301 5322 5041 5200 5747 4967 5045 5473 5247 5307 4841 4927 4617 4998 5517 5741 5206 5768 5300 5437 5237 4966 5462 5416 5177 5248 5335 5385 5244 5562 5443 5006 5621 5566 4693 5078 4677 5085 5317 5754 5177 4776 5280 5809 4936 4969 5182 5063 5187 5058 4958 4893 5011 4885 5260 4827 5409 5271 5532 5432 4974 5242 5091 5052 5114 4868 5137 5129 4843 5434 5404 5276 5240 5418 5602 5308 5303 4883 4979 5367 4967 5461 4822 5660 5272 5324 5551 5196 5117 5706 5300 5267 5117 5273 5591 5049 5443 5141 5193 4745 5281 5341 5389 5098 5134 5156 5335 4982 5315 5199 5137 5461 5070 5029 5274 4836 5147 5698 4946 5243 4855 5391 4998 4948 5109 5590 5001 4711 5665 5284 5283 4859 5162 5054 5698 4904 4995 5370 5067 5265 5510 5557 5598 4935 5197 5353 5132 5122 5336 5220 5406 5016 5504 5258 5483 5417 4792 5323 5446 5280 5107 5219 5249 4835 5580 4995 5114 5511 5598 5204 5289 5515 4856 5464 5216 5609 5511 5554 5102 4996
5723 5454 5897 5447 5099 5958 5811 5569 5514 5287 5224 5738 5644 5162 5584 5887 6041 4858 6254 5540 5494 5707 5568 5821 5483 6145 5837 5806 5821 5761 5586 5458 5279 5497 6015 5366 5340 5119 5870 5734 5929 5662 5780 5918 6102 5333 5300 5314 5648 5745 5566 5219 5877 5808 5570 5491 5866 6005 5748 5808 5507 6181 5029 5545 5637 5970 5758 6038 5276 5646 5573 5811 5682 5128 5982 5917 5812 6097 5262 5823 6033 5686 5175 5949 5681 5815 5245 5299 5254 5229 6220 5788 5752 6071 5551 5560 5708 5339 5314 6132 5864 5914 5458 5825 5727 5865 6015 5117 6445 5682 5402 5662 5319 5681 6104 6005 5543 5134 5735 6191 5092 5468 5770 5763 5532 5759 5497 5404 5215 5278 5390 5244 6296 5856 6058 5860 5396 5586 5651 5763 5734 5376 5149 5386 5257 5846 5611 6207 5809 5641 6048 5585 5638 5682 5350 5751 5384 5795 5391 6300 5802 5716 6215 5665 5381 6042 5695 5400 5538 5917 5961 5285 5383 5729 5600 5070 5561 5660 5723 5397 5492 5470 5752 5441 5550 5832 6184 5915 5231 5491 5916 5448 5495 6150 5436 5802 5859 5332 6038 5380 5879 6295 5340 5436 5900 5569 5665 5483 5127 5589 6206 5524 5164 5975 5513 5636 5866 5805 5957 5435 5469 6103 5552 5595 5618 5709 5459 5210 5844 5654 5886 5723 5458 5608 6093 5484 5900 5793 5974 5286 5934 5285 5583 5978 6207 5647 5854 6209 5445 5639 5606 6109 6132 5621 5357 5428
4567 4285 4618 4085 4206 4693 4590 4220 4534 4288 4046 4584 4729 4067 4586 4552 4790 4063 4782 4740 4530 4866 4317 4769 4451 4541 4496 4784 4661 4374 4252 4335 4276 4315 4528 4286 4402 4126 4844 4718 4719 4579 4568 4448 4697 4368 4271 3910 4653 4726 4317 3973 4442 4398 4510 4618 5172 4823 4536 4614 4191 4780 4318 4461 4580 4760 4607 4901 4444 4614 4318 4614 4537 4153 4488 4575 4438 4558 4024 4684 4715 4234 4259 4638 4259 4423 4310 4079 4150 4409 4989 4803 4380 4868 4331 4486 4601 4206 4690 4611 4495 4609 4772 4660 4518 4654 4840 4349 4881 4673 4263 4393 4069 4479 4642 4975 4632 4362 4421 4926 4005 4299 4584 4379 4462 4509 4479 4248 4118 4415 4479 4102 4832 4487 4731 4614 4278 4444 4277 4794 4553 4131 4521 4338 4317 4774 4682 4654 4524 4525 4827 4709 4652 4017 4237 4543 4445 4428 4479 4950 4681 4780 4884 4434 4276 4839 4523 4587 4444 4756 4531 4341 4429 4393 4365 4034 4698 4382 4614 4388 4377 4504 4660 4332 4787 4424 4751 4711 4155 4393 4417 4133 4332 4872 4071 4538 4395 4427 4267 4105 4410 4775 4178 4201 4654 4326 4539 4094 4396 4331 5025 4310 4233 4500 4400 4708 4545 4941 4427 4506 4690 4647 4544 4659 4533 4559 4458 4360 4775 4707 4801 4814 4383 4670 4592 4683 4533 4313 4571 3961 4611 4305 4335 4783 4721 4418 4428 4952 4225 4388 4652 4828 4587 4691 4168 4406
5529 5203 5321 5057 5039 5682 5717 5331 5120 4997 4768 5200 5362 5057 5382 5364 5266 5002 5819 5404 5404 5544 5185 5035 5445 5584 5407 5451 5534 5239 5072 5108 5339 5217 5230 4872 4963 5055 5404 5584 5867 5423 5545 5133 5520 5143 4912 5007 5418 5392 5344 4798 5314 5470 5332 5186 5518 5566 5516 5443 5431 5721 4901 5100 5358 5465 5188 5460 5498 5289 5277 5443 5320 4651 5401 5442 5249 5484 5037 5350 5716 5184 4947 5549 5074 5065 4690 5085 4746 5009 5541 5524 5495 5499 5469 5422 5419 4849 5347 5660 5266 5580 5143 5321 5329 5203 5512 4896 5737 5332 5031 5091 5086 5219 5396 5535 5195 5005 5340 5669 4585 5189 5197 5176 5286 5215 5241 4781 5050 5208 5181 5201 5639 5447 5525 5595 5031 5053 5202 5103 5611 5188 5082 5208 4635 5480 5399 5505 5548 5031 5741 5325 5162 5123 5077 5383 5203 5482 5050 5440 5603 5635 5677 5333 5153 5787 5348 5051 5260 5319 5514 5227 5312 5657 5197 4779 5446 5253 5245 5111 5206 5137 5367 5222 5270 5131 5845 5601 5239 5200 5562 5181 5133 5503 5004 5378 5602 4968 5263 5191 5157 5637 5092 4756 5639 5452 5190 4847 4975 5072 5861 5290 4891 5349 5379 5323 5648 5515 5265 4903 4766 5495 5230 5333 5538 5248 4940 4968 5320 5334 5557 5539 4980 5233 5616 5406 5410 5259 5523 5171 5708 5010 5114 5653 5666 5219 5606 5614 5127 5310 5581 5700 5835 5121 5074 5391
5258 5059 5487 4776 4964 5294 5340 5260 5372 5214 5053 5281 5560 5182 5636 5713 5606 5114 5633 5390 5278 5630 5408 5265 5393 5367 5691 5486 5606 5428 5036 5194 5070 5109 5448 5134 5002 4975 5480 5578 5562 5537 5410 5231 5612 4998 4854 4801 5450 5355 5141 4996 5407 5735 5356 5308 5738 5702 5542 5564 5212 5782 4940 5108 5358 5463 5402 5393 5305 5347 5077 5595 5485 4888 5628 5828 5461 5437 5258 5333 5602 5467 5157 5446 5258 5347 4759 4992 5204 5387 5647 5565 5328 5645 4986 5608 5573 5064 5601 5598 5339 5349 5433 5394 5255 5333 5592 4906 5661 5625 5109 5305 5408 5409 5339 6117 5548 4825 5259 5822 4620 5143 5211 5149 5192 5281 5372 5185 5209 5231 5375 5072 5720 5574 5599 5663 5032 5448 4875 5182 5284 5152 5147 5160 4926 5566 5120 5572 5589 5310 5855 5289 5358 5246 5072 5556 5230 5422 5030 5664 5627 5827 5725 5410 5282 5885 5557 5073 5079 5196 5458 5418 5474 5570 5355 4407 5341 5507 5553 5313 5501 5226 5329 5284 5433 5261 5586 5918 5160 5171 5328 4806 5555 5681 4967 5178 5478 5384 5202 5133 4867 5901 5488 4788 5546 5526 5569 4771 5045 5212 6156 5229 5074 5443 5237 5678 5313 5638 5554 5028 5157 5558 5198 5482 5533 5253 5188 4979 5614 5527 5498 5458 4926 5394 5687 5560 5512 5294 5411 5162 5727 5387 5360 6113 5814 5739 5308 5857 5227 5443 5372 5892 5541 5536 5170 5341
5184 5193 5434 5188 4801 5800 5603 5237 5130 5056 4956 5467 5605 5208 5588 5520 5512 4793 5774 5304 5411 5429 5421 5218 5361 5372 5436 5381 5586 5176 4944 4974 5033 5162 5494 5125 5063 4996 5575 5448 5710 5456 5444 5009 5502 5179 4997 4963 5367 5360 5223 5191 5656 5383 5324 5098 5737 5675 5434 5499 5215 5817 4938 5091 5373 5598 5625 5571 5503 5406 5259 5559 5349 4795 5393 5572 5338 5699 5127 5482 5891 5394 4996 5567 5210 5436 5018 4941 5113 5248 5627 5937 5012 5814 5304 5475 5657 5132 5462 5495 5364 5457 5382 5354 5263 5335 5509 4998 5720 5510 4903 5137 4902 5023 5188 5855 5236 4852 5371 6059 4750 5025 5149 5309 5236 5129 5319 5055 5111 5180 5213 5119 5597 5295 5549 5514 5162 5368 5213 5509 5377 4947 5292 5040 4889 5383 5394 5354 5501 5510 5747 5250 5279 5010 5129 5401 5321 5439 5016 5658 5408 5826 5709 5301 5049 5641 5254 4859 5317 5380 5546 5217 5334 5472 5176 4914 5400 5512 5348 5430 5287 5225 5595 5405 5594 5171 5548 5518 5175 5187 5317 4877 5279 5948 4947 5240 5537 5252 5267 5262 5269 5798 5241 5050 5304 5365 5366 5052 5049 5467 5939 5119 5007 5183 5202 5483 5441 5424 5322 5105 5479 5883 5314 5482 5347 5114 5462 5035 5583 5370 5547 5342 5074 5569 5682 5426 5461 5321 5334 5187 5493 5094 4935 5643 5923 5313 5300 5764 4966 5359 5581 5647 5846 5471 5369 5276
5060 4976 5098 4502 4561 5482 5227 4906 4896 4592 4756 5213 5506 4746 5139 5327 5246 4651 5413 5151 5019 5524 4981 5247 5075 5090 5206 4945 4915 5011 5072 4819 4705 4865 5014 4832 4600 4881 5349 5176 5252 4980 5243 4863 5219 4879 4907 4470 5009 5135 5172 4855 4992 5220 5120 4834 5662 5353 5185 5243 5199 5612 4524 5123 5326 5471 5312 5043 5048 4827 4838 5239 5182 4738 4997 5399 5150 5384 4782 5168 5470 5216 4769 5458 4922 5249 4978 4474 4909 4841 5266 5357 5102 5149 4920 5114 5268 4577 5222 5129 5002 5361 5180 5071 5008 5054 5438 4791 5521 5060 4812 4846 4892 5006 4973 5403 4785 4684 4992 5581 4515 4892 4991 5115 5169 5110 4899 4899 4716 4717 4930 4973 5238 5257 5403 5196 4828 5148 4728 5107 5075 4961 4846 4864 4716 5267 4986 4950 5141 5306 5469 5348 5193 4880 4735 4918 5032 5178 4887 5474 5239 5186 5418 5029 4797 5255 5116 4972 4945 5307 5247 4707 5133 4858 4990 4446 5145 5465 4689 4952 5088 4852 5193 5082 5279 5073 5443 5462 4961 4907 5125 4855 5176 5441 4839 5012 4801 4917 5297 4766 4805 5530 4732 4670 5197 5111 5169 4766 5019 5045 5661 5077 4470 4989 4824 5324 5140 5172 5136 4698 5053 5484 4720 5121 4969 5135 5104 4908 5433 5203 5110 5365 4897 5079 5426 5163 5022 5097 5116 4788 5565 4722 4772 5090 5542 5063 4962 5453 4666 5105 4948 5436 5236 5291 4884 5110
5045 4614 5073 4704 4571 4952 5040 4824 4597 4716 4414 5085 5138 4750 4988 5253 5201 4478 5166 5070 5065 5184 5128 4806 4737 4680 4848 4830 5169 5078 4758 4459 4779 4941 4661 4586 4655 4756 5071 5214 4878 4845 4988 4701 5066 4519 4621 4685 4960 4844 5033 4615 5059 4962 5023 4697 5170 5151 5140 5180 4966 5490 4522 4932 4987 5220 4846 5086 4932 4885 4673 5375 5016 4664 5065 5027 4987 5219 4614 5086 5136 5088 4847 5248 4595 5113 4340 4537 4554 4937 5229 5302 4610 5168 4697 4798 4981 4523 4929 5227 5054 5015 5152 4961 5087 4996 5282 4570 5360 5176 4547 4913 4751 4481 5140 5440 4812 4620 5099 5294 4485 4624 4889 4817 4744 4828 4786 4597 4708 4868 4643 5027 5142 5042 5109 5108 4425 4879 4868 4838 4892 4814 4559 4826 4472 5123 5048 4979 5162 4801 5024 4832 4913 4916 4789 5035 4780 5255 4697 5139 5013 5368 5370 5067 4816 5146 4917 4995 4856 5265 5225 5045 4922 5003 4706 4337 4978 4934 5042 5095 4816 4630 5286 4664 4937 4705 5351 5015 4507 5045 4971 4693 4793 5130 4636 4804 4885 4773 4845 5026 5022 5350 4808 4605 5115 5090 4972 4477 4688 4902 5363 4458 4536 4852 4965 5399 5262 4983 4648 4556 4825 4944 4970 4869 5029 5052 4835 4560 5034 5072 5050 5093 4529 5085 5355 4803 5005 5202 4909 4990 5327 4534 4901 5244 5373 5175 4949 5053 4808 5203 4930 5351 5397 5164 4643 5001
5987 5309 5855 5355 5081 5970 5789 5439 5464 5525 5209 6006 5651 5294 5674 5961 6068 5191 6137 5599 5688 5775 5795 5573 5639 5356 5590 5741 5726 5501 5440 5484 5435 5416 5575 5411 5081 5099 5982 5978 6090 5773 5676 5840 5843 5459 5173 5117 5728 5866 5779 5046 5633 5481 5760 5350 5877 5952 5894 6055 5561 6112 5091 5862 5878 5842 5897 5987 5741 5843 5515 5957 5612 5040 6029 5841 5546 5900 5298 5745 6018 5736 5342 5892 5297 5765 5325 5023 5206 5513 6048 6089 5471 6072 5318 5332 5841 4949 5640 6069 5517 5843 5756 5503 5614 5682 6017 5206 6036 5668 5230 5598 5162 5489 5755 6104 5647 5362 5832 6258 4775 5463 5596 5496 5270 5754 5443 5057 5467 5227 5421 5509 6175 5874 6034 5925 5245 5633 5543 5652 5793 5503 5620 5113 5363 5946 5890 5824 5635 5537 5906 5857 5755 5505 5606 5644 5606 5932 5489 5752 5694 6226 6233 5583 5469 5955 5677 5593 5442 5897 5919 5374 5624 5594 5497 4896 5646 5531 5623 5608 5419 5495 5739 5570 5579 5400 6170 5952 5402 5657 5729 5272 5678 5939 5486 5609 5496 5547 5566 5786 5737 6187 5552 5544 5987 5535 5592 5257 5362 5447 6387 5458 5069 5536 5376 5720 5759 6029 5667 5429 5377 5936 5690 5812 5622 5634 5287 5187 5815 6002 5691 5835 5432 5635 6006 5583 5640 5697 5731 5331 5838 5174 5566 5862 6147 5708 5600 5908 5088 5612 5509 6256 5988 5850 5250 5632
5181 5104 5147 4797 4736 5196 5174 5223 4817 4797 4807 5217 5197 4693 5179 5210 5107 4592 5465 5190 4972 5379 5070 5149 5014 4934 5245 5077 5151 5181 4815 4812 4923 4837 5161 5142 4788 4762 5201 5395 5367 5207 5402 5005 5346 4653 4750 4623 5345 5077 4819 4766 5166 5129 5032 4995 5534 5395 5239 5333 5164 5385 4593 5045 4871 5352 5106 5197 4912 5067 4739 5056 5133 4486 5135 5070 5098 5422 4662 4883 5409 5003 4714 5438 4989 4971 4655 4784 4557 4598 5258 5826 5212 5260 4864 5026 5211 4725 5141 5226 4975 5302 5172 4801 5015 5257 5273 4724 5360 5218 4782 4694 4864 4654 5102 5637 4638 4802 4985 5604 4664 4711 5040 4981 5011 4967 4943 5037 4793 4912 5019 4796 5475 5144 5441 5231 4856 5085 5019 4689 5193 4730 4971 4970 4798 5275 5060 5167 5206 5051 5373 5034 5295 5080 4817 5275 5239 5100 4821 5168 5260 5339 5510 5068 4752 5442 4978 4976 5254 5408 5371 4578 5121 5349 4809 4489 5196 5194 5116 4898 5073 4925 4974 5159 5146 4644 5384 5295 4856 5180 5161 4608 4936 5401 4854 4841 4842 4895 5008 4869 5050 5472 5243 4911 4968 4992 5053 4611 4916 5006 5891 4931 4961 4997 5088 5134 5176 5486 5211 4725 5186 5343 5069 5103 5390 5172 5210 4439 5096 5227 5293 5098 4524 4981 5448 5239 5109 5128 5316 4947 5528 4783 5144 5528 5543 5165 5147 5073 4849 5083 5117 5464 5401 5418 4839 4954
5165 4700 5357 4693 4502 5239 5266 4922 4770 4784 4719 5252 5099 4615 5303 5365 5232 4721 5462 4983 5250 5271 5164 5028 5225 4851 5060 5090 5189 5194 4801 4798 4777 4717 5085 5115 4750 4510 5226 5272 5331 4935 4984 5065 5381 4865 4872 4513 4888 5224 5084 4737 5272 4970 4932 4966 5430 5421 4998 5361 4881 5580 4524 4922 5335 5184 5203 5433 5058 5040 4690 5257 4903 4591 5166 5354 4949 5438 4529 5004 5430 5313 4822 5369 4919 5068 4571 4803 4738 4990 5351 5312 5076 5163 4760 5229 5141 4772 5125 5353 4953 5448 4966 5264 5252 5117 5431 4671 5538 5446 4716 4881 4442 4897 5132 5281 4759 4915 5109 5426 4597 4512 5051 5044 4894 4732 5044 4395 4617 4859 5032 4775 5318 5268 5392 5089 4782 5170 5043 5205 5100 4830 4634 4737 4716 5205 4933 4967 5196 4982 5201 4902 5031 4826 4831 5214 4930 5255 4676 5063 5152 5412 5411 5194 4788 5424 5092 5048 4724 5214 4915 4884 5155 5050 4940 4492 5016 5196 4994 4895 4909 4920 5042 4895 5239 4802 5460 5212 4865 4934 4808 4647 5057 5374 5012 4967 4969 4820 4966 4823 5051 5369 5062 4907 4941 5209 4906 4856 4813 4989 5472 4838 4797 4800 5107 5181 5011 5224 5077 4776 5081 5414 5164 5126 5018 5090 5046 4854 5152 5171 5360 5136 4964 4974 5198 5155 5339 5207 5012 4912 5310 4657 5046 5199 5411 5247 5152 5358 4740 5342 4979 5433 5466 5187 4743 4935
5068 5091 5016 4825 4659 5210 5234 4922 4844 4675 4743 5325 5051 4911 5243 5263 5378 4659 5430 4957 5010 5250 5044 5208 5138 5137 5153 5227 5397 5073 4676 4913 4889 4811 5156 4970 4725 4939 5206 5182 5385 5145 5321 5087 5179 4911 4853 4607 5188 5216 5164 4655 5246 5539 4830 4978 5338 5250 5033 5182 5049 5419 4725 4945 5210 5355 5183 5131 5304 5049 4949 4997 5120 4703 5037 5314 5185 5331 4947 4994 5719 5127 4871 5515 4917 4930 4758 4668 4725 5001 5350 5325 5018 5292 5051 4975 5298 4944 5007 5459 5063 5237 4956 5021 5211 5148 5555 4767 5380 5320 4562 4901 5080 4984 5004 5632 5005 4863 5237 5470 4618 5023 4935 4967 4800 5249 5121 4605 4773 5070 4972 4942 5587 5214 5225 5116 4863 5115 4790 5055 5160 4864 4874 4755 4712 5111 4911 5174 5324 5287 5525 5188 5084 4958 4836 5101 4897 5178 4902 5644 5373 5473 5247 5115 5118 5113 5326 4649 4942 5046 5226 4938 5075 5298 5037 4501 5030 5274 5021 4940 5149 4759 5391 4868 5083 4985 5175 5463 4995 5164 5148 4816 5100 5510 4757 5052 5288 4968 5093 4786 4858 5735 4977 4766 5226 5305 5133 4603 4902 5074 5719 4950 4691 5311 4858 5182 5232 5362 5233 4849 5051 5074 5015 4976 4981 5054 4984 4982 5294 5146 5314 5100 4840 5105 5531 5255 5194 4990 5396 4852 5288 4806 4723 5441 5494 5261 5121 5407 4972 5259 5346 5160 5417 5208 4888 5061
4823 4960 5001 4594 4636 5151 5246 5205 4992 4744 4495 5195 4998 4801 5025 5169 5461 4847 5410 5049 5222 5233 4936 5082 4845 5165 5160 5081 5059 4931 4778 4706 5046 4925 4983 4885 4757 4614 5364 5140 5268 4760 5282 4877 5239 4795 4897 4443 5142 5083 5091 4694 5015 5142 4865 5015 5386 5219 5289 5277 5107 5462 4454 4771 4945 5292 5263 5275 4886 5005 5117 5166 5082 4638 5055 5323 4937 5423 4635 5280 5635 4942 4771 5412 4672 4984 4645 4547 4631 4504 5074 5308 4992 5262 5133 5050 5325 4812 5136 5308 5303 5283 5283 5006 5116 5005 5309 4623 5370 5262 4896 4846 4882 5007 5317 5594 4860 4583 5237 5499 4333 4977 5057 4795 4745 5012 4850 4870 4713 4693 4719 4898 5224 5308 5419 5221 5035 5165 4893 4939 5055 4825 4721 5050 4628 5450 5207 5457 5161 4768 5349 5081 5030 4910 4742 5161 4958 5278 4676 5238 5132 5325 5117 5114 4818 5475 5113 4789 4818 5243 5222 4924 4940 5060 4964 4516 4952 5158 5199 4782 4967 4718 5245 4911 5248 5166 5335 5078 5029 5055 5361 4796 5166 5658 4809 5070 5072 4835 5017 4825 4954 5504 4841 4473 5185 4993 4968 4917 4784 4784 5489 5004 4599 4932 4871 5150 5292 5232 5231 4927 4986 5197 4866 4972 5093 5103 4967 4686 5288 5174 5020 5198 4999 5208 5380 4780 5091 5306 5044 4804 5403 4645 4657 5541 5357 4950 4988 5187 4819 5075 4905 5584 5611 5123 4853 4980
5289 5256 5236 5029 4796 5647 5598 5276 5026 4900 4649 5482 5630 4912 5558 5593 5308 4946 5692 5277 5397 5549 5252 5310 5039 5540 5306 5454 5436 5456 4884 4828 5165 5204 5221 5021 4973 5112 5291 5276 5535 5156 5275 4960 5506 5136 4974 4799 5333 5181 5483 5057 5276 5427 5095 5392 5873 5623 5323 5390 4979 5724 4614 5096 5345 5368 5385 5453 5450 5396 5146 5246 5360 4882 5359 5639 5202 5325 5102 5249 5447 5220 5022 5765 5110 5344 4839 4783 5058 5098 5432 5637 5176 5436 5294 5474 5438 5018 5314 5563 5531 5460 5351 5462 5422 5781 5602 5058 5956 5568 4989 5177 4991 5283 5179 5849 5171 5174 5417 5519 4865 4919 5307 5293 5028 5350 5068 4955 5000 5158 4983 5061 5522 5379 5480 5393 5039 5273 5086 5101 5453 5030 5245 5261 4877 5585 5447 5182 5271 5486 5729 5242 5359 5150 4965 5356 5316 5363 5074 5567 5555 5575 5649 5200 5106 5752 5327 5292 5110 5461 5391 5144 5309 5174 5201 5051 5400 5343 5303 5224 5194 5135 5387 5094 5306 5082 5609 5398 5387 5297 5411 4882 5068 5612 5005 5255 5026 5115 5211 5150 5045 5834 5052 5012 5590 5178 5240 4837 5084 5303 5735 5030 4881 5433 5249 5372 5236 5514 5024 5034 5373 5613 5425 5444 5470 5495 5326 4783 5590 5331 5495 5597 4769 5211 5701 5389 5364 5390 5512 4955 5520 5168 5171 5503 5758 5317 5465 5700 5184 5570 5473 5578 5521 5374 5085 5394
5191 5119 5587 4854 4848 5623 5640 5028 5095 4907 4709 5388 5419 5085 5474 5377 5525 4880 5838 5494 5397 5572 5172 5321 5255 5049 5171 5387 5402 5269 4858 4858 5103 5279 5006 5293 5058 4985 5692 5624 5531 5399 5444 5301 5571 5073 5017 4913 5504 5433 5451 5104 5446 5501 5225 4889 5846 5544 5444 5704 5210 5581 4971 5191 5340 5537 5352 5439 5443 5364 5432 5442 5294 4866 5578 5344 5391 5514 4906 5101 5737 5248 5141 5624 5031 5439 4962 4848 4941 5246 5722 5831 5109 5752 5120 5544 5581 4832 5306 5396 5485 5453 5432 5296 5301 5490 5396 5083 5750 5712 5005 5068 5135 5132 5359 5772 5351 4975 5476 5742 4701 5068 5269 5323 5116 5197 5215 4950 5299 5072 5309 5118 5784 5554 5433 5398 4955 5365 5138 5187 5556 5034 5064 5233 4930 5732 5374 5604 5651 5142 5625 5083 5290 5125 5013 5465 5237 5432 5047 5429 5295 5796 5656 5342 4968 5660 5378 5229 5030 5705 5550 5258 5390 5501 5161 4530 5471 5455 5491 4929 5261 5333 5451 5146 5638 5390 5678 5647 5211 5338 5498 5227 5140 5976 4965 5262 5222 5256 5425 5207 5158 5680 5053 4991 5311 5107 5188 5009 5010 5241 5733 5316 4805 5537 5002 5600 5526 5479 5210 5111 5089 5583 5286 5314 5638 5338 5385 5107 5734 5512 5314 5432 5186 5278 5484 5318 5246 5181 5469 5170 5593 5030 5312 5628 5774 5379 5299 5558 5208 5672 5398 5519 5647 5488 5265 5189
5422 5220 5377 5064 5134 5698 5767 5380 5260 5293 5031 5743 5623 5320 5429 5480 5683 4947 6007 5518 5698 5705 5404 5567 5333 5415 5513 5483 5727 5360 5233 5057 5286 5491 5505 5228 5120 5295 5525 5663 5797 5313 5805 5678 5758 5394 5216 4945 5606 5553 5694 5065 5633 5130 5436 5360 5924 5564 5609 5944 5387 5878 4911 5387 5698 5694 5601 5706 5687 5374 5343 5833 5498 4884 5694 5589 5661 5857 5326 5592 5880 5642 5142 5498 5323 5292 4951 4914 4995 5337 5758 6019 5432 5761 5259 5633 5904 5175 5713 5587 5574 5865 5429 5456 5590 5630 5708 4986 5890 5667 5226 5350 5246 5334 5509 5985 5246 5248 5258 5708 4703 5273 5298 5456 5429 5388 5297 5177 5457 5285 5178 5067 5930 5668 5737 5703 5238 5470 5412 5461 5677 5209 5277 5072 5130 5779 5633 5740 5543 5442 5762 5646 5588 5464 5084 5733 5283 5532 5252 5729 5626 5823 5936 5403 4989 5900 5574 5375 5183 5734 5667 5315 5251 5458 5401 4972 5489 5441 5496 5337 5389 5209 5760 5576 5667 5340 5985 5642 5245 5549 5583 5283 5247 5842 5113 5547 5385 5319 5527 5237 5434 5725 5211 5024 5464 5648 5311 4972 5217 5308 6146 4949 4989 5265 5507 5567 5871 5496 5896 5237 5376 5733 5389 5352 5438 5610 5320 5175 5580 5451 5579 5777 5189 5459 5780 5419 5517 5541 5702 5181 5717 5418 5239 5745 5911 5690 5519 5798 5178 5515 5406 5776 5721 5688 5067 5491
5065 4755 5264 4551 4023 5201 4998 4834 4754 4689 4643 4980 4915 4573 4966 5120 4969 4510 5278 4788 5134 5058 4765 5162 4560 5296 4592 4943 5012 4794 4980 4594 4961 4676 4858 4630 4550 4503 5231 5193 5129 4627 4740 5057 4994 4414 4631 4302 5007 4815 4764 4361 4984 5158 4962 4829 5358 5334 4997 4944 5019 5305 4463 4706 5158 5168 5058 5126 4841 4785 4966 4918 4755 4235 5065 5128 4724 5231 4405 5047 5314 4897 4720 5507 4775 5120 4670 4525 4409 4659 5045 4973 4864 5334 4691 4928 5209 4530 4837 5377 4882 5171 4714 4818 4941 4909 5129 4568 5456 4928 4539 4590 4278 5013 4803 5264 4952 4738 4865 5153 4266 4881 4695 4804 4834 4675 4649 4480 4665 4764 4493 4769 5344 4866 5527 5210 4800 5014 4741 4793 5056 4667 5006 4710 4369 5261 4958 5058 5053 4949 5265 4863 4827 4777 4529 4721 4815 4914 4564 5058 5113 4984 5360 4963 4496 5295 5045 4665 4806 5107 4811 4481 4862 4787 4660 4389 5157 4967 4957 4930 4803 4766 5058 4794 4977 5053 5383 5217 4891 4762 4909 4982 4701 5344 4773 4597 5014 4661 5210 4752 4877 5294 4999 4629 5112 4919 4964 4821 4789 4960 5343 4932 4408 4850 4845 5227 5197 5111 5108 4668 4887 5562 4786 5128 5044 4804 4548 4566 5014 4911 5039 5005 4637 4829 5370 4673 5000 4920 4923 4543 5453 4379 4777 4929 5122 4682 5065 5268 4482 4693 5009 5333 5224 4945 4684 4920
5027 4821 5180 4839 4281 5110 4904 4757 4336 4261 4686 5027 4661 4730 4887 4983 4817 4411 5125 4805 4881 4777 4861 4905 4727 4960 4830 4864 5094 4536 4852 4633 4638 4550 4874 4590 4574 4486 4881 4972 5068 4581 4896 4701 5241 4438 4698 4373 4950 4661 4914 4605 4910 4887 4748 4808 5297 5007 4884 4921 4926 5445 4059 4714 4861 4771 4914 4977 4641 4884 4747 5121 4727 4160 4974 5032 4800 4857 4416 4637 5234 4714 4770 5326 4482 4771 4332 4396 4683 4450 5011 5305 4802 5282 4838 4839 5062 4525 4882 4724 4903 5030 4747 4783 4777 4933 4886 4430 5131 5106 4657 4618 4549 4433 4986 5395 4361 4440 4843 5014 4420 4601 4548 4697 4760 4723 4713 4333 4651 4783 4699 4367 5357 4851 5091 4845 4657 4668 4720 4784 5041 4504 4697 4551 4372 5086 4912 5017 4775 5035 4945 4834 4856 4876 4405 5109 4813 4792 4627 4913 4715 5125 5132 4796 4661 5225 5061 4537 4621 4732 4809 4658 4735 4883 4768 4386 4773 4746 5006 4663 4613 4630 4906 4847 4897 4701 5051 5318 4533 4587 4864 4638 4535 4993 4498 4794 4518 4804 4747 4791 4883 5058 4560 4576 4966 4917 4746 4457 4948 4526 5371 4634 4449 4976 4871 4918 5013 5010 5001 4217 4695 5308 4712 4839 4698 4395 4604 4460 4980 4982 5091 5110 4482 4689 5213 5102 4779 4681 4811 4597 5262 4635 4674 5202 5146 5011 5194 5135 4562 5159 5042 5190 4977 5081 4655 4990
5000 4946 5327 4756 4355 5176 4921 4960 4917 4951 4544 5207 5270 4558 5249 5337 5076 4594 5426 5237 5298 5144 4953 4981 4984 5152 5248 5211 5142 5096 4849 4815 4930 4928 4873 5090 4877 4745 5262 5487 5431 5031 5301 4987 5181 4848 4839 4486 5120 5353 4975 4711 5129 5128 4825 4826 5586 5422 5513 5247 5332 5623 4522 5252 5039 5140 4951 5423 5044 4798 5274 5231 4982 4762 5168 5161 5230 5245 4827 5268 5550 4927 4858 5251 4826 4921 4654 4842 4613 5083 5461 5488 4923 5308 4667 5297 5109 4989 5080 5380 5034 5145 5227 5175 5045 5396 5442 4707 5517 5249 4827 4967 4791 5025 5208 5777 5142 4897 5081 5675 4557 4763 5062 4948 4866 4896 5084 4850 4879 4901 4853 5062 5207 5290 5360 5150 4956 5099 4774 5162 5346 4805 5061 4793 4643 5333 5021 5240 5172 5058 5783 4829 5282 5077 4887 5160 4970 5206 4859 5537 5428 5563 5338 5093 5190 5622 5197 5007 4847 5628 5242 4694 5046 5072 4928 4703 5058 5120 5242 5112 5150 4874 5051 5203 5062 5002 5529 5354 4861 5050 5068 4818 5046 5389 4848 5180 5322 5072 5128 4743 4903 5366 5085 4798 5290 5105 5061 4780 4827 5160 5481 4859 4744 4948 5003 5316 5444 5229 5108 4906 5250 5469 4839 5052 5215 5001 5058 4743 5218 5392 5213 5272 4801 5146 5117 4867 4967 5014 5170 4779 5421 4991 5010 5281 5609 4966 5211 5529 4710 5363 5114 5488 5428 5477 4917 4905
5391 4910 5417 4950 4863 5461 5425 5171 5199 4988 4871 5656 5712 5017 5648 5476 5493 4802 5820 5188 5397 5554 5525 5469 5317 5489 5378 5132 5687 5263 5068 5056 5058 5073 5177 5160 4921 5004 5585 5396 5576 5175 5602 5246 5628 4921 5267 5046 5326 5332 5413 4911 5362 5227 5374 4912 5622 5563 5514 5685 5124 5876 4750 5261 5426 5435 5433 5692 5370 5029 5330 5598 5456 5020 5336 5658 5539 5421 5031 5139 5724 5204 5252 5811 5077 5479 4722 4906 5021 5185 5530 5753 5137 5555 5248 5134 5656 5110 5612 5419 5331 5298 5335 5463 5508 5362 5544 4852 5937 5376 5110 5261 5194 5223 5263 5767 5169 4728 5410 5895 4556 5220 5152 5470 5315 5169 5164 4863 5034 5243 5146 4943 5632 5317 5368 5361 5148 5266 4998 5299 5394 5263 5133 5111 5020 5444 5418 5442 5427 5388 5627 5178 5201 5222 4904 5412 5250 5499 5129 5705 5640 5652 5577 5388 5123 5559 5384 5178 5068 5661 5378 5556 5339 5538 5138 4706 5424 5495 5367 5289 5404 5172 5696 5251 5348 5276 5747 5528 5077 5331 5359 5066 5320 5710 5029 5018 5367 5240 5175 5177 5065 5679 5306 5112 5364 5586 5361 4726 5106 5196 5698 5123 4783 5430 5117 5832 5464 5640 5483 5008 5380 5662 5365 5116 5256 5457 5408 5064 5609 5573 5380 5357 4930 5314 5563 5566 5244 5289 5300 5007 5874 4971 5189 5602 5849 5459 5202 5548 4905 5514 5230 5811 5706 5667 5154 5288
5130 5061 5469 4804 4736 5518 5353 5150 5021 5195 4787 5291 5435 5065 5354 5306 5385 4944 5698 5148 5596 5095 5024 4974 5122 5367 5181 5407 5398 5088 4929 4982 5221 5080 5328 4971 5034 4719 5388 5410 5756 5110 5352 5242 5492 5050 5001 4654 5329 5267 5248 4774 5403 5171 5053 4966 5653 5434 5222 5268 5063 5729 4732 4962 5430 5218 5579 5406 5188 5076 4954 5478 5216 4695 5193 5523 5165 5244 5138 5271 5783 5421 4875 5664 5146 5156 4760 4830 4878 5163 5428 5482 5239 5320 5156 5325 5343 4976 5284 5362 5382 5646 5313 5362 5415 5256 5481 4881 5682 5569 4786 5255 4859 5091 5303 5507 4955 5083 5155 5460 4645 5056 4835 5149 4983 5183 5141 4749 4897 5079 5185 4829 5358 5467 5436 5609 5001 5219 4955 5267 5502 5155 5158 4873 4881 5734 5215 5432 5353 5416 5546 5175 5364 5245 5037 5341 5242 5303 4962 5385 5235 5517 5990 5208 4976 5815 5395 4908 4844 5407 5421 5249 5239 5485 4953 4835 5234 5511 5384 5244 5017 5049 5493 5162 5331 5184 5442 5565 5060 5131 5333 5036 5091 5448 5062 5136 5099 5076 5105 5206 5229 5768 5315 5064 5245 5255 5275 4885 4875 5154 5939 5031 4634 5158 4930 5402 5470 5508 5612 4671 5165 5583 5035 5627 5427 5137 5285 5056 5428 5293 5375 5402 4988 5013 5342 5329 5449 5357 5385 5002 5715 5104 4975 5433 5587 5314 5234 5585 4610 5316 5377 5434 5589 5403 4921 5239
5560 5293 5602 4851 5063 5948 5511 5305 5068 5287 4749 5427 5566 5072 5508 5451 5623 5094 5887 5465 5591 5864 5423 5358 5287 5626 5539 5524 5598 5393 5186 5307 5285 5356 5288 5503 4915 5124 5732 5655 5605 5241 5325 5463 5762 5291 5123 5280 5367 5657 5491 5311 5506 5266 5357 5282 5878 5787 5619 5769 5423 5897 4770 5497 5384 5766 5601 5738 5507 5562 5450 5740 5540 5082 5629 5871 5329 5855 5304 5571 5982 5397 5345 5697 5176 5474 4916 5155 5096 5281 5878 5910 5221 5795 5431 5578 5572 5117 5486 5751 5530 5672 5472 5664 5206 5455 5908 5024 6119 5670 5360 5400 5179 5492 5715 5922 5161 5071 5647 5951 4783 5036 5530 5504 5303 5599 5287 5337 5399 5151 5379 5201 5828 5900 5630 5481 5268 5567 5266 5116 5379 5203 5319 5048 4940 5685 5640 5488 5531 5557 5599 5522 5405 5356 5082 5497 5264 5711 5240 5768 5864 5890 5767 5391 5254 5711 5666 5289 5351 5799 5602 5168 5385 5473 5303 4718 5437 5786 5345 5268 5369 5225 5500 5217 5543 5224 5836 5763 5272 5556 5522 5204 5347 5912 5248 5564 5172 5356 5565 5329 5269 5818 5177 5298 5646 5582 5544 5160 5228 5428 5889 4969 5116 5689 5355 5663 5613 5638 5710 5174 5322 5673 5474 5388 5391 5668 5479 5159 5757 5451 5610 5940 5135 5584 5810 5357 5246 5581 5420 5259 5828 5226 5468 5660 5917 5479 5442 5870 5411 5844 5434 6186 5852 5377 5495 5334
5349 4867 5492 5102 4765 5444 5400 5114 5139 4918 4773 5355 5324 5181 5445 5308 5410 4585 5633 5212 5508 5407 5150 5109 4968 4973 4908 5144 5467 5056 4901 4966 5066 5172 5234 5036 4994 4651 5405 5522 5500 5201 5286 5064 5640 4979 4926 4904 5004 5225 5373 5076 4969 5246 5002 5142 5683 5562 5343 5447 5174 5737 4599 4966 5321 5440 5605 5344 5381 5180 5132 5256 5134 4995 5261 5351 5369 5381 4808 5371 5657 5139 5114 5643 4970 5086 4446 4891 4830 4889 5424 5665 5378 5668 5272 5163 5710 4717 5305 5281 5283 5455 4907 5232 5374 5147 5728 4840 5647 5357 5163 5128 4893 5330 5187 5743 4903 4935 5135 5858 4641 5000 4999 5180 5296 5136 4942 4888 5001 4873 4993 4989 5621 5202 5608 5296 5035 5233 5077 5213 5284 5005 4844 4991 4642 5635 5292 5406 5212 5199 5367 5181 5368 5223 4897 5206 5120 5431 5101 5690 5602 5435 5545 5173 4978 5532 5103 5049 4792 5316 5124 4993 5180 5266 4949 4778 5359 5358 5540 5140 5076 5077 5411 5102 5575 5351 5302 5376 5069 5242 5368 5031 5212 5594 5078 5183 5282 5092 5215 5056 5308 5716 5346 4682 5177 5174 5220 4954 4989 5273 5667 5146 4735 5237 5165 5276 5277 5180 5568 4713 5387 5613 5113 5205 5280 5243 5195 5046 5441 5532 5300 5339 5006 5080 5433 5354 5368 5284 5296 5026 5513 4762 5036 5459 5801 5213 5258 5722 5025 5331 5259 5520 5573 5238 5025 5132
5559 5301 5680 5111 4882 5878 5768 5285 5404 5302 4972 5804 5882 5315 5869 5831 6045 5264 5981 5693 5550 5579 5617 5680 5535 5816 5550 5546 5663 5631 5289 5480 5409 5320 5582 5568 5189 5395 5742 6008 5972 5404 6001 5474 5731 5203 5377 5212 5746 5261 5426 5477 5781 5677 5601 5443 5857 5808 5713 5974 5421 5846 5039 5542 5634 5947 5892 5802 5499 5305 5163 5733 5733 5108 5623 5790 5779 5940 5155 5915 5821 5435 5226 5837 5527 5604 5347 5243 5281 5217 5884 6006 5596 5983 5435 5907 5753 5273 5697 5841 5455 5718 5720 5516 5708 5693 5797 5084 5991 5747 5393 5517 5051 5704 5635 6285 5394 5231 5743 6192 5031 5214 5367 5598 5565 5557 5420 5346 5419 5336 5541 5224 5967 5838 5746 5521 5167 5804 5668 5407 5573 5384 5440 5465 5224 5925 5639 5761 5749 5635 5944 5456 5693 5616 5320 5699 5452 5705 5285 5699 5797 5927 6009 5491 5205 6177 5510 5417 5235 5485 5660 5320 5659 5809 5506 4995 5469 5619 5736 5599 5477 5565 5599 5420 5824 5392 5587 5771 5296 5815 5581 5116 5681 6171 5343 5391 5575 5330 5782 5069 5515 6022 5530 5102 5527 5778 5461 5266 5416 5364 6029 5408 5306 5672 5455 5719 5746 5580 5708 5259 5531 5934 5521 5518 5577 5508 5544 5312 5804 5613 5845 5852 5215 5407 5999 5628 5506 5748 5735 5307 5731 5145 5776 5809 6190 5841 5663 5955 5433 5633 5602 6023 5969 5776 5427 5567
5294 5023 5319 4771 4638 5208 5375 5252 4954 4998 4865 5224 5307 4736 5160 5395 5418 4796 5706 5108 5280 5413 4861 5090 5130 5288 5027 5461 5464 5162 4707 5070 4717 4932 5404 5229 4862 4807 5228 5420 5513 5188 5226 5179 5525 4955 4922 4661 5382 5282 5112 4826 5417 5458 5252 5276 5509 5961 5379 5559 5154 5684 4589 5219 5338 5495 5347 5231 5186 5181 5009 5255 5366 4527 5237 5355 5333 5284 4811 5079 5698 5124 4976 5592 4856 5234 4458 4931 4731 5003 5661 5570 5165 5667 5287 5126 5506 4955 5064 5375 5322 5396 5237 5288 5142 5198 5551 5115 5818 5032 4801 5012 4853 5189 5387 5537 5033 4947 5377 5693 4703 4934 4957 5215 5174 5105 5312 4804 4873 4890 4962 5093 5590 5232 5681 5432 4910 5021 5137 5124 5183 5194 4962 4976 4712 5632 5245 5340 5396 5112 5484 5314 5156 5343 5092 5181 5234 5158 4840 5323 5216 5642 5461 5220 5004 5543 5293 5002 5078 5211 5331 4928 5141 5270 4882 4653 5478 5420 5482 5169 4962 5319 5196 5124 5258 5060 5527 5427 5145 5187 5344 5112 4980 5517 4895 5019 5210 5019 5401 5121 5077 5440 5007 5016 5494 5150 5397 4975 4917 4885 5855 5064 4802 5329 5072 5460 5424 5629 5458 4525 5084 5251 5209 5311 5303 5169 5003 4992 5292 5443 5329 5410 4919 5088 5470 5229 5290 5271 5156 5131 5477 4864 5020 5569 5685 5120 5447 5529 4913 5301 5246 5685 5478 5034 5182 5236
4722 4534 4769 4431 4315 4868 4785 4500 4432 4401 4258 4712 4745 4457 4911 4687 4816 4057 5149 4677 4850 4823 4776 4696 4637 4892 4732 4532 4864 4850 4498 4376 4379 4710 4861 4506 4278 4314 4914 4760 4991 4685 4720 4738 4914 4615 4547 4268 4690 4616 4645 4212 4803 5143 4564 4560 4881 4904 4801 5065 4661 4810 4080 4667 4794 4752 4885 4999 4692 4605 4624 5027 4756 4459 4741 4883 4716 4712 4355 4646 5139 4588 4307 4975 4494 4937 4242 4422 4454 4491 4871 4995 4550 5283 4370 4745 4796 4476 4447 5140 4614 4742 4717 4793 4844 4832 5175 4233 5156 4815 4393 4625 4473 4669 4386 5306 4739 4494 4526 5208 4354 4569 4609 4514 4485 4648 4524 4505 4577 4479 4719 4465 5139 4761 5101 4639 4089 4677 4486 4511 4778 4432 4610 4484 4195 4859 4683 4947 4922 4842 5119 4872 4828 4640 4279 4926 4826 4759 4505 4938 4678 4935 5030 4968 4694 4950 5007 4470 4289 4945 4866 4183 4668 4666 4671 4076 4746 4758 4887 4636 4548 4569 4715 4553 4798 4916 4748 4889 4559 4671 4607 4505 4420 5003 4262 4691 4798 4560 4673 4421 4565 5149 4725 4172 4869 4599 4811 4564 4591 4774 5159 4743 4484 4723 4654 4873 4900 4860 4675 4388 4748 4922 4655 4771 4790 4669 4584 4390 4997 4740 4901 4713 4555 4659 4987 4694 4697 4858 4942 4614 4962 4386 4714 4892 4906 4828 5070 4909 4417 4571 4707 5270 5035 4833 4389 4604
5157 4775 5193 4688 4532 5277 5190 4846 4840 4483 4492 5338 5209 4823 4925 5187 4985 4582 5380 4774 4861 5184 4825 4917 4766 5036 4811 5034 5168 4933 4705 4647 4745 4753 4982 4759 4517 4293 5054 5099 5203 4989 5012 4783 5083 4824 4732 4450 4956 5005 5150 4683 5027 5000 5050 4871 5233 5190 5264 5188 4890 5677 4322 4980 5189 5033 5110 5149 5203 4881 4827 5104 4915 4341 5186 5276 4925 5090 4611 5016 5423 4807 4599 5194 4703 4863 4614 4692 4687 4705 5312 5159 4873 5294 4841 4803 5359 4857 4614 5419 4812 5276 4795 5043 4817 4855 5216 4644 5696 5055 4631 4883 4562 4950 4987 5279 4941 4739 5002 5440 4344 4597 5137 4903 5022 4999 4691 4473 4647 4788 4743 4828 5419 4977 5312 5087 4811 4883 4759 4957 5307 4414 4852 4516 4679 5209 4905 5127 5123 4801 5251 4849 4846 4611 4824 4739 4737 5122 4487 5359 5328 5217 5304 5134 4597 5152 4829 4619 4616 5053 5129 4825 4907 4744 4728 4308 5147 5021 4935 4665 4759 4854 5111 4991 4873 4976 5396 5289 4625 4772 5147 4956 4818 5400 4594 5035 5200 4935 4936 4902 4987 5264 4652 4590 4899 4915 4703 4862 4735 4634 5697 4871 4595 5066 5132 5213 5125 5194 5103 4611 4829 5467 4803 4905 4809 4882 4854 4742 4943 4956 5231 4986 4822 4917 5310 5103 5121 4967 5131 4658 5088 4542 4686 5129 5500 4902 5008 5109 4855 4946 4869 5377 5280 4876 4601 4963
5224 5158 5288 4721 4637 5347 5337 4990 4857 5169 4797 5345 5482 4892 5368 5359 5624 5051 5616 5217 5487 5552 5077 5200 5305 5454 5168 5245 5408 5185 4884 4918 4879 5012 4829 5019 4886 4822 5328 5713 5404 5071 5175 5096 5375 5098 5057 4929 5300 5434 5103 5088 5272 5079 4993 5238 5540 5647 5426 5459 4993 5714 4426 5187 5229 5583 5365 5376 5272 5119 5136 5338 5195 4676 5253 5455 5341 5361 4957 5207 5631 5126 5056 5551 4896 5134 4762 4733 5087 5194 5423 5501 5071 5477 4995 5432 5390 4970 5302 5270 5307 5544 5361 5155 5262 5305 5628 4877 5713 5355 4865 4990 4659 5098 5221 5717 5282 4981 5509 5574 4658 4943 5061 5445 5171 5330 5034 4703 4949 5142 4938 5080 5503 5302 5515 5218 5073 5116 5239 5194 5305 4955 5145 5092 4860 5494 4922 5334 5326 5321 5385 5178 5354 5119 4793 5156 5279 5306 4932 5494 5379 5923 5515 5213 5142 5509 5237 4877 5038 5325 5278 5197 5094 5321 5086 4550 5423 5229 5272 5387 5215 5181 5474 5013 5442 4891 5470 5623 5342 5193 5041 4870 5185 5706 5057 5018 5070 4893 5375 5239 5224 5539 5241 4976 5376 5360 5444 5093 5112 5014 5507 5052 4898 5295 5147 5453 5415 5400 5377 4947 5084 5535 5291 4978 5166 5405 5080 5163 5343 5243 5191 5537 4828 5224 5542 5229 5063 5254 5381 4974 5654 4891 5150 5352 5769 5061 5261 5452 4868 5315 5396 5414 5634 5242 5073 5318
5234 4956 5309 4751 4692 5068 5128 5112 4959 4816 4865 5320 5028 4932 5374 5317 5266 4832 5453 5123 4934 5248 5243 5306 4840 5207 5140 5298 5412 4932 4873 4763 4907 5044 5180 5042 4889 4878 5396 5434 5455 5228 5317 5057 5349 4710 4746 4761 5137 5068 5048 4840 5181 5332 5012 4919 5433 5606 5179 5307 5096 5600 4830 4911 5042 5658 5052 5394 5116 5333 4907 5272 5105 4499 5203 5345 5129 5158 4610 5270 5386 5115 4705 5483 4898 5193 4804 4883 4792 4909 5583 5567 5132 5430 4795 5054 5379 4880 5198 5332 5161 5075 5111 5132 5118 5000 5366 4781 5626 5143 4677 4931 4844 4948 5374 5590 4965 4675 5376 5450 4799 4904 5151 5124 5289 5021 4938 4840 4689 5165 4928 4890 5545 5190 5317 5380 4711 4991 5108 4964 5264 5205 5047 4912 4718 5089 5184 5298 5092 5305 5677 5138 4992 4943 4797 5118 5012 5206 4890 5210 5280 5507 5161 5277 4792 5491 5053 5201 5092 5268 5251 4875 5212 5199 4737 4510 5140 5418 5150 5000 4942 4953 5262 5148 5228 4830 5317 5600 4953 5186 5283 4645 4907 5601 4965 4824 5279 4903 5246 4820 5064 5615 4894 4590 5349 5024 5236 4762 4990 4849 5619 5043 4850 5106 4910 5161 5234 5260 5336 4891 5052 5273 5087 5140 5243 5116 5192 4811 5357 5239 5197 5401 4966 4900 5480 5250 4950 5057 5392 5116 5359 4531 5104 5329 5601 5064 5053 5385 4741 5340 5156 5669 5367 5204 5173 5106
4686 4632 4829 4227 4345 5039 4862 4346 4530 4615 4232 5069 4929 4403 4978 4747 4991 4421 5314 4851 4830 5181 4668 4769 4534 4967 4833 4866 4892 4571 4413 4660 4724 4678 4594 4381 4443 4609 5244 5152 4890 4804 5251 4617 4825 4480 4516 4297 4903 4966 4528 4322 4811 4954 5002 4787 5019 5093 4773 4742 5043 4983 4307 4698 4923 4751 4840 5012 4652 4613 4807 4967 4810 4487 5017 4850 5133 4929 4381 4876 5204 4955 4319 4911 4817 4676 4459 4316 4265 4707 5217 4951 4668 4872 4576 5188 4539 4490 4758 5029 4705 5115 4863 4786 4990 4825 4860 4358 5343 4839 4470 4854 4313 4767 4729 5137 4645 4506 5046 5291 4391 4429 4817 4790 4722 4812 4523 4398 4598 4460 4467 4584 5040 4906 5072 4866 4521 4830 4592 4853 4516 4467 4645 4449 4352 4925 4688 4915 4581 4736 5371 4750 4751 4660 4454 4808 4685 4821 4357 4952 5156 5033 5072 4753 4349 5058 4656 4677 4665 4893 4942 4539 4813 4649 4616 4036 4486 4959 5068 5135 4722 4662 4989 4256 4910 4392 4909 5280 4547 4612 4679 4758 4749 5075 4486 4487 4883 4481 5032 4720 4895 5315 4672 4388 4777 4932 4807 4429 4392 4630 5200 4850 4529 4974 4462 5004 5176 4897 4888 4415 4572 5057 4786 4775 5197 4852 4760 4720 5168 5015 4822 4954 4296 4799 5061 4669 4692 4685 4824 4868 4994 4385 4502 5061 5241 4730 4784 5075 4432 4996 4825 5039 5373 4503 4761 4697
5146 5007 5409 4713 4583 5517 5526 4996 5077 5073 4706 5419 5425 4955 5459 5252 5352 4985 5471 5362 5441 5618 5184 5305 5064 5323 5193 5132 5390 4961 5136 4852 5029 5278 5123 5122 4833 5017 5542 5511 5417 5239 5416 5179 5521 4941 5106 4904 5212 5341 5234 4918 5407 4917 5447 5029 5686 5473 5471 5737 4949 5736 4665 5150 5275 5618 5478 5417 5108 5252 5009 5590 5175 4726 5325 5547 5433 5367 5080 5062 5630 5392 4885 5604 5022 5413 4549 4836 4920 5302 5233 5513 4947 5619 5154 5120 5650 4756 5334 5320 5171 5582 5276 5449 5369 5155 5514 4962 5742 5264 4980 5261 4931 4813 5194 5549 5209 4781 5378 5450 4619 4770 5133 5287 5262 5053 4979 4888 4944 4946 5141 4890 5486 5275 5362 5514 5180 5221 5012 5283 5386 4997 5039 5016 4918 5660 5314 5319 5329 5213 5503 5292 5163 5331 5075 5156 4944 5144 4943 5219 5347 5560 5790 5349 4804 5679 5166 5213 5031 5420 5361 5180 5212 5344 5254 4515 5172 5287 5359 5489 5139 5131 5214 5057 5631 4961 5436 5575 5149 5330 5341 4958 5241 5720 4903 5328 5232 5089 5411 5024 4874 5529 5183 4978 5289 5247 5253 4744 5023 5236 5782 5031 4894 5060 5058 5316 5438 5393 5165 4915 4964 5706 5301 5586 5526 5229 5087 5028 5442 5216 5257 5479 4954 5209 5550 5410 5267 5356 5342 4861 5470 4850 5147 5611 5594 5065 5134 5713 5030 5448 5365 5460 5699 5273 5025 5037
4956 4822 5164 4440 4494 5247 5041 5154 4581 4687 4519 5315 5253 4805 5013 5210 4913 4641 5509 4913 5067 5097 4890 5180 4783 5126 5011 5104 5265 4970 4885 4546 4880 4973 5035 4775 4594 4604 5160 5240 5265 5087 5236 5195 5256 4642 4691 4626 5053 5122 5090 4483 5090 5107 4906 4634 5283 5279 4985 5245 5037 5305 4480 4970 5042 5079 4887 5346 5047 4786 4783 4944 4874 4829 5149 4858 4988 5107 4790 4880 5368 4895 4717 5550 4887 4794 4618 4612 4738 4665 5109 5273 5124 5242 4806 4815 5244 4698 5118 5175 5070 5218 4916 5014 4942 5070 5353 4799 5451 5355 4520 4762 4652 4739 4936 5297 5040 4714 5018 5475 4436 4985 4696 5054 4897 4798 4991 4528 4817 4652 4668 4666 5466 5090 5141 5212 4704 4969 4771 5072 4904 4855 4911 4738 4493 5236 5027 5111 5128 4993 5059 4817 5048 4845 4698 5203 4988 4873 4768 5303 5097 5337 5354 5068 4770 5311 4984 4801 4800 5104 5339 4941 5017 4899 4786 4429 4961 4994 5020 4732 4893 4870 5167 4877 5027 4859 5235 5190 4801 4886 5057 4687 4904 5193 4567 4749 4762 4850 5080 4891 4884 5272 5100 4551 4874 4982 4961 4559 4870 4850 5306 4741 4515 4913 4713 4992 5264 5365 5021 4550 5116 5159 4749 4971 5262 4962 4927 4736 5179 5112 5123 4989 4582 4937 5313 4921 5113 5057 5104 4861 5460 4596 4699 5259 5327 4982 5023 5197 4774 5143 5122 5334 5417 5203 4816 4915
4647 4599 5257 4515 4341 4724 4639 4674 4631 4286 4253 4763 4748 4478 4781 4819 4655 4377 5081 4756 4533 4818 4478 4674 4504 4573 4465 4779 5023 4454 4362 4281 4291 4348 4474 4298 4124 4145 4843 5180 4521 4707 4764 4755 4715 4316 4169 4162 4863 4561 4681 4431 4527 4432 4345 4436 4879 4770 4804 4814 4655 4938 4022 4743 4704 4722 4799 4965 4566 4538 4412 4862 4612 4422 4875 4785 4650 4681 4483 4723 5080 4619 4410 4760 4334 4883 4101 4411 4175 4343 4762 4832 4611 4858 4492 4574 4702 4423 4894 4789 4811 4935 4605 4651 4705 4721 4850 4337 5083 4826 4320 4474 4224 4586 4796 4997 4609 4233 4787 5224 4154 4320 4500 4536 4393 4720 4634 4165 4441 4197 4450 4300 5137 4886 4370 4764 4579 4438 4558 4360 4644 4468 4344 4521 4326 5036 4664 4801 4854 4630 4634 4349 4885 4642 4657 4591 4845 4744 4372 4839 4925 4866 4967 4647 4581 5042 4676 4484 4516 4767 4579 4451 4778 4797 4458 4307 4427 4774 4814 4587 4706 4614 4788 4447 4734 4414 4986 5045 4427 4383 4654 4345 4453 5116 4501 4657 4717 4665 4815 4776 4464 4998 4733 4333 4724 4729 4903 4215 4396 4487 4961 4605 4297 4636 4123 4829 4982 4882 4972 4240 4596 4817 4721 4606 5015 4805 4583 4190 4941 4809 4678 4567 4386 4467 4999 4738 4466 4545 4704 4502 4937 4480 4663 4885 5167 4826 4577 4892 4024 4574 4612 5019 4865 4470 4481 4712
5282 4915 5218 4812 4459 5484 5498 5009 5121 4812 4817 5258 5350 4966 5137 5349 5502 4732 5631 5332 5289 5366 4910 5333 5027 5483 4980 5283 5413 5266 4904 4863 4874 5216 5353 4955 4769 5065 5702 5589 5631 5286 5473 5281 5382 4946 4903 4779 5282 5323 5231 4936 5421 5446 5253 5253 5789 5466 5338 5611 5060 5588 4511 5109 5232 5594 5517 5368 5019 5020 5107 5345 5386 4773 5313 5361 5425 5473 5102 5163 5652 5353 4856 5623 4984 4999 4797 4709 4968 5095 5418 5579 5159 5682 4934 5301 5548 5053 5392 5367 5091 5521 5117 5428 5431 5461 5393 4848 5793 5232 4931 5021 4932 5268 5203 5639 5272 4984 5192 5616 4487 5177 4952 5202 5185 5063 5152 5074 4932 4670 5106 5080 5613 5371 5773 5168 4703 5227 4950 5120 5585 4903 5298 4914 4747 5515 5511 5357 5649 5271 5704 5227 5344 5221 5073 5312 5046 5304 4956 5488 5407 5588 5676 5226 4994 5556 5320 4948 4905 5250 5545 5119 5176 5025 5126 4524 5394 5074 5217 5064 5264 5283 5406 4947 5135 4985 5401 5436 4890 5377 5286 4903 5115 5582 4867 5209 5194 5024 5305 5293 5167 5661 4882 5042 5562 5211 5103 4951 4947 5149 5706 5121 4818 5172 5031 5267 5336 5388 5445 5060 5075 5615 5115 5094 5031 5023 4869 4854 5422 5314 5514 5279 4796 5092 5481 5318 5294 4929 5290 4867 5377 5188 5070 5609 5719 5343 5225 5776 5019 5247 5261 5469 5493 5219 4931 5079
5181 4980 5325 4741 4732 5181 5056 5057 4949 4588 4850 5142 5505 4955 5264 5459 5403 4930 5636 5331 5394 5359 5063 5274 5335 5433 5222 5200 5579 5163 5221 5099 4963 5078 5119 5145 4611 4795 5235 5366 5391 4851 5448 5099 5399 4728 4816 4630 5473 4990 5036 4651 5189 5409 5311 5194 5752 5622 5418 5494 5231 5583 4552 4995 5208 5176 5307 5369 5182 5035 4901 5327 5381 4792 5335 5102 5156 5498 4616 5376 5550 4976 5012 5520 4847 5275 4575 4704 4986 4799 5572 5603 5122 5765 4987 5443 5336 5014 5129 5610 5174 5431 5306 5304 5401 5389 5553 4773 5629 5226 4832 4964 4948 5225 5207 5621 5107 4833 5192 5508 4769 5093 5270 5169 5114 5365 5108 4686 4763 4740 4751 5156 5559 5242 5533 5284 4675 5288 5139 4905 5232 4767 5013 5039 4537 5291 5267 5490 5242 5318 5306 4853 5330 5225 4960 4992 5327 5169 4737 5506 5634 5502 5630 5153 4943 5540 5275 5168 5171 5427 5235 5195 5074 5262 5089 4493 5238 5077 5497 5067 5071 5125 5398 4992 5279 5047 5524 5477 5082 5028 5306 5061 5348 5493 4739 4843 4937 5255 5192 5319 4945 5728 5024 4764 5413 5253 5490 4957 5160 4934 5563 5074 4663 5401 4942 5360 5189 5529 5003 4743 4946 5464 5165 5426 5012 5001 5168 5077 5178 5213 5446 5468 4803 5090 5585 5088 5331 5241 5279 4862 5512 4948 4994 5372 5419 5237 5499 5434 5094 5136 5183 5605 5364 5364 5054 5330
5265 5149 5492 4981 4930 5383 5616 5296 5153 5148 5044 5899 5511 5140 5492 5599 5673 5113 5934 5082 5621 5371 5118 5393 5230 5172 5284 5297 5608 5528 5101 5007 4883 5243 5654 5344 5115 5034 5443 5318 5711 5266 5437 5236 5870 4985 5261 4788 5301 5455 5599 4776 5642 5287 5260 5376 5871 5618 5368 5681 5053 6170 4840 5172 5372 5632 5482 5561 5329 5263 5066 5550 5310 4833 5544 5510 5344 5569 4963 5290 5667 5296 4997 5714 5147 5269 4822 5027 5380 4993 5690 5784 5435 5953 5177 5461 5605 5211 5404 5572 5411 5779 5256 5455 5382 5449 5881 4946 5893 5524 5209 5144 5069 5238 5297 5756 5233 5122 5229 5656 4779 4942 5217 5221 5140 5702 5210 4800 4929 5032 5132 5244 5651 5520 5791 5453 5329 5585 5198 5337 5465 5163 5119 5125 5065 5505 5413 5593 5435 5258 5759 5149 5507 5518 5057 5492 5154 5386 4966 5568 5620 5406 5727 5550 5022 5651 5388 4999 4985 5317 5381 5283 5279 5365 5417 4745 5422 5702 5389 5328 5206 5173 5449 5158 5584 5236 6029 5669 5280 5377 5493 5075 5430 5798 4982 5545 5253 5179 5163 5215 5282 5753 5297 5106 5595 5230 5401 5097 5369 5218 5677 5141 5009 5309 5478 5562 5379 5598 5410 5120 5353 5749 5454 5172 5384 5357 5368 4910 5482 5524 5569 5403 5027 5431 5615 5166 5503 5351 5236 5104 5513 5102 5010 5902 5932 5288 5558 5597 4881 5340 5256 5739 5811 5363 5255 5503
4938 4658 5208 4503 4296 4878 4760 4729 4891 4715 4557 5091 5209 4709 5098 5058 5296 4354 5433 5032 5014 4768 4851 4838 4900 4832 4661 4838 5299 4914 4680 4493 4668 4729 4893 4695 4422 4605 5155 5296 5206 4715 5252 4963 5087 4733 4588 4386 4945 4926 5005 4605 4936 4905 4791 4707 5313 5329 4915 5218 4688 5546 4338 4981 5021 5098 5085 5384 4793 4866 4659 5064 4812 4653 5151 5178 5002 5110 4661 5019 5395 4918 4672 5154 4511 4965 4522 4645 4585 4929 5189 5238 4805 5231 4854 4776 4951 4815 4913 5044 5063 5301 4917 4945 5112 4987 5260 4711 5455 5013 4703 4663 4654 4859 4739 5652 4543 4753 5164 5461 4363 4676 4636 4843 4732 4791 4994 4607 4393 4715 4857 4762 4968 5015 5183 5192 4667 4910 4795 5000 4954 4737 4814 4689 4343 5168 4995 4820 4898 4915 5101 4865 5133 4974 4713 4981 4861 5087 4729 5302 4886 5157 5179 5355 4803 5206 4913 4789 4712 4936 4919 4828 4719 4973 5062 4644 5021 5263 5115 5162 4746 4720 5248 4761 5283 4845 5203 5157 4753 4842 4863 4744 4962 5284 4834 4915 5015 4962 4760 4775 4591 5498 4985 4536 5151 5184 4998 4765 4928 4821 5238 4713 4541 4729 4757 5115 5209 5117 5124 4438 4852 4987 4620 5016 4928 4867 4848 4745 5154 5007 4800 5108 4685 4759 5021 4865 4871 4928 4976 4651 5138 4742 4888 5179 5252 5167 4912 5295 4627 4815 4950 5437 5330 5115 4638 4997
5494 5077 5471 5187 4724 5897 5647 5133 5281 5144 4999 5680 5714 5011 5728 5345 5629 5095 5707 5351 5446 5437 5098 5392 5040 5147 5246 5507 5560 5414 4879 5183 5000 5207 5426 5107 5050 5196 5517 5430 5603 5368 5540 5191 5398 4977 5370 4616 5503 5356 5467 5142 5655 5316 5311 5404 5951 5734 5417 5481 5006 5964 4991 5138 5540 5434 5612 5455 5371 5360 5256 5692 5352 4823 5633 5357 5680 5355 5030 5381 5734 5568 5121 5862 5297 5346 4773 4964 5106 4967 5478 5698 5310 5591 5405 5654 5783 5033 5274 5531 5259 5495 5338 5448 5504 5298 5683 4987 5736 5354 4991 5224 4944 5324 5487 5914 5175 5417 5443 5653 4865 4907 5454 5216 5331 5388 5167 4916 5228 5364 4990 5196 5517 5502 5470 5729 5212 5447 5134 5423 5305 5342 5126 5093 5093 5520 5286 5387 5796 5546 5650 5153 5300 5263 5308 5408 5369 5458 5026 5330 5461 5839 5693 5337 5102 5665 5396 4972 5348 5467 5655 5020 5428 5285 5198 4602 5521 5366 5382 5334 5419 5092 5337 5140 5481 5217 5453 5664 5365 5461 5287 5213 5138 5549 5076 5381 5420 5200 5376 5488 5301 5887 5040 5038 5602 5421 5347 4959 5147 5402 5766 5257 4902 5539 5158 5658 5562 5472 5458 4996 5235 5946 5525 5460 5339 5400 5339 5092 5679 5629 5465 5494 5018 5123 5814 5464 5625 5270 5373 5070 5807 5292 5076 5502 5705 5092 5343 5472 4951 5581 5384 5667 5802 5459 5226 5446
5562 5308 5707 5023 4843 5743 5724 5375 5153 4976 5269 5654 5774 4916 5444 5603 5528 4648 5573 5459 5389 5585 5361 5602 5437 5577 5390 5382 5397 5400 5005 5121 5067 5393 5438 5039 4986 5229 5472 5289 5705 5231 5489 5236 5391 5092 5273 5025 5382 5686 5332 4956 5575 5462 5561 5279 5772 5717 5298 5730 5233 5940 5157 5258 5637 5417 5567 5640 5434 5545 5439 5782 5546 4564 5396 5710 5512 5721 5063 5392 5797 5552 5192 5790 5154 5525 5012 4886 5130 5356 5814 5955 5362 5753 5292 5461 5634 5007 5408 5641 5392 5641 5281 5421 5309 5455 5771 4784 5955 5411 4972 5173 5183 5357 5299 5970 5213 4811 5333 6058 4799 5229 5502 5331 5207 5579 5185 5107 5235 5334 5213 4878 5682 5477 5685 5782 5257 5473 5152 4837 5568 5235 5527 5157 4794 5506 5311 5575 5669 5445 5549 5429 5297 5227 5205 5224 5218 5270 5088 5694 5682 5795 5514 5464 5258 5516 5526 5086 5164 5562 5622 5298 5365 5287 5185 4867 5457 5615 5406 5277 5379 5197 5497 5509 5524 5241 5688 5490 5232 5287 5484 4933 5231 5903 5020 5459 5451 5106 5653 5226 5213 5710 4974 4900 5827 5694 5275 4915 5265 5318 6110 5172 5026 5356 5116 5685 5385 5731 5394 5204 5329 5585 5386 5390 5512 5347 5264 5264 5540 5523 5639 5466 5127 5118 5734 5518 5515 5342 5682 5019 5914 5040 5335 5619 5887 5422 5377 5759 5125 5123 5470 5845 5646 5330 5160 5431
4879 4780 5259 4451 4284 5007 5005 4857 4811 4762 4566 5243 5396 4843 5387 5152 5084 4396 5402 5312 5028 5297 4685 5068 4756 4958 5011 4945 5135 4712 4700 4568 4797 4771 5071 4820 4672 4716 5133 5054 5214 5139 5198 4741 5262 4424 4671 4445 5253 4989 4867 4655 4980 5044 4862 4971 5471 5191 5386 5062 5070 5425 4575 4693 5199 5192 5007 5033 4855 4988 4652 4985 4937 4627 4790 4987 5114 5161 4531 5290 5232 4850 4487 5216 4747 4720 4605 4412 4372 4573 5104 5186 4953 5113 4892 4991 5001 4477 5249 5041 4818 5201 5070 4927 4825 4925 5182 4729 5396 5138 4755 4875 4679 4763 4722 5301 4879 4554 4892 5359 4457 4512 4947 4741 4752 4883 5079 4414 4574 4758 4813 4694 5225 4998 5227 4886 4529 4854 4670 5103 4920 4954 4592 5115 4604 5049 4980 4966 5017 5123 5245 4835 4980 4629 4587 5129 4951 4876 4655 5252 4907 5415 5216 5050 4737 5246 4938 4945 4677 4951 5115 4956 4997 4948 4851 4544 5244 5031 5023 5016 4696 4872 5153 4829 5143 4826 5197 5182 4857 4783 5190 4654 4855 5301 4677 4853 4904 4849 4991 4805 4793 5553 5069 4706 4822 4742 4896 4655 4588 5067 5372 4952 4621 4880 4904 5061 5089 4965 4754 4572 4946 5170 4734 5049 5062 5166 5036 4552 5067 5148 5014 5108 4535 4790 4952 4793 5111 4980 4917 4777 5396 4378 4775 5358 5213 4864 5136 5198 4714 5109 4752 5090 5271 5137 4741 5078
5484 5299 5679 5506 5174 5531 5896 5346 5352 5161 5084 5758 5748 5201 5466 5585 5800 5072 6253 5366 5468 5796 5484 5600 5347 5383 5376 5471 5759 5495 5140 5419 5362 5389 5381 5337 5207 5159 5746 5831 5746 5568 5983 5404 5619 5029 5243 4875 5638 5732 5672 5223 5459 5688 5431 5373 5879 5954 5505 5782 5366 5990 4894 5175 5730 5473 5572 5632 5564 5443 5340 5708 5437 5032 5658 5546 5579 5897 5163 5395 5630 5433 4933 5649 5246 5623 5189 5080 5145 5145 5955 6026 5587 5738 5306 5398 5484 5237 5704 5518 5592 5701 5578 5300 5493 5720 5773 5000 6021 5523 5292 5400 5278 5453 5464 5843 5377 5326 5809 6029 4909 5382 5211 5479 5455 5534 5275 4983 5355 5259 5103 5148 6017 5653 5844 5758 5217 5617 5473 5406 5852 5439 5460 5303 5065 6149 5641 5861 5803 5499 5808 5368 5550 5390 5224 5424 5487 5540 5207 5780 5925 5923 5946 5333 5021 5747 5217 5400 5269 5679 5804 5503 5255 5594 5505 4846 5757 5468 5528 5385 5407 5229 5852 5498 5592 5388 5898 5749 5238 5473 5597 5239 5495 5866 5008 5348 5489 5108 5411 5438 5525 6084 5419 5125 5760 5528 5368 4997 5182 5494 6077 5413 5010 5430 5309 6021 5567 6001 5494 5059 5437 5654 5624 5441 5790 5686 5542 5053 5651 5904 5521 5641 5243 5444 6038 5697 5526 5291 5881 5275 6007 5203 5364 5901 5804 5806 5684 5832 4865 5663 5445 5943 5907 5585 5477 5531
4850 4505 5050 4825 4537 5217 5244 4839 4752 4573 4460 5149 5286 4924 5036 4934 5087 4783 5265 5115 4845 5307 4824 4987 4767 5077 4970 5212 5150 4937 4798 4580 4832 4926 5022 5032 4624 4525 5243 5178 5061 4901 5063 4781 5138 4562 4714 4541 5026 4937 5015 4718 5114 5101 5127 4751 5408 5232 5247 5341 4999 5488 4369 5059 5145 5126 5202 5181 4943 4848 4818 5278 5155 4610 5004 5119 5300 5111 4869 5080 5678 4628 4859 5333 4751 4926 4611 4718 4633 4886 5117 5384 4900 5306 5005 4945 5227 4630 5068 5279 4932 4939 4944 5089 5109 5086 5434 4596 5497 4764 4954 4807 4679 5008 5208 5679 4862 4548 4994 5453 4581 4971 5015 4847 4949 4874 4766 4874 4690 4826 4832 4951 5249 5084 5239 5070 4704 5118 4956 4858 5089 4823 4974 4655 4669 5143 4971 4971 5073 4857 5512 5028 5008 5146 4828 4886 4872 5145 4449 5388 5292 5171 5246 4902 4909 5266 5078 4654 4788 5219 4887 4685 4859 4983 4501 4279 4920 5162 5121 4798 4883 5131 5104 4896 4981 5183 5082 5195 4720 4886 5086 4811 4822 5348 4735 4901 4846 4861 5203 4597 4702 4980 4871 4713 4867 4952 5264 4562 4666 4849 5631 4916 4733 5276 4998 5206 5151 5023 5318 4738 4852 5358 5037 5154 5014 5015 4909 4817 5016 4951 5339 5172 4823 4808 5208 5133 4976 5063 5215 4605 5322 4645 4882 5089 5542 5050 4887 5400 4550 5131 4853 5330 5532 5154 4647 4914
5094 4657 5228 4448 4378 4865 5225 4779 4625 4830 4540 5003 5248 4838 5123 5026 5120 4816 5361 4977 4999 5080 4607 4953 4748 5184 4703 5261 5367 4886 4558 4392 4531 4838 4850 4952 4864 4508 5256 4963 5114 4807 5172 4967 5081 4720 4616 4622 4820 5102 5116 4672 5026 4826 4773 4909 5354 5285 5008 5158 4679 5266 4495 4753 5144 5413 4957 5243 4761 5051 4920 5035 4868 4685 5211 5068 4911 5137 4739 5280 5241 4982 4844 5083 4818 4735 4665 4391 4434 4510 5247 5179 5030 4979 4742 5019 5324 4538 4856 5360 4882 5044 4907 5118 4907 4845 5079 4453 5667 4913 4727 4818 4192 4785 4905 5267 4663 4448 5262 5421 4415 4614 4621 4876 4783 4835 4974 4429 4700 4828 4824 4381 5418 5034 5251 4999 4788 5000 4733 4846 4975 4465 4539 4709 4534 5244 5044 5018 5193 4773 5301 4825 4953 4753 4841 4983 4997 4914 4604 5191 5176 5460 5421 5150 4680 5388 5058 4682 4607 5235 4934 4980 4839 4984 4845 4240 5032 4964 5010 4680 5023 4633 4937 4543 5012 4748 5266 5367 4791 4937 4955 4695 4924 5403 4669 4905 4787 4760 4916 5144 4747 5017 4911 4568 4976 5193 5065 4749 4477 4721 5400 4956 4769 4988 4860 4894 5098 4957 5043 4742 4895 5093 5023 4724 5104 4716 4849 4550 4936 4942 5207 4702 4624 4648 5011 4999 5089 4811 4940 4600 5105 4429 4851 5210 5575 4823 4820 5246 4609 5034 4971 5337 5209 4992 4580 4768
5019 4803 5108 4222 4367 5020 5200 4760 4863 4623 4586 5146 4883 4637 4964 5299 4804 4471 5388 4975 4851 5178 4830 4789 4678 4942 4929 4938 5160 4802 4855 4523 4536 4747 5010 4572 4658 4498 5320 5120 5041 4901 5038 4704 5131 4455 4783 4767 4843 5024 4825 4661 4826 4857 4907 4886 5342 5336 4963 5156 4750 5524 4662 4870 4839 5364 5120 5183 4784 4943 4767 5133 4862 4423 4850 5301 5028 5361 4319 5408 5397 4816 4562 5165 4675 4930 4512 4419 4444 4814 5301 5161 4948 5396 4883 4945 5257 4482 4673 5063 4990 5242 4883 4993 4963 5031 5189 4376 5561 4995 4619 4871 4470 4806 5095 5135 4957 4521 4997 5393 4569 4668 5084 4938 4960 4937 4596 4473 4607 4889 4631 4809 5269 5080 5324 5052 4660 5039 4699 4853 4907 4608 4540 4807 4417 4944 4990 5071 5030 4841 5004 4781 5000 4776 4485 4923 4794 5017 4747 5179 5142 5186 5197 4854 4490 5212 5008 4800 5000 5052 5005 4899 4798 5174 4892 4489 5002 4824 5013 4824 4941 4878 4822 4683 5152 5026 5209 5264 4661 4791 5079 4556 4649 5260 4601 4882 5022 4862 4966 4876 4704 5285 4731 4554 5122 5037 4840 4582 4579 4807 5521 4759 4540 4968 4810 5057 5036 4985 5075 4535 4809 5079 4961 5167 5030 4867 4835 4810 4839 5149 5350 4964 4880 4855 5120 4821 4787 4925 4852 4723 5096 4711 4836 5092 5334 4866 4872 5248 4409 4864 5003 5563 5257 5008 4793 4951
5266 5102 5666 4816 4708 5683 5758 5280 5415 5018 4957 5668 5660 5162 5416 5248 5696 4913 5768 5353 5426 5378 5386 5220 5085 5285 5487 5577 5721 5110 4979 5074 5276 5087 5496 5310 5033 4997 5664 5620 5568 5268 5715 5118 5680 5012 5149 4912 5267 5223 5521 5028 5592 5446 5155 5424 5543 5756 5403 5459 5104 5797 5040 5183 5304 5473 5498 5508 5318 5170 5217 5491 5462 4913 5353 5509 5373 5342 5200 5420 5659 5167 5136 5655 5249 5536 4802 4849 5029 4936 5422 5747 5304 5562 5143 5420 5675 4781 5349 5629 5295 5700 5369 5450 5414 5292 5640 4834 5810 5346 5114 5034 5032 5240 5299 5823 5252 4831 5438 5721 4479 5162 5076 5244 5108 5500 5225 4870 5251 5138 5129 4749 5441 5489 5513 5356 4965 5355 5544 5200 5755 5216 5238 5020 4956 5578 5317 5641 5397 5479 5491 5359 5145 4947 5070 5522 5279 5529 4957 5305 5632 5765 5854 5477 5076 5549 5563 5095 4900 5381 5525 5247 5341 5513 5140 4787 5397 5427 5451 5330 5039 5488 5551 5147 5385 5300 5538 5383 5556 5368 5537 5254 5260 5671 5102 5334 5468 5001 5327 5290 5279 5676 5408 5034 5415 5453 5355 4887 5024 4990 5927 5309 5002 5244 5139 5648 5357 5717 5390 4936 4854 5713 5213 5197 5491 5431 5358 5168 5653 5353 5508 5417 5102 5129 5576 5529 5418 5337 5450 4973 5837 4918 5178 5727 5850 5452 5311 5695 5108 5392 5223 5747 6038 5291 5142 5472
5202 4747 5069 4540 4661 5005 5013 5087 4684 4799 4568 5076 5244 4852 5164 5313 5111 4486 5562 5058 5047 5353 4781 4944 4961 5260 5089 4907 5101 5399 4608 5000 4647 4756 5152 4819 4716 4524 5172 5257 4975 5033 5220 4981 5230 4581 4590 4463 5233 5113 4981 4539 5125 5031 4741 5082 5437 5270 4947 5188 4773 5387 4479 4528 5073 5190 5207 5056 4969 4653 4865 5298 4923 4489 4865 5035 4982 5224 4824 5114 5389 4990 4471 5145 5040 4857 4579 4228 4503 4636 5152 5378 4961 5117 4787 5047 5181 4694 4916 5092 5179 5233 5227 5265 5078 5109 5413 4545 5635 5059 4660 4740 4910 4854 4879 5156 4913 4794 4881 5365 4458 4844 5018 4826 4838 5035 4947 4800 4662 4578 4884 4632 5273 5246 5444 5278 4604 5032 4926 5030 5212 4648 4584 4782 4455 5056 5107 5312 5149 5049 5191 4720 5169 4921 4656 5247 4522 4925 4770 5318 5099 5200 5339 5245 4880 5505 5381 4704 4818 5071 5360 4826 4970 5114 4682 4387 5058 4880 5039 4747 4925 4986 5146 4731 4991 4894 5324 5218 4662 4930 4942 4815 4999 5314 4778 4914 4642 4785 5076 4850 4689 5544 4810 4930 5017 5016 4907 4725 5121 4913 5441 4909 4622 4814 4810 5205 4934 5336 5144 4600 4802 5219 5021 5111 4848 4917 4827 4437 5066 5144 5300 5055 4632 5101 5325 4945 5015 4919 5105 4571 5376 4970 4957 5452 5509 4999 5116 5244 4778 4778 4830 5544 5266 5174 4577 5067
5347 5042 5289 4848 4850 5702 5524 5298 5128 5043 4639 5843 5571 4694 5168 5595 5504 4834 5541 5309 5106 5570 5155 5205 5430 5342 5074 5391 5488 5264 5001 5204 5155 4995 5333 5205 4769 4850 5433 5538 5574 5136 5358 5052 5323 5212 5056 4595 5313 5429 5012 4855 5430 5281 5043 5342 5604 5584 5314 5684 5254 5675 4721 5261 5403 5385 5280 5523 5466 5165 4899 5230 5049 4696 5063 5365 4966 5337 5025 5305 5662 5215 4710 5461 5112 5103 4607 4951 5027 4954 5413 5389 5244 5437 5294 5054 5550 4870 5381 5579 5281 5752 5353 5251 5407 5327 5683 4786 5960 5466 5145 5007 5079 5412 5376 5605 5231 5036 5440 5568 4501 4778 5151 5289 5035 5207 5189 4677 4976 4985 5011 4976 5720 5262 5478 5095 5025 5298 5067 5053 5461 5068 5058 4987 4740 5492 5267 5172 5442 5247 5885 5225 5272 5145 5100 5350 5161 5397 4915 5638 5563 5368 5601 4946 4934 5692 5105 4872 5197 5132 5282 5187 5435 5435 5083 4734 5033 5027 5251 5188 5233 5211 5332 5021 5260 5253 5654 5375 5078 5305 5468 5008 4981 5511 4727 5031 5522 4982 5522 5084 5376 5588 4963 5025 5306 5575 5092 5001 5049 5185 5908 5320 4630 5062 5120 5323 5416 5688 5030 4903 5173 5651 5190 5041 5484 5333 4960 4873 5365 5481 5305 5225 4967 5129 5614 5412 5308 5058 5468 5005 5573 5033 4986 5566 5545 5350 5533 5568 5026 5254 5336 5476 5467 5016 5107 5215
5397 5027 5051 4599 4458 5500 5050 4934 5000 4770 5081 5589 5259 4742 5217 5359 5178 4849 5492 5204 5103 5250 5271 5290 5152 4976 5042 4995 5327 5003 5074 4688 4708 5029 5402 4900 4621 4832 5375 5241 5575 5041 5358 5025 5197 5099 5119 4878 5166 4851 5174 4921 5075 5239 5151 4956 5480 5467 5343 5273 5185 5323 4740 5075 5217 5401 5017 5516 5288 4990 5158 5414 5025 4684 5454 5418 5532 5125 4946 4959 5556 4996 4655 5593 5182 5390 4432 4752 4813 4949 5581 5504 5254 5562 4964 5191 5557 4881 4960 5218 4797 5305 5262 5280 5249 5008 5487 4449 5617 5197 4941 4830 4658 4965 4840 5351 5147 4721 5097 5483 4512 4736 5142 5042 5190 4808 4879 4989 4764 5043 5040 5092 5392 5115 5546 5345 4945 5519 4833 5036 5471 4821 4987 4728 4735 5391 5032 5363 5342 5353 5639 5194 4859 4856 4744 5246 5255 5386 5014 5552 5518 5338 5447 5331 4936 5372 5072 5064 4781 5488 5344 5113 5402 5207 5221 4581 5280 5231 5177 5085 5233 4951 5135 4890 5344 5071 5278 5613 5281 5064 5271 5186 4935 5644 4664 5033 5497 5070 5319 4918 4928 5590 5160 4838 4983 5035 5377 4582 5176 4977 5633 5248 4396 5124 4860 5588 5529 5269 5266 4855 5078 5571 5114 5105 5389 5165 5094 4727 5383 5245 5409 5129 4923 4996 5455 5210 5110 5165 5264 4939 5426 4943 5073 5389 5583 5229 5058 5434 4951 5244 5382 5387 5176 5371 4786 5334
5384 4885 5603 4959 4858 5668 5733 5260 5252 5013 5003 5506 5637 5142 5353 5410 5523 5070 6037 5287 5438 5622 5567 5238 5408 5190 5241 5487 5587 5100 5144 4883 5081 5245 5281 5344 4788 4891 5459 5638 5685 5272 5687 5055 5707 5110 5325 5116 5462 5567 5416 4967 5899 5689 5308 5445 5868 5539 5671 5685 5380 5946 4859 5401 5569 5426 5499 5643 5372 5220 5434 5639 5257 4829 5296 5597 5796 5166 5082 5389 5822 5325 5324 5846 5172 5295 5161 5056 5011 5213 5749 5799 5470 5818 5175 5516 5510 4948 5413 5600 5323 5737 5500 5392 5484 5556 5874 4943 5902 5450 5189 5385 5033 5310 5403 5675 5203 5178 5532 5600 4619 5134 5191 5307 5138 5338 5364 5107 5135 5294 5245 4939 5623 5222 5594 5602 5084 5439 4982 5479 5425 5164 5460 5074 5028 5656 5493 5522 5262 5241 5570 5169 5307 5207 5036 5378 5417 5415 4999 5809 5754 5813 5635 5523 5125 5702 5276 5224 5072 5437 5418 5410 5174 5576 5155 4772 5581 5448 5279 5406 5473 5164 5651 5381 5734 5163 5927 5596 5551 5182 5583 5192 5159 5580 5015 5207 5357 5331 5411 5234 5153 5611 5088 5277 5496 5625 5561 4727 5267 5252 5721 5223 4942 5474 5399 5404 5753 5670 5433 5143 5329 5649 5151 5357 5439 5480 5228 5017 5669 5494 5645 5202 5107 5487 5806 5522 5498 5331 5384 5242 5709 5145 5250 5416 5972 5441 5667 5779 4883 5419 5537 5718 5761 5449 5145 5271
5160 5100 5435 5073 4829 5635 5468 5079 5045 5057 4902 5469 5495 4810 5602 5427 5417 4646 5806 5240 5187 5511 5322 5386 5071 5423 5160 5444 5187 5419 4830 4940 5001 5302 5291 5040 4939 4816 5628 5491 5605 5165 5477 5117 5456 5000 5124 4808 5223 5198 5226 5254 5319 5251 5192 4942 5665 5802 5301 5684 5120 5731 4765 4946 5416 5419 5456 5397 5467 5347 5099 5550 5197 4863 5592 5603 5306 5417 5010 5245 5563 5089 4903 5508 4979 5263 4861 4678 4981 4871 5482 5450 5084 5583 4968 5508 5460 5046 5291 5481 5403 5301 5523 5285 5299 5202 5447 4964 5931 5532 5219 4832 4947 5343 5345 5819 5089 4833 5361 5642 4456 5121 5286 5234 5281 5235 5034 4881 5033 4980 5387 4887 5525 5312 5674 5582 4968 5364 5168 5264 5135 5253 5228 5047 4786 5494 5220 5260 5465 5413 5485 5188 5178 5115 5033 5309 5347 5129 4856 5261 5371 5756 5735 5174 5030 5581 5360 4942 5189 5319 5470 4993 5227 5289 5223 4463 5588 5331 5202 5381 5247 5120 5523 5052 5529 5179 5419 5402 5246 5181 5036 4690 4971 5375 4954 5183 5284 5228 5302 5204 5159 5528 5069 4876 5224 5122 5343 4957 5087 5307 5651 5170 5013 5307 5156 5465 5343 5752 5442 4913 5147 5834 5450 5375 5374 5258 5282 4821 5550 5239 5463 5560 5123 5195 5669 5309 5184 5038 5230 5167 5626 5084 5301 5443 5625 5231 5578 5666 4866 5214 5298 5735 5493 5545 5112 5130
5140 5036 5000 4641 4771 5459 5419 5206 5009 5040 4757 5287 5220 4756 5416 5017 5160 4854 5581 5313 5259 5670 5176 5242 4950 5286 5317 5271 5290 5230 4868 4996 5072 5275 5211 4994 5044 4923 5332 5450 5595 5410 5642 5263 5404 4967 4958 4623 5442 5298 5288 5033 5436 5385 5149 5329 5643 5554 5638 5551 5124 5845 4543 4953 5238 5146 5612 5457 5236 5014 4727 5414 5714 4768 5517 5374 5463 5405 5063 5156 5398 5306 4784 5437 5054 5016 4872 4891 4873 5183 5484 5545 5123 5739 5011 5241 5325 5102 5119 5602 5214 5368 5268 5236 5215 5214 5524 4773 5736 5120 4935 4991 5285 5277 5269 5949 5000 4880 5375 5561 4576 5060 4956 5227 5329 5136 4928 4876 5173 4940 5137 4912 5590 5461 5460 5347 5015 5040 5124 5137 5385 4883 5226 4832 4759 5400 4993 5185 5568 5368 5851 5506 5242 5006 4991 5328 5162 5169 4981 5239 5371 5482 5566 5383 4974 5490 5398 4820 5010 5203 5742 4955 5244 5369 5286 4483 5161 5525 5217 5160 5221 5143 5211 5157 5294 5333 5602 5689 5027 5134 5310 5002 5132 5653 5024 5236 5433 5189 5136 5001 5107 5501 5101 4761 5208 5295 5209 5014 5109 5093 5839 5192 5068 5188 5282 5380 5539 5377 5446 4940 5243 5697 5067 5092 5249 5360 5260 4886 5544 5324 5429 5366 4917 5088 5286 5193 5180 5124 5547 4942 5509 4915 4942 5732 5630 5226 5203 5550 4921 5607 5090 5814 5535 5442 5093 5391
5401 5295 5733 5320 4920 5913 5651 5344 4930 5110 5133 5382 5760 5125 5524 5476 5646 5143 5860 5603 5599 5654 5249 5435 5346 5478 5488 5542 5569 5382 5116 4986 5175 5382 5604 4925 4997 5157 5617 5585 5293 5380 5390 5413 5644 5082 5151 5026 5522 5355 5358 5332 5691 5583 5436 5041 5944 5779 5331 5793 5422 5938 4585 5110 5785 5407 5639 5584 5562 5239 5240 5646 5450 5011 5548 5521 5351 5717 5235 5123 5573 5487 5107 5785 5138 5393 4741 4775 4947 5293 5801 5834 5434 5723 5169 5557 5722 4900 5662 5617 5645 5623 5555 5391 5611 5691 5618 4885 6186 5769 5113 5184 5058 5249 5214 5667 5303 5226 5418 5929 4838 5214 5409 5408 5544 5216 5322 5100 5234 5024 5275 5183 5786 5748 5885 5496 5156 5701 5245 5260 5831 5051 5119 5188 4852 5780 5797 5594 5742 5376 5343 5270 5486 5323 5319 5485 5188 5346 5274 5493 5619 5894 6082 5345 5035 5819 5514 5263 5313 5900 5731 5334 5326 5451 5395 4915 5223 5561 5443 5285 5349 5271 5832 5128 5611 5279 5494 5574 5020 5352 5306 5129 5319 6037 4997 5344 5461 5250 5299 5507 5407 5697 5218 5232 5524 5661 5147 4989 5195 5567 5949 5161 4950 5147 5291 5581 5767 5576 5540 5144 5116 5877 5538 5383 5812 5449 5177 5106 5709 5576 5492 5625 4913 5338 5825 5497 5383 5265 5425 5396 5783 5135 5116 5859 6295 5415 5390 5693 5106 5583 5516 5666 5734 5491 5245 5301
5578 5316 5553 5186 4867 5799 5737 5179 5383 5389 5148 5600 5602 5346 5514 5684 5839 5038 6255 5311 5660 5541 5271 5479 5498 5624 5448 5914 5881 5507 5256 5208 5243 5286 5560 5601 5137 5397 5596 5727 5898 5387 5598 5429 5939 5238 5250 4950 5463 5643 5563 5135 5753 5480 5501 5593 6064 6118 5495 5920 5297 5994 5065 5521 5341 5700 5767 5519 5530 5422 5195 5689 5398 4791 5581 5662 5472 5703 5378 5510 5990 5709 5054 5767 5265 5570 4883 5328 5100 5466 5949 5915 5625 5969 5459 5481 5791 4939 5599 5805 5808 5857 5406 5660 5559 5413 6011 5037 5726 5861 5089 5488 4870 5333 5449 6080 5417 5204 5712 6052 4807 5346 5182 5454 5422 5675 5402 5089 5356 5340 5489 5378 5846 5942 5961 5827 5573 5417 5429 5218 5501 5473 5461 5414 4960 5878 5617 5626 5423 5541 5933 5459 5594 5596 5398 5763 5307 5626 5156 5852 5665 6055 5890 5546 5347 5949 5721 5443 5290 5533 5632 5272 5509 5720 5345 4897 5452 5648 5579 5455 5538 5482 5735 5055 5641 5311 5917 5903 5199 5559 5637 5335 5545 5958 5324 5475 5439 5329 5689 5481 5436 6045 5412 5062 5955 5688 5816 5083 5236 5366 6039 5285 5202 5509 5459 5609 5684 5871 5629 5386 5392 5976 5520 5270 5864 5483 5349 5201 5841 5692 5717 5477 5113 5459 6009 5469 5646 5826 5607 5302 5761 5289 5202 5892 6001 5474 5758 6027 5407 5719 5493 5775 5916 5160 5437 5704
5072 4769 5207 4560 4411 5381 5394 5079 4778 4858 4461 5231 5393 4739 5177 5151 5397 4674 5492 4916 5056 5071 4903 4869 5086 5155 4898 4874 5418 5063 4497 4816 4641 5068 5067 4763 4653 4598 5081 5183 5696 4665 4986 4717 4909 4982 5151 4633 5099 5058 5030 4681 4991 4913 4790 4990 5426 5346 5261 5265 4881 5464 4608 5031 5251 5303 5041 5191 5056 5005 4802 5482 5014 4602 5171 5270 4921 4976 5014 5318 5686 4757 4467 5322 4878 5016 4344 4741 4553 4964 5149 5227 5167 5278 4842 5081 5104 4671 4959 5199 4951 5129 4691 5136 5183 5004 5445 4570 5588 5046 4595 4763 4703 4980 4764 5355 5043 4839 5140 5329 4479 4567 4905 4953 4686 5206 4741 4356 4629 4970 4896 4945 5393 5074 5194 5178 4779 4940 4661 4828 4910 4903 4991 4798 4517 5303 4974 5162 5198 5119 5300 5103 4988 4940 4690 5215 4987 4991 4882 5294 5239 5333 4990 4883 4700 5146 5319 4909 4573 4859 5102 5116 4957 5181 5091 4654 5217 5057 5176 4805 5016 4708 5222 4858 4978 4803 5349 5371 4995 5202 5228 4792 4754 5391 4694 4903 5141 4930 5092 4954 5124 5333 4805 4633 5075 4956 4797 4536 4728 5021 5276 4895 4498 4869 5020 5370 5353 5054 4842 4715 4890 5293 5049 4896 5228 4898 5022 4854 5135 5146 5322 4963 4802 4861 5269 5189 5187 4957 5030 4797 5289 4746 4742 5161 5513 4945 5368 5349 4588 5057 5337 5345 5327 4884 4876 5055
5333 5110 5322 4802 4720 5423 5614 5247 5208 4906 4809 5339 5246 5229 5689 5239 5738 4744 5826 5498 5393 5549 5075 5336 5212 5287 5404 5194 5248 5401 4956 5124 5034 5450 5119 5157 4947 4962 5387 5675 5672 5272 5587 5180 5326 4990 5251 4855 5443 5304 5402 4861 5203 5357 5224 5138 6022 5540 5248 5681 4985 5669 4898 5000 5459 5358 5596 5498 5190 5170 5312 5592 5727 5094 5533 5622 5491 5554 4897 5482 5799 5242 5017 5663 5027 5165 4807 5061 4939 5192 5456 5725 5387 5656 5196 5390 5321 4947 5457 5373 5429 5407 5409 5337 5315 5413 5709 4923 5880 5318 4981 5174 5151 5414 5236 5858 5397 5048 5346 5748 4716 5024 5395 4993 5204 5334 5069 5205 5013 5107 5232 4972 5682 5569 5520 5555 4806 5441 5120 5235 5574 5063 5282 5308 4962 5531 5542 5407 5409 5461 5777 5351 5265 5135 5153 5229 5225 5457 4922 5652 5199 5763 5473 5262 5149 5777 5404 5172 5152 5350 5536 5270 5258 5240 5227 4686 5529 5345 5350 5192 5130 5330 5525 5255 5621 5322 5737 5491 5134 5268 5461 4907 5242 5789 5029 5237 5294 5264 5075 5154 5301 5639 5183 4901 5727 5382 5124 4780 5189 5252 5786 5123 4784 5490 5279 5680 5382 5510 5478 5011 5211 5553 5239 5309 5256 5178 5247 5023 5430 5301 5364 5608 5011 5433 5274 5263 5244 5189 5534 4939 5828 5089 5105 5848 5507 5560 5441 5679 4951 5274 5388 5837 5669 5449 4919 5301
5272 4726 5013 4462 4706 5009 5082 4785 4856 4729 4448 4888 5069 4745 4795 5033 5112 4344 5406 4852 4979 5214 4845 4814 4682 5084 4778 5096 5044 4958 4493 4531 4824 4617 4811 4572 4547 4382 5337 5115 5215 4882 5085 4780 5027 4714 4788 4401 4965 4807 5003 4730 4957 4998 4826 4981 5329 5281 5016 4940 4688 5287 4351 4720 5005 5138 5272 5090 5015 4848 4683 5335 4842 4470 4951 4964 5090 5034 4585 4835 5110 4857 4667 5267 4600 4792 4585 4515 4543 4542 5418 5177 4888 5166 4925 4853 5128 4810 4712 5203 4769 5115 5022 4901 4997 5089 5126 4817 5703 4961 4584 4720 4665 4800 5143 5207 4652 4944 5109 5087 4295 4733 4720 4827 4993 4874 4813 4595 4663 4772 4618 4784 5210 4985 5244 5168 4662 4932 4640 4622 5066 4696 4580 4684 4516 5337 4945 4844 5025 4878 5103 4830 5009 4622 4557 4670 5045 5003 4864 5000 5283 5381 5307 5265 4893 5228 4786 4834 4887 5064 5089 4790 4952 5100 4543 4423 5238 4868 4963 4678 4882 4762 5019 4767 5030 4762 5118 5105 4692 4922 4796 4875 4558 4887 4738 4791 4753 4768 5016 5022 4923 5363 4681 4728 5029 4799 4995 4513 4506 4687 5350 4892 4525 4998 4765 5152 5329 5116 5121 4403 4628 5155 4760 4956 4968 5187 4885 4631 4974 4913 5194 4992 4545 4708 5211 5018 4969 4933 4923 4860 5144 4759 4922 5159 5453 4986 4987 5236 4528 5135 5189 5176 5296 5120 4492 4930
5247 5284 5497 5048 4947 5635 5408 5426 5225 5210 4962 5593 5814 5146 5420 5732 5549 4874 5730 5165 5299 5630 5175 5252 5317 5396 5528 5410 5656 5269 4930 4942 5096 5054 5665 5195 4887 5143 5393 5335 5571 5299 5457 5276 5645 5142 4880 4976 5380 5421 5352 5232 5485 5598 5157 5131 5667 5691 5537 5711 5375 5946 4864 5242 5372 5468 5287 5690 5211 5185 5071 5563 5406 4743 5624 5559 5042 5595 5265 5300 5868 5149 5056 5647 5365 5288 4760 5174 4975 5178 5656 5846 5312 5625 5285 5476 5602 5006 5407 5616 5355 5621 5226 5505 4986 5489 5477 4788 5799 5632 5119 5022 5117 5235 5275 6010 5028 4822 5311 5721 4954 5083 5332 5543 5430 5482 5416 5092 5024 5192 5253 5195 5772 5393 5688 5194 5205 5521 5147 5065 5505 5237 5036 5345 4932 5517 5277 5398 5469 5399 5685 5067 5120 5149 4884 5421 5213 5512 5082 5701 5603 5580 5590 5341 5335 5768 5508 5008 5410 5394 5430 5056 5283 5362 5199 4708 5512 5462 5314 5102 5589 5215 5292 4908 5434 5448 5714 5760 5198 5155 5370 5358 5233 5730 5065 5378 5234 5351 5413 5274 5174 5633 5068 5173 5560 5462 5588 4839 5023 5123 5991 5026 4982 5502 5377 5552 5690 5690 5367 5102 5122 5548 5291 5212 5327 5412 5326 4848 5718 5360 5499 5382 4857 5364 5980 5216 5180 5231 5385 5040 5864 5058 5058 5336 5813 5455 5316 5605 5182 5293 5254 5848 5701 5338 5111 5179
5362 4965 5335 4840 4781 5398 5300 5189 5162 5008 4861 5624 5300 4946 5204 5459 5372 4820 5509 5221 5426 5567 5450 5202 5112 5175 5058 5412 5297 5114 4971 5228 5231 5234 5503 5505 4900 4989 5240 5632 5299 5450 5476 5231 5541 5165 5159 5113 5206 5499 5264 5064 5543 5192 5145 5033 5733 5612 5493 5638 5111 5921 4897 5132 5237 5338 5487 5526 5384 5192 5178 5373 5188 4823 5396 5508 5366 5565 5113 5470 5682 5419 5111 5716 5208 5196 4691 4803 4899 5402 5523 5541 5147 5588 5396 5264 5623 4882 5290 5641 5362 5586 5275 5172 5442 5365 5743 4937 5880 5574 4838 5219 4899 5091 5258 5562 5073 4840 5221 5688 4798 4783 5181 5276 5156 5299 5114 4920 5026 5035 5106 4969 5652 5674 5630 5556 5220 5439 5309 5091 5240 5224 5110 5007 4877 5541 5315 5559 5453 5287 5491 5239 5351 5437 5090 5522 5002 5461 4981 5859 5434 5740 5537 5360 5020 5706 5402 5272 5103 5319 5533 5187 5201 5329 5123 4685 5324 5235 5306 5048 5240 5308 5617 5034 5521 5010 5674 5274 5202 5327 5721 5179 5261 5527 5533 5301 5289 5170 5356 5122 5215 5866 5288 5041 5366 5366 5364 4895 5177 5068 5739 5217 4930 5366 5403 5642 5365 5643 5402 4967 5117 5645 5155 5372 5262 5335 5166 4841 5521 5285 5293 5563 4833 5329 5777 5173 5633 5546 5270 5064 5493 4864 5154 5570 5828 5348 5352 5718 5123 5371 5241 5849 5598 5425 4858 5220
5117 4960 5143 4653 4444 5224 5484 4781 4735 4842 4416 5563 5199 4990 5153 5341 5103 4520 5397 4974 5230 5087 4845 5035 5047 4811 5039 5315 5141 5098 4550 4999 4995 4766 5050 4988 4749 4757 5263 5094 5630 4928 5105 5254 5366 4670 4888 4641 5097 5164 5144 4804 5206 4908 5083 4770 5497 5282 5055 5500 5081 5516 4768 5029 5235 5510 5540 5100 5081 5178 4987 5234 5041 4726 5078 5605 5187 5250 4721 5432 5758 5297 4719 5480 4915 4833 4689 4770 4732 4791 5347 5538 5147 5094 4780 4938 5330 4584 5222 5318 5049 5571 5087 4968 5198 4985 5484 4748 5575 5318 4891 5070 4523 5082 5007 5460 4830 4696 5232 5394 4548 4731 4998 5059 4917 5112 5063 4677 4775 5106 5091 4743 5520 5357 5298 5246 4726 5113 4686 5115 5131 5077 4919 4743 4527 5127 5137 5127 5175 4900 5373 5143 5247 4852 4898 5200 5177 5059 4881 5374 5328 5477 5401 4956 4828 5177 5238 4567 4928 5314 5201 5105 5174 5090 4852 4426 5201 5330 5015 4704 5047 4986 5366 4945 5287 4921 5370 5390 5014 5269 5055 4550 5189 5451 4793 4999 4950 4772 5262 4917 5097 5520 5055 4818 5138 5280 5058 4731 4841 4989 5559 4861 4594 4855 5036 5196 5255 5347 5203 4987 5138 5452 5207 5108 4995 4963 4918 4898 5513 5389 5194 5069 4880 5085 5520 5173 5047 5246 5190 4843 5575 4911 4935 5376 5336 4914 5073 5329 4616 5100 5186 5418 5266 5214 4750 4936
5458 4950 5198 4762 4493 5086 5307 4986 4677 4489 4498 5257 5089 4647 4816 5300 5272 4454 5393 5065 4927 5058 4823 4743 4771 5034 4971 5062 5162 5020 4544 4860 4766 4734 4948 4820 4576 4467 5038 5240 5404 4878 5275 5040 5086 4707 4723 4687 4925 4914 4989 4652 4938 5143 4919 5039 5359 5333 5024 5242 4999 5398 4279 4830 5033 5342 4811 5060 4925 4877 4676 4735 4920 4609 5284 5304 5108 5097 4637 4967 5501 4979 4445 5202 4734 4842 4504 4665 4628 4665 5107 5304 4955 5088 4775 5029 4911 4572 4977 5120 4853 5415 4895 5031 5051 4813 5129 4560 5533 5069 4643 4694 4528 4865 5222 5332 4614 4580 5376 5244 4228 4816 5098 4942 4966 4869 4768 4662 4557 4705 4571 4612 5278 5160 5141 5376 4735 5127 4746 4907 5020 4677 4879 4776 4263 5211 5018 4966 4848 5014 5192 5109 4977 4921 4803 5091 4654 5291 4630 5037 5226 5334 5384 5092 4628 5455 5128 4700 4904 5198 5204 4926 4759 5077 4983 4427 4843 4710 4732 4959 4886 4740 4938 4679 4974 4732 5037 5104 4474 4746 5081 4572 4913 5361 4705 4590 4842 4922 4897 4994 5156 5379 4779 4678 5159 4955 4890 4746 4593 4674 5361 4918 4429 4879 4803 5224 5398 5493 5065 4483 4751 5219 5078 4853 5026 4745 4827 4537 5157 4932 5137 4965 4598 4847 5280 5121 5046 5216 5149 4768 5307 4904 4707 5235 5276 5162 5170 5248 4391 4999 4909 5546 5405 5301 4705 4888
5052 4537 5253 4840 4640 5282 5335 5145 5156 4929 4751 5382 5125 5247 5083 5201 5422 4896 5684 5300 5053 5154 4920 5026 4923 5099 4899 5201 5159 5090 5018 4882 4862 5143 5087 4907 4700 4558 5559 5396 5180 4967 5199 4987 5377 4907 4824 4630 5172 5182 5108 4737 5291 5346 5052 5113 5734 5608 5423 5316 5091 5656 4497 4932 4990 5194 5190 5311 5049 5105 5050 5489 5184 4874 5481 5340 5092 5258 4775 5171 5234 4952 4779 5524 4704 5026 4678 4642 4772 5054 5283 5590 4919 5710 4920 5252 5455 4802 5143 5127 5138 5588 5209 5200 5184 5336 5509 4989 5682 5356 4795 4908 4712 4939 5300 5608 5011 4867 5122 5489 4346 4821 4940 5008 5165 5171 4946 5050 5188 4732 5125 4820 5407 5329 5512 5130 4949 5381 5043 5217 5185 4894 4874 5175 4510 5450 5237 5394 5205 4980 5453 4967 5003 5254 4903 5133 4791 5417 4730 5380 5077 5460 5672 5023 4720 5636 5162 4886 4856 5191 5315 4905 5333 4942 5050 4528 5254 5043 5143 4992 5139 5116 5316 4894 5287 5191 5494 5093 5113 5129 5207 4970 5016 5475 5063 5125 4943 4976 5124 5108 5002 5475 5070 4981 5205 5211 5286 4845 4910 5017 5382 4927 4705 4982 5204 5048 5402 5461 5355 5030 4930 5324 5051 5124 5353 5280 4992 4799 5412 5195 5314 5360 4879 5315 5497 5087 5242 5160 5131 4884 5458 4910 4901 5311 5730 5067 5129 5400 4898 5033 5143 5748 5482 5260 4848 5216
5109 5333 5447 4771 4595 5486 5764 5320 5078 4845 4833 5695 5417 5070 5140 5383 5447 4998 5450 5194 5189 5483 5226 5450 5004 5141 5221 5260 5274 5086 4746 5000 5053 4995 5438 5132 4946 4950 5532 5495 5549 5240 5678 5123 5464 5092 5260 5113 5365 5377 5581 4913 5503 5252 5148 5095 5753 5550 5421 5556 5165 5823 4807 5309 5266 5683 5451 5397 5348 5303 4933 5068 5175 4725 5426 5677 5177 5463 4899 5331 5942 5255 4947 5628 5107 5190 4740 4877 4905 5063 5603 5744 5246 5629 5367 5087 5444 4949 5395 5453 5138 5526 5089 4943 5067 5128 5573 4702 5650 5203 5094 5136 4799 5461 5157 5635 5394 4870 5647 5705 4825 4871 4997 5190 5209 5447 5308 4791 5020 5155 5052 4950 5766 5206 5467 5444 5080 5360 5152 5239 5555 5114 5194 5125 4770 5520 5470 5362 5259 5236 5593 5432 5228 5096 5136 5014 4986 5286 4974 5556 5493 5599 5485 5264 4968 5647 5185 4882 5056 5618 5272 5057 5030 5165 5165 4604 5277 5334 5244 5384 5314 5178 5420 5186 5414 5130 5646 5464 5405 5309 5511 5186 5315 5779 4908 5376 5298 5189 5296 5227 5244 5574 5205 5027 5354 5334 5281 4619 4955 4968 5684 5231 4956 5045 5116 5533 5546 5569 5378 5031 5160 5756 5250 5276 5330 5274 5192 5153 5363 5613 5366 5294 5203 5201 5749 5191 5208 5293 5428 4984 5478 4893 4819 5730 5839 5024 5484 5540 4579 5202 5278 5759 5659 5178 5144 5051
5282 5089 5469 5112 5060 5409 5732 5088 5014 4984 4735 5330 5411 4955 5393 5395 5612 4794 5586 5243 5054 5397 5149 5385 4868 5272 5150 5009 5406 5339 5017 4877 5408 5305 5148 4941 4853 4771 5829 5559 5585 5459 5244 5124 5425 4784 5064 4503 5364 5367 5295 4952 5340 5408 4995 5217 5895 5509 4984 5411 5131 5787 4615 4954 5264 5630 5403 5295 5179 5196 5008 5428 5160 4851 5396 5482 5318 5162 5025 5415 5849 5247 4939 5478 5106 5412 4938 4909 4965 5093 5223 5547 5033 5417 4952 5140 5410 4836 5378 5695 5359 5150 5254 5349 5607 5509 5564 4898 5757 5561 4892 5036 4799 5286 5446 5708 5076 5130 5518 5695 4581 5028 5078 5260 5148 5183 4812 4750 5026 4982 5052 4727 5689 5084 5628 5311 4968 5167 5040 5383 5109 5010 4803 5130 5067 5399 5043 5277 5599 5350 5464 5219 5299 5050 4960 5255 5181 5312 5029 5517 5171 5751 5606 5293 5151 5605 5368 4845 4910 5346 5461 5114 5292 5260 5167 4660 5139 5351 5395 5366 5225 4940 5272 4978 5411 5462 5525 5407 4995 5167 5457 5068 5023 5780 5002 5010 5126 5062 5434 5169 5283 5627 4904 5170 5226 5180 5320 4850 5088 5198 5672 5335 4796 5135 5043 5500 5322 5351 5324 4894 5121 5553 5035 5262 5319 5286 5060 4874 5565 5099 5396 5104 4914 5213 5594 5439 5294 5103 5413 4991 5787 4884 5235 5290 5465 5328 5146 5449 5026 5515 5155 5371 5595 5283 4970 5160
5445 5143 5699 4938 4637 5357 5560 5194 5100 5101 4888 5353 5399 5022 5377 5397 5383 4822 5679 5334 5258 5358 5305 5119 4879 5227 5104 5166 5408 5402 4790 4909 5199 5053 5387 5125 4929 4847 5487 5611 5542 4947 5641 5215 5354 4925 4842 4834 5528 5019 5242 4927 5152 5429 5437 5213 5598 5505 5260 5466 5232 5759 4857 4894 5296 5498 5378 5657 5235 5081 5029 5605 5238 4958 5108 5640 5226 5513 5128 5338 5527 5345 4633 5687 5087 5208 4853 4894 4894 4876 5572 5578 5121 5633 5012 5195 5440 4872 5232 5597 5291 5491 5289 5254 5297 5173 5516 4745 5714 5464 4843 5065 5028 5277 5055 5719 5020 4833 5416 5766 4394 4758 5022 5064 5223 5104 5289 5123 4941 4762 5186 5018 5735 5304 5489 5421 4957 5107 5008 5015 5426 5097 5208 5130 4522 5577 5164 5380 5455 5376 5392 5177 5273 5514 5033 5220 4909 5477 5050 5385 5227 5675 5635 5149 5043 5641 5231 4890 4990 5373 5312 5217 5157 5351 5316 4613 5324 5358 5400 5390 5185 5200 5550 5013 5410 5064 5723 5349 5120 5291 5321 5134 5288 5515 4945 5300 5493 5242 5303 5149 5113 5790 5457 5049 5348 5078 5373 4916 4833 5122 5769 5248 4847 5117 5118 5445 5438 5385 5333 4835 4949 5540 5061 5109 5324 5064 5373 4809 5588 5388 5302 5345 5040 5021 5718 5379 5620 5321 5342 5040 5629 4837 5055 5816 5497 5455 5268 5582 4829 5178 5240 5888 5574 5317 5161 5172
5010 4607 5015 4615 4191 5324 5043 4739 4914 4570 4656 5098 5155 4829 5203 5159 5119 4513 5087 5137 5033 5188 5166 4998 4763 4911 4641 5059 5290 4709 4597 4602 4754 4723 5042 4765 4441 4593 5218 5228 5061 5002 5021 4963 4988 4706 4687 4533 5111 4810 4901 4461 5112 4788 4802 4578 5526 5573 4926 5158 4812 5374 4272 4829 5049 5255 5109 5278 4673 4711 4872 5101 5056 4851 5067 5202 5095 4839 4670 5096 5320 4961 4741 5306 4693 5149 4578 4169 4584 4731 5125 5145 4836 5295 4940 4838 5180 4357 5138 5114 5075 4952 5283 5059 5167 5135 5139 4696 5357 5175 4673 4709 4690 4948 4762 5371 4786 4614 5053 5315 4351 4846 4881 4946 4883 4796 5106 4798 4785 4673 4817 4567 4884 5170 4959 5071 4630 4918 4720 4696 5040 4519 4838 4926 4453 5223 4968 4997 4968 4904 5471 4766 5067 4967 4762 4950 5001 5069 4799 5141 4993 5442 5093 5029 4872 5407 5229 4669 4853 5022 5018 4619 4919 4787 5053 4432 5103 5314 5017 4968 4907 4629 4866 4813 5159 4677 5056 5211 4764 4887 5170 4906 4987 5328 4744 4935 5034 4885 4838 4739 4628 5248 5036 4723 5144 4898 4845 4562 4748 4800 5428 5020 4701 5130 4807 5126 5137 5231 5228 4483 4768 5616 4925 4737 5095 4821 4936 4551 5138 5049 4753 4891 4571 4807 5211 4837 5144 5014 5034 4607 5313 4678 4830 5244 5260 5015 4837 5289 4487 4920 4898 5255 5222 5171 4610 5178
5527 5198 5837 5049 4950 5576 5626 5256 5178 5031 5021 5468 5693 5059 5416 5421 5751 4997 5852 5125 5373 5472 5419 5220 5144 5509 5386 5635 5576 5314 4856 5388 5033 5102 5498 5215 5078 5011 5633 5658 5675 5275 5741 5312 5645 5189 5255 5366 5277 5429 5687 5132 5451 5464 5500 5296 5873 6051 5535 5781 5445 5889 5031 5350 5706 5729 5444 5728 5347 5348 5185 5469 5310 4954 5501 5577 5482 5636 5011 5319 5619 5656 5084 5597 5110 5229 4909 5047 4907 5077 5912 5900 5345 5686 5381 5221 5568 5009 5670 5342 5434 5329 5428 5311 5447 5270 5685 4968 6091 5433 5345 5436 4967 5276 5442 5905 5102 5107 5614 5941 4686 5005 5164 5302 5296 5377 5370 5057 5158 5053 5028 5079 5829 5505 5629 5679 5251 5565 5395 5381 5592 5262 5231 4924 4889 5763 5728 5549 5452 5308 5321 5459 5390 5387 5179 5382 5206 5422 5194 5571 5690 5851 5686 5472 5078 5792 5413 5298 5223 5602 5665 5175 5229 5488 5193 4607 5440 5360 5408 5535 5222 5125 5838 4962 5665 5141 5463 5659 5110 5248 5299 5353 5436 5756 5148 5311 5658 5172 5500 5152 5361 5908 5212 4980 5515 5409 5486 4856 4876 5244 5866 5497 5058 5395 4935 5642 5674 5772 5551 4971 5055 5699 5441 5392 5653 5454 5059 5111 5542 5360 5314 5488 5079 5071 5833 5374 5551 5672 5577 5108 5893 4987 5142 5792 5955 5635 5396 5665 5007 5372 5369 6050 5791 5541 5133 5221
5059 4455 5027 4481 4434 5045 5333 4652 4894 4483 4242 5028 5252 4451 5127 5171 4987 4446 5333 4937 5038 5191 4955 5014 4754 4989 4774 4683 4949 4658 4805 4613 4872 4711 4958 4722 4457 4409 4931 5126 5188 4812 4962 4768 4918 4522 4810 4410 5104 4976 4973 4467 4986 4756 4802 4781 5388 5068 5049 5190 4453 5498 4320 4710 5023 4926 4907 5088 4780 4734 4881 5082 4847 4804 5115 5136 5312 5051 4764 5136 5437 5004 4611 5021 4739 4628 4427 4644 4558 4784 5280 5152 4794 5195 4817 5232 5005 4671 4915 5345 4947 5223 4730 5002 5145 4892 5312 4447 5462 5005 4585 4814 4305 4875 4790 5271 4758 4837 4856 5182 4483 4463 4874 4906 4745 4836 4752 4639 4715 4719 4663 4403 5285 5175 5072 5045 4760 4921 4731 4837 5036 4679 4724 4831 4311 5115 5038 4971 4997 4727 5089 4609 5098 4971 4513 4972 5080 4919 4500 5042 5192 5352 5107 5222 4723 5095 5203 4661 4745 5253 5001 4667 4928 4876 4896 4492 5002 5080 5039 4659 4919 4864 4874 4804 4875 4867 5154 4973 4575 4980 4782 4625 4846 5273 4762 4710 4782 4783 5032 4832 4751 5323 4991 4526 4781 4982 4733 4522 4450 4961 5311 4648 4467 4725 4790 5152 5163 4888 4979 4344 4931 5291 4961 4905 4766 4865 4826 4640 5030 4989 5123 4855 4530 4928 5228 4723 4822 4791 4868 4638 5349 4777 4734 4892 5234 5014 5005 5349 4475 5018 5028 5134 5365 4883 4427 4906
5374 4875 5479 5111 4660 5645 5517 5411 5219 4941 5073 5521 5638 5224 5548 5600 5371 5034 5710 5405 5366 5206 5239 5260 5160 5288 5286 5277 5589 5335 5049 5036 4850 5558 5329 5176 4808 5091 5632 5442 5504 5143 5441 5016 5454 5078 4979 4810 5408 5259 5510 5094 5705 5297 5366 5089 5872 5626 5476 5340 5326 5655 4791 5291 5210 5546 5480 5657 5552 5042 5127 5590 5410 5169 5305 5501 5449 5354 5148 5321 5538 5312 5126 5827 5132 5230 4831 5016 4878 5174 5616 5576 5142 5669 5242 5361 5507 4957 5195 5747 5384 5414 5479 5499 5579 5667 5853 4868 5837 5443 5098 5128 4877 5502 5246 5770 5369 5097 5350 5607 4402 5204 5392 5411 5082 5287 5147 4895 5293 5225 5232 4914 5537 5351 5561 5412 4930 5452 5145 5381 5452 4949 5423 5001 4692 5479 5205 5443 5349 5478 5680 5337 5434 5084 4736 5391 5149 5666 4990 5588 5633 5617 5854 5335 5237 5854 5311 5109 4899 5703 5474 4974 5328 5170 5210 4443 5257 5461 5255 5405 5138 5155 5326 5146 5260 5421 5808 5715 5453 4966 5441 5053 5280 5744 4961 5332 5181 5271 5461 5122 5428 5880 5261 5055 5498 5288 5380 4977 5092 5213 5710 5447 4879 5381 5297 5517 5670 5598 5397 5012 5180 5837 5197 5229 5378 5216 5265 5102 5608 5321 5617 5500 5066 5040 5675 5335 5443 5144 5503 5126 5818 4877 5134 5499 5782 5262 5249 5998 4853 5648 5245 5642 5699 5407 5013 5442
5235 5105 5314 4756 4813 5616 5175 5178 5189 4993 4802 5117 5452 4542 5253 5068 5363 4838 5438 5358 5198 5347 4880 5151 4827 5252 5275 5345 5204 5016 4740 4939 4983 4988 5580 5107 4771 4900 5380 5431 5602 5181 5239 5312 5584 5004 4913 4621 5349 5145 5230 4888 5480 5384 5030 5046 5550 5535 5121 5508 5033 5750 4566 4995 5030 5084 5537 5489 5184 4974 5002 5206 5300 4586 5187 5085 5024 5279 5078 5302 5560 5097 4881 5521 5115 5257 4814 4822 4707 4904 5396 5465 5196 5422 4840 5282 5384 4862 5286 5528 5198 5432 5405 5165 5271 5236 5365 4757 5555 5276 4828 5230 4773 4955 5076 5628 4990 5141 4874 5495 4504 4827 5003 5124 5139 5211 5111 5031 4809 4958 5366 4973 5514 5433 5228 5322 4939 5298 5245 5071 5361 5133 5088 4920 4969 5696 5170 5098 5147 5410 5572 5381 5202 4863 4994 5429 5042 5277 4792 5122 5208 5366 5586 5333 5074 5711 5274 5192 4884 5336 5263 4832 5038 5237 5015 4616 5325 5296 5297 5101 5118 5030 5059 4999 5214 5100 5479 5300 4882 5232 5424 4938 5297 5412 4849 5047 5299 5121 5268 4804 4961 5473 5122 4710 5266 5409 5326 4765 4899 4892 5848 5132 4729 5235 5009 5396 5486 5546 5477 4761 4936 5410 4948 5351 5228 5165 5188 4806 5506 5267 5410 5455 4826 4944 5331 5132 5179 5278 5333 4636 5432 4831 5035 5705 5578 5190 5365 5418 4867 5337 5193 5664 5533 5293 4709 5176
5648 5044 5409 4899 4878 5458 5676 5403 5055 5045 4796 5531 5495 4989 5165 5428 5520 4662 5590 5350 5384 5555 5193 5183 5187 5166 5272 5458 5559 5348 4812 5062 5210 5051 5332 5124 5099 4912 5569 5341 5633 5242 5395 5364 5658 4963 5030 4924 5331 5439 5362 4876 5430 5279 5083 5332 5747 5798 5374 5651 5162 5778 4685 5099 5229 5182 5244 5360 5394 5425 5061 5557 5151 5010 5444 5321 5480 5533 4895 5276 5750 5339 4778 5756 5175 5122 4786 5015 4887 4999 5513 5786 5381 5623 5162 5144 5284 5154 5304 5453 5256 5398 5192 5513 5456 5600 5580 4905 5786 5352 5140 5319 5013 4891 5480 5685 5173 4772 5356 5617 4707 4897 5430 5499 5089 5261 5355 5054 5158 5170 5185 5100 5776 5672 5594 5381 5130 5302 5047 5204 5131 5175 5074 5321 5007 5653 5570 5222 5496 5222 5530 5191 5358 5212 5008 5321 5153 5249 4925 5283 5601 5515 5442 5512 5065 5458 5252 5264 5366 5488 5223 5214 5291 5441 5075 4844 5404 5286 5482 5238 5359 5043 5291 5139 5169 5013 5611 5613 5039 5281 5114 4920 5375 5649 5056 5356 5354 5318 5290 5236 5454 5795 5353 5069 5585 5254 5209 5059 4996 5165 5714 5049 5023 5316 5289 5602 5648 5693 5139 5002 5334 5517 5323 5094 5327 5185 5190 5051 5364 5244 5494 5420 5026 5385 5796 5172 5608 5291 5433 5063 5492 4884 5153 5797 5897 5377 5485 5632 5189 5498 5386 5770 5657 5192 5291 5318
5634 5132 5630 5264 5030 5559 5733 5303 5586 5164 4876 5568 5421 5129 5649 5281 5807 5059 5962 5476 5653 5845 5398 5541 5389 5462 5408 5464 5734 5510 5246 5180 5361 5373 5407 5318 4976 4923 5947 5710 5652 5621 5655 5310 5771 5134 5008 4839 5554 5482 5710 5050 5627 5511 5439 5530 6011 5632 5554 5495 5322 5748 5098 5377 5409 5549 5558 5844 5444 5190 5496 5485 5545 5075 5456 5692 5643 5530 5176 5500 6149 5433 5260 5735 5345 5528 4924 5088 5062 5100 5621 5744 5204 5881 5493 5694 5729 5232 5638 5944 5268 5803 5561 5276 5652 5509 5994 5098 5912 5555 5002 5430 5160 5402 5726 5855 5325 5083 5711 5817 4940 5360 5268 5404 5121 5411 5366 4969 5267 5258 5075 5006 5913 5564 5551 5662 5147 5558 5169 5538 5260 4985 5207 5304 5083 5596 5496 5653 5813 5765 5726 5404 5509 5353 5301 5468 5179 5759 5246 5679 5545 5850 5879 5322 5335 5561 5739 5323 5407 5658 5622 5298 5259 5582 5386 4990 5596 5429 5447 5342 5104 5283 5547 5333 5497 5300 5801 5676 5396 5277 5633 5040 5422 5786 5087 5521 5513 5368 5569 5346 5425 5863 5375 5470 5777 5456 5404 4986 5260 5516 5986 5277 4912 5512 5219 5776 5779 5613 5652 5174 5197 5683 5336 5279 5701 5556 5334 5163 5488 5620 5631 5588 5238 5634 5756 5409 5513 5570 5452 5084 6012 5506 5307 5793 5701 5498 5434 5931 5043 5634 5326 5951 6052 5441 5189 5535
4737 4532 4820 4409 4510 5100 4993 4633 4500 4623 4369 4607 4716 4475 4599 4640 4935 4231 5014 4638 4667 4877 4833 4822 4603 4855 4684 4716 4934 4546 4520 4603 4408 4522 4596 4667 4496 4303 4789 4919 4983 4831 4705 4511 4920 4273 4538 4420 4618 4577 4661 4445 4969 5095 4947 4434 5039 5033 4680 4833 4564 5137 4144 4537 4895 4854 5035 4843 4681 4723 4449 4845 4687 4054 4785 5107 4669 4545 4294 4900 5090 4623 4463 5100 4504 4691 4563 4391 4338 4548 5050 4926 4663 5014 4441 4709 4979 4374 4765 5290 4620 4882 4689 4737 4644 4799 4864 4365 5060 4657 4391 4860 4384 4863 4680 5165 4722 4515 4654 5036 4180 4452 4366 4606 4675 4763 4663 4555 4505 4783 4571 4366 5158 4725 5174 5013 4306 4832 4404 4347 4740 4582 4900 4408 4421 4980 4823 4640 4840 4729 4966 4724 4583 4623 4517 4801 4812 4841 4673 4846 4811 5029 4909 4633 4727 5092 4576 4461 4662 4741 4836 4426 4603 4927 4404 4006 4805 4785 4834 4509 4790 4371 4961 4519 4937 4658 5014 5223 4553 4590 4726 4573 4757 5126 4564 4675 4659 4438 4556 4646 4736 4887 4656 4243 4863 4726 4797 4234 4515 4574 5356 4711 4434 5047 4767 5024 4902 4903 4613 4495 4519 5081 4509 4917 4787 4769 4448 4455 5010 4562 4905 4443 4406 4408 5075 4591 4990 4826 4813 4655 4875 4169 4528 4835 5211 4800 5018 4971 4575 4810 4828 5031 4807 4738 4528 4713
5225 4818 5289 4938 4867 5533 5463 5020 4749 4994 4638 5384 5293 5032 5231 5117 5344 4781 5479 5605 5300 5315 5000 5339 5316 5332 5287 5270 5497 5106 4803 4834 5194 4858 5217 4956 4932 4979 5435 5178 5245 4995 5124 5127 5332 4819 5011 4877 5169 5248 5282 4673 5172 5429 5146 5166 5594 5486 5152 5282 4936 5722 4704 5096 5338 5228 5393 5441 5254 5104 5227 5514 4867 4696 5213 5438 5171 5397 4675 5387 5648 4986 4964 5644 4948 5131 4882 4862 4760 5028 5254 5360 4948 5613 5201 5368 5527 4752 5233 5369 5317 5281 5238 5347 5246 5397 5326 4911 5795 5430 4683 4843 4713 5186 5302 5939 5171 5048 5383 5633 4727 4878 5271 5095 5080 5181 5021 4729 4821 5170 5156 4877 5536 5147 5410 5295 4817 5323 5049 5107 5189 5197 4855 4944 5015 5278 5203 5356 5541 5309 5664 5044 5020 4975 4566 5363 5133 5197 4996 5328 5265 5476 5348 5287 4956 5491 5267 4927 4954 5376 5184 5095 5066 5290 4945 4547 5128 5159 5401 5101 5086 4964 5282 5134 5281 5264 5490 5450 5085 5058 5175 5125 4951 5518 4966 5162 5284 5027 5235 5045 5325 5443 5192 4932 5352 5280 5290 4843 5072 5302 5686 4816 4825 5235 4924 5243 5490 5222 5146 4797 5005 5443 5315 5141 5477 5077 5259 5139 5408 5163 5525 5283 4948 5214 5678 5342 5402 5153 5043 4884 5464 4819 4924 5510 5761 5030 5498 5589 5099 5412 5481 5474 5716 5264 4921 5277
5204 5069 5401 5167 4741 5807 5414 5413 5064 5047 4961 5349 5592 4772 5391 5372 5440 4856 5576 5216 5207 5408 5259 5347 5144 5218 5110 5289 5387 5134 5091 4804 5003 5161 5274 5048 4883 4919 5638 5433 5525 5049 5416 5164 5605 5041 5052 4605 5535 5194 5587 5055 5298 5186 5178 4928 5503 5573 5218 5291 5167 5676 4710 5255 5199 5488 5475 5430 5143 4971 5395 5575 5296 4683 5229 5347 5464 5416 4795 5161 5701 5321 5141 5629 5268 5059 4902 4465 5052 4864 5552 5570 5188 5612 5350 5112 5702 4830 5232 5292 5170 5430 5377 5381 5227 5364 5416 4894 5764 5294 4959 5065 5210 5221 5390 5698 5117 4788 5444 5504 4437 4963 5261 4795 5064 5219 5335 5047 4905 4995 4977 4897 5631 5381 5666 5502 5121 5316 5121 5225 5313 4912 5155 4949 4795 5730 5128 5400 5276 5278 5450 5243 5270 5333 4851 5474 5137 5270 5091 5637 5340 5548 5504 5274 5203 5650 5394 5170 5059 5510 5462 4922 5271 5183 5187 4585 5390 5651 5308 5061 5304 4993 5564 5053 5264 5255 5740 5521 5214 5282 5458 5059 5054 5486 4836 5282 5083 5033 5254 5076 5296 5816 5251 5088 5415 5190 5225 4872 5197 5264 5628 5139 4816 5380 5105 5604 5456 5607 5657 4726 5238 5758 5259 5016 5468 5323 5333 4950 5325 5211 5322 5466 5115 5050 5572 5361 5350 4996 5370 4882 5750 5087 5339 5597 5663 5297 5143 5614 5109 5375 5207 5404 5615 5603 5090 5309
5277 4909 5259 4887 4492 5427 5461 4789 5015 4925 4171 5200 5422 4806 5484 4999 5532 4627 5548 5097 5253 5241 4845 5144 5086 4955 5022 5220 5544 4754 4877 5056 4963 5169 5116 4990 4714 4570 5334 5288 5201 5005 5354 5017 5298 4634 4584 4661 5304 5020 5048 4581 5283 5402 4839 5052 5598 5192 5130 5546 5194 5441 4476 4996 5191 5048 5408 5046 5096 5218 4974 5338 5201 4712 5097 5303 4950 5149 4914 5156 5491 5184 4879 5308 5041 5236 4835 4562 4727 4860 5078 5481 5110 5331 4967 5448 5357 4591 5395 5339 5240 5188 5010 5228 5292 5226 5248 4837 5625 5118 5166 4822 4592 4941 5063 5764 4834 4811 5256 5473 4464 4564 5101 5063 4820 5067 4770 4638 5124 4830 4748 4903 5659 5178 5436 5111 4897 5287 4985 5075 4949 4593 4797 4890 4795 5188 5039 5116 5112 5116 5410 5074 5136 5338 4976 5274 4996 5195 4747 5271 5196 5381 5531 4887 4581 5370 5078 4813 4886 5136 5358 4776 4965 5186 4987 4748 5205 5140 5317 5103 5033 5124 5289 4846 5357 4891 5287 5307 4878 4839 4884 4850 5043 5505 4868 4970 4903 4966 5028 5091 5042 5146 4991 4771 5199 5031 5290 5038 4883 5052 5492 4911 4624 4892 5011 5478 5503 5074 5143 4745 5076 5697 5249 5104 5187 4687 5121 4765 5402 5102 5258 5244 4938 5095 5248 4822 5022 4936 5106 4884 5322 5029 4945 5196 5293 5105 5373 5344 4679 5075 5074 5644 5142 5202 5203 5039
5252 4983 5287 4693 4790 5306 5494 5210 5053 5084 4876 5587 5489 5282 5340 5271 5308 4778 5783 5124 5348 5498 5465 5319 5082 5290 5251 5522 5441 5058 4839 5002 5107 4989 5383 5139 4770 4607 5699 5375 5649 5488 5316 5352 5672 4975 5019 4906 5283 5289 5387 4924 5166 5314 5112 5190 5609 5744 5425 5287 5184 5585 4996 5225 5412 5432 5530 5487 5254 5210 5061 5220 5203 4927 5252 5620 5318 5503 5304 5600 5717 5066 4744 5541 5106 5281 4972 4793 4971 5273 5513 5582 5360 5348 5112 5135 5290 4852 5250 5334 5312 5480 4960 5337 5337 5352 5676 4857 5899 5353 5034 5182 4776 5128 4879 5643 5230 4798 5016 5617 4619 5053 4921 5448 5214 5153 5014 4898 4856 5053 5252 4869 5754 5285 5644 5156 5127 5269 5161 5299 5610 4963 4956 5245 5098 5614 5215 5495 5389 5147 5633 5160 5295 5089 5116 5425 5415 5438 4959 5627 5601 5612 5624 5255 5169 5465 5103 4841 5061 5482 5343 5112 5364 5487 4975 4784 5404 5438 5438 4914 5177 5226 5366 5279 5455 5269 5500 5794 5079 5221 5439 5096 5088 5676 4847 5155 5184 5173 5220 5135 5097 5780 5291 5192 5219 5202 5362 4987 4906 4917 6134 5129 4927 5295 5277 5363 5293 5584 5494 5071 5046 5612 5276 5338 5458 5296 5066 5006 5645 5162 5395 5320 4985 5099 5444 5431 5450 5578 5345 5242 5662 4763 4974 5545 5843 5334 5184 5599 4922 5397 5447 5526 5607 5319 4899 5304
5247 4890 5291 4580 4677 5619 5585 5089 5110 5077 4662 5230 5461 5201 5447 5406 5510 4863 5534 5313 5476 5293 5212 5065 4998 5300 5068 5372 5441 5223 4742 4895 4944 4972 5324 5232 4857 4922 5433 5514 5446 5325 5474 5023 5833 4917 4960 4833 5374 5308 5130 5164 5441 5305 5318 5246 5776 5804 5427 5590 5076 5671 4758 5243 5410 5341 5396 5362 5220 5085 5088 5515 5337 4969 5099 5647 5284 5334 5031 5215 5615 5235 5040 5634 5009 5229 4800 5006 4510 4997 5267 5649 5149 5533 5047 5352 5477 4984 5148 5301 5375 5776 5517 5486 5329 5206 5670 4942 5805 5317 4998 5319 4931 5061 5214 5811 5034 4946 5333 5760 4694 4984 5001 5218 5274 5290 5184 5017 5165 4892 5312 5125 5432 5380 5675 5525 4762 5176 4999 5096 5398 5000 4936 4879 4779 5658 5167 5218 5417 5270 5514 5260 5313 5144 4824 5048 5176 5252 4856 5417 5466 5733 5562 5310 4918 5509 5123 5112 4963 5440 5622 5058 5030 5024 5128 4716 5495 5341 5266 5268 5169 5170 5314 4944 5480 5147 5564 5654 5269 4984 5386 4957 5170 5456 4756 5331 5189 5214 5255 5170 5054 5469 5187 4798 5556 5501 5342 4903 4973 5277 5794 4922 5008 5236 5011 5456 5405 5675 5395 4673 5118 5473 5096 5175 5414 5294 5151 5060 5383 5394 5622 5354 4793 5277 5676 5156 5219 5194 5283 5043 5426 5032 5228 5545 5709 5164 5280 5772 5227 5468 5222 5762 5816 5319 5127 5130
5270 4774 5296 4988 4646 5280 5491 4916 4981 4652 4735 5317 5248 4977 4983 5352 5393 4889 5517 4926 5141 5186 5017 5002 4919 4991 5145 5212 5479 5035 4712 4929 5236 4962 5115 4869 4815 4974 5302 5236 5483 4912 5190 5122 5204 4737 4819 4739 5209 5107 5255 4861 4964 5455 4957 4899 5618 5282 5275 5393 5037 5648 4456 4892 5109 5184 5146 5513 5228 5285 5278 5238 4915 4656 5316 5319 5163 5173 4811 5240 5374 5167 4880 5623 4942 5046 4475 4916 4951 5084 5330 5674 5307 5505 5012 5059 5250 4785 5239 5453 5286 5419 5041 5024 5284 5384 5453 4736 5590 5175 4777 4986 4896 5015 5263 5495 5003 4853 5275 5639 4422 4883 5045 5031 4913 5373 4861 4755 4785 4906 4728 4821 5353 5278 5261 5200 4829 5342 5013 4843 5169 4903 5115 4692 4563 5228 5171 5425 5150 5187 5227 5063 4940 5014 4937 5194 5033 5361 4732 5263 5542 5521 5374 4877 4979 5505 5254 4985 5038 5241 5181 5148 5109 5169 4958 4608 5117 5283 5085 5017 5126 4680 5148 5106 4937 5018 5443 5108 5106 5178 5319 4803 5039 5266 4894 5036 4861 4951 4996 5060 5160 5479 5332 4921 5270 4921 5208 4731 4857 4813 5667 5003 4423 5233 5010 5300 5519 5274 4998 4695 5020 5432 5328 5112 5370 5218 5027 4633 5311 5299 5234 5247 4896 5119 5452 5003 5312 4918 5178 5132 5368 4813 4780 5354 5421 5184 5120 5554 4748 5543 5308 5309 5608 5493 5010 4770
5713 5221 5708 4841 4725 5595 5382 5217 5056 4836 5003 5642 5445 5159 5442 5669 5363 4794 5733 5398 5458 5928 5341 5301 5423 5351 5443 5483 5421 5148 5107 5157 4885 5212 5317 5260 4824 4789 5420 5404 5401 5245 5383 5413 5466 5075 5123 5140 5155 5429 5304 4793 5327 5691 5131 5344 5635 5997 5606 5768 5480 5749 4715 5147 5163 5289 5498 5695 5350 5416 4948 5452 5283 4919 5217 5355 5137 5744 4831 5389 5801 5516 5173 5759 4856 5486 4781 4897 5233 4968 5746 5600 5120 5695 5365 5550 5438 5059 5598 5518 5318 5569 5433 5572 5289 5318 5480 4891 5891 5607 5228 5071 4906 5130 5169 5533 5501 4991 5237 5765 4686 5021 5395 5279 5140 5222 5301 5041 5097 5167 5208 5290 5509 5464 5565 5497 5075 5643 5452 5058 5282 5119 5155 5147 4766 5528 5559 5448 5114 5334 5484 5201 5248 5110 5031 5218 5416 5495 4762 5406 5567 5448 5546 5383 5084 5533 5210 5069 5279 5683 5504 5122 5076 5226 4981 4528 5376 5442 5261 5238 5287 5305 5372 5154 5453 5195 5489 5373 5182 5266 5284 5129 5344 5449 4983 5126 5199 5241 5317 5534 5269 5685 5240 4709 5567 5472 5193 5072 5228 5261 5927 5385 4834 5392 5412 5686 5660 5730 5354 4605 5364 5951 5388 5095 5144 5106 5331 5089 5442 5483 5387 5649 5051 5348 5623 5198 5170 5298 5294 5383 5887 4961 5135 5727 5744 5357 5493 5555 4730 5473 5508 6040 5743 5499 5225 5247
5329 4991 5455 4654 4797 5313 5247 5005 4911 5023 4710 5274 5377 5011 5369 5437 5348 4928 5724 5294 5141 5553 5017 5042 5047 5223 5411 5122 5387 5043 5137 5002 5131 4839 5273 5076 4830 4946 5404 5237 5468 4811 5359 5056 5643 4734 5030 4638 5484 5408 5143 4636 4969 5168 4894 5144 5621 5410 5086 5557 5057 5700 4607 5192 5345 5068 5430 5285 5181 5321 5182 5372 5114 4575 5162 5524 5064 5397 4799 5206 5717 5094 5129 5494 5021 5200 4741 4920 4895 5049 5482 5557 5111 5708 5199 5201 5376 4969 5266 5418 5356 5325 5553 5394 5134 5382 5308 4632 5677 5574 4967 5101 5025 4894 5389 5581 5254 4946 5117 5760 4657 4993 5193 5084 4722 5506 5072 4759 5049 5074 4980 4850 5645 5288 5528 5484 4977 5133 5200 4981 5162 5142 5113 4923 4959 5726 5439 5300 5277 5344 5502 5061 5325 5042 4879 5410 5166 5298 4542 5557 5375 5510 5774 5077 5089 5617 5303 5286 5061 5126 5257 5242 5112 5391 5196 4645 5166 5499 5206 5108 5175 4976 5208 5109 5147 5196 5559 5522 5065 5114 5106 4856 4972 5594 4899 5023 5119 5373 4921 4888 5067 5528 5193 5093 5417 5273 5130 4882 5142 5096 5839 4981 4658 5259 4801 5435 5254 5540 5106 4813 5165 5589 5365 5174 5213 5055 5231 4792 5398 5286 5321 5238 4708 5380 5427 5206 5636 5242 5340 4952 5390 5058 5096 5352 5575 5486 5387 5565 5206 5409 5269 5436 5340 5628 5225 5199
4893 4621 4956 4454 4177 5199 5254 4663 4521 4530 4355 4973 5036 4605 5079 5113 5088 4786 5234 4949 4780 4799 4922 4779 4754 4849 4916 5036 5037 4747 4833 4660 4934 4795 4597 4788 4419 4532 5102 4973 5105 4775 5058 4756 5168 4553 4668 4701 4718 4864 4877 4495 4910 4891 4557 4722 5132 5234 4887 5046 4621 5576 4520 4831 4731 4949 4931 5364 4881 4863 4600 5023 4751 4233 4883 4911 5065 4916 4512 4994 5201 5038 4604 5372 4729 4852 4497 4321 4746 4816 5086 4985 4840 5041 5052 4839 5108 4559 4992 5043 4902 4962 4641 5111 5105 4892 5083 4401 5456 4946 4681 4709 4699 4771 4898 5070 4835 4782 5204 5037 4259 4411 4755 4872 4533 4875 4689 4431 4539 4725 4695 4614 5165 4978 5014 4858 4610 5020 4783 4769 5045 4864 4806 4534 4787 5221 4941 5128 4919 5220 4911 4853 4892 4653 4467 4892 4788 4995 4541 5016 5024 5217 5119 5117 4637 5387 4812 4777 4496 4847 5077 5094 4603 5104 4786 4496 4731 5125 5006 4876 4887 4697 4843 4667 5188 4683 5293 5005 4787 4698 5024 4671 4844 5161 4674 4958 4916 4975 4806 4513 4920 5273 4747 4596 4797 4756 4676 4515 5022 5023 5208 4824 4565 5086 4712 4962 4921 5022 4816 4535 4530 5279 4870 5033 4793 4796 5035 4657 5174 4681 5057 4947 4728 4682 5150 4994 5081 4959 4990 4508 5083 4396 4863 5044 5336 5098 5013 5317 4704 4922 4984 4988 5399 5103 4736 4644
5293 5065 5387 4929 4603 5458 5329 5271 4999 4738 4867 5730 5530 4981 5298 5695 5352 4812 5720 5382 5194 5742 5314 5457 5250 5273 5331 5163 5494 5281 4813 4948 5161 5165 5244 4964 4979 5046 5620 5352 5355 5147 5415 5407 5386 4826 4996 4532 5252 5147 5177 4768 5091 5441 5208 5126 5631 5741 5434 5299 5145 5764 4823 5079 5254 5410 5318 5690 5236 5315 4816 5415 5368 4614 5541 5313 5388 5458 4897 5294 5427 5299 4882 5698 4878 5204 4903 4753 4993 4922 5453 5713 5155 5495 5026 5215 5449 4815 5093 5450 5120 5714 5319 5318 5380 5469 5579 4780 5748 5484 4840 5060 4908 4955 5210 5576 5076 5042 5124 5565 4820 4815 5161 4853 5160 5289 5239 4882 4880 5006 4933 5035 5657 5403 5503 5442 5054 5541 5226 5094 5478 4966 5141 5042 4741 5495 5272 5443 5310 5393 5710 5189 5279 4894 4727 5294 5102 5374 5059 5423 5285 5410 5658 5502 4705 5625 5409 5219 5076 5755 5392 4894 5366 5089 5033 4742 5435 5357 5180 5072 5132 5215 5354 4968 5332 5103 5704 5578 5041 5334 5387 4870 5094 5588 5133 5178 5172 4882 5235 5096 5252 5832 5235 4917 5422 5243 5121 4931 5035 5354 5787 5089 4853 5238 5102 5447 5353 5672 5277 5060 5162 5599 5345 5445 5451 5448 5223 5073 5482 5441 5278 5527 4997 5230 5547 5380 5213 5233 5542 5011 5649 4782 5016 5581 5515 5395 5377 5623 5139 5052 5200 5561 5716 5560 4921 5505
5225 4471 5178 4617 4686 5361 5336 4906 4936 4991 4528 4891 5273 4650 5030 5000 5168 4826 5581 5091 5121 5356 4870 4954 5002 4997 5072 5222 5228 4843 4916 4932 4874 4695 5123 4945 4494 4498 5238 5373 5331 5032 5465 5068 5455 4713 4579 4718 5019 5106 5025 4924 5182 5080 5009 4920 5344 5405 5219 5271 4909 5780 4568 4948 5020 5117 5190 5474 5177 5086 5033 5302 5273 4770 5118 5310 5351 5160 4825 5099 5327 5043 4881 5416 4768 5024 4593 4539 4831 4876 5324 5422 5139 5391 4953 5258 5123 4700 5321 5397 5014 5231 4973 5277 5172 5265 5378 4910 5476 5149 4816 4905 4927 4740 5274 5431 4782 4539 4935 5532 4250 4912 4776 5324 4843 4926 5062 4813 4719 4843 4755 4745 5316 5153 5220 5398 4904 4987 5037 5009 5208 5229 4989 4757 4967 5206 4946 5168 5182 5114 5310 4916 4938 4970 4816 5177 4611 4929 4725 5339 5474 5525 5288 5172 4902 5516 4974 4949 4824 5171 5234 5128 5093 5244 5038 4683 4993 5309 4858 5123 5080 4735 5226 4986 5117 4752 5248 5262 4819 4943 5073 4766 4870 5356 4952 4978 5079 4832 5165 4909 4915 5328 5070 4736 5212 4875 5315 4762 4776 4913 5535 4783 4733 5137 4805 5176 5210 5141 5328 4913 4799 5099 5058 4910 5094 5309 4939 4804 5473 5112 5226 5104 4850 5089 5273 5226 5282 5313 4930 4759 5515 4643 4935 5117 5687 5168 4996 5513 4658 5343 5061 5379 5580 5245 4989 5027
4651 4793 5243 4523 4585 5189 5050 4687 4824 4568 4443 4976 5192 4588 4885 5015 4951 4492 5301 5022 4929 5121 4912 4931 4667 4856 5011 4820 5118 4852 4848 4595 4980 4707 4956 4764 4707 4797 5096 5210 4971 4905 5165 5034 5246 4446 4725 4563 5100 4927 5099 4560 5092 5013 4816 4654 5462 5132 5120 5203 5026 5319 4398 4780 5060 4900 5156 5317 4902 4731 4744 5020 4785 4401 5074 4837 4888 5288 4599 4881 5212 4761 4827 5238 4684 4989 4581 4497 4560 4675 5291 5383 4889 5546 4761 4975 4924 4716 5067 4978 5002 5238 5034 4591 4832 4917 5298 4450 5170 5050 4715 4596 4793 5050 4789 5284 4787 4865 4858 5396 4451 4622 4716 5027 4836 4995 4717 4824 4852 4573 4729 4664 5147 5225 5224 5018 4753 5077 4921 4742 5081 4537 4856 4669 4326 5394 4863 5126 4919 4868 5151 4751 4886 4797 4629 5028 5014 5000 4668 5103 5206 5334 5145 4707 4661 5264 4925 4866 4537 5314 5121 4471 4938 4933 4850 4573 5016 5057 4943 4830 4828 4923 5334 4738 5130 4830 5497 4869 4771 5073 5131 5018 5030 5346 4537 4733 4852 4672 4958 4968 4771 5377 4658 4686 4881 5075 4692 4683 4473 4932 5221 4786 4460 4602 4834 5228 4921 5066 4851 4761 4843 5360 4670 4948 4952 5300 4952 4594 5251 5192 4948 5224 4710 4935 5337 4792 4885 5092 5100 4654 5157 4499 4805 5143 5391 4922 4825 5271 4680 5029 4799 5258 5381 4969 4681 4878
5384 5229 5568 4898 4786 5350 5366 5178 4979 5033 4731 5453 5588 5039 5458 5312 5521 4722 5663 5337 5474 5386 5283 5345 5187 5380 5439 5267 5464 5319 4846 5059 4880 4859 5541 5172 4816 4763 5674 5516 5538 5295 5389 5305 5659 5207 5062 4716 5320 5308 5368 4949 5362 5399 5435 4940 5541 5611 5532 5471 5270 5978 4731 5058 5633 5632 5391 5531 5316 5067 5253 5594 5309 4976 5519 5477 5434 5491 5033 5492 5970 5201 4913 5892 5247 5191 4771 4872 4828 4844 5417 5693 5472 5547 4904 5261 5399 4887 5220 5469 5174 5618 5043 5535 5362 5254 5689 4865 5656 5375 4917 5112 5161 5093 5320 5689 5061 4753 5232 5682 4797 5156 5303 5078 5295 5462 5319 4927 4978 5123 5033 5066 5718 5441 5327 5413 4907 5274 5391 5105 5355 5039 5114 5086 4762 5229 5315 5339 5521 5211 5666 5565 5062 5190 4990 5454 5511 5147 5019 5432 5564 5551 5592 5386 5275 5629 5349 5086 5021 5405 5482 5104 5529 5323 5155 4734 5046 5606 5392 5354 5239 4794 5246 5188 5431 5285 5674 5536 5298 5273 5216 5090 5010 5683 5009 5095 5399 4975 5285 5200 4893 5871 5286 4949 5508 5372 5431 4992 5232 5247 5745 5151 4937 5303 4908 5357 5449 5477 5483 5048 5224 5564 5396 5319 5289 5326 5258 4976 5628 5213 5299 5310 5288 5164 5549 5409 5388 5435 5205 5011 5720 4685 5211 5556 5678 5236 5305 5679 5082 5236 5310 5767 5629 5352 5053 5319
5050 5075 5605 4861 4683 5501 5561 5184 4913 4955 4928 5339 5596 4896 5472 5482 5621 5043 5448 5301 5298 5087 4861 5236 5108 5309 5019 5167 5147 4986 4835 4799 4919 5200 5357 5208 4867 4656 5434 5362 5425 5191 5202 4924 5513 4966 5122 4854 5174 5184 5407 4852 5353 5313 5047 5054 5639 5647 5117 5592 4783 5798 4690 5104 5131 5659 5405 5561 5246 5148 5019 5465 5204 4703 5490 5397 4985 5338 5052 5269 5411 5355 4957 5470 5009 5381 4841 4572 4935 5247 5457 5469 5207 5584 5056 5358 5820 4881 5423 5344 5253 5204 5116 5214 5267 5130 5654 4653 5794 5299 5025 4917 4868 5257 5104 5769 5069 4990 5220 5789 4638 5087 4880 5053 5316 5340 5297 4751 4947 5087 5039 4858 5672 5284 5466 5166 4839 5209 4985 5137 5636 5135 4952 5021 4828 5414 5334 5282 5362 5191 5522 5225 5034 5147 5040 4997 5220 5435 4839 5417 5150 5520 5440 5385 4871 5567 5434 4976 4877 5416 5553 5345 4952 5233 5241 4501 5352 5525 5266 4928 4938 4783 4995 5229 5210 5316 5710 5595 5043 5329 5509 4891 5425 5679 4892 5154 4912 5149 5276 5294 4987 5404 5178 4817 5149 5296 5298 4902 4756 4908 5686 5273 4689 5275 5112 5293 5472 5432 5343 4723 5043 5583 5134 5120 5099 5260 5084 4908 5536 5092 5289 5282 4911 5084 5198 5373 5272 4909 5391 4956 5527 4910 4892 5409 5616 5285 5293 5217 4614 5226 5233 5561 5771 5261 4819 5165
5250 5100 5243 4815 4847 5702 5218 5128 5098 5183 4884 5441 5686 5016 5405 5617 5512 4931 5732 5215 5400 5629 5152 5450 5177 5381 5314 5438 5434 5130 5295 5032 5314 5171 5223 5034 4786 4912 5597 5448 5758 5203 5561 5409 5690 5297 5212 4879 5210 5321 5030 4919 5321 5403 5054 4984 5547 5750 5333 5516 5346 5755 4817 5371 5402 5535 5410 5212 5248 5294 5102 5454 5260 5075 5385 5754 5313 5659 4795 5405 5730 5353 4854 5580 5293 5303 4726 4848 4920 5056 5744 5475 5350 5604 5085 5377 5265 5061 5534 5379 5324 5548 5234 5380 5453 5316 5669 4659 6033 5578 4990 5401 5009 5326 5366 5597 4951 4987 5388 5771 4618 5186 5155 5438 5110 5233 5256 4823 5061 5249 5099 5331 5545 5454 5425 5258 5128 5145 4917 5245 5079 5125 5091 5204 4954 5523 5190 5211 5412 5559 5585 5214 5348 5476 5050 5312 5467 5307 5274 5560 5363 5504 5795 5371 5082 5626 5543 5158 5373 5085 5329 5239 5416 5387 5300 4835 5315 5253 5135 5283 5470 4974 5467 5228 5450 4887 5568 5546 5162 5350 5250 4764 5152 5491 5005 5136 5123 5143 5309 5428 5060 5833 5269 4975 5549 5375 5518 4999 5077 5142 5695 5166 5092 5189 5302 5369 5699 5533 5608 4836 5259 5679 5289 5318 5278 5122 5118 5045 5359 5491 5504 5446 4907 5415 5487 5369 5550 5154 5509 4839 5805 5327 5121 5441 5987 5211 5265 5506 4774 5335 5499 5764 5506 5555 5015 5182
5515 5279 5300 4800 4686 5570 5445 5340 5167 5315 4975 5465 5310 5131 5602 5337 5435 4707 5639 5254 5255 5756 5421 5439 5132 5196 5305 5438 5253 4997 5185 5106 5136 5049 5163 4987 5001 4890 5596 5684 5571 5189 5749 5171 5787 5214 5038 4667 5423 5602 5278 4896 5295 5165 5123 5351 5795 5865 5399 5426 5248 5653 4815 5336 5405 5206 5621 5631 5307 5464 5431 5634 5273 4793 5288 5501 5216 5464 5165 5227 5543 5596 4914 5523 5015 5140 4957 4825 4756 5221 5606 5642 5342 5518 5180 5513 5438 4812 5311 5485 5284 5540 4984 5413 5345 5308 5586 4884 5759 5603 4960 5165 4824 5056 5242 5613 5210 5181 5305 5878 4652 5029 5121 5151 4978 5395 5200 4860 5144 5127 5108 4918 5777 5300 5671 5152 5250 5222 5118 5135 5617 5041 5278 5035 5116 5650 5301 5383 5418 5348 5588 5504 5390 5043 5172 5315 5129 5519 4800 5455 5611 5780 5502 5275 5205 5778 5394 5206 5120 5518 5575 4970 5122 5247 5043 5102 5451 5548 4973 5079 5142 5303 5349 5166 5186 5028 5670 5689 4953 5354 5237 4970 5312 5689 5210 5487 5497 5339 5264 5126 5295 5632 5366 5141 5476 5343 5268 4886 4946 5090 5975 5440 4840 5313 5017 5435 5558 5768 5461 5030 5213 5619 5378 5172 5502 5298 5151 4968 5605 5435 5252 5536 4998 5426 5531 5329 5415 5459 5403 5060 5388 5057 4927 5514 5711 5313 5454 5585 4881 5415 5484 5750 5570 5523 5236 5445
5363 4837 5611 5138 4792 5260 5374 5281 5189 4949 4859 5641 5341 5011 5386 5573 5378 4939 5598 5030 5261 5319 5062 4939 5178 5416 5143 5417 5398 5369 4874 5099 5017 5196 5108 5268 4773 4788 5346 5758 5564 5268 5437 5153 5649 4934 4875 4781 5239 5212 5422 4798 5237 5139 5107 5061 5518 5681 5281 5538 4877 5666 4612 5073 5126 5589 5525 5549 5360 5173 5022 5576 5027 4688 5462 5486 5498 5508 5086 5434 5831 5245 5115 5688 4946 5515 4922 4762 4957 5370 5533 5636 4933 5346 5406 5316 5425 4885 5453 5596 5369 5286 5174 5178 5365 5477 5698 4975 5927 5226 4939 5287 4827 5253 5241 5827 5089 4925 5491 5746 4548 4983 5290 5190 5007 5297 5221 4846 5064 4816 4958 5003 5624 5495 5307 5556 5072 5180 4996 5216 5538 5113 5181 5128 4782 5589 5451 5402 5147 5463 5452 5216 5483 5346 5244 5178 5128 5370 5070 5666 5577 5698 5658 5317 4903 5582 5400 5116 5143 5454 5306 4980 5329 5312 5043 4681 5453 5502 5415 5238 5055 5373 5435 5079 5504 4853 5668 5570 5208 5139 5356 4929 5304 5818 5126 5257 4965 5259 5353 5194 5193 5504 4979 4893 5492 5283 5410 5123 4791 5182 5833 5152 4952 5217 5203 5357 5270 5317 5524 4918 5040 5565 5192 5232 5287 5191 5118 5212 5158 5297 5459 5306 4820 4992 5696 5395 5213 5180 5482 5062 5651 4933 5276 5545 5644 5118 5222 5670 4612 5381 5222 5512 5699 5429 5019 5092
5314 4889 5370 4865 4480 5548 5316 5093 5222 5282 4628 5469 5229 5014 5225 5555 5515 4901 5795 5033 5085 5224 5219 5337 5164 5328 5240 5299 5538 5183 4925 5114 4957 5203 5389 4956 4895 4865 5308 5631 5613 5182 5436 5240 5468 4943 4942 4893 5254 5117 5030 4852 5329 5301 4983 5132 5605 5663 5400 5356 5120 5660 4715 4819 5154 5332 5521 5544 5340 5084 5115 5406 5160 4831 5452 5260 5122 5528 5008 5194 5382 5142 4981 5453 5069 5049 4715 4777 4761 5045 5560 5651 5095 5381 5250 5184 5423 4849 5088 5469 5184 5352 5114 5602 5011 5400 5483 4945 5743 5168 5013 5052 4829 5279 5302 5603 4898 4895 5168 5431 4318 4632 5134 5217 5096 5132 5137 4806 4944 4823 4886 4935 5808 5566 5309 5408 5084 5438 5024 5073 5218 5137 5111 4737 4760 5616 5179 5626 5369 5210 5312 5095 5218 5135 4711 5433 5008 5166 5014 5311 5201 5656 5469 5169 4879 5743 5187 4960 5137 5389 5335 4920 5194 5335 4951 4716 5182 4935 5463 5071 4854 4890 5188 4804 5110 4965 5455 5192 4783 4998 5304 5090 5214 5578 5163 5110 5354 4741 5292 5091 5121 5605 5058 4999 5254 5069 5237 4949 4893 5060 5501 4834 4514 5090 4985 5192 5269 5607 5041 5018 5218 5508 5318 5546 5298 5323 5055 4825 5411 5232 5413 5489 5200 4996 5536 5224 5326 5258 5311 4729 5259 4770 4936 5451 5675 5176 5149 5649 5076 5074 5173 5705 5812 5309 5108 5098
5475 5081 5358 5077 4979 5661 5523 5230 5079 4923 5008 5660 5648 5083 5499 5348 5674 4858 5803 5261 5467 5708 4816 5387 5270 5581 5281 5355 5393 5327 5070 5107 5101 5103 5357 5111 4946 5162 5524 5407 5738 5365 5458 5231 5725 4911 5185 4801 5428 5354 5585 5088 5432 5368 5368 5258 5911 5729 5272 5663 5280 5823 5057 5245 5414 5459 5477 5643 5516 5343 5406 5681 5456 4894 5325 5341 5226 5618 4939 5523 5390 5301 4898 5803 5176 5349 4863 4859 4983 5071 5520 5821 5417 5500 5216 5388 5513 4945 5549 5579 5256 5552 5575 5469 5206 5361 5822 4960 5781 5506 5128 5154 5132 5128 5126 5929 5040 4849 5222 5712 4727 5147 5212 5527 5085 5444 5250 4722 5287 5078 5013 4810 5631 5607 5659 5570 5078 5368 5285 5134 5487 5349 5076 5276 4793 5553 5332 5370 5510 5518 5699 5441 5262 5033 5261 5508 5077 5356 5051 5744 5664 5607 5684 5434 5009 5390 5471 5203 4904 5554 5625 5202 5410 5395 5236 4761 5564 5534 5003 5198 5239 4973 5354 5180 5591 5174 5660 5603 5159 5461 5351 4778 5266 5703 5086 5213 5230 4957 5724 5181 5225 5845 5014 5039 5580 5363 5281 4977 4963 5462 5794 5110 4888 5267 5090 5718 5415 5620 5248 4978 5335 5622 5075 5184 5638 5673 5134 5064 5721 5363 5534 5457 5117 5300 5610 5442 5389 5517 5630 5118 5909 5116 5425 5455 5662 5276 5480 5638 5185 5465 5261 5585 5575 5393 4787 5291
5441 4796 5111 4715 4714 5097 5109 5064 4659 4824 4630 5167 5010 4909 5170 5252 5294 4756 5500 4967 5223 5292 5161 5095 5108 5129 4970 5181 5217 4945 4711 4971 5023 4940 4960 4875 4889 4537 5139 5300 5349 5085 5293 4808 5199 4587 4711 4444 4944 5150 5112 4824 4926 5249 4970 4995 5359 5483 4953 5223 5026 5448 4526 4864 5073 4871 5360 5410 5226 4958 4914 5344 4946 4550 5060 5087 4749 5116 4536 4964 5245 5164 4774 5491 4802 5001 4660 4377 4802 4835 5266 5292 5235 5243 4969 4888 5389 4766 5349 5285 5080 4959 5011 5255 5304 5108 5099 4696 5455 5159 4935 4823 4984 5040 4933 5419 4942 4908 5186 5551 4500 4660 4634 5063 5204 4968 4997 4509 4702 4597 4917 4621 5371 4927 5480 5125 4847 4768 5060 5030 5069 4929 4950 4990 4531 5420 5082 5034 4972 5244 5161 4903 5114 4876 4774 5266 5029 5168 4479 5106 5190 5191 5109 5247 4887 5346 5023 4775 4792 5082 5224 4993 4993 5136 4936 4638 5122 5143 5262 4852 4879 5034 5294 4837 5081 4711 5424 5399 4664 5061 5089 4890 4845 5184 4846 4806 4988 4691 4930 4797 5173 5280 4940 4442 4930 5089 5082 4798 5312 4821 5548 4963 4839 5007 4790 5395 5083 5308 5130 4361 4853 5301 5113 5022 5157 4870 4970 4777 5502 5012 5012 5101 4603 4861 5386 5288 4873 4958 5077 4910 5434 4678 4817 5440 5233 5104 5070 5111 4610 5150 5043 5370 5304 5002 5086 5103
5383 4854 5135 4961 4737 5524 5129 4804 5018 5145 4900 5181 5535 5130 5495 5368 5068 4742 5434 5479 5515 5481 4827 5194 5142 5229 5279 5088 5266 5160 5014 4975 5029 4847 5230 5016 4757 4987 5540 5350 5205 4879 5222 5034 5404 4740 4855 4741 5370 4996 5441 4822 5315 5183 5070 5397 5570 5387 5373 5610 5104 5521 4389 5009 5274 5248 5571 5320 5075 5100 5096 5537 5108 4684 5151 5171 5378 5444 5063 5211 5729 5370 4885 5435 5079 5193 4715 4765 5033 4890 5381 5628 5014 5543 5217 5396 5462 4887 5491 5222 5113 5494 5462 5494 4946 5351 5430 4659 5442 5337 5143 5037 4870 5229 5200 5712 4994 5005 5294 5752 4482 4828 5074 5127 5234 5125 5331 5065 4954 4956 5099 5021 5559 5527 5525 5355 5064 5039 5076 5073 5348 5141 4967 4912 4553 5444 5355 5273 5235 5287 5634 5204 5407 5323 4747 5320 5090 5504 4715 5353 5436 5528 5420 5358 5177 5475 5361 4982 5220 5255 5100 5105 5383 5354 5119 4781 5354 5097 5326 4994 5192 5117 5137 4992 5109 5035 5582 5596 4861 5091 4897 4855 5166 5664 5204 5167 5190 5330 5214 5223 4997 5679 5335 5029 5522 5263 5311 4976 5130 4945 5648 5245 4915 5019 5196 5202 5157 5334 5306 4875 4906 5682 5245 5153 5200 5371 5130 4755 5543 5339 5306 5467 4566 5232 5608 5287 5162 5201 5247 4945 5892 5108 4892 5577 5692 5258 5244 5457 4842 5239 5166 5418 5426 5292 4914 5383
5209 4966 5387 4926 5017 5648 5256 5043 5050 4906 4839 5258 5482 4882 5463 5231 5342 4805 5533 5540 5579 5520 5193 5379 5136 5236 5313 5207 5264 5101 4998 5020 4980 5032 5226 5017 4899 5080 5308 5329 5569 5367 5316 5166 5226 4986 4816 4728 5247 5425 5420 4842 5202 5195 5254 5158 5635 5309 5422 5552 5423 5601 4704 5177 5440 5304 5354 5433 5054 5204 5090 5443 5311 4594 5406 5274 5182 5390 4638 5068 5579 5106 4966 5684 5039 5258 4740 4934 4887 4758 5411 5617 5234 5508 5075 5005 5512 4951 5312 5412 5391 5161 5344 5061 5155 5149 5459 4746 5621 5328 5016 5191 5107 5250 5147 5707 5355 5157 5334 5702 4716 5025 5090 5190 4984 5348 5220 4898 4885 4983 4904 4896 5797 5282 5876 5312 4929 4908 4967 5286 5553 4998 5233 4804 4711 5654 5390 5361 5366 5215 5724 5185 5437 5196 4962 5283 5315 5188 5042 5404 5500 5616 5747 5176 5276 5542 5276 5064 5046 5332 5471 4857 5244 5148 5221 4540 5251 5399 5211 4937 5115 5059 5433 5296 5385 5266 5649 5599 4937 5045 5287 5058 5079 5693 4822 5103 5157 5182 5257 4976 5026 5470 4982 4887 5447 5293 5301 5023 5079 5116 6056 4912 5058 5164 5003 5419 5297 5396 5264 5071 5157 5289 5067 5543 5220 5422 5104 4696 5348 5281 5324 5415 4705 5003 5645 5387 5449 5290 5331 4966 5785 4976 5277 5622 6117 5246 5371 5592 4820 5213 5243 5676 5732 5317 4955 5193
5404 4804 5330 5131 4862 5441 5266 4970 4963 4801 4699 5246 5246 4979 5126 5341 5570 4733 5500 5297 5157 5221 5241 5005 5162 5225 5092 5126 5515 5379 4809 4920 4986 5142 5123 4974 4812 4707 5434 5536 5445 5094 5448 5055 5440 4792 4812 4826 5330 5091 5094 4678 5259 5606 5143 4869 5708 5482 5280 5612 5222 5725 4543 5029 5011 5208 5235 5352 5331 5045 4960 5424 5002 4965 5184 5158 5174 5480 4940 5279 5719 5035 5022 5338 4947 5185 4557 4741 4925 4909 5513 5697 5162 5548 5202 5273 5199 4804 5351 5462 5252 5380 5489 5189 5180 5297 5423 4915 5447 5397 5041 5148 5005 5141 5306 5501 5159 4891 5224 5871 4306 5019 5005 5318 4889 4939 5013 4994 5108 4965 5116 4940 5611 5121 5587 5562 4915 5406 5218 4983 5050 5151 4994 4946 4657 5398 5154 5376 5095 5260 5470 5038 5304 5158 4979 5378 4835 5247 4888 5503 5667 5605 5426 5094 4880 5457 5087 4883 5025 5144 5257 4885 5210 5296 4890 4850 5333 4918 5347 5123 5034 4824 5231 5062 5236 5065 5571 5260 4984 5254 5187 4905 5054 5635 4926 5284 5311 4955 5318 5155 5227 5707 4970 4840 5481 5072 5012 4657 4913 5176 5668 5053 4739 5127 5153 5438 5325 5356 5060 4662 5051 5574 5198 5069 5263 5174 4991 4563 5285 5323 5439 5167 4841 5453 5662 5128 5057 5080 5318 5102 5663 5002 5062 5523 5493 5257 5453 5704 4939 5174 5206 5613 5266 5213 5145 5061
5452 5013 5355 4759 4660 5555 5372 5186 4796 4682 4632 5626 5348 4928 5322 5422 5524 4779 5742 5349 5173 5242 5079 5162 5244 5469 5079 4990 5486 5379 5085 4993 5221 4918 5196 4915 4840 4806 5505 5563 5526 5089 5328 4994 5451 4994 4985 4582 5285 5168 5335 4973 5397 5259 5073 5016 5575 5524 5383 5362 5191 5870 4606 5220 5317 5317 5341 5351 5253 4973 4823 5574 5190 4849 5379 5298 5403 5453 4636 5132 5782 5331 4857 5772 5003 5127 4821 4816 4890 5047 5305 5430 5085 5203 5219 5210 5285 4952 5186 5299 5111 5686 5460 5184 5338 5150 5492 5001 5835 5383 5196 5024 5030 5204 5396 5631 4907 4983 5247 5496 4336 5029 5198 5131 5038 5166 5217 4727 4816 4857 5094 5247 5511 5294 5632 5312 4814 5202 4812 5175 5168 5065 4891 5010 4607 5381 5309 5263 5410 5240 5534 5076 5437 5074 4988 5294 5074 5428 4811 5276 5430 5241 5656 5448 5086 5541 5414 4989 5088 5243 5324 5056 5400 5335 4909 4602 5326 5273 5186 5285 5133 5118 5318 4950 5315 5323 5679 5531 4880 5243 5280 4810 4887 5670 4877 5125 5200 5030 5360 5110 5280 5554 4937 4943 5282 5343 5067 4867 5228 5229 5784 5075 4634 5163 5187 5324 5458 5669 5428 4866 5264 5494 5064 5141 5302 5321 5029 4890 5372 5278 5490 5353 5091 5279 5544 5373 5254 5189 5228 5115 5384 5032 5084 5557 5608 5372 5213 5502 4980 5333 5013 5712 5489 5389 4791 5309
5381 4891 5377 5036 4897 5540 5481 5222 5065 5166 4847 5325 5511 4936 5489 5494 5415 4834 5777 5159 5362 5598 5282 5120 4951 5467 5357 5511 5350 5182 4904 4899 4847 4958 5258 4917 4993 4639 5555 5431 5531 5199 5278 5136 5456 5282 4927 4641 5187 5529 5293 5117 5298 5356 5087 4973 6018 5842 5429 5689 5059 5644 4868 5060 5584 5189 5579 5510 5419 5076 5039 5381 5214 4723 5363 5308 5289 5391 5040 5394 5811 5309 5028 5391 4968 5143 4677 4895 4682 4893 5517 5575 5127 5605 5147 4932 5675 4925 5138 5419 5378 5541 5446 5367 5292 5141 5519 4993 5771 5516 4923 4865 5108 4930 5230 5624 5122 4863 5255 5544 4662 5082 5269 5412 5213 5485 5173 4817 4891 4989 5372 5074 5490 5469 5511 5343 5190 5584 5250 5166 5380 5153 5025 4822 4853 5560 5168 5303 5463 5180 5564 5177 5305 5191 4861 5384 5177 5269 5020 5458 5351 5674 5572 5503 4981 5502 5184 5195 5083 5333 5405 5224 5244 5275 5103 4563 5350 5128 5395 5120 5291 5008 5475 5027 5381 5306 5323 5625 5022 4957 5185 5393 4986 5326 5089 5114 5594 4997 5381 5318 5069 5786 5161 5142 5649 5371 5439 4834 5142 5231 5812 5420 4811 5018 5165 5487 5406 5543 5315 4970 4981 5753 5275 5211 5375 5178 5212 5148 5497 4994 5301 5460 5081 5295 5591 5267 5183 5302 5453 4868 5615 5078 5067 5548 5750 5299 5330 5620 4994 5286 5216 5634 5553 5382 5021 5388
5485 4864 5232 5103 4799 5412 5297 5249 5221 4898 4833 5653 5487 4841 5287 5577 5325 4786 5481 5044 5179 5439 5329 5260 5067 5536 5291 5320 5492 5376 4830 4944 4891 5003 5268 5247 4868 5070 5379 5498 5465 5305 5320 5220 5602 5293 5065 4625 5172 5498 5299 4986 5291 5236 5196 5033 5667 5569 5432 5424 4987 5676 4766 5081 5427 5481 5454 5436 5241 5149 4986 5263 5091 4869 5469 5256 5281 5270 5176 5245 5779 5095 4807 5769 5259 5561 4624 5019 4731 4976 5355 5396 5208 5566 5019 5075 5573 4875 5251 5431 5317 5559 5280 5192 5503 5111 5533 4562 5847 5276 5062 5212 4627 5337 5015 5737 5174 4986 5402 5694 4719 5063 5254 5380 5220 5230 4924 4797 4668 5036 5086 4968 5907 5232 5331 5233 4929 4994 4946 5292 5298 5194 5026 4852 4820 5436 5360 5325 5472 5144 5655 5262 5136 5261 5044 5317 5403 5403 5203 5603 5356 5627 5580 5303 5335 5647 5186 5101 4926 5367 5306 4884 5196 5195 5134 4651 5060 5136 5318 5019 5315 5052 5166 4914 5294 5388 5758 5744 5081 5476 5608 5080 4923 5792 4866 5060 5222 5112 5163 5101 4916 5582 5063 4760 5286 5200 5287 4994 5031 4870 5969 4954 4748 5122 5017 5345 5315 5403 5365 4997 5190 5702 5168 5302 5249 5316 5283 4763 5458 5288 5423 5265 4825 5048 5501 5349 5405 5081 5427 5141 5382 4838 5121 5599 5906 5066 5200 5609 4822 5663 5168 5850 5618 5275 4782 5259
5482 5349 5700 5352 5460 5639 5506 5587 5539 5341 5051 5751 5915 5546 5894 5697 5902 5114 6352 5672 5651 5736 5529 5481 5266 5733 5766 5607 5896 5604 5201 5492 5328 5549 5615 5256 5128 5291 5849 5867 5811 5612 5844 5676 5701 5271 5275 4941 5789 5529 5779 5331 5863 5504 5644 5301 6110 5926 5836 6152 5452 6149 5019 5399 5552 5680 5830 5977 5724 5519 5267 5744 5849 5250 5916 5785 5780 5668 5485 5717 6050 5260 5206 5896 5470 5407 4977 5350 5191 5249 5838 6232 5633 6074 5552 5687 5708 5128 5613 6038 5625 5757 5530 5819 5637 5825 5888 5202 6008 5723 5145 5355 5091 5530 5549 6134 5273 5388 5817 6057 5030 5362 5824 5401 5437 5441 5336 5376 5479 5588 5334 5333 5854 5750 5829 5940 5170 5635 5484 5429 5694 5311 5469 5348 5133 5662 5645 5592 5663 5580 6098 5396 5644 5258 5166 5710 5434 5730 5371 5852 5530 6173 5986 5707 5521 6188 5722 5347 5460 5736 5870 5439 5600 5548 5499 4833 5396 5889 5570 5530 5450 5385 5664 5392 5683 5535 6025 5758 5326 5347 5845 5399 5407 5921 5389 5451 5576 5499 5578 5509 5340 6001 5518 5167 5791 5738 5732 5184 5416 5472 6293 5340 5194 5735 5500 5723 6034 5654 5669 5124 5444 5801 5295 5604 5555 5711 5492 5255 5737 5746 5878 5870 5108 5618 5895 5485 5586 5511 5618 5259 6049 5191 5603 5817 5993 5747 5716 5956 5299 5978 5732 6250 6059 5728 5337 5714
5075 4975 5382 4781 4768 5645 5653 5197 5091 4923 4710 5443 5383 4864 5278 5413 5499 4951 5469 5254 5140 5225 5372 5217 4925 5159 5109 5072 5293 5117 5180 5016 5251 5015 5122 4985 4991 4960 5488 5435 5539 5064 5356 4801 5315 4872 5148 4767 5355 5002 5344 4955 5131 5373 5333 4977 5525 5617 5500 5513 5153 5589 4723 5020 5589 5488 5286 5356 5090 5119 5231 5419 5276 4735 5484 5415 5327 5209 4948 5456 5599 4847 4845 5404 4986 5169 4857 4712 4857 4848 5476 5780 5167 5471 5092 5384 5318 4837 5184 5399 4979 5363 5238 5460 5088 5485 5533 4846 5867 5069 5044 5181 4862 5284 5468 5840 5194 4746 5400 5602 4623 4990 5262 4881 5056 5162 5021 5136 4842 5094 4821 5019 5704 5154 5458 5330 4856 5351 5143 4981 5521 4931 5278 4733 4731 5422 5448 5463 5444 5308 5416 5121 5120 5078 4974 5169 5077 5413 4953 5345 5413 5348 5482 5042 4866 5481 5080 5206 4860 5391 5476 4809 5407 4970 5067 4748 5218 5355 5140 5447 5298 4819 5537 5141 5308 5227 5460 5586 5080 5298 5398 4836 4790 5801 4992 5076 5219 4892 5198 4893 5338 5549 5125 4918 5364 5049 5305 4649 4894 5292 5696 5038 4822 4989 4971 5370 5493 5316 5155 4764 5201 5532 5318 5245 5291 5267 4972 4797 5403 5318 5313 5315 5195 4890 5503 5144 5222 5265 5496 5035 5500 4876 5101 5270 5615 5396 5093 5548 4932 5553 5073 5491 5466 5399 5050 5223
4929 4468 4873 4315 4357 5058 4951 4819 4908 4501 4176 4778 4894 4671 5068 4742 5054 4409 5407 4992 5081 5074 4744 4925 4451 4838 4986 4763 5057 4566 4579 4734 4670 4560 5003 4657 4710 4483 5000 5044 5005 4792 4889 4740 4950 4586 4459 4309 5074 4830 4947 4563 4751 4784 4639 4785 5257 5085 4798 4859 4737 5273 4286 4743 4852 4671 5050 4886 4683 4771 4794 4875 5012 4361 4863 4937 5028 4922 4347 5076 5395 4753 4470 4998 4586 4629 4422 4421 4610 4596 5057 4967 4976 5054 4543 4748 5070 4624 4949 4976 5004 5141 4788 4906 4915 4792 4990 4601 5220 4758 4454 4596 4494 4710 4971 5146 4871 4469 5032 5239 4274 4636 4702 4734 4833 5078 4746 4779 4543 4468 4557 4463 5160 5002 5271 5019 4573 4661 4891 5000 4964 4480 4675 4673 4529 5158 4805 4982 4792 4757 5211 4833 4762 4394 4767 4868 4775 4852 4708 5059 5009 4932 5023 4920 4721 5168 4924 4899 4528 5022 4962 4655 4845 4654 4853 4298 5136 5000 5040 4694 4673 4812 5217 4677 5145 4885 5081 5076 4767 4858 4963 4737 4888 5261 4672 4685 4687 4698 4722 4724 4820 5116 4834 4531 4753 4867 4820 4712 4648 4555 5174 4592 4459 4718 4612 5155 5013 4932 5078 4455 4621 5372 4627 5090 4689 4813 4938 4623 5049 4708 4823 4905 4685 4963 5031 4620 5129 5013 4808 4188 5184 4489 4611 5224 5470 4844 4836 5195 4580 4990 4876 5086 5092 5066 4416 5003
5534 5200 5790 5195 4976 5941 5894 5336 5598 5191 5000 5685 5802 4961 5573 5536 5829 5038 5825 5588 5771 5963 5489 5488 5097 5454 5344 5737 5730 5520 5240 5259 5211 5244 5541 5427 5015 5392 5649 5934 5584 5566 5529 5419 5635 5352 5279 5002 5571 5530 5588 5312 5603 5523 5662 5418 5979 5625 5703 5910 5591 5923 5071 5704 5385 5826 5689 5907 5628 5596 5317 5703 5655 5151 5908 5777 5405 5662 5462 5755 5967 5592 5139 5882 5491 5512 5004 5236 5139 5404 5816 5856 5313 5875 5440 5483 5830 5123 5434 5935 5693 5834 5505 5361 5296 5695 5750 5212 6023 5734 5148 5273 5264 5533 5649 6042 5534 5270 5675 5807 4633 5085 5572 5490 5197 5652 5372 5223 5272 5487 5059 5171 5913 5724 5860 5936 5298 5531 5452 5294 5702 5477 5190 5369 4947 5998 5264 5439 5701 5617 5863 5551 5419 5437 5376 5643 5302 5610 5566 5898 5528 5960 6014 5433 5354 5685 5474 5349 5372 5488 5761 5113 5568 5454 5405 4924 5381 5725 5578 5253 5351 5425 5758 5272 5758 5388 6034 5609 5414 5654 5634 5256 5420 5844 5439 5597 5449 5583 5879 5596 5484 6111 5526 5217 5701 5500 5567 5152 5042 5273 6112 5571 5310 5529 5379 5722 5947 5652 5645 5262 5431 5754 5632 5610 5768 5609 5379 5077 5893 5628 5486 5640 5411 5516 5939 5523 5634 5319 5514 5410 5914 5010 5602 5840 6096 5756 5709 5988 5215 5869 5699 5856 5665 5631 5052 5438
5404 5072 5548 5066 4729 5813 5482 5361 5436 5353 5035 5610 5678 5126 5647 5480 5578 5026 5776 5461 5321 5522 5315 5480 5351 5336 5555 5465 5648 5156 5218 5037 5003 5277 5501 5350 4906 5265 5534 5446 5912 5471 5586 5452 5627 5438 5137 4817 5587 5389 5311 5151 5490 5449 5603 5192 5945 5778 5688 5602 5467 5948 4963 5625 5706 5504 5691 5796 5400 5482 5458 5647 5556 4981 5398 5598 5250 5558 5259 5492 5757 5221 5178 5778 5139 5240 4961 5060 4885 5323 5886 5582 5330 5773 5415 5325 5538 5097 5628 5664 5287 5600 5386 5297 5512 5366 5690 5228 6145 5562 5241 5275 5020 5248 5161 5976 5395 5111 5367 5845 4879 5090 5285 5295 5334 5383 5304 5041 5083 5492 5225 5240 5868 5404 5695 5175 5255 5524 5304 5472 5373 5396 5356 5114 4951 5724 5460 5511 5586 5281 5749 5466 5417 5527 5182 5522 5595 5614 5096 5754 5625 5702 5708 5306 5351 5873 5403 5280 5123 5483 5477 5191 5257 5676 5663 4858 5339 5549 5558 5223 5351 5225 5668 5200 5583 5514 5631 5819 5227 5473 5324 5209 5423 5663 5187 5267 5605 5228 5245 4951 5499 5926 5271 5192 5431 5409 5622 5163 5098 5217 5826 5193 5030 5575 5567 5570 5672 5685 5593 5149 5187 5777 5512 5600 5847 5406 5313 5210 5912 5667 5409 5428 5089 5256 5740 5394 5386 5290 5528 5279 5899 5311 5105 5498 5955 5473 5495 5698 4922 5461 5433 5751 5932 5531 5305 5403
5098 4772 5226 4713 4676 5435 5254 4894 4935 4688 4737 5128 5512 4597 5090 5041 5253 4505 5428 4936 5117 5142 5079 5144 5159 5208 4815 4709 4878 5044 4876 4448 4791 4918 5261 4736 4596 4620 5176 5107 5422 5013 5148 4950 5352 4974 4964 4637 4983 5100 5105 4960 5047 5020 5157 4850 5519 5550 5160 5194 4729 5456 4908 4975 5269 5237 5447 5422 5048 4992 4885 5234 5171 4668 5226 5243 5361 5392 4502 5102 5655 4982 4996 5418 4984 4910 4438 4627 4753 4782 5312 5378 5168 5428 4864 4921 5234 4659 5047 5262 5054 4936 5065 5396 5371 5147 5353 4697 5756 4850 4783 4896 4690 5378 5120 5590 4865 4564 5057 5668 4523 4605 4948 4931 4811 4897 4888 4710 4609 4768 4881 4911 5423 4844 5254 5317 4801 5161 4691 4771 4956 4943 5023 4815 4695 5124 5108 5106 5099 5058 5228 5023 5130 5004 4793 5136 5023 4890 4903 5194 5354 5307 5151 5022 4935 5151 5196 4870 4941 5273 5281 4971 4997 5092 4830 4449 5158 4956 5023 4728 4886 4796 5148 4923 5180 5029 5365 5337 5096 5137 5098 4991 4793 5485 4792 4945 5061 4924 4987 5101 4921 5200 4918 4803 5280 5089 5034 4586 4920 4858 5422 4979 4512 5287 4862 5159 4975 5290 4974 4812 4943 5493 4765 5328 4940 5065 5114 4871 5007 5138 5148 5360 4810 4909 5233 4850 5254 5018 4924 4503 5385 4677 4785 5032 5384 5027 4967 5469 5060 5071 5086 5573 5257 5115 4687 4924
5330 4836 5391 4624 4823 5537 5327 5149 5159 5366 4925 5496 5678 5045 5470 5247 5588 4769 5634 5499 5243 5613 4948 5284 5089 5086 5168 5476 5480 5173 4805 5036 5113 5237 5165 4913 4843 4994 5369 5497 5438 5203 5363 5310 5415 5044 5097 4858 5375 5303 5250 4911 5406 5242 5134 5392 5515 5513 5267 5570 5040 5804 4625 5031 5356 5114 5536 5502 5361 5208 5103 5547 5401 4956 5329 5436 5085 5360 5039 5396 5533 5128 4928 5524 5328 5046 4647 4972 4996 5071 5549 5644 5428 5854 5140 5442 5363 5015 5242 5552 5313 5459 5219 5252 5249 5507 5432 5051 5546 5573 4919 5134 4792 5059 5325 5830 5241 4866 5231 5746 4560 4889 5251 5454 5154 5147 4958 4682 5223 5032 4987 4922 5617 5391 5318 5352 5044 5293 5301 5144 5312 4999 5274 5278 5026 5582 5174 5380 5414 5468 5459 5080 5361 5297 5027 5277 5116 5428 4981 5583 5528 5887 5749 5276 5128 5672 5366 5246 5059 5331 5322 4828 5533 5273 4903 4870 5172 5034 5366 5366 4991 5287 5446 5102 5216 5095 5358 5635 5113 5308 5222 5055 5200 5604 5251 5130 5095 5351 5290 5175 5088 5637 5265 5024 5443 5211 5302 4829 5209 4723 5692 4872 4788 5434 5118 5412 5443 5398 5159 4833 5297 5714 5231 5246 5284 5470 5199 4970 5363 5450 5303 5442 4857 5183 5361 5202 5344 5094 5254 5054 5373 4891 5058 5422 5700 5198 5385 5449 4943 5265 5329 5548 5531 5410 5232 5414
5016 4813 4981 4604 4657 5249 5219 5211 4781 4842 4691 4945 5299 4727 5185 5357 5305 4606 5273 5046 5171 5280 5158 5069 4974 5049 5002 4948 5202 5202 4694 4881 4797 5010 4921 5025 4544 4652 5351 5319 5261 4643 5324 4996 5475 4705 4890 4397 5103 4988 4842 4542 4962 5118 4808 4879 5289 5284 5094 5367 4801 5376 4586 5060 5270 5343 5120 5208 4928 5097 4615 5360 5066 4492 4984 5136 5129 4773 4817 4925 5352 5257 4779 5214 4849 5005 4518 4740 4634 4846 5247 5415 5122 5147 5161 5070 5163 4560 5094 5360 5062 5440 5068 5197 5207 5211 5401 4368 5358 5237 4877 4803 4895 4843 4874 5249 5016 4744 5323 5133 4457 4858 4902 4645 4642 5174 4994 4659 4396 4931 4908 4818 5281 4876 5357 5153 4746 4975 4853 4744 5030 5171 4852 4779 4423 5232 5071 5161 5210 4980 5339 4904 5089 4892 4665 4960 5225 5056 4868 5376 5219 5361 5027 4936 4839 5412 5317 5211 4831 5297 5004 4859 4849 5080 5052 4615 5016 5070 5119 5238 5114 4755 5131 5046 5330 5016 5394 5062 5013 5050 5362 4747 4815 5172 4841 4887 4900 4991 5038 5045 4761 5473 4888 4950 5320 4840 5246 4734 4726 5007 5362 4894 4757 4925 4952 5008 5193 5196 4947 4831 5004 5175 4988 4784 5123 4888 4845 4806 5173 5063 5070 5073 4925 4948 5491 4985 5109 4823 5273 4732 5233 4675 4803 5267 5174 5130 5292 5281 4499 4955 4759 5166 5300 5159 5006 4859
5181 4912 5199 4955 4692 5050 5179 4993 5075 5007 4750 5412 5328 4940 5333 5464 5125 4474 5702 5149 5040 5165 4746 5081 5036 5234 5260 5193 5334 5057 4788 4780 4915 5081 4994 5014 4557 4682 5072 5393 5124 4900 5433 4830 5298 4688 4773 4778 5397 4970 5249 4715 5123 5351 4893 4921 5276 5024 5384 5416 4860 5440 4308 5177 5224 5258 5159 5496 4976 5019 5195 5243 5108 4671 5228 5424 5175 5408 4953 5179 5204 4817 4510 5240 5144 5141 4710 4835 4847 4922 5294 5607 5103 5489 4983 5319 5014 4685 5283 5167 5062 5428 4910 4925 5213 5628 5192 4635 5816 5522 4713 5051 5025 4782 5217 5899 4937 4808 5266 5740 4632 4943 5271 5157 4894 5074 4759 5015 4834 4777 4994 4808 5675 5241 5228 5044 4907 5254 5075 4806 5320 4813 5053 5118 4881 5202 5073 5302 5141 5131 5535 4944 5084 5127 4763 5151 4915 5484 4842 5285 5310 5392 5215 4847 4902 5370 5159 5227 5276 5084 4970 5113 5154 5195 4955 4705 5294 5328 5109 5064 5170 5042 5409 4915 5173 5143 5553 5489 5080 4950 5355 4768 5033 5662 4934 5007 5000 5109 5109 4887 5074 5585 5091 4781 5372 5206 5138 4599 4788 4823 5617 4814 4718 5416 4996 5243 5467 5267 5078 4906 5047 5369 5100 4904 5295 5351 5183 4625 5213 5163 5094 5095 4737 5161 5564 4854 5252 5043 5182 4870 5451 5035 4878 5426 5708 5189 5218 5148 4748 5210 5188 5375 5200 5245 4996 4923
5333 5027 5494 4968 4978 5781 5542 5102 5332 5207 4744 5476 5349 5314 5374 5227 5614 5089 5833 5382 5409 5457 5276 5428 5195 5593 5195 5416 5429 5175 5155 5071 5416 5312 5436 5178 5014 4997 5700 5758 5490 5281 5469 5299 5489 4786 5124 4841 5367 5220 5340 5178 5491 5454 5432 5296 5627 5681 5342 5685 5225 5577 4913 5055 5197 5432 5485 5546 5506 5198 5348 5769 5263 4605 5492 5414 5376 5533 5140 5497 5687 5453 4852 5608 4859 5377 4893 4881 5047 4872 5658 5875 5314 5907 5283 5480 5595 4922 5286 5676 5248 5548 5482 5502 5442 5319 5561 4992 5662 5386 4968 5071 5071 5190 5440 5914 5096 4886 5669 5721 5004 5069 5278 5404 5332 5597 5211 4952 5156 5200 5089 5279 5626 5526 5546 5560 5069 5385 5263 5026 5573 5279 5219 5094 4999 5636 5480 5489 5366 5322 5837 5206 5317 5219 5037 5422 5309 5496 4777 5447 5435 5841 5702 5400 4980 5816 5624 5345 5066 5300 5522 5344 5400 5777 5314 4744 5289 5402 5370 5306 5298 5331 5613 5234 5391 5211 5330 5540 5070 5351 5476 5178 5112 5889 5034 5197 5648 4971 5588 5313 5458 5949 5167 5163 5474 5296 5416 5121 5145 5084 5950 5224 5067 5482 5205 5388 5437 5549 5355 5052 4826 5560 5345 5267 5421 5373 5148 5133 5631 5395 5212 5449 5129 5372 5817 5242 5194 5324 5615 5189 5724 4941 5227 5604 5745 5583 5610 5458 5047 5491 5296 5579 5806 5241 5392 5570
5430 5408 5717 5060 5232 5748 5787 5374 5505 5414 5112 5901 5710 5113 5580 5758 5822 5049 5909 5562 5659 5804 5607 5592 5470 5657 5450 5728 5559 5429 5182 5350 5360 5376 5487 5419 5128 5022 5790 5811 5761 5627 5558 5650 5403 5309 5371 5003 5705 5787 5779 5219 5579 5618 5375 5723 5911 5937 5927 5795 5221 6071 5100 5344 5533 5722 5870 5962 5514 5533 5176 5689 5768 5074 5767 5782 5604 5800 5389 5589 5874 5410 4980 6033 5418 5624 5185 4846 5293 5185 5890 5578 5645 5923 5254 5545 5835 5308 5438 5815 5493 5603 5472 5650 5669 5656 5975 5271 5903 5702 5168 5241 5089 5569 5512 5927 5403 5325 5635 6031 5021 5470 5213 5339 5596 5688 5247 5152 5222 5200 5290 5453 6030 5642 5943 5896 5336 5398 5323 5609 5689 5469 5460 5240 5087 5846 5472 5799 5734 5487 5821 5545 5616 5315 5353 5443 5619 5467 5397 5842 5913 5866 5890 5843 5387 5757 5413 5469 5293 5912 5736 5397 5438 5502 5570 4815 5646 5441 5533 5217 5483 5465 5890 5362 5756 5476 5976 5950 5339 5604 5809 5373 5405 5890 5459 5464 5572 5432 5835 5517 5375 6016 5225 5049 5474 5596 5625 5174 5618 5321 6126 5525 5116 5569 5310 5734 5435 5844 5617 5319 5314 5684 5382 5844 5589 5784 5597 5166 5821 5692 5864 5820 5247 5318 5993 5816 5444 5726 5755 5332 5771 5082 5459 5817 5999 5459 5408 6048 4954 5315 5754 5984 5810 5635 5273 5466
4846 4489 4877 4578 4177 5059 4872 4510 4791 4766 4298 5121 4999 4692 5057 4947 4752 4472 5067 4896 4716 4890 4666 4768 4529 4794 4813 4771 5213 4788 4444 4494 4657 4635 4885 4636 4457 4638 5099 5097 4937 4660 4912 4772 5011 4494 4610 4288 4759 4838 4858 4656 4809 4962 4804 4722 5395 5316 4732 4993 4507 5060 4293 4627 4843 5049 4799 5197 4670 4911 4843 5129 4752 4490 4959 5050 4874 4995 4630 4945 5159 4644 4621 4972 4585 4897 4143 4505 4595 4618 4986 5005 4740 5160 4753 4732 5021 4680 4837 4852 4951 4959 4915 5037 4906 5153 4902 4313 5473 4777 4343 4610 4273 4805 4787 5412 4721 4660 5188 5310 4355 4552 5115 4911 4567 4876 4546 4497 4504 4545 4191 4643 5007 4893 5004 4923 4500 4993 4642 4539 4854 4642 4747 4630 4404 5121 5167 4972 4992 4618 5124 4602 4811 4987 4522 4821 4858 4834 4589 5187 5086 5202 5027 4813 4703 5224 4812 4798 4767 4965 4875 4831 4699 4641 4730 4298 4725 4849 5054 4567 4843 4639 4880 4442 4818 4755 4960 5058 4749 4755 4927 4555 4694 5199 4368 4637 4789 4907 4898 4790 4791 5482 4819 4405 5110 4990 4941 4507 4649 4811 5093 4488 4407 4905 4668 4979 4950 5353 4848 4691 4664 5055 4832 4748 5035 4901 4897 4317 4956 4882 4688 5021 4389 4889 5277 4940 5070 4588 4881 4475 5116 4738 4669 5072 5402 4948 4859 5109 4655 4822 4964 5335 5184 4936 4568 4440
5229 5065 5552 4529 4579 5496 5230 5088 4947 4700 4866 5118 5468 4765 5377 5576 5283 4736 5661 5255 5490 5338 5196 5176 5261 5271 4983 5103 5405 5087 4868 4984 5062 5185 5418 4958 5047 4650 5800 5420 5262 5151 5310 5091 5200 4839 5054 4954 5205 5058 5342 4649 5376 5368 5150 4925 5634 5627 5317 5434 5102 5678 4877 5160 5165 5415 5107 5418 5095 4984 4962 5299 5209 4698 5197 5315 5608 5480 4897 5520 5557 4987 5131 5640 5083 5112 4850 4625 4751 5080 5427 5547 5166 5334 5000 5530 5606 4830 5407 5431 5099 5303 5318 5390 5267 5670 5617 4807 5792 5387 5127 4968 4983 5132 5183 5596 5203 4793 5165 5653 4470 4958 5025 5162 5025 5017 5226 4916 4914 4899 4965 5000 5442 5706 5565 5444 5058 5329 5033 5242 5402 4757 5201 5055 4859 5233 5368 5397 5421 5310 5550 4945 5436 5135 4747 5437 5059 5360 5081 5403 5361 5594 5617 5425 4908 5475 5299 4756 4898 5425 5520 5261 5316 5309 5035 4748 5367 5189 5443 5003 5311 5228 5099 5182 5171 5396 5673 5685 5027 5127 5249 5056 5001 5556 4871 5426 5022 5185 5273 5234 4997 5572 5252 4928 5324 5208 4823 4785 5117 5284 5848 5143 5011 5281 5144 5358 5374 5285 5205 4906 4961 5885 5034 5211 5303 5362 5133 4893 5224 5100 5446 5158 4801 4961 5345 5233 5344 5436 5336 4934 5616 5054 5336 5431 5730 5470 5004 5634 4682 5276 5268 5301 5353 5650 4808 5201
5144 4784 5115 4530 4613 5425 5247 4778 4615 4649 4720 5055 5325 4542 5047 5019 5162 4582 5217 4956 5207 5215 4921 5154 5033 4889 4751 4959 4881 4761 4847 4807 4949 4877 4866 4802 4727 4765 4959 5157 5427 4761 5019 4870 5089 4838 4818 4754 5098 5163 5274 4702 4761 5076 4989 4935 5399 5278 5160 5271 4737 5607 4404 5111 5143 5034 5209 5229 5077 4941 4915 5214 4807 4610 5369 5473 4934 4994 4736 4799 5366 5239 4718 5452 5000 5081 4429 4706 4688 4949 5438 5470 4759 5467 4668 4827 5273 4578 5160 5346 4901 5308 4896 5116 5010 5206 5334 4808 5368 5122 5019 4750 4762 5196 5035 5471 5048 4638 5153 5642 4360 4549 4915 5005 4989 4987 4953 4606 4747 4812 4569 4682 5413 5019 5264 5048 4928 4978 4653 4808 5190 4714 4820 4882 4330 5260 4942 4939 5211 4853 5101 4880 5046 4969 5046 5066 4842 5078 5041 5328 5286 5261 5513 5210 4870 5317 4981 4827 4792 5293 5447 4799 5133 4897 5166 4164 5058 4733 4953 4768 5026 4699 5139 4870 4791 4817 5457 5571 4704 5201 4958 4853 4847 5632 4808 4984 4937 4929 4804 4896 4920 5253 4773 4756 5175 5112 5095 4704 4849 4772 5325 4824 4576 4933 4682 5031 5224 5448 5094 4689 4807 5517 5192 4716 5129 5029 4835 4668 5200 5286 5265 5154 4758 5008 5268 5024 5186 4885 5050 4825 5339 4978 4915 4953 5324 5018 4768 5127 4813 5315 5120 5503 4996 5114 4740 4986
5375 4999 5449 4836 4864 5609 5451 5463 5238 5031 5090 5485 5646 4933 5364 5526 5176 4807 5662 5355 5240 5273 5059 5075 5052 5311 5158 5305 5516 5499 4761 5165 5159 4931 5406 5155 4826 5012 5447 5423 5408 5196 5323 5377 5500 4990 5174 4652 5315 5310 5493 5015 5516 5371 4877 5059 5650 5746 5349 5675 5221 5763 4741 5092 5396 5340 5497 5820 5299 5216 4997 5447 5321 4629 5484 5496 5501 5246 4954 5513 5703 5340 5127 5569 5176 5378 4727 4880 5065 4811 5809 5588 5195 5551 5226 5512 5474 5082 5277 5568 5286 5646 5581 5367 5213 5479 5685 4736 5611 5344 4888 4855 4969 5220 5238 5925 5358 5035 5303 5474 4725 4851 5361 5261 5172 5313 5140 4974 4902 4968 4932 4994 5435 5599 5568 5482 4929 5398 5080 5225 5357 5013 5033 5139 4698 5409 5398 5264 5381 5435 5664 5267 5316 5110 5211 5336 5210 5465 4968 5563 5446 5567 5471 5329 5089 5770 5607 5265 4875 5528 5577 5160 5223 4989 5292 4853 5246 5291 5392 5042 5346 5181 5418 5137 5216 5108 5586 5523 5123 5322 5265 4943 5290 5688 4900 5223 5389 5473 5237 5418 5459 5725 5152 5135 5434 5219 5313 4853 5261 5224 5615 5096 4987 5252 5391 5338 5378 5586 5308 5181 5053 5644 5086 5087 5280 5317 5210 5065 5583 5536 5495 5495 5070 5322 5718 5132 5512 5402 5329 5081 5518 5337 5172 5642 5691 5412 5508 5519 4922 5210 5001 5659 5648 5527 5064 5481
5039 4860 5384 4744 4655 5420 5356 4760 5421 5053 4857 5177 5399 5128 5462 5384 5301 4965 5775 5248 5422 5197 4864 5286 5140 5446 5207 5345 5560 5356 5069 5054 5104 5035 4926 4886 4618 4858 5402 5468 5565 5144 5636 5001 5539 5047 4805 4840 5389 5238 5190 4963 5370 4973 5399 5186 5850 5524 5340 5516 5061 5567 4708 5203 5335 5561 5439 5620 5183 5270 5352 5321 5122 4881 5526 5309 5465 5390 5123 5265 5574 5078 4966 5473 4968 5200 4889 4943 4943 5130 5603 5701 5217 5659 5104 5436 5386 5068 5256 5256 5097 5462 5248 5295 5294 5398 5748 4777 5802 5346 4814 5263 4945 5194 5385 5865 5343 4963 5439 5657 4690 5100 5078 5365 5020 5173 5160 4980 5056 4983 5032 4956 5801 5507 5344 5189 4960 5264 4918 5197 5388 4933 5195 4883 4841 5348 5366 5476 5464 5200 5707 5008 5322 5282 4824 5194 5116 5291 4984 5364 5486 5693 5636 5298 5072 5574 5356 5031 4872 5394 5236 5168 5413 5266 5134 4617 5458 5537 5468 5198 5217 5125 5352 4982 5534 5163 5560 5598 4888 4967 5222 5000 5438 5885 4871 5252 5373 5255 5319 5150 4853 5807 5298 5196 5676 5096 5598 4928 4860 4984 5599 5031 4895 5521 4977 5269 5290 5412 5344 5027 5052 5665 5203 5436 5151 5072 5051 5059 5389 5365 5304 5495 4965 5164 5526 5310 5207 5248 5351 4600 5576 5110 5071 5563 5824 5375 5344 5815 4837 5273 5237 5785 5535 5179 5004 5210
4935 4766 5157 4642 4475 5053 5159 4883 4822 4603 4320 5173 5170 4664 5187 5193 5151 4927 5573 4797 4970 4983 4953 4920 4927 5005 5023 5041 5201 4941 4801 4732 4701 4742 4721 4632 4498 4645 5233 5178 5301 5164 5275 4888 5343 4607 4709 4437 5140 5080 4921 4725 5298 4950 4844 4795 5255 5242 5227 5296 5211 5467 4553 4804 5054 5064 5236 5362 5002 4696 4699 4892 5202 4532 4995 4777 5026 5065 4778 5097 5175 5089 4739 5051 4858 4897 4480 4625 4630 4979 5177 5154 4926 5100 4821 5168 5312 4555 5213 5161 4844 5140 5037 4823 5051 5146 5211 4461 5589 5123 4648 4982 4622 5065 5038 5378 5011 4787 5094 5516 4285 4907 4641 5117 4669 4836 5092 4440 4865 4839 4984 4694 5272 4910 5205 4962 4650 5124 4926 5032 5186 5006 4769 4780 4396 5406 4950 5147 5224 4961 5138 4967 5084 4807 4750 5072 4883 5159 4602 5323 5171 5390 5396 4930 4541 5273 5255 4651 4578 5001 5072 4827 4756 4891 4546 4612 5153 5099 4977 4977 4953 4857 5102 4931 5047 4880 5238 5043 4897 4842 4977 4582 4879 5200 4734 5108 5006 5035 4972 4794 5071 5162 4831 4399 4977 5006 4914 4467 4543 4907 5504 4889 4355 4905 4996 5025 5261 4909 5031 4565 4755 5123 4831 5046 5025 5022 4591 4768 5242 5196 5057 5232 4641 4736 5331 4889 4923 4764 5021 4671 5510 4404 4786 5097 5147 4997 5017 5145 4649 5173 4922 5222 5503 5206 4767 4850
4824 4513 5082 4643 4519 5005 4866 4708 4793 4850 4254 5209 5134 4652 5059 4938 5227 4468 5383 4858 4872 5149 4678 4892 4706 4984 4718 5228 4872 4799 4931 4609 4527 4794 4805 4822 4788 4525 5177 5198 5063 4952 5072 4745 5356 4510 4886 4316 4675 4915 4984 4542 5064 5018 4939 4939 5490 5171 5034 5137 4834 5350 4572 4899 5026 5002 5031 5091 4967 4673 4807 5186 4938 4446 5277 4933 5153 5084 4678 4968 5390 4875 4561 5159 4625 5148 4232 4516 4514 4923 5025 5227 4830 5449 4835 4675 5127 4530 4811 4943 4913 5076 4870 5049 4873 4912 5241 4505 5598 4862 4645 4835 4746 4886 5105 5338 4843 4485 4807 5227 4392 4578 4747 4822 4816 4756 4989 4584 4650 4578 4842 4591 5351 5052 5152 4800 4588 5004 4726 5014 4901 4954 4871 4637 4732 5344 5057 5212 5027 4750 5119 4934 4928 4813 5025 5096 4726 4831 4753 5263 5040 5075 5348 4958 4580 5213 4850 5130 4798 4842 4913 4777 5011 5100 4862 4403 5225 4984 5217 4864 4795 5013 5285 4656 5177 4833 5061 5207 4766 5003 5017 4673 4655 5205 4680 4908 4957 4644 4994 4678 4783 5311 4731 4724 4910 5016 5021 4495 4675 4665 5272 4643 4353 4774 4876 5122 4914 5156 5018 4866 4801 5080 4931 4890 5064 4892 4678 4693 5260 4746 4630 5057 4839 4868 5098 5016 5030 4998 4907 4567 5176 4443 4897 5229 5529 5010 4755 5313 4710 4896 4958 5416 5289 4877 4602 4831
5062 4850 4978 4514 4437 5354 5050 4736 4730 4785 4447 5121 5104 4964 5117 4956 5088 4527 5290 5078 5263 5363 5110 5093 4770 5060 4857 4971 5079 4889 4719 4776 4895 4809 4926 4983 4731 4852 5184 5111 5643 4792 5174 5107 5148 4761 4828 4780 5090 4973 4844 4753 4928 4970 5012 4692 5468 5445 5197 5501 5007 5381 4437 5205 5254 5336 5159 5080 5310 4910 4999 5280 5049 4588 4983 5289 5308 5154 4664 5197 5457 4830 4684 5250 4743 5057 4568 4707 4743 4698 5489 5290 4937 5278 4979 5069 5209 4787 5192 5280 5271 5112 5068 5045 4993 5028 5219 4589 5493 5040 4685 5093 4763 5057 4863 5425 4995 4719 4941 5482 4461 4584 4772 5040 5136 4783 4790 4768 4594 4873 4818 4831 5350 5032 5503 5095 4664 4975 4676 4707 5238 4857 4964 4953 4741 5585 5109 5119 5208 5045 5450 5031 4924 4818 4851 4878 5131 5057 4696 5349 5291 5444 5120 4860 4833 5312 4769 4952 4837 5101 5007 4827 4786 5015 5041 4322 5107 5082 5335 4958 5048 4884 5476 5130 5391 4698 5110 5404 4938 5050 5154 4731 5023 5421 4684 4903 5202 4772 4935 4819 5026 5075 4864 4613 5336 5161 5109 4345 4872 5030 5541 4725 4845 5190 5129 5515 5135 5185 5185 4670 4839 5328 5040 5083 5005 4958 4880 4799 5275 5293 5111 5225 4526 4933 5248 5219 5142 5108 5164 4677 5435 4774 4921 5383 5610 5181 5098 5331 4750 5115 5025 5460 5274 5098 4663 4972
4873 4675 5043 4419 4450 5041 4776 4675 4911 4607 4469 5085 4979 4439 5031 5162 4984 4491 5078 5115 4919 5037 4698 4908 4861 5055 5014 4846 4867 4789 4502 4660 4698 4722 5128 4845 4644 4821 5334 5086 5312 5039 5148 4791 5097 4524 4702 4414 5014 5017 4832 4509 5023 4763 5030 4758 5256 5014 5044 5289 4957 5328 4366 4960 5030 4964 5091 5150 4986 4931 4880 5246 4900 4404 4795 5132 5084 5129 4609 5149 5316 4933 4564 5141 5071 4708 4593 4662 4436 4659 5121 5094 4838 5238 4596 5168 4899 4897 5022 4972 4812 5018 4963 4965 4864 5035 5144 4541 5601 5036 4777 4664 4691 4863 4789 5286 5002 4515 4955 5272 4448 4740 4894 4745 5195 4709 4476 4577 4763 4663 4831 4736 5231 5177 4957 5045 4747 4715 4723 4922 4813 4511 4755 4651 4670 5012 4959 4778 5104 4928 5285 5179 4786 4695 4716 4819 4966 4911 4773 5240 5025 5210 5412 4932 4938 5302 4916 4831 4788 5360 5133 4760 5084 4699 4844 4370 5057 5058 5095 4924 5051 4577 5045 4773 4957 4837 5313 5126 4778 4914 4851 4367 4950 5320 4643 4882 4969 4855 4702 4382 4834 5384 4673 4535 5076 4972 4837 4454 4759 4801 5305 4793 4601 4995 4772 4973 4943 5056 5037 4636 4949 5450 4845 4690 5031 5097 4848 4652 5238 5290 5087 5000 4454 5004 5117 4926 4964 4688 4926 4916 5151 4687 4764 5056 5202 4837 4841 5396 4613 4937 4851 5152 5093 4897 4680 4672
5265 5194 5439 5002 4917 5898 5556 5301 5347 5186 4868 5819 5522 5591 5291 5718 5444 5150 5811 5214 5495 5537 5273 5697 5245 5404 5445 5362 5616 5232 5230 5326 5187 5195 5746 5311 5140 4860 5513 5292 5763 5333 5501 5243 5686 4955 5467 4750 5526 5403 5420 5029 5417 5459 5491 5140 5998 5736 5445 5575 5330 5984 4930 5100 5383 5547 5632 5654 5284 5287 5134 5708 5290 4832 5356 5703 5598 5500 5167 5648 5852 5556 4946 5727 5249 5529 4750 4877 5101 5110 5835 5825 5088 5587 5283 5515 5761 4988 5338 5795 5376 5777 5689 5482 5503 5625 5738 4842 5823 5683 5011 5349 4968 5358 5285 5776 5438 5395 5180 5717 4888 5040 5097 5460 5343 5543 5484 5026 5160 5320 5121 5257 5816 5525 5712 5583 5317 5653 5228 5203 5421 5382 5212 4920 4755 5632 5500 5813 5616 5242 5702 5269 5395 5396 5258 5377 5250 5545 4872 5892 5570 5614 5755 5420 5113 5858 5516 5045 5086 5613 5410 5236 5303 5482 5191 4911 5630 5566 5745 5374 5410 5346 5493 5178 5638 5290 5546 5542 5373 5373 5597 5451 5454 5720 5109 5538 5488 5233 5626 5334 5549 5967 5399 5150 5446 5385 5444 4817 5077 5377 5886 5420 4758 5613 5413 5536 5550 5476 5461 4957 5168 6005 5434 5437 5390 5112 5252 5170 5867 5670 5509 5379 5063 5263 5801 5287 5597 5483 5787 4986 5861 5010 5117 5664 5736 5535 5451 5685 4958 5427 5342 5642 5826 5557 5341 5498
5228 4847 5368 5032 4678 5331 4904 4915 4899 4814 4770 5186 5254 4731 5315 5522 4999 4588 5487 4864 5133 5297 5028 5079 4999 5099 5119 5334 5247 4922 5008 4828 4581 4985 4982 4799 4479 4875 5121 5415 5379 5179 5310 4921 5275 4852 4918 4648 5399 4982 4897 4825 5135 5091 4804 4891 5438 5352 5335 5172 5076 5484 4454 4805 4991 5221 5260 5327 5093 5090 4929 5199 5203 4601 5120 5183 5206 5084 4806 5087 5429 5100 4570 5496 4741 5196 4479 4451 4732 5053 5229 5391 4943 5343 5149 5000 5264 4629 4812 5232 5081 5388 5075 5152 5172 5113 5653 4613 5622 5205 4680 4942 4790 4916 5183 5470 5100 4796 5260 5276 4385 5154 5161 4853 4832 5109 5103 4789 5102 4923 4904 4871 5140 5284 5238 5352 4755 5132 4576 4975 5406 4977 5007 4871 4702 5437 4883 5043 4975 5076 5448 4989 5052 5035 4693 4877 5112 5467 4951 5217 5211 5537 5446 5167 4767 5561 5284 4898 5146 4957 5256 4998 5151 5140 5032 4533 5119 5039 4928 4868 5178 4964 5124 4990 5015 4822 5254 5254 4975 4934 4902 4687 4949 5451 4979 5103 5087 5045 4965 5006 4722 5669 5094 4700 5445 4913 5259 4862 4928 4900 5434 5188 4635 5113 4811 5325 5399 5511 5132 4722 4877 5217 5209 5226 5038 4990 5222 4810 5374 5317 5107 5248 4682 5215 5599 5016 5079 5154 5037 4740 5508 4665 4922 5339 5529 5146 5191 5319 4730 5249 5425 5529 5388 5263 4937 5212
5384 4908 5527 4811 4689 5786 5572 5274 5217 4942 4917 5382 5743 5077 5330 5781 5553 4682 5875 5566 5419 5515 5210 5289 5316 5659 5197 5532 5402 5223 5105 4873 5129 5109 5159 5097 4918 4965 5524 5738 5452 5289 5407 5352 5600 5132 5326 4845 5479 5328 5424 5116 5635 5313 5149 5126 5993 5880 5423 5307 4958 5748 4713 5292 5530 5337 5560 5588 5275 5045 5287 5577 5433 4812 5571 5627 5574 5657 5233 5419 5642 5280 5287 5750 5022 5455 5109 4865 4809 5152 5586 5500 5374 5532 5239 5723 5682 5033 5390 5353 5244 5527 5520 5540 5503 5534 5551 5008 5831 5560 5021 5201 4732 5028 5314 6020 5138 5116 5356 5678 4645 5092 5176 5224 5219 5251 5230 5111 5174 5093 5264 5144 5801 5739 5667 5633 5124 5359 5097 5240 5601 4961 5158 5352 5022 5623 5562 5530 5460 5470 5551 5308 5478 4899 4894 5248 5051 5437 5185 5535 5643 5699 5424 5298 5249 5686 5661 5448 5146 5694 5526 5357 5212 5354 5320 4749 5530 5432 5355 5087 5209 5277 5704 5205 5457 5258 5549 5733 5018 5221 5443 5164 5323 6001 5160 5209 5363 5297 5546 5232 5393 5929 5003 4846 5609 5353 5245 4988 5110 5296 5684 5126 4971 5491 5240 5787 5404 5800 5375 5228 5188 5810 5215 5393 5509 5504 5280 5135 5539 5260 5496 5438 5066 5215 5563 5380 5527 5377 5359 4892 5569 5244 5253 5674 5866 5397 5361 5848 4993 5447 5394 5738 5799 5329 5115 5455
5377 4809 5439 4953 4574 5003 5234 5195 4934 4884 4720 5389 5173 4584 5460 5189 5261 4759 5595 4982 5191 4928 5060 5019 5123 5014 5048 5179 5093 5266 4921 4856 4657 4908 5066 5079 4970 4879 5308 5336 5377 5064 5308 5061 5531 4793 4863 4566 5194 5371 5459 4751 5177 5353 5003 5055 5644 5629 5248 5466 5103 5572 4842 4944 5323 5328 5243 5566 5157 5191 4916 5186 5023 4536 5352 5160 5173 5306 4939 5263 5556 4845 4830 5389 4837 5038 4504 4867 4729 4687 5546 5486 5122 5553 5059 5019 5397 4793 5186 5367 4823 5265 4884 5115 5075 4997 5348 4709 5521 5168 4795 4767 4727 5101 5195 5441 5011 4738 5170 5824 4713 4730 5134 4991 4793 5133 5098 4732 4885 4871 4828 4883 5598 5194 5324 5281 4855 5146 5015 5132 5160 4976 5060 4976 4410 5210 5233 5252 5246 4939 5381 5014 5315 5143 5032 5096 5141 5114 4732 5372 5386 5364 5365 5008 5128 5127 5266 4929 5037 5142 5220 5208 5129 5229 5176 4710 5259 5122 5183 4972 5072 5008 5156 4831 5362 4954 5623 5376 5257 5374 5158 4730 5054 5412 4864 5216 5210 5047 5071 5137 5015 5587 4929 4608 5286 5392 5013 4769 4977 5097 5389 4971 4624 5202 4854 5070 5211 5169 5046 5012 5042 5341 4962 5010 5355 5134 4912 4928 5140 5430 5309 5246 4903 4984 5454 4983 5125 5035 5150 4934 5561 4921 5054 5442 5541 4867 4996 5306 4807 5113 5394 5590 5419 5379 4993 4991
5090 4696 5162 4496 4558 5177 5117 4871 4762 4853 4690 5113 5231 4945 5353 4987 5234 4572 5585 5124 5089 5131 5133 5062 5008 4933 4730 5020 5200 4971 4974 4728 4742 5025 5232 4864 4531 4842 5048 5472 5470 5184 5379 4809 5461 4791 4795 4552 5099 4973 4786 4739 5308 5036 5051 4931 5385 5214 5127 5323 4903 5404 4517 4954 5131 5358 5045 5000 5256 5044 4766 5337 5033 4551 5181 5178 5027 5414 4648 4901 5355 5028 4638 5288 4893 4974 4624 4739 4719 4899 5495 5325 5222 5430 4772 5099 5350 4778 4998 5117 4970 5139 4945 4809 5182 5177 5436 4481 5377 5195 4620 4833 4622 4786 5028 5296 4769 4933 4866 5479 4650 4614 4986 5041 4967 5115 4929 4923 4814 4806 4974 4969 5465 5126 5377 5294 4900 5108 4677 4838 5047 4918 4993 5067 4695 5180 4910 5101 5003 4993 5378 4881 4927 5170 4764 5059 4828 5081 4582 5235 5051 5303 5195 5126 4738 5395 5065 4955 4951 5010 5017 4895 5192 4927 4953 4178 5244 5240 4982 4809 4932 5117 5304 5006 5189 4734 5399 5139 4857 4884 5129 4778 4855 5351 4601 5008 5127 4780 5113 4869 4784 5647 4925 4728 4848 4792 5061 4689 4716 4799 5429 5104 4866 5101 4948 5134 5267 5385 5155 4656 4852 5301 4919 5050 5099 5007 5124 4662 5121 5260 4975 5252 4660 4953 5257 5071 5209 4749 4891 5057 5316 4428 4679 5002 5572 5311 5199 5228 4907 5276 5208 5381 5271 5323 4946 5128
5147 4681 5265 4605 4603 5112 5211 4925 4929 4610 4448 5131 5283 4821 4957 5148 5324 4722 5622 5023 4872 5191 4904 4825 4776 5044 4818 4899 5251 4993 4668 4674 4664 4731 4878 4734 4553 4582 5389 5251 5140 4765 5088 4837 5172 4491 4747 4560 5125 4868 4998 4613 5065 5162 4879 5121 5470 5436 4974 5187 5027 5722 4563 4979 4799 4874 5035 4979 5058 4800 4790 5056 5026 4699 4975 5109 5103 4995 4728 4929 5390 4919 4662 5250 4770 5039 4407 4509 4437 4745 5062 5288 4843 5287 4861 5002 5087 4577 4977 5279 5057 5316 5194 5119 5029 4910 5321 4398 5415 5253 4588 4832 4566 4703 5097 5377 4960 4708 5123 5378 4413 4768 5038 4982 4850 4917 4898 4529 4823 4864 4790 4845 5450 5037 5303 5026 4736 4966 4823 4958 5050 4904 4692 4801 4577 5374 5178 5060 4972 4765 5303 4928 5018 4861 4677 5129 4937 5112 4809 5120 4972 5349 5414 5123 4645 5480 4984 4936 4927 5235 5356 4926 5016 5203 4831 4431 4812 4961 5122 4717 5061 4786 4969 4380 4841 4844 5433 5122 4867 4920 5065 4796 4846 5225 4590 4864 4814 4889 4881 5060 4954 5395 4728 4676 5031 4996 4852 4667 4735 4748 5625 4900 4258 5010 5060 5223 5234 5312 5010 4717 4775 5285 4805 4841 4939 5015 4784 4477 5410 5200 5109 5135 4716 5022 5420 4866 5105 4907 5001 4681 5357 4737 5001 5264 5451 5037 5135 5228 4854 4896 4994 5486 5458 4676 4583 5188
5119 4881 5618 4834 4752 5526 5170 4963 4912 4753 4760 5293 5125 4749 5188 5366 5140 4808 5376 4923 5122 5204 5024 5263 4797 5192 5255 5291 5217 5075 4772 4941 5159 5019 5149 5013 4997 4820 5213 5095 5281 5091 5141 5106 5564 4968 4891 4766 5080 5109 5087 4599 5213 5282 5009 4838 5464 5673 5264 5227 5055 5596 4664 4930 5034 5262 5430 5418 5130 4890 4990 5197 4926 4665 5089 5288 5219 5350 4987 5028 5576 5300 4926 5571 4986 5259 4801 4544 4731 4935 5451 5428 5019 5129 5022 5202 5565 4764 5345 5474 5135 5292 5197 5384 5157 5350 5434 4826 5777 5387 4799 5071 4796 5112 5243 5494 5168 4947 5169 5447 4804 4586 5126 4976 4816 5091 5155 4741 4778 5080 5053 5065 5745 5282 5643 5346 4810 5282 5082 4921 5324 5175 4961 4765 4885 5508 5365 5272 5339 5325 5252 5053 5361 4850 4733 5179 4990 5082 4859 5253 5397 5461 5535 5190 4828 5176 5152 4991 5143 5596 5434 4806 5052 5065 4933 4626 5354 5257 5079 4773 5068 5030 5127 4871 5324 5103 5452 5489 4869 5109 5066 4939 5113 5664 5008 5323 5138 4874 5047 5017 5114 5616 4889 4707 5296 5002 5159 4837 4805 5153 5681 4797 4693 5068 5042 5213 5122 5380 5132 4936 4909 5625 5202 5188 5021 5089 5140 4796 5316 5108 5362 5218 4828 5225 5806 5114 5439 5243 5323 4902 5479 4864 4732 5157 5583 4973 5024 5496 5077 5217 5151 5639 5485 5263 5069 4842
5401 5114 5524 4833 4700 5315 5346 5073 4889 5033 4824 5499 5608 5200 5439 5410 5727 4874 5671 5346 5180 5238 5239 5181 5160 5373 5230 5535 5819 5234 5037 5017 4889 5147 5313 5096 4919 4857 5718 5620 5286 5127 5475 5266 5550 4799 5155 5123 5264 5156 5472 4849 5361 5495 5145 5051 5871 5837 5340 5530 5144 5909 4807 5003 5415 5580 5321 5580 5256 5273 4894 5324 5309 4965 5422 5418 5351 5313 5087 5154 5701 5240 4991 5705 5102 5337 4697 4908 4710 5010 5400 5462 5175 5462 5434 5330 5369 5126 5492 5274 5184 5465 5315 5574 5291 5074 5441 4800 5799 5406 5070 5210 4828 5249 5135 5681 5086 4958 5554 5637 4685 4807 4993 5170 5190 5206 5203 4562 5110 5155 5154 4975 5402 5163 5713 5449 4894 5294 5094 5031 4969 5075 4906 4999 4915 5446 5439 5343 5469 5383 5500 5381 5215 5270 4863 5483 5471 5408 4962 5712 5559 5611 5591 5294 5051 5671 5257 5066 5090 5283 5411 5161 5148 5120 5108 4619 5283 5518 5444 5422 5173 4977 5229 4746 5535 5097 5473 5399 4932 5110 5101 5023 5295 5621 4937 4952 5366 5428 5239 5305 5231 6021 5061 4912 5217 5201 5545 4976 5144 5268 5745 5093 4777 5206 5016 5602 5557 5493 5343 4787 5114 5449 5266 5217 5433 5406 5242 4843 5422 5345 5390 5294 5024 5061 5633 5210 5577 5331 5408 4979 5387 5024 5341 5714 5753 5154 5405 5489 5161 5236 5325 5705 5707 5110 5247 5002
5289 4964 5219 5098 4673 5557 5462 5018 4781 4832 4809 5155 5319 4761 5276 5279 5429 4776 5579 5150 5093 5318 5041 4926 5060 5164 5031 5341 5549 5146 4994 4995 5171 4996 5230 4949 4770 4806 5414 5305 5552 5063 5529 5169 5418 5013 4857 4574 5109 5232 5239 4770 5157 5472 4924 4932 5317 5323 4954 5307 4886 5388 4966 4977 5184 5168 5460 5489 5201 5285 4922 5307 5084 4760 5136 5231 5072 5254 4760 5135 5421 5399 4767 5346 4854 5285 4767 4670 4828 4723 5610 5490 5025 5497 5329 5196 5380 4840 4979 5454 5093 5306 5214 5133 4935 5230 5341 4681 5620 5123 4937 5017 4706 5098 4987 5420 5031 4764 5305 5466 4537 4983 4986 5122 4900 5042 5115 4684 5097 4719 5089 4642 5347 5404 5313 5142 4810 5164 4999 5104 5227 4890 5123 4675 4894 5591 5222 5343 5162 5292 5525 4954 5184 5002 4938 5102 5077 5173 4795 5329 5149 5323 5405 5285 5044 5605 5078 5010 4782 5020 5349 4850 5034 5335 5166 4811 5167 5242 5393 5067 5200 4920 5049 5019 5106 4904 5252 5475 5133 4996 5219 4816 4975 5370 4789 5291 5192 4927 4890 5055 4955 5486 5076 4727 5399 5034 4784 4998 4981 5246 5743 5123 4789 5149 4886 5327 5572 5330 5481 4977 5126 5481 5177 5049 5266 4775 5290 4783 5382 5108 5306 5143 4867 5337 5415 5034 5071 4946 5526 4728 5291 4914 5112 5601 5371 5218 5230 5460 4857 5020 5166 5520 5520 5437 5033 5198
5112 5226 5316 4948 4605 5403 5264 4878 4999 4880 4713 5546 5289 4881 5408 5223 5146 4769 5632 5157 5125 5250 4823 5262 5262 5189 5009 4939 5319 5036 5128 4904 4883 5100 5248 4979 4646 4968 5346 5424 5617 5186 5334 5120 5285 4952 4742 4648 5197 5394 5116 4827 5199 5127 5198 5235 5569 5456 5113 5311 5233 5466 4803 4723 5161 5124 5262 5224 5212 5078 4904 5476 5006 4838 5321 5371 5265 5419 4894 5364 5667 5029 4592 5426 5114 4904 4531 4757 4876 5087 5516 5551 5272 5522 4915 5125 5159 4777 5274 5507 5117 5647 5140 5219 5217 5005 5420 4973 5494 5446 4744 5066 4935 5249 4917 5579 4802 4553 5218 5525 4489 4882 5032 5192 5006 5088 5026 4837 4745 5084 4778 4799 5351 5316 5455 5364 4781 5213 4881 5093 5088 4598 5099 4970 4438 5195 5028 5279 5352 5081 5478 4954 5232 5075 4906 5419 4925 5054 4796 5521 5423 5468 5865 5198 4798 5529 5265 4969 4993 5160 5493 5007 5088 5067 5348 4731 5242 5028 5316 4912 4902 4885 5280 4902 5281 4861 5405 5525 5016 5160 5123 4876 4997 5674 4692 5160 4959 5038 5082 4936 5119 5664 4691 4694 4820 5339 4796 4917 5079 5134 5536 5008 4629 5383 5177 5276 5299 5313 5238 4801 4974 5676 5100 5125 5215 5042 5148 4826 5352 5220 5642 5383 5039 5065 5398 5052 5190 4978 5170 4821 5447 4974 5186 5099 5293 5223 5326 5354 4914 5277 5124 5638 5326 5256 4902 5242
5229 5084 5539 5032 4798 5900 5521 5146 5213 5188 4664 5836 5648 5124 5588 5657 5583 5071 5890 5511 5507 5523 5401 5697 5360 5564 5234 5593 5593 5308 4991 4941 5335 5314 5358 5144 4973 4909 5736 5637 5672 5365 5458 5215 5771 5285 5376 5039 5487 5503 5441 4974 5597 5535 5191 5273 5525 5568 5453 5583 5062 6216 4979 5120 5436 5466 5707 5748 5390 5293 5616 5815 5450 4956 5401 5794 5447 5511 5207 5506 5856 5547 5250 5681 5221 5381 5167 4682 5196 5280 5596 5876 5289 5764 5296 5569 5642 5035 5422 5605 5598 5807 5451 5595 5503 5393 5880 5249 6006 5663 5274 5349 5075 5233 5270 6094 5155 5031 5475 5975 4997 5149 5169 5459 5330 5626 5320 4868 5177 5359 5494 5210 5807 5601 5681 5603 5058 5262 5294 5431 5587 5330 5283 5445 5120 5446 5500 5648 5544 5481 5648 5207 5355 5347 5151 5516 5482 5614 4817 5783 5423 5727 5645 5206 5152 5596 5742 5302 5218 5396 5546 5452 5537 5475 5338 4987 5588 5679 5467 5422 5298 5120 5585 5327 5678 5146 5735 5729 5347 5417 5541 5174 5240 5739 5091 5383 5258 5173 5285 5285 5332 5774 5285 4920 5550 5693 5336 5321 5293 5476 5880 5093 5010 5521 5271 5509 5409 5737 5570 5265 5404 5792 5469 5416 5473 5503 5311 5193 5903 5729 5551 5503 4964 5496 5567 5430 5588 5288 5547 5034 5672 5169 5137 5667 5660 5359 5467 5797 5148 5663 5250 5703 5857 5366 5276 5411
5567 5347 5598 4958 4651 5617 5670 5286 5252 4915 5099 5556 5453 4996 5489 5706 5477 4733 5825 5225 5177 5543 5193 5509 5135 5395 5286 5495 5385 5269 5111 4921 4972 5066 5330 5261 5066 4844 5811 5373 5576 5051 5623 5285 5563 4941 4812 4863 5570 5183 5428 4889 5239 5433 5264 5306 5885 5839 5651 5467 5428 5808 5003 5351 5339 5730 5708 5678 5142 5215 5109 5456 5272 4830 5409 5628 5404 5502 5061 5505 5713 5403 5092 5768 5329 5719 4822 4877 5026 4879 5487 5782 5218 5604 5223 5311 5809 4991 5287 5581 5243 5775 5442 5294 5440 5190 5543 4830 5715 5253 5260 5013 5069 5198 5166 5800 5099 4973 5518 5710 4852 5110 5171 5144 5338 5465 5265 5144 4902 5132 5132 5032 6020 5378 6064 5630 5281 5408 5305 5189 5465 5096 4955 5141 4704 5533 5195 5623 5440 5175 5631 5410 5384 5464 5132 5196 5141 5577 5128 5785 5665 5534 5845 5291 4932 5522 5277 5127 5080 5705 5694 5017 5231 5572 5508 4742 5397 5583 5338 5163 5263 5283 5306 5067 5356 5187 5721 5734 5137 5214 5409 5097 5266 5733 5079 5234 5206 5172 5445 5083 5297 5812 5282 5088 5518 5416 5303 5055 5021 5356 5877 5395 5006 5220 5344 5510 5650 5523 5651 4938 5083 5870 5299 5491 5466 5458 5364 5225 5561 5332 5523 5387 5010 5074 5804 5428 5498 5483 5258 5370 5870 5137 5608 5585 5551 5299 5459 5819 5048 5354 5318 5901 5741 5444 5277 5300
4777 4798 5063 4319 4200 5144 4883 4618 4665 4718 4684 4927 5023 4569 4690 5150 4814 4177 4931 4795 4733 5014 4705 4602 4720 4668 4617 5015 4811 4526 4542 4432 4599 4667 4834 4645 4363 4382 4801 4895 4857 4713 4898 4784 4964 4745 4918 4647 4789 4812 4721 4328 4941 4694 4669 4772 4908 5141 4888 5161 4770 5359 4211 4688 4836 4911 4916 4753 4792 4875 4727 5105 4697 4386 4783 4941 4840 5010 4576 4893 4860 4701 4650 5060 4569 4717 4499 4529 4334 4597 5177 5002 4945 5183 4401 5056 5077 4513 4598 4904 4842 4881 4835 5059 4734 5052 4910 4460 5234 5039 4445 4682 4424 4471 4661 5057 4518 4374 4711 5117 4193 4542 4878 4745 4814 4778 4518 4374 4643 4623 4759 4668 5135 4962 4870 4894 4621 4867 4670 4676 5067 4589 4814 4485 4639 4930 4929 5034 4959 4673 4718 4668 4641 4804 4459 4576 4870 4762 4621 4782 5232 4932 5034 4751 4640 4962 4996 4611 4644 5035 4919 4701 4673 4755 4765 4320 4805 4893 4836 4590 4650 4604 4670 4559 4713 4703 5065 5071 4730 4703 4684 4770 4596 5064 4612 4763 5035 4710 4726 4765 4685 5173 4587 4599 4878 4866 4854 4398 4548 4673 5225 4584 4201 4962 4803 5121 4967 5109 4873 4356 4857 5139 5032 4854 4659 4820 4825 4522 4779 4777 5010 4938 4354 4741 5060 4822 4876 4719 4899 4608 5076 4673 4787 4833 5315 4806 4867 5160 4317 4618 4989 5255 5070 4827 4687 4771
5640 5403 6096 5316 5294 6104 6102 5461 5924 5329 4952 5708 5922 5179 5704 5888 5673 5192 6131 5750 5866 5813 5743 5930 5360 5698 5589 5793 5862 5602 5349 5292 5358 5522 5690 5610 5453 5273 5975 6143 5635 5814 5664 5468 6037 5350 5476 5156 5638 5688 5752 5300 5808 5879 5770 5680 6044 6098 5792 5881 5438 6269 4986 5513 5494 5800 6042 5878 5439 5545 5703 6062 5745 5233 5881 6069 5822 5970 5449 5904 6214 5624 5493 6188 5520 5828 5133 4941 5243 5203 5898 6250 5728 6083 5373 5504 6141 5308 5830 5758 5887 5897 5813 5887 6087 5901 6069 5435 6291 5696 5388 5588 5345 5555 6063 6224 5685 5615 5975 6267 5206 5264 5414 5691 5567 5800 5679 5414 5444 5368 5298 5488 6319 5884 5862 6098 5396 5646 5653 5494 6049 5645 5384 5550 5162 6164 5934 5743 5710 5562 5800 5576 5891 5791 5515 5600 5439 5664 5429 5917 6050 6000 6116 5512 5367 5885 5981 5484 5451 5770 5969 5666 5682 5866 5524 5127 5653 5849 5886 5359 5788 5816 5863 5343 5997 5721 6171 5859 5561 5825 5721 5589 5586 6409 5353 5592 5666 5528 5633 5756 5513 6132 5730 5255 5809 5890 5662 5337 5540 5462 6125 5468 5155 5781 5408 5940 5563 6146 5857 5329 5569 6094 5914 5912 5938 5762 5750 5325 6030 5926 5741 5677 5368 5577 6169 5803 5878 5567 5564 5349 6209 5386 5674 5944 6297 5706 5649 5945 5467 5738 5745 6329 6178 5807 5512 5979
5798 5151 5750 5186 5015 5861 5793 5394 5362 5232 5121 5689 5902 5190 5631 5768 5893 5205 5948 5502 5600 5608 5615 5617 5511 5623 5607 5519 5832 5871 5519 5299 5168 5430 5527 5421 5234 5186 5784 5842 6045 5612 6032 5678 5904 5171 5430 5124 5708 5630 5487 5564 5453 5659 5477 5258 6244 6037 5827 5811 5581 6103 5179 5488 5636 5838 5918 6022 5494 5518 5280 5750 5782 5413 5903 5932 5899 5690 5002 5485 6086 5500 5183 5998 5495 5478 5022 5020 5286 5376 5897 5670 5770 5812 5441 5619 5896 5444 5617 5713 5771 5810 5522 5878 5637 5522 5791 5176 6331 5852 5217 5296 4906 5631 5743 6010 5598 5216 5731 5887 4991 5283 5584 5535 5366 5663 5528 5312 5544 5369 5513 5385 6084 5743 5856 5728 5317 5709 5183 5531 5742 5513 5346 5521 4821 5942 5448 5695 5959 5738 5957 5331 5650 5414 5376 5769 5520 5690 5362 5919 5869 6103 5853 5588 5315 5991 5784 5322 5594 5614 5840 5399 5630 5789 5495 4922 5860 5482 5603 5534 5774 5527 5538 5495 5888 5481 5769 5685 5374 5657 5530 5238 5494 5952 5569 5350 5632 5602 5708 5561 5341 5899 5458 5253 5559 5778 5738 5373 5357 5598 5826 5618 5228 5506 5300 6082 5960 5970 5691 5157 5549 5832 5458 5580 5698 5663 5470 5334 5668 5605 5880 5573 5525 5590 6046 5670 5811 5671 5583 5221 6047 5431 5646 5795 6214 5433 5806 6068 5457 5433 5726 6166 6173 5831 5337 5503
5283 5286 5567 4841 4604 5399 5463 5044 4796 5037 4730 5499 5508 5005 5351 5389 5653 4618 6026 5437 5373 5662 5189 5454 5248 5445 5055 5487 5604 5207 4942 5126 5049 5095 5026 4955 4927 4777 5529 5289 5307 5062 5545 5540 5246 5053 5050 4681 5316 5395 5318 4971 5607 5219 5103 5121 5525 5720 5496 5717 5560 5851 4602 5375 5552 5281 5474 5531 5148 5213 5088 5437 5320 5125 5553 5437 5418 5462 5194 5202 5517 5298 4656 5362 4852 5417 5075 4697 4826 5075 5679 5681 5192 5584 5114 5342 5382 5164 5296 5517 5312 5387 5173 5290 5226 5441 5390 4670 5702 5683 5173 5059 4760 5163 5146 5826 4978 4829 5387 5723 4591 5027 5229 5087 5199 4882 5100 4918 5101 5184 5074 5083 5676 5295 5728 5304 4993 5457 4966 5342 5360 4917 5206 5156 4924 5597 5542 5434 5460 5436 5827 5043 5290 4924 4761 5595 5273 5369 5054 5503 5265 5753 5446 5388 4922 5464 5259 4925 4995 5669 5537 5006 5079 5392 5183 4736 5359 5376 5330 5118 5245 5071 5277 5403 5293 5123 5639 5623 5030 5093 5383 5268 5106 5469 5039 5060 5189 5371 5444 5245 4825 5641 5137 4972 5281 5121 5202 5229 4963 5244 5961 5095 4774 5058 5129 5573 5756 5486 5192 5035 5324 5549 5053 5104 5225 5264 5273 4804 5656 5299 5369 5543 5095 5141 5439 5380 5165 5408 5298 5165 5585 4852 5308 5583 5772 5372 5509 5570 4842 5728 5229 5799 5651 5517 4955 5277
5158 4960 5378 4837 4923 5163 5284 5090 5049 5151 4523 5333 5381 4966 5241 5457 5625 4779 5727 5215 5295 5439 5042 5007 4937 5313 5173 5220 5576 5394 4850 5091 5133 5234 5123 5113 4916 4741 5380 5505 5506 5081 5243 5104 5469 5089 5019 4712 5404 5231 5111 4843 5247 5380 5163 5065 5325 5449 5304 5360 5215 5668 4663 4986 5123 5374 5347 5542 5346 5139 4926 5399 5154 4646 5414 5242 5162 5435 4610 5534 5522 4932 4822 5776 4985 5194 4641 4760 4929 5265 5299 5516 5081 5438 4820 5339 5288 4771 5219 5521 5178 5618 5390 5147 5351 5151 5592 4659 5888 5197 4824 5164 4917 5378 5474 5628 5132 4907 5524 5542 4332 5155 4898 5326 5048 5226 5086 4892 4888 5003 5031 4816 5495 5261 5594 5336 4804 5283 5141 5281 5071 5288 5129 5056 4648 5488 5094 5354 5372 5134 5494 5158 4984 5082 5022 5179 5053 5385 4971 5484 5255 5485 5577 5132 4897 5632 5103 5064 4914 5191 5302 5203 5244 5138 5066 4503 5493 5106 5326 5227 5088 5192 5429 4667 5290 5025 5623 5347 5193 5174 5393 4986 4967 5586 4810 4933 5277 4958 5247 5225 5434 5557 5075 4932 5436 5272 5039 4948 4818 5156 5286 5234 4619 5414 4858 5559 5382 5386 5292 4811 4984 5407 5217 5203 5241 5288 5150 5141 5689 5194 5184 5333 4789 5053 5403 5342 5402 5087 5260 4935 5512 4678 5102 5644 5477 5407 5328 5632 4879 5169 5279 5670 5432 5294 5109 5167
5309 5076 5464 4757 4780 5581 5432 5011 5090 4869 4736 5521 5562 4959 5391 5430 5702 4711 5618 5021 5146 5530 5109 5443 5190 5244 5203 5406 5329 5146 4999 4926 5071 5053 5273 5112 4794 5031 5372 5298 5661 4962 5492 5174 5380 4849 5107 4745 5361 5237 5456 4788 5440 5174 5005 5219 5648 5632 5138 5412 5117 5367 4909 5164 5320 5452 5472 5416 5165 4900 5024 5411 5310 5164 5113 5241 5246 5208 5235 5251 5583 5319 4794 5443 5163 5579 4778 4696 4946 5156 5478 5619 5148 5365 5364 5366 5211 4848 5201 5634 5276 5455 5229 5116 5212 5117 5601 4902 5483 5565 5228 5127 4844 5334 5356 5847 4914 5026 5613 5633 4640 5129 4954 5280 4945 5040 5341 4694 4945 5175 5340 4840 5609 5290 5575 5455 5101 5072 5078 5080 5396 5027 4982 4951 4764 5319 4950 5504 5307 5406 5459 5141 5495 5252 5001 5223 4851 5255 4694 5455 5317 5566 5715 5486 5153 5498 5329 5088 5062 5303 5441 5092 5119 5318 5215 4676 5438 5390 5260 5386 5003 5063 5455 4846 5233 5031 5101 5810 4967 5246 5319 5247 4988 5546 4994 5088 5127 5053 5237 4858 5272 5778 5240 4900 5547 5456 5091 4791 5055 4952 5726 5222 4719 5153 5069 5417 5399 5432 5373 4869 4993 5726 5138 5112 5163 5106 5307 5211 5851 5097 5319 5280 5036 5116 5567 5421 5180 5364 5357 5034 5656 5264 5072 5465 5342 5571 5407 5612 4830 5534 5272 5521 5427 5478 5247 5238
5025 5056 5056 4616 4943 5669 5478 5329 5113 4792 4946 5462 5667 4991 5550 5403 5539 4668 5670 5245 5303 5405 5330 4951 5039 5434 5112 5224 5327 5488 4993 4959 4988 5279 5514 5162 4863 4845 5339 5538 5414 5427 5475 5035 5590 4903 5110 4955 5406 5326 5393 5222 5668 5368 5406 5013 5781 5467 5301 5510 5057 5571 4810 5171 5236 5467 5358 5601 5238 5072 4823 5336 5463 4901 5284 5531 5365 5536 4883 5386 5523 5316 5041 5734 5189 5308 4749 4835 5128 4837 5641 5704 5460 5593 5008 5445 5344 5016 5308 5514 5432 5412 5420 5475 5642 5473 5840 4778 5705 5462 5194 5153 5006 5311 5156 5643 5163 4848 5154 5556 4752 5123 5149 5442 5022 5419 4994 5251 5031 4900 5128 4897 5593 5397 5298 5271 4842 5455 5178 5133 5467 4791 5341 5071 4853 5173 5501 5469 5217 5147 5376 5248 5302 5241 5155 5249 5045 5381 4783 5555 5689 5433 5557 5268 5137 5622 5251 5173 4953 5271 5473 5391 5270 5495 5183 4517 5466 5058 5175 5266 5239 5209 5573 5258 5241 5115 5488 5495 5234 5084 5741 4947 5241 5496 4817 5182 5100 5145 5404 5225 5340 5896 4984 5104 5250 5422 5438 4803 5001 5069 5679 5246 4957 5642 5197 5490 5392 5591 5238 5002 5158 5398 4974 5390 5310 5448 5123 5035 5495 5401 5407 5463 4835 4932 5484 5254 5475 5258 5390 5156 5796 5015 5166 5742 5664 5572 5281 5532 4982 5310 5322 5631 5555 5351 5014 5205
5666 5326 5453 4827 5105 5360 5598 5305 5085 4861 4763 5634 5607 5290 5482 5366 5645 5028 5740 4950 5786 5440 5529 5323 5197 5277 5472 5615 5837 5417 5036 5502 5172 4935 5627 5259 5000 4963 5623 5616 5884 5276 5548 5315 5788 5130 5148 4868 5317 5293 5490 4936 5678 5351 5027 5224 5836 5686 5549 5456 5255 5970 4974 5263 5500 5394 5791 5703 5444 5260 5248 5540 5528 4825 5529 5695 5348 5397 4899 5630 5942 5229 5076 6022 5356 5213 4951 4961 5057 5027 5430 5862 5467 5542 5098 5251 5611 5070 5622 5704 5268 5679 5409 5375 5684 5393 5804 4930 5876 5424 5012 5448 5040 5322 5593 5687 5187 5137 5402 5615 4833 5116 5225 5282 5235 5618 5263 5051 5076 5317 5188 5015 5554 5464 5498 5776 5086 5422 5217 5286 5568 5028 5315 4993 5054 5640 5405 5637 5466 5410 5560 5399 5520 5038 5105 5596 5237 5690 5112 5624 5679 5632 5660 5309 5094 5777 5212 5233 5333 5370 5574 5382 5123 5403 5188 4775 5324 5381 5377 5302 5403 5193 5742 5080 5654 5187 5638 5504 5239 5406 5424 5124 5288 5773 5108 5345 5406 5032 5176 5184 5462 5634 5254 5142 5558 5591 5630 5089 5194 5191 5908 5201 4928 5274 5178 5564 5537 5564 5658 5084 5191 5561 5416 5330 5343 5293 5326 4975 5633 5323 5604 5498 5246 5253 5761 5648 5566 5874 5525 4983 5650 5034 5267 5658 5939 5372 5227 5480 5041 5443 5193 5729 5675 5614 5286 5557
5561 5289 5699 4970 4759 5631 5437 5333 4970 5048 5102 5461 5606 5167 5350 5811 5463 4846 5744 5239 5337 5612 5142 5276 5215 5718 5130 5575 5258 5426 5041 5288 5108 5004 5398 5180 4829 4855 5835 5452 5423 5216 5365 5031 5298 5313 5099 4706 5492 5286 5188 4917 5325 5417 5441 5154 5521 5973 5584 5587 5219 5906 4903 5289 5423 5442 5502 5631 5303 5257 5125 5437 5477 4825 5482 5365 5418 5749 5043 5498 5689 5573 5146 5931 4987 5610 5022 4783 4882 5375 5538 5606 5132 5414 5235 5611 5420 5057 5489 5763 5347 5583 5458 5394 5432 5576 5514 5019 5874 5506 5069 4984 4946 5322 5472 5735 5185 5005 5530 5892 4842 5295 5216 5360 5245 5411 5465 4949 5302 4938 5152 5082 5778 5386 5814 5710 5275 5428 5285 5058 5374 5274 5525 5114 4970 5694 5510 5467 5477 5147 5661 5388 5475 5207 4886 5177 5573 5437 5167 5557 5621 5590 5412 5471 5194 5881 5443 5156 5129 5601 5523 5302 5332 5135 5290 4673 5350 5612 5492 5062 5342 5285 5424 5094 5285 5451 5707 5716 5161 5147 5295 5152 5252 5636 5087 5289 5415 5248 5508 5481 5245 5779 5058 4971 5743 5246 5460 5015 5079 5486 5952 5226 5101 5253 5069 5433 5470 5432 5647 4924 5138 5577 5379 5268 5450 5538 5407 5038 5706 5406 5413 5370 5136 5181 5816 5421 5327 5405 5477 5004 5836 4977 5244 5657 5967 5215 5350 5721 4780 5348 5407 5682 5525 5453 5119 5373
5195 4754 5265 4728 4611 5091 4962 4831 4723 4843 4766 5350 5133 5284 5464 5133 5312 4747 5444 5263 5229 5280 5200 5130 4940 4849 5275 5244 5431 5077 4915 5038 5040 4706 5188 4920 5064 4800 5498 5315 5349 5202 5445 5312 5430 4469 4624 4412 4931 5031 5201 4838 5118 5392 4967 4847 5683 5259 5193 5427 5196 5467 4493 4968 5389 5295 5084 5269 4960 5265 4732 5281 5079 4456 5285 5273 5005 5136 4739 5295 5388 5083 4699 5453 4911 4980 4547 4843 4630 4702 5327 5326 5032 5246 4936 5017 5351 4735 5292 5238 5169 5124 5062 5027 5276 5223 5249 4425 5647 5334 4764 4929 4842 4991 5343 5447 4948 4944 5188 5815 4851 4793 5122 4871 5063 4796 5064 4612 4894 4778 5001 4775 5122 5300 5438 4922 4425 5130 5053 5153 5122 5000 4767 4892 4595 5386 5461 5289 5200 5132 5622 5265 4938 4851 4836 5261 5168 5274 4736 5360 5174 5267 5333 5025 4833 5456 5080 5075 4911 5310 5282 4939 4950 5076 4764 4396 5118 5272 5247 5013 5010 5082 5243 4923 5234 4746 5198 5364 4824 5238 5168 4657 5189 5281 4869 4856 4902 4923 5010 4804 5262 5421 4904 4864 4959 5185 5170 4730 4764 5038 5633 5044 4665 5002 4947 5061 5328 5210 4985 4481 5135 5364 4882 5110 5295 5030 5116 4731 5270 5474 5116 5319 4766 5115 5325 5030 5002 5082 5138 5284 5514 4617 4987 5290 5765 5004 5102 5221 5050 5195 5069 5295 5619 5397 4969 4875
5136 5002 5165 4543 4433 5309 5004 4938 4801 4825 4641 5354 5049 4809 5185 5249 5128 4595 5483 5082 4919 5121 4975 5184 4930 5226 5013 4990 5283 4933 4620 4791 4870 4820 5018 4834 4621 4721 5273 5328 5487 5089 5389 4913 5356 4754 4634 4461 5075 4944 5150 4834 5046 4913 5188 4866 5266 5533 5235 5153 5096 5539 4401 4972 4964 5271 5210 5272 5084 4909 4851 5247 5027 4637 5230 5261 4971 5164 4833 5234 5545 5024 4583 5341 4884 4974 4648 4864 4769 4878 5334 5347 5082 5203 4822 5017 5341 4906 5344 5088 4763 5321 4929 5216 4995 5259 5050 4780 5645 5198 4895 4943 4783 5191 5177 5670 4970 4545 5128 5626 4539 4698 4906 4771 5158 5030 5009 4648 4545 4996 4968 5172 5449 4978 5543 5105 4776 5104 5100 5214 5314 4859 4840 4896 4771 5326 5257 5116 5017 5007 5532 5186 4986 4800 4586 5076 4963 5094 4900 5148 5111 5243 5438 5098 4751 5619 4928 4717 4864 5327 5271 5022 5001 5188 4827 4397 5228 5388 5123 5145 4999 4918 5313 4952 5138 4940 5602 5458 4749 5186 5163 4751 5246 5493 4983 4998 5060 4979 4761 4770 5057 5583 4865 4417 5157 5088 5316 4655 4973 4741 5607 4795 4725 5067 4922 5258 5143 5676 4994 4603 4829 5409 5079 5000 5097 5038 5089 4800 5413 5456 5419 5226 4722 5003 5407 5055 4944 5028 5044 4907 5254 4793 4767 5376 5518 5095 4883 5455 4957 5230 4890 5438 5266 5044 4817 5254
5397 5130 5489 4864 4644 5636 5539 5024 4941 5023 4731 5439 5472 5078 5261 5489 5647 4889 5849 5143 5290 5434 5191 5083 5117 5553 5296 5327 5759 5289 4978 5242 5237 5294 5189 5217 4985 4928 5573 5527 5744 5157 5385 5354 5628 4910 5119 4976 5333 5429 5354 4780 5514 5310 5186 4995 5856 5715 5407 5290 5345 5701 4736 5206 5497 5585 5386 5674 5201 5252 5124 5548 5369 4949 5505 5458 5374 5379 5157 5314 5805 5296 5091 5658 5070 5295 4793 4739 5085 5154 5785 5647 5061 5439 5340 5333 5572 4860 5060 5584 5438 5520 5363 5322 5281 5552 5654 4687 5981 5339 4878 5111 4826 5357 5448 5654 4992 5075 5563 5570 4490 4942 5059 5152 5327 5241 5343 4804 4864 5039 5153 5019 5785 5285 5571 5427 4900 5395 5082 5109 5539 4968 5364 4757 4745 5418 5283 5519 5274 5329 5549 5169 5169 4853 5056 5314 5221 5476 5094 5606 5348 5579 5588 5447 5065 5648 5379 5229 5093 5436 5425 5209 5224 5418 5100 4879 5493 5587 5270 5208 5217 4991 5504 5154 5403 5071 5368 5800 5076 5168 5486 5026 5361 5717 5085 5278 5140 5211 5249 5110 5486 5709 5232 5033 5443 5448 5292 4982 5224 5286 5751 5207 4968 5303 5306 5432 5509 5506 5280 5221 5143 5599 5332 5510 5399 5359 5188 5195 5631 5309 5517 5309 5064 5135 5394 5619 5502 5149 5358 5213 5428 4716 5126 5466 5638 5368 5406 5820 4860 5631 5366 5633 5653 5534 5186 4906
5135 4522 4998 4455 4282 5331 5225 4689 4669 4587 4111 4996 5185 4732 4912 4661 5074 4315 5409 4726 5031 5139 4642 4835 4804 4984 4954 4904 5026 4764 4365 4598 4601 4900 4785 4560 4089 4405 5049 4860 5073 4615 5098 4751 4998 4479 4436 4506 4772 4483 4962 4463 4942 4918 4667 4753 5016 5304 4965 5242 4544 5501 4318 4788 5009 4774 5128 5126 5189 4653 4687 4757 4859 4345 4874 4950 5143 5003 4584 4776 5200 4949 4497 5128 4634 4716 4531 4477 4363 4444 4891 5098 4779 5081 4813 4963 4818 4561 4866 4828 4708 5060 4890 4659 5232 4878 5136 4246 5325 4592 4563 4686 4540 4775 4689 5170 4754 4540 4770 5401 4228 4728 4760 4921 4670 4921 4645 4202 4885 4677 4540 4558 5140 4856 5123 4958 4574 4888 4633 4670 4892 4674 4702 4490 4619 4876 4857 4847 4775 4871 5111 4835 4877 4711 4799 4880 4876 4754 4744 5000 5147 5076 5062 4821 4733 5350 4923 4638 4420 4814 5079 4619 4905 4838 4344 4179 4652 5117 4749 5029 4765 4638 4915 4627 4938 4691 5271 5168 4686 4726 4838 4537 4830 5112 4362 4763 4952 4889 4926 4790 4829 5179 4698 4742 5067 5064 4691 4573 4595 4872 5501 4544 4313 4915 4822 5052 5281 4939 4794 4451 4694 5227 4556 4874 4945 4828 4687 4433 4915 4704 4966 5012 4408 4640 5088 4897 5117 4690 5179 4690 5016 4557 4768 5100 5466 4756 5025 5073 4511 4824 4732 5199 5223 4816 4766 4685
5408 5048 5504 5089 4797 5622 5348 5030 5296 5049 4929 5512 5236 5102 5278 5340 5816 4970 5791 5586 5242 5346 5175 5266 5094 5394 5314 5559 5596 5325 5126 4967 5431 5268 5341 5169 5044 5016 5730 5828 5413 5337 5585 5487 5708 5164 4905 4848 5201 5599 5526 5123 5258 5532 5056 5323 5745 5690 5306 5536 5304 5592 4903 5120 5427 5261 5315 5621 5598 5324 5242 5602 5334 4925 5532 5596 5264 5807 5237 5325 5644 5062 5069 5781 5059 5388 4729 4855 4866 4916 5545 5798 5406 5773 5393 5370 5736 4966 5525 5618 5696 5497 5348 5143 5581 5508 5500 5061 5942 5796 5164 5196 5183 5260 5470 5837 5138 5197 5509 6016 4614 5242 5154 5365 5127 5271 5153 4923 5065 4898 5281 5115 5604 5674 5620 5319 5024 5449 5278 5277 5303 5208 5200 5410 4846 5665 5346 5753 5602 5604 5519 5112 5667 5249 5002 5457 5074 5657 4979 5641 5399 5648 5900 5586 5267 5621 5488 5424 5242 5371 5468 5119 5336 5374 5428 4964 5557 5336 5498 5168 5138 5219 5497 5112 5429 5233 5612 5362 5148 5384 5445 5249 5049 5632 5062 5538 5129 5312 5420 5107 5358 5595 5232 4980 5518 5503 5203 5187 5271 5027 5967 5134 4816 5258 5207 5205 5514 5377 5525 5227 5187 5629 5328 5318 5455 5394 5469 5005 5579 5164 5305 5541 5027 5408 5588 5362 5285 5599 5402 4959 5495 5129 5287 5849 5820 5379 5328 5814 5177 5354 5169 5874 5603 5742 5142 5220
5145 4913 5267 4588 4610 5381 5074 4812 4897 4779 4569 5297 5149 4620 4934 4866 5071 4883 5516 5031 4996 5263 4875 5135 4659 5159 4886 5210 5362 4841 4619 4672 4815 4946 4823 4673 4750 4632 5266 5380 5083 4838 5129 4641 5226 4694 4805 4723 5133 4883 5065 4754 4978 5270 4827 5299 5443 5412 5207 5117 4889 5628 4680 4997 4918 5337 5148 5189 5185 4931 5000 5204 5000 4575 5195 5197 5049 5030 4788 5204 5592 5006 4786 5309 4781 5092 4735 4456 4704 4971 5368 5462 5074 5269 4769 5221 5434 4747 5211 5389 5003 5296 5102 4721 5115 4985 5096 4712 5580 5137 4848 4493 4867 5132 5207 5472 5015 4815 5298 5509 4433 4761 4777 5096 5188 4996 4613 4501 4746 4907 4741 4839 5418 5060 5107 5243 4922 5073 4938 5099 5157 5024 4877 5060 4836 5172 4908 5062 5280 4734 5116 4928 4876 4858 4836 5063 5162 5033 4989 5203 5446 5293 5195 4837 4865 5134 5102 4888 4928 5304 5184 4858 4917 5224 4910 4497 4958 5063 5055 4878 5188 4795 5265 4748 5078 4905 5413 5319 5174 4952 5234 5150 4745 5336 4662 4843 5056 5027 5080 5014 5010 5207 4801 4631 5068 5090 5379 4669 4710 4845 5452 5026 4424 5071 4823 5295 5451 5091 5188 4767 4747 5472 4823 4915 5514 5257 5138 4745 5302 5193 5333 5153 4632 5039 5411 5190 5132 4789 4911 4976 5663 4807 4758 4898 5662 4818 4867 5188 4705 5162 4895 5288 5202 5024 5072 5195
5344 5181 5563 4982 4984 5572 5426 5260 5210 4987 4763 5373 5829 4827 5337 5544 5466 4778 5797 5232 5301 5551 5092 5379 4908 5540 5214 5256 5356 5545 5046 4705 5002 5310 5105 5099 4887 4962 5572 5395 5474 5311 5436 5107 5340 4957 4876 4752 5512 5318 5599 5100 5079 5368 5310 5234 5587 5449 5294 5659 5085 5759 4761 5230 5191 5372 5502 5533 5120 5082 4961 5574 5443 5144 5243 5472 5384 5375 5052 5253 5728 5351 4687 5617 5086 5308 4823 4843 5052 4987 5483 5743 5398 5547 5267 5286 5494 5029 5515 5439 5419 5529 5181 5381 5284 5189 5701 4750 5681 5582 4994 5267 4952 4970 5113 5677 5248 4952 5280 5657 4837 5003 5217 5282 5127 5455 5074 4955 4931 4700 5184 5411 5758 5377 5540 5756 5045 5223 5168 5195 5454 5147 5083 5133 4705 5535 5171 5349 5296 5145 5610 5248 5302 5189 5051 5189 5181 5217 5087 5565 5620 5546 5719 5518 5130 5437 5397 5100 5096 5659 5562 5093 5412 5106 5024 4719 5368 5523 5177 5131 5195 5413 5471 4899 5639 5124 5710 5484 5069 5285 5259 4891 5221 5750 5105 5284 4882 5402 5546 5144 5175 5924 5037 4848 5576 5077 5264 5016 5152 5317 5926 5105 4828 5323 4885 5505 5220 5503 5218 4868 5110 5597 5112 5230 5376 5303 5451 4947 5463 5261 5478 5310 5132 5236 5510 5272 5279 5116 5409 5027 5733 4707 5022 5565 5711 4986 5364 5679 4923 5288 5200 5653 5813 5138 5201 5136
5403 5360 5586 5014 4998 5832 5474 5321 5139 5274 5067 5490 5567 5118 5465 5486 5671 5092 5624 5641 5431 5379 5205 5340 5229 5604 5344 5399 5334 5254 4938 5287 5190 5037 5601 5325 4993 5005 5443 5793 5576 5364 5362 5379 5956 5141 5235 4744 5465 5538 5556 5158 5485 5722 5291 5129 5748 6022 5353 5550 5462 5765 4849 5271 5613 5714 5631 5693 5339 5114 5157 5577 5267 4806 5323 5617 5142 5641 5079 5341 5661 5362 4957 5849 5132 5429 4930 4840 4921 4955 5682 5748 5381 5467 5220 5376 5806 4890 5492 5413 5386 5436 5463 5393 5160 5393 5515 5024 5949 5493 5158 5214 5195 5249 5355 5920 5336 5037 5499 5800 4669 5003 5246 5370 5368 5397 5319 5166 5109 4948 5149 5186 5917 5631 5535 5444 5285 5850 5169 5353 5351 5151 5111 4973 4780 5646 5444 5469 5390 5305 5399 5562 5344 5113 5192 5318 5288 5394 5014 5347 5452 5543 5378 5575 5127 5640 5377 5166 5310 5490 5500 5130 5372 5502 5354 4883 5369 5565 5631 5326 5263 5208 5472 5045 5679 5294 5613 5751 5180 5111 5371 5261 5369 5914 5124 5402 5730 5031 5584 4972 5268 6050 5278 5208 5455 5263 5453 5083 5245 5071 5844 5341 5089 5388 5023 5495 5576 5925 5524 5268 5091 5713 5312 5466 5584 5301 5163 5194 5891 5518 5203 5657 5163 5257 5792 5130 5403 5475 5387 5255 5726 4944 4847 5737 5683 5452 5058 5659 4930 5528 5378 5797 5776 5623 5404 5257
5397 5169 5573 4994 4569 5280 5382 5002 5030 5184 4802 5559 5524 5206 5118 5570 5284 4941 5494 5236 5420 5414 5263 5251 5037 5239 5326 5424 5506 5154 5037 5011 5208 5101 5366 5153 5011 4867 5497 5528 5548 5235 5435 5043 5778 4764 4971 4915 5366 5245 5473 4988 5353 5015 4958 5254 5671 5553 5692 5385 5320 5552 4726 5124 5262 5577 5523 5374 5165 5349 5165 5792 5135 4551 5330 5484 5318 5441 4880 5562 5729 4943 4912 5818 5083 5442 5010 4791 4889 5219 5379 5668 5406 5526 5236 5128 5511 4825 5443 5536 5519 5435 5237 5162 5403 5509 5797 4815 6028 5404 5273 5292 4950 5212 5485 5747 5234 4954 5498 5590 4531 5177 5182 5391 5187 5270 5055 4871 5074 5249 5121 5112 5511 5136 5657 5152 4980 5266 5080 5240 5375 5017 5105 5235 4985 5678 5305 5495 5478 5682 5775 5113 5414 5192 4881 5341 5260 5578 4948 5508 5429 5678 5565 5294 4890 5889 5348 5237 4939 5386 5415 5011 5253 5428 5006 4833 5513 5400 5457 5449 5520 5430 5436 5039 5389 5180 5758 5819 5191 5180 5477 4970 5025 5755 4985 5259 5284 5247 5426 5103 5300 5379 5253 4895 5243 5023 5312 5027 4852 4990 5917 5286 4955 5200 5136 5585 5365 5281 5419 4882 5077 5873 5434 5355 5345 5530 5324 4973 5411 5454 5377 5086 5009 4994 5418 5137 5372 5556 5055 5052 5300 4794 5094 5658 5740 5226 5214 5609 4726 5426 5073 5589 5442 5487 5066 5359
5607 5122 5430 4900 4876 5554 5436 5377 5200 5086 4915 5321 5668 4985 5613 5609 5408 4868 5819 5034 5392 5737 5531 5347 5237 5503 5387 5408 5511 5229 5210 4952 5083 5242 5469 5158 4881 5010 5547 5555 5495 5135 5756 5298 5498 4972 5149 4964 5340 5282 5308 4925 5399 5415 5116 5458 5637 5778 5388 5478 5189 5762 5001 5110 5467 5294 5723 5545 5318 5077 5196 5404 5320 4743 5192 5345 5193 5418 5130 5543 5757 5573 5099 5575 5371 5568 4761 4841 4863 5108 5533 5683 5344 5608 5358 5265 5521 4829 5148 5847 5384 5544 5281 5600 5450 5141 5601 4584 5932 5290 5024 5397 4910 4925 5199 5806 5214 4886 5473 5803 4894 5166 5030 5207 5394 5437 5330 5232 5170 5105 5186 5018 5960 5256 5930 5471 5192 5215 5375 5145 5566 5084 4962 4896 5134 5515 5470 5518 5265 5352 5613 5297 5388 5098 5092 5304 5387 5347 5158 5576 5645 5669 5694 5232 4889 5573 5463 5369 5204 5637 5482 5208 5411 5626 5197 4656 5333 5530 5447 5364 5337 5125 5604 5252 5432 5315 5528 5753 5057 5513 5426 5262 5314 5710 5178 5110 5232 4947 5211 5280 5103 5687 5398 4936 5471 5625 5431 5016 5159 5401 5937 5154 4965 5229 5123 5413 5340 5590 5617 4937 5391 5725 5133 5393 5409 5366 5364 5221 5516 5297 5347 5193 5021 5111 5674 5350 5462 5298 5528 4949 5782 5096 5079 5582 5717 5299 5514 5547 4992 5451 5419 5696 5672 5189 5259 5535
4945 4482 5207 4695 4366 4899 4955 4695 4525 4373 4347 4931 5057 4342 4850 4828 4987 4593 5390 4552 4859 4798 4659 4786 4621 4891 4681 4741 4933 4895 4515 4563 4637 4495 4993 4561 4561 4525 5007 4927 5129 4843 4721 4474 5021 4513 4458 4142 4973 4820 4837 4550 5016 4839 4671 4283 5198 5212 4868 5065 4658 5289 4199 4568 4847 4898 4884 4951 4918 4548 4601 4981 4874 4371 4834 4810 4996 4706 4613 4732 4952 4758 4339 5101 4717 4927 4331 4313 4609 4694 5029 4985 4881 5008 4735 4806 5134 4351 4983 5109 4892 4770 4666 4874 4919 4892 5182 4316 5175 4839 4608 4697 4412 4878 4640 5179 4547 4406 4624 5239 4296 4605 4564 4555 4867 4410 4740 4459 4368 4594 4740 4464 4837 5010 5246 4959 4393 4790 4720 4737 4936 4662 4686 4640 4155 5025 4856 4718 4946 4682 5068 4835 4741 4767 4623 5057 4732 4886 4363 5019 4957 5064 5251 4864 4603 5002 4972 4633 4520 4998 4664 4808 4797 4813 4786 4417 4792 4959 4993 4749 4556 4700 4889 4774 4839 4604 5124 4978 4447 4905 4764 4557 4733 5115 4553 4886 4860 4563 4686 4598 4698 4953 4661 4167 4716 4533 4667 4501 4520 4712 5244 4590 4385 4591 4842 5071 4977 4741 4851 4394 4554 5176 4742 4835 4857 4798 4678 4527 5079 4878 4996 4874 4685 4644 5128 4830 4858 4898 4784 4512 4932 4473 4696 5048 5124 4673 4907 5059 4378 4900 4906 5235 5117 4908 4592 4566
5451 5016 5475 4920 4747 5674 5556 5173 5087 4877 4751 5316 5433 4802 5493 5478 5502 4852 5505 5154 5440 5295 5156 5390 5206 5230 5161 5293 5790 5227 4919 5237 5070 5072 5149 5096 4867 4846 5515 5487 5521 4947 5393 5029 5376 5035 4939 4709 5169 5105 5334 4834 5530 5435 5307 5177 5528 5559 5331 5424 5152 5684 4949 5137 5458 5506 5254 5493 5115 5234 5239 5302 5277 4684 5472 5335 5411 5345 4888 5277 5442 5434 5069 5729 5215 5204 4812 5044 4801 5225 5373 5805 5175 5564 5067 5376 5592 4817 5134 5318 4990 5493 5186 5183 5428 5133 5561 4840 5457 5125 5041 5232 4884 5059 5135 5594 4966 5286 5471 5674 4611 4875 5310 5136 5188 5241 5141 5054 4828 5121 4916 5050 5623 5332 5276 5496 5001 5343 5190 5185 5145 4746 5196 4714 4633 5499 5204 5393 5406 5167 5464 5316 5425 5145 4870 5270 5043 5507 4949 5422 5642 5530 5539 5131 4953 5506 5383 5075 5072 5331 5479 5066 5370 5220 5146 4736 5413 5349 5338 5367 5221 4949 5162 5127 5361 5115 5198 5424 5064 5121 5383 5089 5114 5640 4719 5103 5412 5195 5655 5110 5099 5507 5113 4706 5324 5390 5135 5027 4981 5406 5722 4975 4895 5487 4970 5305 5547 5374 5200 4757 5104 5799 5226 5128 5485 5027 5136 5144 5321 5268 5423 5244 5017 5223 5702 5375 5281 5228 5609 4920 5444 4797 5109 5414 5697 5234 5344 5452 4936 5282 5395 5518 5741 5476 5006 5155
5356 5121 5515 4848 4774 5592 5455 5259 5319 5274 5069 5493 5523 5098 5279 5604 5533 4841 5759 5376 5415 5655 5442 5444 5257 5310 5446 5250 5572 5601 4943 4923 5031 5449 5260 5105 4924 4843 5563 5573 5825 5261 5425 5392 5446 4997 5321 4987 5364 5452 5314 5221 5341 5547 5312 5254 5887 5835 5515 5673 5280 5834 4862 5125 5611 5472 5603 5591 5248 5442 5375 5727 5319 4991 5422 5755 5603 5424 4936 5396 5819 5271 5134 5898 5462 5351 4981 5106 5104 5070 5862 5773 5438 5680 4979 5233 5541 5091 5190 5539 5468 5674 5547 5537 5582 5453 5761 4939 5904 5507 4955 5201 5204 5088 5565 5741 5454 4944 5565 5737 4676 4834 5170 5380 5241 5415 5051 5071 5322 5267 5159 5177 5828 5521 5538 5621 5123 5581 5066 5096 5438 4878 5211 5383 4760 5690 5314 5438 5783 5448 5664 5303 5289 5352 5186 5386 5387 5333 5111 5584 5583 5599 5791 5368 5062 5686 5474 5281 4847 5340 5604 5364 5620 5403 5350 4732 5342 5512 5293 4820 5367 5235 5249 5211 5484 5407 5638 5511 5252 5416 5693 5062 5365 5941 4962 5106 5436 5148 5617 5316 5413 5691 5252 5016 5491 5535 5430 4925 5329 5473 5653 5437 4942 5508 5158 5654 5462 5576 5490 4993 5358 5816 5208 5308 5555 5321 5327 5172 5418 5620 5674 5325 5175 5058 5589 5509 5555 5172 5398 5034 5827 5099 5505 5809 5871 5413 5298 5704 5015 5375 5445 5802 5632 5237 5238 5311
5425 5133 5569 4780 4658 5464 5652 5186 5214 5255 4892 5729 5619 4995 5462 5697 5456 4890 5529 5355 5466 5597 5304 5461 4979 5504 5114 5656 5890 5317 4865 5068 5170 5188 5433 5285 5088 4942 5646 5559 5519 5305 5514 5144 5615 4899 5239 4990 5395 5431 5432 4946 5288 5424 5277 5307 5690 5714 5600 5441 5072 5730 4959 5099 5333 5630 5445 5696 5160 5591 5272 5242 5513 5184 5257 5778 5537 5583 5117 5709 5435 5126 5021 5786 5265 5214 4975 4799 5021 4992 5528 5661 5163 5679 5259 5530 5731 5103 5360 5576 5254 5514 5528 5424 5355 5300 5740 4678 6053 5416 5301 5201 4685 5156 5262 6008 5379 4860 5259 5756 4834 5159 5116 5280 5252 5183 5115 4974 5011 5087 5100 4760 5778 5511 5624 5440 5071 5723 5218 5297 5530 5034 5298 5011 4970 5622 5626 5440 5599 5181 5807 5242 5360 4939 4875 5419 5443 5674 4933 5752 5521 5868 5715 5513 5023 5738 5210 5062 5144 5645 5602 5159 5294 5364 5118 4913 5383 5250 5197 5292 5370 5199 5432 5020 5300 5354 5379 5573 5311 5321 5473 4941 5280 5620 4831 5441 5236 5344 5261 5297 5179 5574 5371 5046 5521 5421 5244 5151 5082 5365 5764 5167 4873 5332 4952 5667 5548 5781 5222 5129 5294 5511 5472 5188 5497 5465 5290 4781 5633 5629 5540 5395 4874 5210 5665 5336 5192 5295 5385 5063 5579 4880 5194 5798 5860 5245 5349 5829 4980 5457 5490 5690 5744 5640 5126 5279
5170 4913 5302 4880 4706 5377 5188 4968 4829 4695 4584 5195 5354 4945 5283 5361 5450 4590 5465 5071 5247 5590 5039 5255 5060 5337 5257 5231 4957 4778 4623 5044 4586 4988 5077 4776 4692 4769 5268 5568 5313 5071 5216 4890 5313 4856 4892 4781 5306 5066 5203 4676 5173 5274 4984 4948 5642 5394 5282 5374 4940 5495 4420 4992 5333 5274 5293 5496 4991 4895 5156 5233 5155 4818 5353 5496 5150 5158 4980 5361 5700 4979 4741 5271 4916 5332 4694 4796 4626 4756 5193 5546 4761 5530 4944 4974 5263 4804 4983 5044 5225 5198 4939 4845 5084 5251 5270 4732 5424 5320 4692 4915 4609 4966 4921 5693 5088 4899 5266 5629 4673 4746 5079 5055 5023 5248 4945 4714 5041 4895 5218 4866 5479 5107 4995 5299 4650 4921 4910 4729 5339 4845 5191 4919 4819 5208 5053 5072 5193 5204 5694 4911 5244 5099 4991 5062 4990 5127 4853 5397 5188 5632 5411 5199 5047 5614 5341 4778 4935 4992 5349 4718 5286 5106 5008 4339 5130 4934 5116 5067 5167 4928 5200 4879 5248 4993 5200 5566 5075 5243 5293 5180 4898 5443 4986 4910 5135 4915 5170 4980 4990 5710 5159 4819 5333 5088 5104 4714 4847 5065 5491 5033 4736 5154 4883 4890 5461 5338 5052 5014 4920 5616 4981 5062 5180 5153 5099 4856 5306 5119 5096 5135 4639 5102 5346 5172 5398 4928 5092 5027 5375 4814 4820 5312 5807 5159 5196 5478 4731 5252 5373 5635 5437 5194 4805 5041
5013 4716 4854 4489 4310 5102 5005 4835 4869 4633 4308 5056 5160 4329 4927 5054 4957 4559 5199 4900 5069 5136 4860 5021 4790 4979 4969 5003 4889 4795 4613 4549 4662 4650 4954 4687 4563 4456 5182 5109 5064 4843 5196 4704 5171 4747 4479 4313 5203 5135 4934 4634 5081 5148 4750 4819 5229 5456 5146 5048 4716 5186 4467 4910 4785 4830 5047 5180 4921 4639 4825 5129 5080 4470 4771 5199 5244 5059 4663 5243 5188 4603 4880 5095 4868 5070 4638 4422 4496 4799 5070 5412 4662 5355 4668 4893 5007 4591 4848 5154 5007 4998 5223 5231 4811 5112 5223 4691 5628 4844 4634 4929 4460 4562 5021 5364 4761 4437 5029 5326 4539 4823 4723 5038 4632 4887 4693 4611 4569 4908 4688 4601 4994 4930 5129 5137 4596 4966 4838 4793 4804 4787 4777 4738 4667 5028 4852 4955 5022 5023 5185 4896 5017 4835 4574 5135 4889 4859 4706 5441 4845 5410 5328 5029 4736 5131 4868 4781 4912 4965 5074 4954 4841 4963 4756 4614 5057 4772 5084 4829 4671 4906 4921 4757 5068 4794 5201 5069 4941 4783 4879 4838 4641 5027 4602 4921 4819 4745 5009 4735 4739 5205 4917 4503 5259 5095 5077 4491 4992 4635 5363 4624 4533 4829 4750 5092 4907 4909 5065 4564 4750 5155 4745 4670 4876 4811 4797 4727 5113 5184 5046 4935 4702 5185 5182 4882 4999 5062 5044 4260 5051 4706 4997 5076 5346 4855 4869 5304 4507 4971 4801 5473 5061 5206 4681 5032
4588 4670 4803 4284 4061 4852 4711 4738 4616 4391 4361 4506 4903 4371 4654 4539 4889 4130 4868 4418 4658 4905 4611 4514 4629 4655 4557 4610 4829 4322 4445 4346 4318 4403 4765 4538 4163 4357 4829 4605 4736 4471 4815 4375 4747 4176 4478 4279 4638 4430 4410 4513 4523 4614 4637 4410 4551 5046 4816 4689 4605 4950 4407 4548 4468 4909 4539 4749 4551 4260 4429 4505 4722 4172 4678 4688 4664 4640 4095 4673 4792 4531 4217 4812 4508 4518 3991 4169 4173 4406 4808 4879 4546 4662 4591 4548 4677 4069 4798 4844 4437 4762 4703 4795 4528 4386 4917 3969 4885 4538 4164 4512 4247 4445 4475 4831 4352 4092 4463 4985 4133 4471 4523 4633 4367 4677 4624 4521 4304 4399 4379 4261 4747 4466 4859 4732 4383 4527 4485 4506 4518 4396 4392 4355 4273 4879 4609 4688 4713 4623 4869 4385 4452 4466 4352 4722 4511 4667 4252 4746 4936 5228 5066 4759 4271 4987 4459 4572 4565 4640 4704 4668 4519 4993 4533 3932 4553 4732 4653 4787 4585 4644 4637 4281 4510 4306 4990 4787 4450 4384 4866 4382 4509 4864 4321 4658 4627 4290 4661 4560 4305 4907 4616 4539 4681 4603 4436 4141 4397 4662 5213 4532 4467 4682 4514 4958 4880 4936 4758 4074 4446 4767 4385 4410 4590 4473 4742 4433 4578 4536 4803 4534 4166 4518 4923 4479 4605 4625 4601 4291 4918 4288 4462 4810 5186 4728 4638 4971 4496 4610 4658 4702 5107 4653 4446 4673
5585 5000 5310 4789 4729 5690 5536 5188 5083 4854 4577 5480 5512 4898 5349 5412 5424 4697 5528 5379 5324 5569 5344 5337 5186 5193 5270 5368 5317 5056 5157 5059 4918 5240 5289 4844 4886 5041 5682 5739 5582 5479 5442 5172 5700 5120 4990 4742 5341 5192 5087 5161 5377 5314 5208 5197 5587 5465 5416 5141 5476 5579 4816 5227 5124 5332 5337 5307 5425 5214 5165 5571 5328 4657 5438 5437 5223 5561 4839 5379 5878 5123 5079 5597 5086 5225 4878 4802 4846 5121 5358 5420 5353 5521 5127 5287 5508 4843 5298 5408 4945 5551 5096 5281 5075 5359 5562 4870 6037 5308 4889 5210 4726 5064 5137 5599 5102 4956 5076 5648 4497 5046 5165 5225 5279 5303 5103 5134 5049 5148 5298 5124 5884 5246 5529 5320 4900 5223 5024 5230 5507 5111 5060 5252 5033 5461 5398 5427 5307 5201 5471 5346 5046 4992 4937 5264 5110 5400 5003 5694 5447 5405 5618 5200 5056 5439 5211 5179 5232 5392 5366 5098 5322 5230 5075 4664 5213 5069 5234 5172 5133 5169 5524 5254 5392 5273 5709 5594 5077 5210 5541 5031 4742 5524 4903 5308 5240 5048 5380 5032 5255 5478 4898 4783 5166 5299 5245 4799 5168 5044 5953 5128 4853 5325 5191 5752 5508 5613 5390 4850 5016 5564 5188 5452 5410 5462 4980 4908 5337 5418 5348 5328 4861 5135 5435 5542 5310 5009 5309 5295 5551 4915 5215 5488 5836 5231 5429 5640 4819 5254 5420 5575 5577 5423 5107 5294
5710 5229 5619 4798 4522 5386 5455 5262 4966 4876 4813 5694 5467 5087 5398 5502 5419 4774 5648 5154 5086 5330 5433 5076 5170 5383 5133 5441 5372 5229 4897 5070 4878 5195 5533 4876 5109 4967 5530 5378 5324 5053 5772 5166 5385 4948 5021 4776 5459 5188 5492 4839 5422 5359 5068 5247 5527 5788 5327 5520 5327 5802 4657 5114 5167 4896 5497 5597 5552 5138 5057 5248 5572 4692 5225 5283 5352 5458 5211 5050 5741 5396 4956 5827 4887 5217 5066 4678 4662 4910 5442 5536 5200 5662 5436 5199 5521 5189 5270 5457 5138 5459 5160 5322 5442 5677 5515 4512 5865 5359 4990 5008 4932 5330 5081 6058 4977 4951 5348 5921 4875 5168 4988 5060 5165 5065 5171 5029 5254 5267 5129 5016 5633 5339 5395 5407 5151 5354 5189 5055 5323 5092 5434 4971 4995 5525 5379 5439 5331 5281 5732 5207 5482 5170 5117 5296 5325 5231 4863 5501 5626 5533 5385 5599 5054 5486 5324 4854 5239 5600 5211 4883 5184 5276 5171 5030 5342 5515 5434 5073 5166 5237 5427 5066 5025 5111 5619 5467 5156 5181 5276 5217 4997 5397 4994 5680 5470 5029 5300 5045 5129 5624 5141 4629 5318 5339 5209 4861 5032 5154 5992 5254 4711 5157 5102 5434 5565 5434 5283 4966 5165 5700 5334 5227 5127 5271 5322 4912 5644 5323 5437 5275 5062 4730 5568 5354 5313 5291 5598 4942 5501 4981 4932 5657 5720 5332 5162 5576 4752 5265 5165 5865 5645 5316 5103 5458
5051 4875 5112 4601 4373 5189 5273 5117 4945 4931 4517 5545 5294 5041 5388 5089 5365 4866 5340 5157 5197 5139 4941 5179 4882 4785 4962 5192 5171 4904 4678 4923 5172 4843 5133 4896 4884 4838 5235 5145 5386 5060 5492 4973 5419 4722 4769 4659 5186 5013 5291 4618 5219 5022 4818 5180 5427 5446 5091 5129 4817 5701 4676 4804 4967 5188 5557 5246 5204 4979 4950 5231 5169 4731 5090 5396 5242 5261 4944 5234 5551 5189 4853 5624 4932 4919 4596 4677 4627 5082 5441 5462 4978 5424 5367 5010 5516 4601 5233 5197 5157 5069 5134 4810 5364 5274 5443 4853 5516 5341 4647 4913 4807 4958 4949 5553 4881 4802 5075 5578 4668 4752 4647 5022 4992 5185 5127 4656 4912 5157 5007 4633 5389 5016 5249 5222 4809 5227 4947 5054 4969 5136 4882 5150 4715 5369 5106 5294 5234 5231 5352 4951 5215 4978 4724 5239 4776 5309 4669 5319 5269 5590 5375 5214 4697 5275 5236 4919 4756 5028 5243 5153 5063 5293 5253 4558 5201 5388 5136 5180 5023 4835 5203 4915 5229 4920 5431 5311 5135 5113 5252 4847 5063 5505 5008 5009 5051 4911 5039 4854 5045 5507 5087 4896 5215 5119 5097 4732 4737 5127 5526 4859 4413 5297 5051 5232 5180 5406 5347 4815 4936 5582 5149 5281 5130 5002 5347 4820 5410 5303 5332 5145 4554 5154 5323 5341 5434 5099 5134 4754 5513 4875 4884 5276 5293 5061 4847 5537 4715 5328 5170 5374 5588 5160 5019 5179
5579 5026 5544 4784 4887 5584 5565 5455 5256 4854 4831 5597 5576 5131 5386 5544 5544 4854 5756 5232 5273 5615 5152 5418 5106 5297 5218 5218 5590 5511 4939 5332 5188 5239 5434 5145 5179 5036 5342 5501 5599 5253 5408 5075 5418 4986 5033 4747 5349 5375 5306 5039 5315 5525 5297 5313 6005 5572 5290 5586 5222 6017 5007 5057 5197 5560 5609 5600 5464 5227 5297 5497 5273 5083 5471 5465 5366 5416 4918 5624 5816 5517 4945 5639 5242 5303 5141 4758 5170 4978 5758 5745 5286 5466 5087 5661 5686 4797 5220 5852 5461 5663 5447 5236 5383 5397 5789 4896 5774 5462 4928 5061 5215 5408 5347 5877 5211 5053 5159 5654 4574 5039 5213 5268 5401 5474 5293 5098 4888 5175 4994 4945 5942 5416 5740 5638 5276 5437 5222 5060 5616 5220 5050 5110 4594 5356 5332 5686 5395 5552 5552 5334 5332 5157 5268 5576 5066 5379 4999 5447 5724 5796 5633 5356 5174 5693 5449 5416 5287 5661 5622 4818 5492 5226 4917 4742 5376 5294 5435 5257 5247 5214 5558 5155 5594 5267 5635 5520 5080 5459 5498 5064 5139 5787 5180 5181 5274 4929 5411 5438 5448 5662 5205 4975 5688 5393 5426 4783 5090 5218 5973 5322 4975 5422 5210 5686 5298 5393 5390 5117 5360 5673 5583 5393 5364 5194 5266 4953 5651 5638 5544 5400 5313 5303 5774 5372 5418 5216 5353 5091 5774 4793 4937 5530 5484 5086 5554 5748 4842 5382 5243 5991 5501 5323 5121 5388
4776 4621 5049 4576 4411 5154 5072 4665 4723 4578 4660 4934 5098 4554 5077 5022 5332 4593 5175 4827 5059 5069 4778 4855 4457 4829 4757 5092 5126 4641 4402 4643 4702 4577 5152 4732 4796 4504 5223 5153 5002 4726 4899 4970 5170 4455 4672 4503 4952 4927 5125 4540 5049 5026 4646 4938 5324 5455 4756 4969 4783 5446 4325 4637 5111 5019 4992 5048 4714 4776 5000 5142 5020 4519 4976 5252 4970 4944 4733 5269 5272 4686 4525 5395 5059 4832 4685 4448 4442 4500 5386 5198 4976 5223 4861 4807 5025 4675 4796 5057 5151 5170 4948 5033 5155 5181 5334 4419 5143 5132 4540 4932 4608 4649 5033 5344 4617 4775 5055 5038 4370 4574 4740 4846 4800 4843 4838 4532 4601 4722 4493 4555 5080 5106 5085 5256 4647 4911 4966 4958 5001 4533 4770 4951 4580 5144 5003 5062 4949 5048 5222 4718 4936 4946 4544 4962 4666 5044 4483 5162 5057 5199 5233 4989 4466 5190 4994 4916 4496 5164 5130 4624 4799 4854 5116 4593 5098 5015 4924 4611 4793 4778 4945 4525 4967 4850 5206 5160 4770 4933 5096 4863 4909 5246 4709 4561 4698 4827 5005 4715 4826 5290 4897 4827 5198 4832 4928 4644 4575 4710 5188 4731 4557 5088 4760 4986 5210 5128 4951 4643 4799 5365 4917 4786 4786 4886 4838 4726 5165 4868 5076 4919 4644 4823 5180 4834 5113 5088 4866 4442 4970 4536 4719 4952 5410 4933 5034 5203 4526 4999 5033 5284 5207 5130 4681 4787
5405 4959 5672 4975 4778 5472 5363 5125 5117 4817 5024 5739 5731 5077 5665 5406 5615 4955 5751 5317 5372 5429 5161 5391 5230 5438 5122 5335 5541 5365 5021 4990 4920 5065 5281 5186 5092 5079 5586 5526 5611 5183 5335 5172 5456 4904 5178 4891 5201 5046 5511 4720 5261 5350 5138 5276 5852 5631 5465 5656 5039 5807 4862 5287 5352 5571 5210 5796 5389 5205 4934 5530 5199 4855 5551 5338 5262 5543 4926 5422 5567 4926 4801 5766 5194 5478 4825 4771 5006 4970 5371 5788 5305 5506 5310 5333 5683 5145 5396 5602 5172 5336 5308 5429 5252 5357 5624 4952 5713 5319 5210 5035 5012 5359 5000 5796 5202 5084 5561 5926 4675 4998 5173 5158 4993 5177 5129 4968 4923 5061 5064 5049 5556 5266 5769 5622 5320 5489 5034 4933 5524 5065 5224 5220 4862 5633 5527 5371 5141 5473 5559 5289 5540 5123 4955 5398 5155 5413 5146 5470 5656 5583 5575 5605 5185 5511 5232 5101 4858 5443 5460 5216 5514 5235 5223 4686 5316 5148 5386 5090 5279 5060 5077 4960 5497 5179 5573 5564 5296 5450 5257 4885 5080 5948 5095 5417 5241 5187 5320 5104 5229 5889 5093 4982 5487 5116 5053 5003 5103 5216 5877 5237 5088 5224 5295 5374 5351 5517 5191 4972 5236 5778 5256 5233 5598 5513 5331 4930 5315 5295 5212 5293 5019 5039 5808 5385 5422 5538 5237 5333 5855 4807 5344 5451 5846 5409 5272 5541 5154 5251 5352 5667 5596 5377 5104 5174
5354 5087 5400 4885 4463 5280 5437 4887 5109 5133 4780 5456 5396 5015 5142 5384 5489 4739 5789 5170 5156 5476 4946 5076 5258 5060 5021 5447 5352 5268 4871 5162 4728 5045 5171 5133 4682 4717 5266 5446 5373 5003 5330 5027 5156 4826 5054 4667 5394 5332 5181 5078 5180 5218 4941 5214 5545 5572 5444 5478 5207 5968 4803 5261 5189 5190 5249 5129 5336 4778 4992 5413 5150 4724 5442 5462 5467 5498 5106 5253 5548 5366 5068 5305 4990 5066 4573 4675 5054 5193 5386 5625 5180 5389 5256 5262 5418 4745 5195 5333 5120 5574 5239 5223 5180 5270 5687 4681 5587 5331 4991 5095 4809 4758 5241 5572 5046 4848 5303 5538 4746 4723 4939 5146 5140 5219 5127 4711 5006 4967 5070 5049 5526 5435 5377 5452 5154 5471 5097 5232 4968 5151 5064 5126 4647 5631 5283 5284 5448 5119 5419 5225 5290 5088 4945 5243 5100 5113 4905 5869 5477 5698 5597 5378 4809 5476 5311 5007 5164 5293 5500 5023 4974 5863 5038 4716 5294 5183 5225 5065 4978 5148 5447 4972 5435 4943 5280 5402 5001 5048 5279 5098 4864 5393 5039 5185 5309 5009 5410 5051 5112 5755 5186 4756 5147 5438 5099 4823 5301 5125 5790 5118 4837 5193 5127 5350 5388 5463 5395 4958 5185 5376 5184 5062 5312 5338 5160 4792 5610 5454 5130 5335 5118 5174 5617 5122 5244 5080 5314 5100 5392 4954 4956 5322 5629 5427 5528 5630 4645 5005 5132 5613 5572 5334 5069 5272
5156 4875 5582 4830 4775 5234 5289 4957 4935 4958 4552 5282 5498 4636 5186 5073 5395 4473 5598 4999 4923 5227 5213 5122 4852 5199 4946 5067 5211 4926 4790 4576 4518 5050 5068 4769 4712 4621 5476 5269 5460 4748 5315 4733 5304 4884 4800 4798 5102 5255 5080 4920 5103 5169 4976 4921 5396 5636 5518 5379 5039 5576 4647 5211 4827 5347 5096 5245 4933 4841 4869 5413 5212 4792 5359 5106 5212 5312 4783 5319 5273 5060 4603 5167 4796 4896 4599 4648 4948 4844 5292 5669 5019 5362 5015 5118 5402 4733 5136 5171 4996 5204 4851 4937 5286 5032 5405 4762 5367 5016 4795 5048 4788 4947 5271 5562 4656 4728 5102 5632 4269 4927 5020 5403 4822 4843 4970 4757 4807 4921 4707 4831 5297 5046 5418 5300 4914 5103 4841 5020 5196 4892 4975 4967 4763 5422 5042 5055 5045 4931 5407 4990 5166 4992 4756 5173 5021 5289 4562 5371 5474 5489 5506 5064 4551 5296 5141 5073 4894 5038 5290 5104 5063 5331 4914 4490 4951 4942 5053 4870 4908 4861 5219 4667 4979 5007 5402 5237 4900 4961 5392 4639 5003 5642 4664 5125 5130 5083 5124 5203 5038 5388 4901 4751 5196 5057 5124 4443 4582 4902 5871 5208 4487 5200 5158 5330 5361 5325 5232 4742 5289 5359 5020 4940 5008 5344 4843 4766 5556 5093 5015 5179 4712 4873 5461 5208 4993 4901 5056 4891 5348 4796 5001 5212 5392 5157 5058 5209 4491 5365 5131 5372 5442 5392 5022 5018
5208 5270 5456 4848 4907 5480 5612 4948 5093 5051 4842 5222 5654 4844 5459 5655 5556 4731 5490 5435 5382 5592 5025 5418 5413 5420 5368 5482 5292 5086 4952 4995 5008 5041 5427 4866 4908 4609 5463 5563 5670 5258 5465 5146 5535 4922 4923 4790 5623 5355 5367 5064 5416 5463 5185 5137 5837 5601 5282 5552 5151 5681 4671 5086 5514 5211 5493 5722 5386 5279 5272 5619 5412 4979 5413 5706 5442 5526 4958 5304 5639 5034 4907 5548 5238 5542 4903 4943 4937 5245 5578 5627 5203 5688 5021 5538 5276 5245 5374 5521 5519 5701 5405 5286 5395 5501 5504 4725 5858 5532 5010 5512 4994 5193 5189 6035 5288 4996 5420 5625 4935 5197 5210 5163 5246 5168 5272 5088 5052 5080 5347 5006 5368 5412 5718 5490 5161 5475 4906 5079 5542 4970 5117 5164 4810 5673 5216 5513 5446 5153 5689 5190 5254 5161 5145 5302 5329 5317 5035 5651 5459 5586 5649 5419 5134 5561 5431 4966 5062 5420 5353 5182 5357 5276 5105 4878 5353 5519 5327 5205 5234 5314 5356 5119 5345 5333 5474 5644 5135 5238 5435 5014 5272 5745 5006 5148 5278 5144 5486 4981 5113 5572 5298 4871 5547 5596 5370 4837 5036 5217 5931 5209 4895 5276 5095 5412 5575 5570 5341 4904 5272 5566 5005 5218 5470 5224 5027 5130 5547 5270 5511 5406 5034 5184 5724 5495 5277 5272 5463 4961 5604 5275 5349 5571 5819 5390 5214 5647 4956 5440 5461 5551 5521 5272 5060 5236
5256 4563 5377 4981 4657 5308 5189 5031 4921 4684 4704 5467 5458 4779 4970 5225 5505 4644 5416 5128 4852 5239 4900 4960 5076 4898 4973 5355 5541 5009 4855 4885 5021 4830 5185 4930 4896 4521 5468 5313 5317 5003 5384 5018 5385 4745 4753 4720 5080 4980 5336 4674 5261 5154 4788 4855 5426 5500 4981 5284 5192 5729 4368 4830 5035 5165 5089 5221 5235 5137 4925 5490 5004 4641 5425 5290 5152 5061 4703 5140 5423 4974 4831 5226 5039 5185 4589 4698 4720 4720 5601 5287 4978 5344 5189 5001 5082 4775 4973 5271 5304 5269 5167 5199 4999 5214 5419 4524 5706 5283 4729 4975 4692 4892 5265 5469 4738 4787 5388 5447 4300 4779 4999 5000 5059 4959 5041 4544 5080 4943 4763 4699 5202 5070 5124 5069 4671 4968 4842 5089 5072 4863 4783 5005 4973 5373 5082 5316 5218 5173 5446 4948 5077 4815 4768 5389 4846 5287 4890 5586 5322 5515 5299 5019 5052 5567 4972 4951 4934 5201 5199 4897 5290 5112 5043 4641 5123 5082 5246 5044 4984 4636 5274 5059 5176 4825 5191 4977 4752 5049 5081 4894 4878 5312 4710 4910 4916 4995 5251 4996 5176 5761 4874 4748 5190 5137 5194 4766 4817 5085 5337 4872 4543 5145 5013 5367 5319 5216 5110 4727 5120 5245 5059 4883 5094 5327 5167 4652 5421 5212 5139 5033 4977 4907 5500 5232 5474 5169 5206 4853 5429 4737 4858 5180 5564 4929 5237 5388 4776 5037 5070 5294 5573 5017 4925 4913
5330 4935 5132 4812 4735 5495 5183 4938 5002 4974 4674 5454 5157 4978 5271 5390 5195 4735 5478 5101 5240 5309 5237 5383 4884 5042 5108 5019 5401 5256 5066 5010 5049 5078 5175 4807 5088 5030 5438 5458 5558 5171 5492 4828 5295 4800 4983 4478 5537 5138 5332 4960 5259 5150 5209 4989 5427 5406 5322 5193 5308 5502 4605 5178 5200 5225 5361 5258 5200 5060 5275 5245 5258 4755 5122 5328 5485 5407 4769 5357 5501 5210 4747 5427 4946 5119 4686 4800 4875 4892 5291 5645 4982 5509 4926 5261 5465 4906 5044 5357 5231 5312 5149 5331 5478 5580 5485 4794 5653 5025 4931 5031 4916 5167 5371 5637 5043 4888 5254 5647 4714 4837 4990 5112 5248 5014 5103 4695 4973 4836 4773 5010 5484 5448 5333 5409 5063 5019 5031 5179 5323 4936 4921 5128 4652 5454 5233 5189 5403 5102 5721 5247 5426 5148 5019 5272 5096 5417 4984 5418 5436 5477 5453 5266 4861 5469 5283 5052 5071 5367 5417 5087 5415 5381 4913 4544 5317 5054 5440 4878 5113 5103 5418 4986 4939 5038 5333 5475 4973 5248 5196 4841 5178 5591 4974 5195 5223 4792 5058 4990 5189 5649 5200 4776 5278 5351 4963 4846 4839 5058 5579 5198 4660 5257 4952 5262 5215 5355 5248 4962 5135 5384 5287 5216 5296 5350 4992 4811 5514 5497 5190 5231 4922 5239 5554 5358 5132 5188 5258 4899 5600 4799 4986 5571 5530 5287 5142 5431 5022 5697 5222 5549 5534 5367 5001 5344
5381 5051 5454 4854 4790 5263 5337 4953 4939 4800 4761 5259 5365 4869 5085 5498 5305 4877 5537 5012 5083 5303 5075 5090 5192 5127 5102 5136 5399 5173 4892 4985 5137 4977 5244 4960 4867 4697 5306 5285 5299 5093 5447 4939 5403 4887 4927 4631 4870 5296 5291 4850 5199 5297 5037 4919 5722 5596 5156 5462 4940 6029 4553 4879 5058 5094 5272 5359 5221 5089 4961 5259 5138 4801 5446 5359 5399 5191 4633 5195 5387 5118 5125 5569 4905 5013 4896 4683 4852 5094 5421 5177 5111 5447 5107 5100 5306 4938 5113 5299 5202 5014 5176 5300 5310 5439 5509 4835 5767 5327 4850 5059 5082 5109 5552 5622 4910 4972 5638 5603 4277 4878 4987 5083 5241 5231 5001 5050 5028 4896 4822 4916 5361 5438 5395 5501 5065 5237 5092 5228 5035 4788 5110 4830 4905 5581 5445 5254 5034 5210 5232 5177 5247 5108 4994 5142 5199 5048 5050 5431 5558 5518 5400 5136 4871 5581 5129 5093 4913 5236 5501 5085 5119 5250 4954 4845 5335 5420 5387 5096 5060 5019 5205 5037 5260 4900 5532 5299 4992 5186 5244 4971 5161 5502 4972 5119 5194 4863 5176 5152 5183 5248 4959 4609 5321 5306 5142 4678 5046 5227 5376 4962 4983 5203 5185 5248 5163 5391 5025 4791 5243 5366 5272 5096 5126 5310 5190 5017 5437 5208 5511 5356 5053 5208 5444 5168 5279 5094 5331 4795 5460 4734 5014 5364 5762 5091 5204 5467 4767 5170 5192 5618 5564 5403 5124 5143
4911 4784 5058 4518 4516 5101 5231 4829 4739 4799 4241 5278 5524 4712 5067 5252 5306 4406 5373 5134 5126 5150 5132 5136 4921 4900 5000 5181 5223 4918 4560 5074 5010 4975 5065 4814 4686 4630 5146 5422 5529 4814 5352 4833 5209 4671 4918 4752 5086 4975 5028 4648 5087 5097 4768 5052 5310 5498 5321 5252 4869 5515 4760 4964 5330 5045 5151 5067 4982 4946 4590 5057 5109 4700 5157 5209 4789 5145 4533 5256 5373 4751 4646 5097 4699 4821 4453 4644 4479 4783 5197 5469 4835 5219 4798 4933 5090 4788 5111 5357 4789 5235 4873 4815 5022 5246 5482 4473 5520 5120 4872 4873 4654 4838 4951 5555 4977 4683 5113 5531 4283 4732 4770 5009 4743 5045 4776 4525 4831 5062 4732 4746 5235 4938 5339 4937 4497 5171 4872 4989 5033 4779 5165 4878 4703 5241 5197 5108 4969 5099 5166 4900 4936 4685 4550 5054 5234 4869 4682 5373 5179 5176 5167 4946 4607 5223 4804 4726 5036 4966 5258 4933 4907 5041 4726 4530 4874 4917 5186 5069 4980 4803 5273 4777 5123 4771 5463 5226 4864 5065 5116 4734 5063 5177 4669 4624 5053 4833 5016 4573 5142 5434 5005 4489 4978 5042 4997 4584 4918 4978 5416 4940 4618 4690 4845 5196 5107 5508 4679 4800 5001 5342 5208 4897 5017 5111 4838 4570 5105 5291 5101 5073 4575 5089 5097 5150 5033 5022 5195 4782 5328 4643 4704 5220 5421 5089 4953 5285 4672 4751 5081 5399 5251 4955 5157 4892
5486 4830 5408 4847 4692 5357 5613 5287 5043 4940 4777 5606 5538 5229 5356 5270 5576 5012 5991 5283 5424 5584 5369 5170 5272 5083 5177 5414 5657 5131 5135 5089 5003 5196 5188 5181 4946 4841 5446 5544 5489 5256 5650 5420 5355 5156 4861 4923 5299 5312 5350 4887 5243 5368 5345 5117 5770 5540 5516 5744 5359 5878 4677 5262 5578 5518 5429 5442 5406 5175 5066 5469 5272 4802 5528 5616 5351 5387 5096 5477 5689 5287 4808 5559 5119 5100 4885 5031 4905 4927 5630 5533 5098 5851 4977 5120 5611 4790 5415 5546 5169 5561 5247 5309 5349 5389 5312 4845 5807 5566 4684 5130 5196 5218 5131 5665 5207 4746 5207 5867 4352 4992 5267 5083 5209 5066 5132 4860 5092 4834 5114 4964 5629 5214 5284 5344 4876 5346 5035 5193 5466 4981 5199 4903 4886 5736 5466 5522 5633 5217 5525 5194 5174 5148 4973 5485 5173 5499 5240 5577 5420 5807 5486 5104 4974 5570 5124 5178 5013 5314 5255 5082 5382 5347 5338 4655 5424 5340 5390 5337 5133 5139 5764 5357 5483 5172 5587 5433 5105 5349 5544 4899 5152 5645 5070 5118 5579 5278 5252 5058 5172 5784 5092 4907 5273 5228 5488 4847 5009 5214 5983 5180 4799 5133 4964 5422 5701 5297 5303 5167 5113 5411 5460 5348 5471 5277 5127 4872 5322 5660 5415 5254 5045 5098 5655 5344 5499 5312 5391 5137 5590 4679 5063 5637 5887 5091 5343 5636 5017 5367 5464 5956 5672 5389 5071 5296
5404 4829 5351 4713 4613 5561 5655 5184 5056 5023 4729 5679 5572 4980 5402 5220 5292 4787 5750 5158 5276 5141 5117 5376 4934 5460 5335 5336 5458 5497 4903 4768 4938 4994 5401 5104 5050 4991 5492 5431 5941 5048 5382 5087 5652 5001 4973 4897 5492 5114 5386 5217 5338 5230 5420 5060 5720 5603 5468 5280 5266 5687 4594 5375 5409 5404 5529 5617 5280 5137 5363 5385 5403 4936 5358 5648 5178 5437 4911 5249 5704 5235 5095 5824 5161 5091 4863 4807 5237 4975 5633 5596 5225 5492 5428 5274 5459 5206 5478 5206 5120 5661 5473 5364 5325 5392 5503 4976 6055 5578 4904 5278 5087 5149 5650 6036 5202 5005 5257 5637 4799 5181 5207 5647 5251 5171 5446 5110 5127 5476 5007 4860 5576 5444 5421 5373 5194 5427 5127 5453 5435 5217 5121 5158 4689 5494 5115 5538 5396 5218 5641 5455 5351 5368 5010 5389 5140 5304 4906 5546 5391 5717 5552 5315 5201 5587 5351 5181 5096 5686 5102 5218 5214 5370 5134 4895 5439 5682 5389 5266 4906 5107 5601 4947 5363 5139 5604 5489 5182 5104 5249 4920 5389 5647 5042 5272 5264 5029 5444 4770 5515 5736 5137 4867 5466 5513 5494 4825 4997 4794 5719 5357 4802 5575 5106 5444 5323 5467 5368 4877 5233 5686 5430 5204 5432 5237 5049 5221 5597 5584 5421 5429 5150 4975 5690 5385 5407 5236 5439 4999 5620 4899 5292 5546 5451 4890 5411 5498 5029 5443 5566 5562 5775 5492 5204 5244
5049 5076 5369 4916 5042 5248 5331 5307 5113 4713 4783 5115 5422 4805 5564 5467 5080 4807 5529 5122 5157 5258 4971 5128 5042 5140 5246 5104 5272 5039 4969 4904 4916 4905 5240 4875 4843 4567 5567 5245 5224 5288 5261 5013 5508 4779 4858 4623 5094 5123 5636 4891 5255 5201 4977 5078 5685 5395 5128 5258 5068 5751 4756 4826 5147 5281 5277 5790 4992 5157 4942 5303 5089 4670 5384 5193 5330 5227 4587 5063 5662 4993 5082 5511 5149 5047 4753 4618 4671 4712 5416 5719 5046 5431 5140 5176 5315 4767 5317 5353 5165 5448 5153 5314 5231 5145 5492 4790 5710 5324 5057 4927 5051 4895 5226 5723 5037 4966 5409 5463 4586 4851 5174 5018 4939 5183 5105 4906 4858 4877 4901 4999 5572 5431 5381 5345 5119 5070 5219 5120 5479 4883 4807 4813 4646 5375 5237 5384 5300 4983 5517 5160 5155 5216 4879 5262 5105 5275 4795 5143 5214 5396 5609 5359 4927 5598 5184 5022 5048 5510 5509 5044 5269 5230 5101 4565 5220 5375 5369 4991 5187 5106 5332 4767 5202 5395 5571 5325 5109 5098 5113 5010 5162 5519 4846 5107 5021 4947 5063 5028 5119 5564 5282 4791 5170 5060 5261 4778 5000 5219 5713 5130 4959 5201 4797 5349 5186 5207 5164 4851 4950 5636 5047 5219 5274 5379 5050 4878 5386 5429 5311 5274 4917 5030 5565 5082 5148 5232 5406 4717 5420 4662 4981 5451 5464 5020 5207 5396 4813 5292 5012 5540 5620 5298 4895 5372
5466 4866 5316 4909 4745 5233 5430 5427 5093 5130 4806 5316 5186 4843 5356 5523 5160 4934 5610 5317 5170 5402 5257 5156 4918 5382 5266 5195 5441 4963 4968 5203 4994 5234 5030 4921 4691 4813 5502 5591 5445 5143 5397 5229 5142 4693 5121 4723 5494 5192 5131 5044 5254 5132 4974 5223 5417 5434 5239 5418 5197 5538 4552 5127 5464 5292 5686 5458 5157 5322 4885 5317 5529 4741 5128 5506 5384 5425 4937 5433 5625 5173 4946 5451 5295 5176 4938 4848 4761 5059 5474 5688 5161 5422 5084 4843 5428 4854 5240 5525 5331 5743 5486 5138 5217 5306 5534 4831 5758 5383 4881 5114 5088 4968 5193 5778 4926 4852 5430 5593 4765 5025 4964 5275 5163 5319 4816 4855 4996 4815 5046 4708 5550 5455 5375 5475 4810 5089 5406 5153 5306 4917 5194 4928 4667 5679 5187 5265 5481 5204 5684 5166 5482 5012 5015 5033 5300 5390 5021 5360 5334 5530 5439 5052 4696 5501 5470 5108 5058 5312 5228 5076 5275 5213 5232 4688 5203 5212 5141 5150 5366 4952 5405 5241 5458 5057 5392 5516 5006 5409 5381 4683 5047 5646 5144 5076 4969 5227 5157 5115 5348 5681 5033 4909 5508 5455 5209 4872 5194 5132 5726 5202 4767 4933 4953 5437 5204 5467 5442 4858 4873 5541 5185 5291 5238 5137 5135 5034 5371 5342 5512 5490 4845 5102 5724 5432 5313 5130 5432 4851 5595 5029 5001 5546 5743 5452 5073 5550 4748 5341 5050 5625 5580 5411 4979 5277
5148 4874 5128 4656 4602 5380 5489 5276 4687 4743 4736 5330 5354 4620 4985 5162 5440 4607 5329 4968 5177 5172 5065 5283 5091 4953 5058 4999 5300 4957 4770 4943 4895 4839 5071 5058 4776 4842 5103 5209 5559 4911 5293 5196 5283 4810 4875 4697 5254 4907 5059 4837 5377 5175 5133 4761 5378 5371 5177 5583 4777 5639 4768 5094 5235 5217 5214 5522 4903 5124 4815 5166 5009 4722 5184 5415 5327 5253 4740 5157 5279 4924 4729 5568 4976 5119 4486 4823 4746 5022 5159 5278 5002 5396 4851 5111 5148 4677 5099 5207 5234 5366 5137 5013 5044 5001 5277 4476 5322 5156 4755 4985 4628 4971 4926 5524 4977 4626 5170 5437 4365 4735 4845 5029 4936 5011 4871 4726 4576 4747 4919 4680 5310 5065 5228 5254 4821 5122 4911 4872 5024 4891 5044 4674 4477 5115 4969 5019 5139 5195 5446 5304 4770 4887 4916 5053 5086 5055 4764 5290 5022 5116 5213 4978 4869 5387 5102 4702 4768 5049 5156 5093 5173 5004 4970 4238 4983 5173 5088 5232 5176 4913 4956 4877 5365 5134 5433 5312 4939 5000 5190 4639 5017 5495 4526 4904 5039 4981 5106 4969 5218 5264 5192 4696 5133 5146 5105 4661 4848 5079 5414 4863 4447 5051 4851 4966 5399 5247 5146 4531 5058 5568 4893 4954 5218 5274 5149 4980 5432 5025 5260 4981 4783 4835 5197 5103 4983 4844 4974 4998 5412 4619 4753 5414 5314 5059 5168 5428 4692 5278 5153 5441 5460 5310 4899 5029
5467 4856 5569 4815 4901 5587 5484 5275 5183 5398 4870 5633 5586 5129 5575 5377 5712 4977 5849 5385 5341 5506 5155 5570 5182 5461 5109 5310 5679 5728 5034 5193 5116 5219 5405 5152 4978 5019 5435 5632 5639 5424 5424 5358 5719 5166 5304 4883 5591 5520 5405 5261 5468 5418 5102 5570 5764 5863 5482 5698 5203 5857 4830 5283 5702 5478 5597 5530 5581 5552 5171 5639 5421 4885 5679 5760 5479 5557 5002 5386 5814 5483 4913 5459 5277 5554 4747 5131 4989 5324 5736 5702 5214 5494 5302 5450 5432 5465 5343 5493 5625 5817 5375 5469 5477 5191 5771 4686 5997 5266 5136 5135 4930 5274 5358 6021 5254 5041 5315 5730 5000 4998 5039 5441 5306 5117 5072 5061 5221 5083 5214 5114 5898 5524 5526 5487 5172 5244 5334 5329 5467 5159 5292 5315 4879 5767 5484 5483 5507 5245 5804 5481 5377 5199 5241 5511 5471 5371 5014 5798 5372 5687 5578 5470 5175 5680 5432 5348 4895 5584 5743 5270 5389 5336 5455 4808 5475 5173 5447 5437 5387 5216 5659 5173 5547 5227 5642 5521 5269 5389 5331 5177 5124 5760 5006 5231 5344 5229 5252 5366 5236 5814 5173 5038 5483 5633 5322 5154 5234 5348 5671 5288 5029 5239 5398 5508 5599 5585 5432 5165 5413 5849 5255 5172 5395 5545 5272 5184 5704 5581 5349 5472 5055 5314 5708 5395 5455 5315 5368 5211 5735 5081 5163 5585 5772 5364 5574 5730 5134 5383 5407 6073 5676 5344 5126 5308
5075 4968 5359 4829 4705 5211 5355 5106 5031 5082 4648 5220 5254 4793 5349 5335 5208 4885 5502 5208 4953 5379 5057 5106 5067 5337 5240 5235 5197 5186 4876 4809 4932 4912 5150 5076 4880 4726 5600 5418 5349 4983 5380 5035 5397 4821 4987 4746 5336 5258 5300 4683 5057 5327 4960 5057 5308 5468 5183 5311 5187 5670 4589 5072 5181 5312 5266 5520 5007 4856 5069 5280 4996 4643 5373 5332 5241 5444 4924 5404 5736 5153 5383 5333 5134 5380 4633 4806 5034 4911 5341 5648 5022 5410 5333 5267 5267 5009 5291 5458 5289 5321 5173 5061 5134 5416 5590 4760 5647 5152 5140 5125 5118 5210 5188 5756 5182 4659 5334 5733 4536 5118 4993 5081 5103 5332 5264 4743 4915 4877 4809 4962 5485 4983 5418 5360 4905 5040 5112 5084 5326 4978 5071 5034 4841 5596 5280 5450 5151 5110 5510 5224 5135 5177 5099 4983 5384 5242 4991 5609 5444 5515 5594 5086 5004 5798 5086 5050 5169 5181 5286 4968 5076 5377 5175 4591 5131 5097 5379 5106 5109 4893 5270 5058 5362 5114 5479 5423 5156 4841 5261 4935 5127 5492 4822 5031 5051 5137 5036 5054 4833 5528 4954 4796 5441 5312 5117 4731 5015 4860 5738 4977 4909 5107 4925 5258 5197 5207 5365 4928 4966 5481 4981 5237 5076 5063 5086 4983 5346 5502 5170 5192 4750 5105 5586 5083 5297 5148 5401 4850 5550 4818 5039 5496 5542 5263 5028 5516 4730 5014 5163 5684 5808 5365 4999 4872
5156 4857 5282 4929 4565 5367 5231 5054 4953 4764 4720 5295 5179 4974 5247 5310 5201 4587 5598 5252 5139 5278 5157 5251 4975 5236 5305 5501 5475 5197 4921 4980 4798 4806 5261 5004 4881 4854 5520 5339 5306 5151 5279 5205 5351 4773 4783 4591 5084 5144 5162 4821 5303 5234 5099 4693 5530 5411 5199 5452 5102 5398 4520 5146 5204 5273 5155 5451 5212 4957 5022 5490 5198 4612 5260 5378 5191 5361 4867 5398 5503 4881 4689 5342 5077 5060 4637 4587 4632 5009 5157 5445 5395 5200 5060 5139 5528 4867 5131 5339 5305 5374 5053 5247 5411 5209 5421 4739 5706 5105 4952 4975 4844 5226 4980 5433 4967 4948 5268 5591 4597 5027 5031 4827 5081 5016 4917 4778 4814 5161 5296 4612 5333 5340 5381 5412 4648 5082 4968 5057 5317 5003 4901 5112 4688 5548 5119 5212 5281 5092 5447 5103 5085 4828 4837 5342 4895 5563 4774 5376 5235 5441 5518 5051 5229 5608 5206 4940 4825 5241 5231 5245 5009 5257 5158 4611 4970 5052 5195 5099 4796 4936 5188 4922 5144 5250 5499 5323 4988 5276 5207 4885 5052 5325 4735 5104 5247 4921 5172 4870 4893 5568 5056 4561 5246 5458 5111 4651 5073 4884 5815 5204 4917 5075 4957 5331 5263 5223 5387 4702 4847 5355 5260 5225 5625 5085 4986 4934 5511 5189 5119 5090 4848 5092 5626 5250 5075 5191 5265 4828 5578 4787 5226 5575 5554 5269 5231 5616 4750 5326 5061 5372 5547 5244 4809 5214
4722 4276 4808 4226 4134 4996 5013 4556 4788 4550 4194 4992 5046 4506 4826 4903 5026 4275 5266 4763 4958 5036 4832 4856 4499 4877 4591 4739 5097 4943 4263 4594 4564 4725 4617 4671 4206 4663 4904 5032 5073 4582 4911 4660 4963 4541 4811 4382 4807 4686 4661 4418 5060 4899 4733 4791 5040 5134 4944 4768 4710 5385 4314 4840 4591 4931 4893 4874 4906 4503 4722 4930 4705 4400 4590 4927 5005 5019 4705 4718 5054 4815 4531 5166 4490 4661 4277 4412 4344 4573 5068 5260 4494 5008 4672 4721 5201 4422 4620 5158 4743 5106 4997 4659 4990 4957 5167 4615 5172 4886 4363 4580 4452 4725 4806 5129 4859 4750 4852 4931 4208 4574 4854 4758 4428 4678 4769 4313 4556 4574 4387 4555 5249 4840 5212 4885 4724 4894 4715 4683 4978 4759 4919 4497 4198 5010 4633 5034 4738 4857 5004 4706 4765 4677 4258 4833 4580 4864 4691 4968 4646 5324 5234 4759 4568 5167 5012 4642 4606 5039 4826 4528 4741 4942 4400 4013 4831 4835 4768 4794 4605 4536 4748 4523 4773 4665 5055 4970 4803 4677 5046 4831 4661 5064 4560 4562 4833 4550 4796 4622 4686 5170 4824 4506 4834 4905 4764 4378 4517 4732 5240 4630 4350 4859 4619 4949 5045 5198 4908 4349 4472 5007 4702 4881 5044 4936 4741 4647 5012 5226 4948 4804 4458 4575 5008 4833 5038 4619 4779 4572 5198 4471 4670 5217 5199 4764 4931 5035 4539 4784 4754 5146 5168 4879 4739 4816
4839 4841 5510 4691 4758 5396 5427 5126 5000 4666 4690 5404 5618 4914 5434 5131 5185 4759 5684 5021 5160 5303 4757 5249 5252 5250 5334 5072 5315 5107 4749 4773 4800 5024 5344 4890 4697 4682 5234 5296 5465 5207 5237 5002 5462 4971 4815 4735 5038 5043 5166 4642 5067 5274 5034 4931 5817 5586 5343 5383 4910 5598 4469 4755 5323 5351 5029 5292 5320 5069 4702 5175 5091 4778 5493 5335 5278 5060 4838 5144 5375 5183 4870 5457 4945 5065 4423 4747 5102 4873 5309 5435 5042 5391 4908 5015 5333 4973 5262 5313 5161 5441 5165 5162 5360 5210 5534 4921 5341 5318 4486 4905 4953 5370 5013 5531 5119 4795 5020 5692 4302 4901 4913 5047 5052 5136 5043 4519 4905 4865 4853 4722 5290 5070 5410 5318 4836 4890 4783 5051 5290 5050 5046 4835 4653 5297 5249 5091 5148 5209 5507 5246 5072 5083 4763 5288 5231 4923 4795 5543 5398 5333 5425 5320 4806 5669 5312 5018 4554 5175 5367 5183 5308 4862 5061 4436 5183 5190 5298 5076 4925 4823 5322 4924 5039 5096 5235 5313 5097 5088 5070 4897 5112 5584 4787 4962 5123 5110 5103 5249 4930 5569 5126 4686 5297 5139 5179 4685 4765 4926 5553 5009 4712 5170 5123 4977 5220 5282 5092 4815 5045 5546 5079 5087 5243 5324 5285 5058 5189 5152 5329 5396 4733 4796 5424 5257 5244 5185 5050 4872 5723 4576 5002 5427 5453 5118 5282 5661 4791 4952 5141 5670 5548 4964 4979 5192
4928 4682 5274 4499 4508 5094 5118 4859 4790 4772 4452 5186 5174 4744 5092 4981 5024 4480 5333 5089 5056 5126 4864 4805 4721 4656 4821 4779 5076 4884 4740 4557 4806 4756 4976 4710 4565 4494 5065 5160 5285 4711 5093 4617 5029 4600 4823 4571 5004 4867 5144 4775 5013 4937 4776 4608 5455 5198 5128 5380 4569 5549 4413 4919 5183 5055 5111 5364 4654 4784 4925 5285 5216 4759 5219 5539 5125 5005 4510 5211 5260 4911 4852 5323 4770 4814 4463 4405 4647 4876 5052 5295 4960 5022 4804 5144 5331 4332 4987 5169 5091 5154 4966 5033 5134 5090 5143 4496 5538 5052 4681 4912 4637 4909 5042 5202 4652 4838 5016 5260 4375 4508 4881 4851 4912 4793 4783 4734 4719 4898 4773 4569 4944 5053 5302 5154 4754 4998 4869 4881 5161 4810 4838 4926 4453 5156 5016 5075 5009 4943 5136 4976 4999 5050 4725 5231 4693 4967 4480 5300 5283 5511 5510 5089 4691 5418 5138 4720 4565 5132 5028 5122 4877 4801 4978 4554 5032 5310 4853 4717 4924 5019 5218 4765 5201 4859 5162 4874 4906 4906 5092 4682 4819 5426 4885 4872 4896 4893 5066 4749 5085 5057 4866 4638 5246 5012 4954 4431 4885 4943 5514 4780 4614 5093 4859 5184 5081 5008 5206 4686 4843 5366 4784 4696 4989 4889 4854 4708 5201 5201 4976 4959 4722 4839 5517 4878 5113 4927 4923 4685 5320 4547 4905 5001 5312 4882 5003 5225 4764 4891 4919 5231 5082 5228 4832 4999
5437 5202 5436 5099 4701 5441 5510 5393 5319 4915 4905 5398 5602 5124 5398 5633 5687 4969 5709 5598 5389 5560 5368 5266 5170 5048 5408 5621 5675 5204 4870 4924 5102 5117 5443 5208 4910 5088 5520 5499 5442 5274 5409 5295 5630 4842 5010 4659 5484 5340 5570 5077 5616 5480 5191 5085 5686 5674 5491 5543 5347 5871 4814 5202 5407 5233 5523 5577 5398 5136 4993 5652 5360 4802 5373 5411 5089 5638 4895 5371 5492 5322 5119 5619 5200 5380 5016 4895 4879 4940 5491 5892 5202 5474 5220 5192 5733 4936 5493 5663 5379 5470 5309 5413 5286 5453 5447 4987 5830 5414 5070 4990 5014 5244 5174 5641 5247 5211 5242 5593 4727 5079 5387 5400 5252 5044 5139 4843 4974 5082 5202 5056 5653 5233 5553 5372 4910 5477 5277 5457 5601 5145 5062 5031 4951 5807 5543 5670 5630 5211 5219 5024 5360 5130 4954 5531 5206 5481 4742 5530 5623 5442 5848 5391 5105 5843 5052 5317 5255 5452 5378 5177 5207 5490 5163 4924 5230 5338 5491 5062 5256 5164 5484 5258 5266 5265 5744 5331 5217 5395 5463 5163 4916 5596 5155 5284 5457 5153 5383 4982 5371 5744 5140 5031 5328 5232 5313 4993 5185 5314 5857 5355 4811 5255 5312 5442 5616 5477 5492 4907 5251 5535 5348 5249 5411 5251 5191 4843 5559 5354 5489 5446 5058 5227 5594 5462 5430 5263 5509 5329 5706 5033 5124 5503 5717 5284 5166 5676 5122 5142 5010 5494 5730 5391 5170 5511
5432 5229 5420 5003 5051 5927 5670 5297 5304 5367 5095 5926 5648 5312 5549 5492 5843 4877 5724 5328 5613 5634 5485 5419 5257 5454 5395 5450 5641 5223 5200 5282 5115 5139 5649 5297 5143 5060 5711 5849 5767 5429 5375 5181 5816 5140 5259 5002 5417 5640 5517 5239 5443 5570 5209 5547 5807 5925 5472 6012 5334 5807 4872 5224 5698 5839 5663 5498 5475 5474 5225 5728 5372 4795 5421 5808 5240 5628 5036 5611 5684 5284 4969 5748 5073 5463 4738 4928 5287 5210 5684 5860 5445 5820 5140 5385 5889 4883 5608 5600 5466 5794 5686 5582 5335 5455 5673 4668 5903 5681 5201 5289 5308 5271 5618 6205 5272 5080 5432 5833 4900 5351 5249 5266 5458 5730 5377 5091 5224 5164 5174 5217 5834 5571 5423 5458 4984 5544 5238 5327 5660 5272 5100 5086 4835 5474 5704 5742 5561 5362 5674 5571 5679 5321 5151 5347 5331 5470 5247 5633 5585 5678 5565 5411 5375 5690 5580 5381 5276 5170 5610 5171 5152 5677 5543 4672 5407 5250 5543 5752 5423 5074 5636 5212 5691 5273 5730 5989 5197 5401 5544 5166 5193 5955 5262 5241 5618 5015 5332 5188 5469 5764 5416 5053 5551 5718 5413 5145 5163 5297 5955 5243 4917 5348 5294 5375 5686 5815 5490 5271 5379 5852 5374 5417 5509 5431 5384 5115 5582 5576 5370 5549 5084 5478 5836 5304 5673 5329 5315 5348 5870 5133 5272 5529 5815 5616 5513 5750 5177 5362 5466 6068 5756 5472 5463 5615
5216 4912 5173 4700 4823 5306 5117 5010 5010 4987 4477 5291 5248 4840 5333 5136 5265 4603 5552 4808 5076 5475 5109 5127 4880 5149 5011 5424 5331 5124 4903 4834 4899 4876 5157 4941 4602 4665 5345 5261 5357 5356 5150 5014 5250 4750 4905 4517 5045 4993 5147 4866 5033 5239 5206 4871 5385 5508 5250 5263 4962 5571 4723 4920 5027 5242 5188 5398 4996 5059 5108 5356 5113 4578 5343 5425 5274 5308 4863 5206 5467 5258 4954 5484 4827 5137 4676 4688 4972 4930 5408 5295 4698 5509 4737 5225 5249 4923 5047 5565 4773 5219 5243 5378 5090 5003 5274 4833 5681 5121 4841 4971 4897 4941 5286 5791 5160 4713 5340 5610 4600 4820 4895 5033 4995 5226 4997 4913 5099 5000 4757 4967 5594 5384 5255 5243 5090 5189 4908 5023 4925 4933 4866 4709 4873 5348 5116 5215 5302 5054 5506 5287 4909 5295 5019 5017 5242 5237 4940 5569 5052 5534 5532 5093 4912 5336 5121 4788 5067 5113 5067 4910 4927 5198 4804 4341 5212 5385 5303 5064 5072 5080 5075 4964 5240 4964 5388 5581 4959 5089 5004 4741 5135 5319 4932 5133 5442 4851 5357 5114 4857 5579 5057 4509 5164 5359 5208 4623 4865 5128 5552 5147 4921 5245 4960 5368 5276 5280 5316 4799 4819 5431 5190 4987 5193 5058 5011 4965 5356 5260 5076 5124 5002 5058 5381 5083 5055 4986 5150 4875 5250 4924 5004 5407 5556 5145 5087 5247 4886 5355 5235 5697 5402 5191 4809 5311
5078 4664 5120 4527 4378 5048 4759 4713 5107 4545 4628 5037 5263 4688 4924 4833 5274 4301 5328 5086 5011 4977 4821 4834 4657 5064 4867 5038 4966 4809 4814 4744 4518 4801 4866 4889 4473 4771 5181 5507 4782 5090 5025 4874 5241 4696 4565 4512 4887 4754 4849 4689 4945 5090 4998 4802 5256 5372 5301 5064 4974 5513 4389 4680 4901 5019 5249 5285 4761 4692 4697 5106 5279 4483 5104 5094 4940 5200 4565 5131 5058 4700 4572 5095 4629 5114 4497 4335 4591 4588 5181 5189 4834 5124 4722 5136 5061 4413 5110 5086 4858 5249 5021 4924 4924 4964 5160 4677 5421 4709 4539 4932 4454 5113 4778 5591 4805 4567 4943 5439 4139 4971 4659 4987 4746 4787 4690 4829 4916 4521 4681 4924 5099 4953 5277 5151 4598 4917 4708 4768 4728 4672 4686 4612 4595 5083 4863 4892 5069 4784 5225 5026 4910 4799 4699 4873 4958 5182 4772 5236 5259 5265 5338 4825 4789 5280 4994 4726 4891 4855 5109 4690 5032 4806 4806 4365 4853 4841 4809 4995 4619 4775 5047 4672 5237 4930 5411 5119 4957 4817 5068 4751 4889 5393 4824 4912 4838 4993 5072 5079 4733 5373 4593 4421 5265 5156 5302 4479 4713 4711 5500 4851 4522 5070 4873 5110 5219 5097 5062 4636 4788 5004 4579 5032 4940 5115 4793 4678 5251 5173 5006 5158 4695 4803 5131 4614 5178 5049 4933 4513 5187 4711 4778 5283 5591 4835 4802 5161 4759 4945 4878 5525 5314 5095 4510 5067
5354 4806 5560 4898 4709 5391 5345 5040 4914 4782 4855 5507 5302 5010 5373 5293 5592 4819 5872 5040 5004 5148 5059 4889 4964 5252 5058 5129 5481 5179 4911 4585 4756 5009 5212 4913 4774 4925 5586 5235 5274 4932 5278 4950 5343 4755 5004 4589 5225 5130 5344 4933 5258 5165 5149 4815 5502 5639 5035 5578 5118 5625 4739 5000 5200 5207 5298 5374 5092 5042 5084 5368 5114 4711 5640 5005 5287 5412 4757 5331 5521 5222 4821 5477 4865 5137 4740 4624 4840 4793 5381 5501 5163 5565 4936 5178 5289 4723 5075 5381 4864 5158 5277 5287 5004 5164 5416 4654 5652 5262 4907 4953 4750 5035 5232 5859 4973 4692 5097 5590 4443 5059 5191 5162 4935 5062 4902 4856 5009 4900 5097 4826 5523 5345 5343 5179 4745 5337 5151 5222 5113 4848 4991 4803 4645 5255 5424 5243 5166 5031 5431 5056 5128 4850 5074 5284 4972 5273 4772 5429 5548 5398 5605 5074 4855 5370 5245 4944 4985 5503 5217 4860 5136 5200 5151 4408 5390 5271 5305 5054 4917 4789 5188 4882 5104 5003 5425 5318 4793 5129 5173 4831 4854 5527 4713 5207 5083 5179 5060 5249 5133 5647 4968 4905 5384 5402 4969 4853 4879 5242 5761 5100 4579 5209 5155 5409 5373 5359 5421 4952 5210 5234 5138 5042 5241 5121 4978 4670 5413 5185 5424 5441 4945 4914 5401 5206 5106 4999 5191 5114 5530 4977 5129 5523 5619 5436 5153 5466 4865 5345 5082 5751 5659 5164 4917 5036
5516 5068 5564 5032 5060 5545 5648 5198 4961 5379 4709 5566 5501 5034 5333 5572 5529 5034 5834 5246 5588 5836 5454 5349 5599 5255 5274 5559 5504 5188 5093 5126 5121 5531 5365 5445 5099 5057 5458 5433 5792 5268 5610 5257 5241 5190 5488 5018 5500 5261 5525 4831 5502 5619 5287 5290 5640 5528 5570 5701 5341 5879 4847 5354 5672 5464 5760 5564 5512 5220 5312 5625 5355 4798 5341 5697 5620 5385 5011 5590 5747 5221 5134 5663 5296 5392 4965 4983 4832 5376 5779 5653 5426 5949 5296 5260 5563 5040 5035 5675 5471 5483 5603 5262 5201 5578 5767 5027 5942 5468 5007 5394 5139 5343 5428 5793 5312 5214 5434 5706 4843 4965 5399 5223 5358 5587 5247 4731 5298 5218 5624 5190 5800 5315 5557 5569 5021 5297 5233 5293 5492 5236 5467 5055 5069 5674 5136 5688 5530 5458 5866 5255 5600 5243 5037 5466 5335 5426 5328 5695 5444 5704 5665 5216 5208 5821 5721 5242 5170 5316 5435 5220 5481 5529 5223 4511 5565 5479 5578 5339 5296 5434 5598 5287 5696 5112 5786 5809 5416 5316 5626 5423 5132 5681 5226 5297 5444 5106 5294 5132 5365 5857 5145 5032 5421 5426 5337 4986 5255 5355 5886 5103 4731 5430 5368 5683 5609 5706 5417 5118 5152 5747 5573 5367 5424 5182 5394 5118 5478 5485 5543 5284 5096 5402 5669 5647 5628 5048 5730 5115 5814 5033 5211 5802 6049 5449 5471 5805 4964 5445 5487 5801 5851 5510 5367 5545
5349 5152 5677 4956 4816 5419 5334 5354 5078 5190 4729 5306 5628 5102 5180 5795 5739 5006 5864 5277 5176 5422 5303 5204 5259 5457 5365 5504 5466 5270 4927 5131 5084 5382 5373 5065 4937 5118 5626 5725 5958 5323 5438 5343 5615 4982 5097 4850 5521 5398 5201 5156 5610 5506 5396 5053 5877 5679 5545 5532 5204 5836 4821 5340 5275 5417 5661 5434 5374 5329 5254 5636 5577 4884 5587 5476 5302 5355 5035 5355 5830 5041 5035 5759 5135 4978 5036 5004 4900 5234 5420 5797 5398 5545 5252 5291 5725 4901 5566 5624 5338 5591 5233 5695 5278 5288 5678 4960 5959 5496 4819 5215 5047 5139 5584 5878 4991 5090 5616 5657 4604 4890 5162 5388 5203 5289 5205 4870 5083 4949 5178 4988 5933 5593 5571 5449 5103 5279 5320 5373 5457 5207 5455 5223 4856 5698 5383 5380 5711 5438 5609 5340 5600 5016 4994 5654 5268 5468 4913 5560 5422 5953 5553 5496 5118 5708 5425 5030 5094 5434 5598 5256 5252 5396 5144 4806 5435 5506 5345 5121 5378 5334 5430 5044 5258 5328 5594 5643 5255 5200 5475 5078 4991 5703 5257 5341 5038 5270 5594 5372 5588 5822 5189 5049 5480 5379 5614 4974 5334 5462 5927 5287 5047 5366 5108 5524 5614 5633 5342 5274 5246 5619 5334 5307 5484 5565 5026 5191 5698 5138 5487 5346 5199 5028 5673 5455 5488 5331 5433 5157 5690 5196 5052 5732 5820 5318 5253 5546 5294 5571 5333 5521 5868 5469 4854 5302
5416 5067 5197 4678 4630 5615 5273 4832 5035 4839 4700 5121 5325 4734 5016 5106 5239 4881 5444 5236 5008 5147 5064 4894 4916 5215 5051 5132 5425 4924 4918 4867 5113 5185 5441 4893 4691 4921 5111 5414 5541 4926 5343 4830 5282 4922 4751 4893 5388 4974 4952 5045 5108 5427 5263 5219 5442 5445 5257 5260 5208 5546 4628 5029 5248 4906 5186 5361 5084 5125 5153 5339 5145 4816 5222 5383 5218 5268 4681 5354 5497 4939 4796 5617 4835 5097 4883 4646 4886 4913 5452 5366 5118 5474 5049 5365 5437 4906 5318 5333 5305 5283 5486 5174 5058 5267 5327 4674 5732 5107 4794 5012 4870 5210 5081 5716 4869 4806 5284 5682 4516 4853 5187 5200 5088 5015 4595 5121 4826 5135 4926 4946 5427 5270 5560 5237 4809 5316 5102 5004 5080 4877 4936 5077 4727 5301 5187 5141 5198 5265 5393 5169 4994 5055 4987 5142 5113 5168 5045 5380 5403 5652 5350 5052 4921 5491 5274 5229 4931 5337 5263 4924 5208 5278 5021 4567 5238 5277 5389 4880 5194 4959 4970 4754 5271 5109 5518 5263 4948 4947 5516 4889 5001 5574 4820 4997 5162 5157 5220 4771 5253 5595 4859 4831 5038 5000 5193 4617 4829 4939 5761 5168 4591 5200 5264 5408 5222 5317 5343 4663 4872 5462 4905 5050 5316 5228 5227 4762 5206 5270 5347 5178 4869 5033 5340 5249 5315 5069 4990 4980 5343 4782 5245 5405 5752 5289 5101 5573 4911 5318 5122 5783 5314 5025 4798 5094
4969 5151 5331 4581 4696 5649 5393 5146 5168 4798 4862 5161 5130 4985 5465 5319 5337 4811 5611 5415 5215 5527 4887 5353 5135 5230 5141 5218 5346 4884 5069 4818 5202 5353 5490 5012 4734 4953 5473 5067 5315 5317 5393 5046 5493 4713 5260 4659 5341 5176 5405 4802 5134 5253 5143 4986 5576 5399 5102 5327 5137 5484 4767 5065 5036 5479 5416 5458 4901 4866 4955 5424 5195 4776 5230 5455 5193 5464 4969 5170 5564 5248 5043 5524 4962 5252 4624 4943 4812 5130 5515 5806 5012 5655 5055 5298 5432 4721 5408 5395 5102 5421 5442 5213 5093 5337 5484 4615 5647 5354 5180 5196 4816 5113 5113 5660 5344 4957 5256 5516 4869 4922 4958 5107 5185 5365 5204 4888 4767 4813 5043 4997 5598 5558 5467 5443 5200 5239 5113 5099 5227 4917 5171 5003 4697 5605 5277 5266 5326 4966 5523 5182 5279 4978 4853 5291 5205 5176 4792 5471 5120 5338 5567 5238 5037 5551 5408 5165 4936 5361 5549 4966 5273 5222 5098 4455 5552 5525 5299 5139 5196 5192 5346 4889 5285 5225 5409 5439 5016 4773 5298 5003 5094 5638 4645 5017 5225 4919 5122 4895 5078 5603 5207 4867 5350 5130 5292 4868 4886 5247 5726 4870 4669 5327 5003 5183 5510 5455 5402 4950 5007 5620 4964 5192 5354 5259 5139 4764 5599 5374 5309 5356 4805 5075 5201 5090 5364 5269 5380 4819 5674 4884 4850 5451 5569 5406 5218 5700 5128 5410 4998 5490 5629 5492 4960 5602
5158 4949 5673 4621 4556 5325 5177 5104 4890 4825 4706 5457 5395 5034 5120 5371 5328 4822 5448 4972 5266 5195 5091 5199 4886 5121 4925 5073 5397 5096 4973 4860 4958 5026 5281 4927 4667 4743 5323 5302 5344 4895 5334 5023 5415 4977 4887 4678 5308 4946 5176 4706 4992 5060 5180 5104 5741 5445 5375 5523 5032 5509 4825 5063 5254 5445 5072 5377 5168 4888 5015 5453 5036 4888 5203 5395 5093 5295 4740 5343 5303 4761 4947 5449 4927 5071 4607 4833 4599 4794 5560 5465 4916 5620 5038 5028 5536 4885 5033 5253 5087 5210 5116 5295 5153 5221 5261 4521 5719 5399 4984 5051 4956 5052 5290 5655 5061 4827 4948 5637 4615 4768 4841 5027 5195 5094 5122 4988 5038 5016 4833 4731 5551 5051 5233 4862 4886 5218 4918 4623 5347 4595 4919 4878 4595 5392 5291 5459 5422 5006 5262 4979 4982 5195 4997 5095 5025 5245 4885 5462 5420 5334 5546 5084 4960 5365 5296 4939 4623 5286 5044 4713 5167 5001 4883 4593 5168 5272 5347 5248 4878 5021 5329 4965 5475 5068 5415 5262 4947 5258 5054 5053 5080 5469 4627 5204 5187 4878 5362 4962 5003 5338 5146 4838 5118 5288 5189 4634 4970 5050 5634 4742 4682 4957 4962 5232 5381 5108 5181 4676 5033 5540 5199 5245 5187 5219 5079 4980 5103 5286 5298 4969 4929 4777 5501 5105 5134 5174 5074 4988 5471 4672 4871 5295 5661 5110 4954 5329 4833 5122 5060 5511 5481 5306 4879 5082
4796 4941 5137 4738 4483 5255 5162 4998 4812 4832 4591 4762 5198 4673 5295 5055 5500 4325 5596 5219 4837 5065 4882 4942 4830 5128 5075 5135 5188 4913 4703 4688 4913 5281 4780 4832 4648 4740 5349 5338 5331 4941 5216 5118 5059 4778 4991 4625 4984 4850 4837 4589 5262 5138 5007 4850 5441 5450 5189 5286 4774 5310 4604 5001 5086 5224 5392 5204 4761 4826 4856 5114 5106 4498 5217 5214 5255 5188 4589 4949 5201 4804 4804 5423 4876 4984 4664 4755 4666 4878 5260 5409 4997 5495 4991 4996 4984 4741 4815 5184 4949 5020 5201 5184 5085 5109 5210 4652 5302 5049 4418 4899 4712 5106 5177 5490 4926 4794 5149 5540 4444 4624 4974 4811 4906 4987 4705 4712 4774 4812 5292 4700 5134 5021 5276 5000 4655 4799 4850 5147 4930 4905 5013 4804 4881 5234 5038 5373 5121 5270 5588 4974 5166 4779 4859 5143 4924 5193 5100 5342 5039 5387 5391 5059 4848 5522 5225 4944 4830 5118 5244 4889 5025 5160 4694 4075 4980 5406 5088 5143 4876 4984 5278 4861 5390 4905 5403 5398 4859 5093 5152 4850 4899 5423 4826 4863 5231 4826 5093 4949 4905 5655 4774 4882 5319 5156 4946 4548 5022 4991 5481 4831 4779 5161 4977 5085 4945 5285 5185 5002 5151 5423 4775 5049 4946 4899 5234 4859 5241 4999 5085 5359 5065 5149 5355 5163 5016 4951 5198 4835 5071 4713 4912 5289 5569 4996 5206 5502 4914 5076 5082 5548 5367 5068 4711 4937
5239 4839 5272 4458 4395 5530 5388 4878 4935 4681 4459 5127 5129 4846 5359 4866 5329 4928 5634 5062 4924 5341 4862 5028 5011 5092 5058 5128 5299 4882 4727 4961 4923 4680 4887 4758 4516 4550 5117 5327 5263 4856 5042 4971 5292 4718 4856 4544 5297 5041 5001 4598 5200 5043 4858 4864 5566 5247 5038 5187 4892 5582 4530 5013 4900 4984 5171 5160 5040 4893 5045 5181 5013 4672 5068 5047 5012 4882 4809 5040 5559 5225 4666 5380 5053 4904 4661 4784 4653 4697 5391 5455 5048 5240 4900 5255 5064 4658 4995 5227 4982 5213 4902 5084 4968 4948 5320 4629 5488 5204 4783 4953 4594 4965 4979 5366 5009 4798 5253 5422 4421 4455 4972 5018 4909 5132 4873 4421 4931 4799 4871 4826 5479 5335 4963 5127 4784 4984 4850 4833 5001 4852 4770 4702 4638 5359 5126 5123 5008 4910 5199 4855 5104 4787 4809 5066 4949 5208 4579 5187 5094 5241 5171 4990 4626 5253 5011 4875 4868 5039 5166 4697 4956 5216 4793 4322 4966 5238 5129 5181 5057 4785 5084 4822 5244 4904 5050 5417 4756 4918 4987 4769 4817 5512 4642 4912 5093 4935 5046 4907 5079 5323 4860 4713 5086 5246 5106 5007 4947 4955 5519 4835 4644 5140 4888 5063 5474 5206 5088 4565 4856 5473 5133 4933 5242 4847 5017 4833 5298 5236 5265 5228 4790 4881 5138 5188 4990 4864 5083 4803 5314 4759 4757 5095 5334 4906 5051 5234 4777 5242 4867 5378 5576 4845 4937 4950
5383 5003 5570 4977 4940 5635 5703 5111 5279 5203 4785 5605 5495 5405 5528 5699 5561 4989 5867 5599 5509 5630 5261 5344 5194 5651 5306 5654 5637 5242 5190 5168 5267 5275 5339 5098 5061 4889 5623 5381 5597 5413 5762 5163 5877 4948 5558 5110 5328 5285 5281 4802 5377 5470 5479 5476 5934 5627 5636 5710 5402 5896 4829 5238 5391 5575 5674 5787 5119 5644 5290 5832 5343 4987 5671 5704 5365 5520 5290 5307 5788 5344 4833 5765 4998 5477 4951 5283 4860 4932 5712 5838 5335 5942 5303 5522 5494 5044 5599 5461 5280 5691 5131 5676 5361 5741 5732 4888 6065 5568 5158 5196 5079 5422 5461 5655 5389 5264 5384 5864 4881 4964 5465 5237 5146 5340 5186 5075 5229 5021 5108 5305 5958 5438 5669 5347 5067 5356 5317 5447 5728 5101 5200 5364 4975 5664 5662 5466 5500 5487 5497 5217 5374 5359 4981 5543 5242 5411 5142 5586 5572 5574 5500 5102 5152 5632 5448 5308 5322 5557 5356 5182 5371 5406 5385 5031 5575 5284 5498 5187 5496 5544 5482 5278 5455 5233 5807 5783 5168 5212 5480 5152 5302 5862 5151 5469 5510 5506 5323 5378 5215 5870 5373 5158 5476 5075 5456 4900 4838 5263 5854 5415 5124 5335 5341 5660 5667 5665 5319 5150 5288 5638 5545 5672 5479 5380 5199 4943 5580 5684 5698 5656 5121 5536 5547 5518 5662 5407 5572 5262 5769 5043 5239 5768 5857 5421 5363 5943 5034 5438 5555 5947 5667 5356 5208 5191
5645 5236 5587 5197 5154 5759 5627 5324 5357 5080 5107 5868 5506 5549 5479 5406 5755 5038 6069 5570 5608 5563 5383 5658 5370 5653 5255 5761 5755 5208 5423 5209 5417 5317 5659 5397 5021 4999 6056 5626 5694 5475 5575 5377 5699 5074 5395 5044 5514 5411 5639 5080 5680 5687 5635 5253 5876 5657 5642 5652 5692 6167 5000 5458 5521 5630 5636 5719 5577 5248 5362 5760 5340 5054 5550 5681 5498 5854 5197 5674 5876 5412 5128 5917 5273 5457 5030 5160 5130 5155 5580 5981 5466 5786 5245 5478 5841 5039 5567 5727 5555 5860 5604 5424 5543 5505 5880 5073 5973 5687 5464 5397 5182 5335 5528 5890 5404 5255 5681 5828 4887 5370 5276 5492 5709 5608 5304 5116 5036 4978 5421 5238 6145 5650 6017 5627 5299 5574 5726 5489 5732 5153 5290 5195 5208 5839 5598 5769 5559 5301 5602 5658 5328 5254 5066 5437 5573 5697 5356 5657 5775 5829 5945 5224 5199 5531 5391 5306 5602 5763 5821 5547 5713 5532 5403 4826 5723 5632 5568 5202 5225 5342 5891 5370 5751 5506 5555 5723 5172 5184 5636 5304 5272 5912 5186 5545 5411 5266 5555 5289 5746 6017 5337 5237 5626 5566 5764 5243 5428 5502 6122 5386 5142 5570 5304 5710 5722 5661 5876 5060 5086 5903 5410 5564 5601 5645 5344 5170 5842 5557 5730 5534 5164 5604 6048 5617 5528 5548 5740 5114 6100 5144 5320 5756 5956 5567 5492 5908 5292 5700 5501 5868 5947 5452 5163 5798
5754 5536 5768 5156 5289 5757 5399 5359 5499 5391 5147 6028 5786 5356 5751 5636 5806 5211 6042 5585 5470 5830 5674 5716 5283 5731 5938 5655 6092 5411 5375 5477 5129 5299 5852 5282 5220 5259 5884 6003 6063 5576 5828 5501 5959 5107 5236 5072 5949 5585 5480 5316 5475 5573 5607 5453 5818 5851 5878 5686 5665 6115 5000 5580 5716 5639 5510 5741 5526 5777 5313 5664 5601 5071 5767 5731 5638 5529 5276 5820 6014 5467 5016 5857 5659 5600 5241 5113 5395 5313 5846 6063 5723 5950 5291 5739 5781 5297 5576 5869 5736 6125 5507 5716 5790 5536 5966 5083 6041 5707 5317 5507 5276 5208 5671 6132 5247 5331 5827 6241 4898 5415 5624 5463 5560 5443 5474 5361 5305 5277 5286 5364 6014 5471 5911 5726 5188 5603 5327 5396 5839 5406 5411 5264 5174 5898 5652 5553 5594 5696 5910 5892 5657 5404 5295 5873 5433 5839 5314 5988 6022 5979 6073 5790 5216 5996 5746 5519 5248 5788 5595 5312 5568 5800 5405 5047 5790 5788 5488 5546 5478 5229 5719 5517 5709 5426 5847 5915 5627 5655 5907 5239 5330 5987 5448 5496 5782 5507 5636 5202 5410 6156 5327 5145 5568 5944 5770 5188 5336 5555 6245 5476 5106 5545 5235 5722 5814 5738 5732 5053 5351 5583 5418 5617 5645 5454 5578 5233 5864 5726 6010 5765 5415 5530 6150 5664 5388 5643 5721 5487 6015 5121 5672 5679 6164 5534 5675 5743 5349 5613 5709 6243 5933 5774 5325 5720
5132 4609 5254 4567 4513 5245 4904 4904 4721 4672 4676 5276 5182 4574 5146 4848 5051 4378 5580 4897 5099 5236 4818 4898 4738 5290 4702 4869 5128 4943 4727 4689 4787 4950 4755 4639 4830 4472 5245 5207 5314 4899 5221 4970 5231 4847 4922 4583 5035 4951 5110 4542 5174 4917 4941 5018 5148 5376 5201 5351 5132 5390 4494 4836 5174 4933 5165 5444 4909 4779 5019 5111 5094 4475 5204 4956 5196 5086 4757 4960 5179 4766 4589 5136 4865 4880 4783 4280 4693 4843 5471 5386 4993 5397 4868 4909 5070 4670 4904 5224 4817 5199 4801 4795 4798 4883 5276 4539 5631 5054 4719 4830 4832 4880 5004 5552 4842 4661 5161 5356 4446 4966 4831 4980 4934 4869 4750 4500 4907 5023 4511 4660 5253 5018 5175 4989 4734 4694 4723 4933 5175 4637 4821 4822 4440 5359 5129 5050 5031 5168 5324 4775 5220 4776 4741 5054 4862 5178 4742 5220 5154 5397 5203 4983 4694 5220 5002 4726 4961 5002 5257 4968 5107 5029 4874 4516 4996 4923 5162 5008 5137 4546 5425 5034 4990 4957 5256 5476 4680 4967 4900 4866 4679 5350 4675 4793 5049 5033 4969 4954 4741 5278 4748 4674 5179 5396 4855 4719 4962 4725 5366 4911 4646 5042 4922 5116 5114 5147 5119 4711 4836 5216 4908 4878 5087 5117 4650 4577 5257 5272 5052 5109 4536 4818 5333 5055 5200 4911 5100 4613 5259 4650 4872 5316 5554 5041 5049 5235 4690 5223 4923 5306 4889 5079 4733 5132
5572 5225 5759 5244 4843 5311 5684 5318 5163 5191 4816 5578 5697 5067 5738 5539 5724 5100 6097 5620 5535 5966 5343 5381 5558 5456 5512 5574 5804 5338 5099 5380 5154 5317 5486 5324 4999 5112 5669 5729 5864 5411 5672 5278 5501 5192 5339 4888 5731 5556 5552 5083 5698 5445 5278 5394 5937 5769 5881 5811 5604 5634 4842 5319 5550 5427 5225 5393 5416 5459 5027 5687 5612 5175 5471 5358 5466 5781 4939 5513 5766 5232 5086 5691 5241 5398 4941 5201 4922 5343 5733 6003 5325 5849 5096 5280 5607 4942 5301 5818 5521 5436 5597 5462 5403 5948 5972 5175 5993 5587 5192 5306 5119 5102 5731 6151 5244 5184 5640 5613 4609 5073 5630 5439 5402 5383 5260 4815 5348 5247 5191 5233 5747 5614 5878 5415 5050 5519 5287 5362 5726 5005 5256 5592 4990 5892 5447 5591 5727 5507 5753 5410 5457 5086 5137 5531 5288 5552 5417 5495 5516 6009 6021 5445 5274 5830 5659 5351 5316 5648 5686 5193 5501 5414 5247 4652 5547 5369 5606 5177 5230 5216 5513 5250 5606 5291 5796 5704 5202 5420 5433 5005 5195 5989 5151 5352 5333 5401 5540 5335 5520 5886 5280 5031 5577 5404 5378 5104 5431 5570 6083 5429 5084 5371 5142 5679 5786 5904 5450 5245 5202 5528 5566 5463 5618 5427 5281 4946 5461 5742 5681 5685 5122 5368 5793 5542 5798 5375 5542 5193 5932 5072 5518 5789 5922 5663 5419 5624 5204 5959 5580 6089 5581 5669 5092 5382
5635 5364 5729 5237 4937 5802 5807 5485 5400 5214 5161 5586 5590 5044 5350 5715 5741 5110 5907 5454 5479 5499 5363 5322 5474 5390 5443 5672 5694 5433 5224 5145 5019 5342 5464 5484 5174 5178 5418 5581 5869 5460 5661 5323 5943 4914 5415 5096 5705 5459 5607 5343 5790 5647 5579 5377 5815 5968 5487 5660 5337 6096 5084 5317 5524 5876 5693 5443 5317 5364 5585 5594 5595 5030 5710 5693 5449 5692 5083 5879 5643 5517 5175 5931 5216 5494 5267 5076 5206 5237 5888 5797 5600 6118 5155 5697 5817 5059 5541 5640 5334 5754 5492 5440 5520 5572 5662 5064 6038 5658 5179 5548 4989 5380 5543 5764 5230 5125 5256 6083 4587 5339 5368 5485 5612 5478 5447 5260 5134 5338 5450 5115 5699 5614 5839 5791 5257 5632 5288 5602 5558 5338 5370 5249 4997 5692 5440 5647 5606 5496 5501 5278 5297 5333 5026 5662 5621 5507 5254 5631 5460 5971 5782 5447 5101 5972 5402 5050 5317 5551 5540 5235 5536 5570 5399 4894 5873 5657 5520 5339 5648 5278 5652 5431 5602 5326 5875 5656 5193 5427 5804 5186 5370 5850 5156 5445 5461 5184 5483 5390 5448 5934 5134 4964 5614 5562 5512 5236 5070 5217 5839 5195 4992 5580 5365 5856 5747 5882 5458 5069 5396 5835 5516 5449 5506 5264 5367 4976 5794 5636 5813 5490 5118 5207 5753 5491 5502 5446 5392 5202 6013 5146 5025 5614 5973 5287 5524 5749 5094 5544 5621 5873 5980 5499 5366 5510
5228 5028 5551 4816 4775 5272 5393 4979 5160 4818 4927 5105 5256 5028 5558 5161 5379 4816 5737 5204 5229 5441 5032 5067 5015 5513 5156 5306 5555 5139 5031 5072 5047 5083 5429 5033 5036 5007 5714 5594 5391 5289 5534 5295 5390 4859 5044 4617 5521 5180 4956 4984 5274 5237 4906 4956 5722 5533 5337 5353 5157 5562 4511 5144 5259 5494 5320 5723 5167 4989 5100 5588 5292 5005 5382 5275 5656 5313 5144 5205 5737 5061 4835 5466 5252 5410 4859 4900 4885 4998 5595 5597 5229 5347 5205 5517 5364 5027 5492 5334 5283 5543 5473 5317 5287 5472 5579 4860 5541 5412 5071 5031 4859 5127 5262 5772 5050 5009 5363 5509 4653 4871 5435 5272 5083 5365 5075 5117 5023 4819 5037 5143 5220 5535 5394 5527 4896 5206 5266 5253 5339 5221 5277 5168 4647 5432 5132 5372 5442 5387 5783 5189 5201 4940 5015 5353 5128 5278 4958 5354 5466 5772 5569 5308 4787 5498 5343 5148 5104 5406 5527 4998 4992 4917 5339 4684 5363 5421 5136 5222 5253 5356 5267 4781 5239 5310 5480 5466 5335 4882 5251 4984 4945 5648 4895 5166 5399 5181 5572 5084 5192 5807 5085 4915 5463 4991 5310 4913 4918 5234 5651 5114 4910 5280 5147 5220 5534 5471 5327 4731 4788 5667 4897 5024 5339 5602 5100 4857 5435 5372 5331 5512 4916 5329 5596 5152 5292 5092 5370 5090 5619 4934 5307 5347 5662 5210 5207 5617 5013 5408 5138 5542 5706 5312 5322 5142
5564 5165 5381 4889 4843 5416 5560 5537 5306 4962 5157 5782 5261 4910 5342 5508 5473 4924 5484 5305 5380 5380 5152 5417 5273 5352 5097 5183 5118 5053 5116 5164 5345 5129 5288 5164 4918 4804 5745 5627 5391 5142 5454 5303 5547 4935 5289 4701 5447 5363 5497 4978 5242 5178 4956 5207 5767 5614 5300 5635 5291 6032 4689 5069 5384 5559 5433 5629 5578 5241 5330 5606 5118 4694 5464 5535 5424 5671 4872 5282 5794 5104 4995 5691 5002 5388 4712 5134 4908 5147 5420 5465 5066 5477 5405 5159 5437 5142 5487 5608 5258 5423 5402 5255 5291 5483 5649 4880 5856 5419 4988 5197 5089 5283 5329 5712 5251 5066 5158 5478 4930 5061 5374 5150 5357 5216 5124 4967 5113 5049 5191 5078 5625 5411 5464 5551 5029 5366 5195 5258 5348 5160 5168 5072 4895 5584 5492 5578 5528 5242 5623 5026 5530 5259 5175 5212 5377 5273 5013 5575 5300 5349 5412 5468 5104 5645 5274 5145 5169 5565 5429 5314 5438 5209 5282 4711 5694 5286 5482 5426 5283 5125 5298 5021 5524 5040 5788 5584 5419 5277 5368 5191 5117 5633 5138 5181 5304 5229 5469 5162 5258 5724 5105 5035 5457 5369 5295 5016 5199 5114 5774 5247 4656 4977 5257 5287 5426 5335 5427 4938 5199 5515 5231 5389 5183 5391 5089 5245 5365 5532 5584 5582 5088 5401 5775 5278 5312 5571 5460 4916 5963 5129 5360 5639 5687 5219 5188 5798 5252 5328 5191 5660 5749 5428 5066 5265
5375 5168 5406 4904 4620 5457 5432 5126 5038 4701 4869 5595 5399 5186 5431 5514 5683 4859 5859 5105 5423 5339 5173 5349 5044 5467 5305 5119 5544 5181 5096 5108 5371 5218 5512 5048 4893 5006 5452 5535 5486 5226 5337 5093 5512 5047 4865 4908 5378 5089 5522 4981 5103 5436 5281 5308 5832 5499 5404 5612 5048 6064 4676 4956 5180 5317 5429 5507 5374 5221 5490 5381 5432 4625 5622 5549 5259 5361 4996 5445 5652 5130 4793 5913 5079 5090 5023 4866 5193 5298 5590 5514 5160 5620 5034 5279 5637 5148 5404 5519 5421 5553 5433 5183 5647 5340 5527 4728 5804 5307 4866 4992 5155 5284 5294 5917 5234 4876 5330 5633 4749 5298 5251 5241 5348 5022 4969 4962 5070 5034 5068 4916 5669 5354 5538 5533 5055 5310 5260 5175 5539 4985 5240 5077 4874 5444 5286 5410 5420 5291 5728 5245 5293 5176 5048 5533 5117 5549 4841 5532 5630 5587 5517 5400 5087 5627 5573 5053 4884 5460 5695 5330 5316 5379 5302 4772 5340 5325 5240 5233 5110 5306 5559 5144 5335 5412 5768 5318 5124 5328 5528 5043 5379 6037 5068 5070 5527 5178 5269 5086 5348 5701 5302 5118 5336 5295 5202 4872 5133 5083 6026 5232 4604 5331 5238 5603 5553 5507 5133 5082 5247 5794 5219 5333 5293 5373 5151 4810 5586 5360 5586 5272 4888 5443 5651 5429 5472 5471 5258 5018 5651 5039 5004 5622 5740 5385 5338 5783 5172 5406 5416 5670 5517 5384 4882 5303
5400 5058 5459 4890 4762 5229 5321 5082 4908 4864 4696 5187 5131 4931 5222 5304 5198 4840 5682 5065 5084 5201 4932 4911 4938 5349 4885 5086 5302 5041 4907 4938 4991 4986 4982 4758 4835 4646 5274 5455 5277 4984 5466 5055 5381 4768 4903 4675 5091 5304 5184 4826 5034 5217 4901 5204 5550 5399 5092 5249 5171 5448 4260 4942 5354 5222 5215 5304 5089 5022 4896 4997 5011 4888 5281 5352 5186 5088 4744 5137 5367 5183 4631 5387 4849 5156 4736 4667 4813 4723 5176 5253 5279 5323 4995 4910 5330 4857 5226 5317 5165 5095 4903 5137 5068 5385 5157 4754 5658 5162 4798 4884 4970 5320 5192 5445 5148 4725 5506 5502 4446 4997 4912 5073 5000 5039 4813 4717 4943 4470 4788 4706 5713 5150 5291 5310 5118 5090 4831 5088 5269 4624 5073 4713 4747 5320 5295 5367 4979 5175 5407 4973 5287 5127 5028 4941 5070 4945 4943 5269 5329 5260 5262 5137 4769 5449 4951 4874 5059 5261 5358 5100 4820 5035 5025 4691 5168 5218 5169 4730 5169 4913 5481 4755 5490 4817 5288 5281 4921 4935 5210 4856 5272 5508 4919 5229 5049 5149 4972 5049 5052 5621 5063 4798 5324 5045 4975 4793 4910 4952 5551 5194 4595 5070 4908 5095 5330 5332 5254 4764 5107 5352 5180 5044 5236 5027 5038 4773 5277 5244 5054 5297 4952 4938 5336 5268 5150 5126 4993 4942 5495 4847 4756 5665 5612 5179 5028 5569 4486 5213 5211 5492 5296 5099 5193 4776
4954 4670 5137 4885 4646 5237 5292 4834 4756 4834 4435 5092 5557 4780 4933 4953 5243 4730 5401 5161 5151 5181 4755 5055 4816 4927 4912 5044 5254 4923 4536 4895 4745 4933 5088 4815 4697 4624 5246 5270 5278 4912 5099 5130 4894 4575 4790 4615 5250 5039 5257 4761 5144 5122 4795 4908 5355 5280 5159 5559 4766 5485 4307 4656 5178 5002 5181 5284 5001 4926 4791 4927 5057 4750 5254 5105 4888 5310 4782 4814 5177 4787 4694 5309 4996 5077 4505 4525 4744 4586 5207 5546 5022 5397 4882 4879 5274 4677 4939 5034 5152 5126 4900 5239 4759 5118 5151 4614 5294 5030 4592 4759 4565 4902 5035 5314 4777 4685 5364 5373 4354 4520 4928 5242 4769 4850 4870 4715 5022 4602 4499 4669 5296 5249 5318 5258 5007 5061 5060 4903 5254 4501 4931 4507 4567 5261 5083 5086 5269 5106 5327 4894 5084 4763 4955 4953 4883 4890 4622 5040 5105 5615 5310 5038 4622 5255 4941 4530 4924 5060 5397 4794 4962 4894 4920 4472 5145 4761 4896 4718 4904 4882 4882 4871 5087 4760 5240 5044 4776 4975 5383 4715 4733 5557 4840 4923 4776 5000 5033 5185 4885 5298 4793 4950 5325 5209 4691 4600 4778 5031 5532 4701 4512 4852 4765 5133 5130 5337 5084 4613 4790 5593 4935 4681 4798 4981 4957 4656 5108 4959 5276 5170 4647 4696 5319 5137 5182 4783 4939 4631 5095 4797 4724 5340 5467 4861 4845 5274 4543 5160 5339 5465 5463 5017 4795 4718
5413 5175 5737 5201 4933 5676 5521 5356 5318 5126 4922 5469 5531 5247 5755 5801 5828 4947 5736 5648 5358 5506 5581 5539 5399 5611 5552 5624 5927 5366 5372 5235 5124 5412 5402 5286 5061 5145 5481 5683 5697 5664 5550 5297 5637 5161 5196 5123 5492 5445 5700 5039 5499 5668 5591 5310 5903 5792 5429 5648 5105 5754 5163 5434 5434 5611 5698 5691 5412 5590 5237 5630 5509 4941 5698 5779 5477 5481 5303 5654 5741 5432 5117 5672 5201 5584 4971 5198 4932 5387 5858 6049 5254 5904 5526 5511 5828 5100 5532 5661 5379 5790 5553 5449 5434 5568 5626 5112 5911 5531 4946 5365 5092 5262 5295 6065 5307 5047 5571 6031 4872 5064 5515 5278 5220 5459 5361 4943 5352 5272 5550 4998 5988 5492 5604 5580 4993 5460 5317 5241 5740 5253 5290 5355 5143 5871 5564 5655 5545 5537 5663 5219 5413 5184 5142 5966 5213 5691 5269 5790 5543 6042 5909 5640 5256 5926 5432 5343 5218 5694 5677 5405 5645 5582 5521 4792 5486 5632 5645 5472 5463 5304 5551 5361 5413 5409 5757 5678 5184 5666 5666 5248 5113 6070 4953 5612 5447 5230 5240 5289 5252 6092 5226 4953 5808 5487 5563 5014 5331 5630 6074 5060 5077 5414 5059 5738 5415 5825 5296 5290 5286 5764 5605 5360 5518 5347 5673 5085 5653 5641 5707 5366 5114 5349 5847 5618 5416 5344 5822 5035 5704 5077 5531 5904 5677 5500 5305 5872 5298 5891 5452 5956 5604 5508 5175 5893
5566 5043 5871 4985 5026 5542 5780 5501 5354 5060 5058 5483 5717 5118 5697 5529 5772 5226 5776 5578 5642 5697 5465 5554 5505 5626 5176 5602 5482 5354 5020 5048 5226 5280 5563 5346 5185 4804 5650 5451 5805 5592 5518 5368 5674 5235 5219 5081 5462 5495 5667 5166 5441 5391 5350 5398 5890 5870 5727 5900 5228 5842 5049 5223 5499 5738 5674 5857 5306 5204 5258 5876 5605 5066 5712 5787 5578 5657 4985 5692 5927 5189 5262 5740 5360 5428 4937 5130 4895 5310 5911 5881 5344 6000 5346 5190 5633 5128 5439 5688 5385 5380 5446 5301 5667 5251 6095 5237 6079 5676 5062 5405 5166 5379 5579 5943 5394 5173 5581 6159 4918 5074 5502 5491 5525 5556 5389 5160 5280 5283 5212 4995 5653 5522 5684 5550 5404 5531 5377 5429 5483 5280 5256 5432 4786 5862 5617 5569 5576 5646 5722 5306 5383 5291 5248 5575 5319 5666 5262 5644 5503 5991 5666 5482 5090 5772 5660 5263 5059 5437 5842 5361 5438 5470 5503 4793 5295 5585 5558 5367 5316 5381 5525 5128 5581 5366 5588 5709 5497 5342 5545 5149 5290 5697 5018 5326 5599 5462 5616 5371 5368 5703 5541 5031 5661 5419 5471 5324 5295 5141 6078 5426 5278 5312 5204 5669 5653 5562 5616 5020 5293 5706 5538 5390 5626 5686 5373 5277 5715 5341 5440 5707 4978 5111 5633 5266 5697 5768 5416 5272 5862 4807 5391 5712 5932 5317 5428 5809 5087 5739 5456 5931 5976 5600 5395 5526
5242 5221 5507 5014 4881 5697 5719 5436 5094 5251 4976 5667 5794 5090 5440 5659 5492 5116 5783 5448 5424 5805 5232 5424 5353 5498 5408 5344 5647 5467 5168 4975 5261 5296 5281 5129 5027 5002 5358 5453 5571 5190 5775 5185 5454 5161 5350 4883 5415 5507 5521 5128 5612 5484 5672 5137 5583 5725 5555 5726 5200 6016 4778 5369 5480 5584 5508 5601 5340 5294 5242 5861 5226 4952 5483 5602 5458 5615 5239 5426 5842 5593 5291 5535 5073 5535 4629 5208 5026 5148 5701 5643 5262 5842 5224 5511 5399 4970 5381 5628 5400 5503 5434 5471 5407 5474 5518 4939 6182 5309 5369 5189 5283 5503 5619 5806 5240 4901 5481 5603 4802 5239 5038 5344 5299 5351 5300 4989 5169 5193 5229 5017 5559 5231 5418 5500 5200 5523 5306 5454 5454 5370 5332 4932 4770 5657 5418 5697 5612 5534 5552 5243 5423 5669 5147 5432 5451 5255 4991 5417 5619 5604 5792 5413 5116 5815 5382 5000 5170 5536 5357 5005 5319 5634 5192 4807 5738 5674 5379 5445 5439 5327 5525 5443 5421 5311 5742 5673 5239 5615 5308 5216 5306 5468 5116 5207 5476 5213 5322 5419 5378 5654 5323 5011 5558 5531 5285 5005 5036 5272 5976 5413 4927 5466 5332 5617 5738 5563 5652 4928 5306 5763 5391 5303 5482 5053 5310 5353 5623 5546 5522 5619 5193 5311 5681 5478 5397 5267 5639 5145 5929 5077 5190 5739 5497 5395 5442 5747 5018 5438 5337 5808 5735 5714 5102 5505
5116 5064 5363 4737 4675 5375 5204 4743 4952 4784 4739 5349 5559 4950 5345 5194 5349 4508 5600 5077 5344 5294 5058 5180 5007 5090 5028 5024 5357 5112 4888 4827 4855 4767 5201 5081 4727 5138 5205 5462 5434 5009 5050 5233 5444 5061 4979 4422 5198 5205 5184 4861 5202 5126 5029 4964 5784 5383 5354 5504 5144 5547 4766 5191 5393 5358 5318 5479 5171 4966 5016 5257 5144 4566 5346 5592 5201 5317 5097 5180 5650 4999 4853 5428 5162 5174 4904 4785 4957 4987 5451 5508 5101 5518 4896 5110 5308 4854 5125 5227 5180 5456 5352 5108 5046 5303 5396 4855 5392 5257 4662 5021 4939 5294 4897 5872 5008 4906 5046 5548 4468 4685 5023 5065 5029 5065 4827 4871 4780 5137 4850 4913 5468 5327 5407 5191 4782 5031 4844 4812 5187 4904 5022 4923 4954 5479 5226 5129 5386 5489 5447 5237 5239 5024 4967 5107 5023 5262 4899 5538 5339 5437 5491 4873 5156 5436 5145 5195 5108 5329 5488 4911 4884 5087 5228 4632 5169 5331 5246 4991 5011 4798 5353 5059 5519 4962 5651 5377 5011 5276 5312 4933 4967 5775 4570 5226 5232 5005 5057 4996 5237 5513 5010 4827 5223 5139 5287 4715 4840 4986 5758 4828 4642 5315 4972 5264 5318 5397 5104 4873 5072 5491 5212 4999 5201 5295 5156 4726 5455 5373 5237 5293 4926 5187 5376 5130 5149 5417 5098 4770 5217 4935 5029 5199 5400 5351 5291 5556 4801 5457 5096 5662 5374 5175 4833 4989
5072 4546 5381 4752 4637 5097 5170 5057 4667 4639 4566 5216 5221 4855 5040 5072 5014 4816 5503 4852 5009 4867 4717 4937 4779 4990 4815 4954 5204 4836 4685 4788 4815 5207 4900 4923 4620 4948 5223 5298 5262 4955 5105 4956 5317 4825 4782 4493 5201 4912 5068 4609 5038 5068 4867 4764 5206 5179 5090 5139 4975 5588 4286 4785 4823 5155 5223 5115 4858 4763 5041 5001 5111 4763 5249 5228 5173 4978 4863 5219 5453 4991 4616 5307 4688 4933 4834 4597 4783 5033 5181 5253 5068 5259 4680 5083 5027 4658 5197 5054 5039 5268 4989 4980 4961 5295 5164 4640 5483 5022 4583 4815 4500 5039 4833 5677 4819 4827 5010 5503 4317 4931 4666 5011 4662 4974 4712 4625 4833 4706 4938 4511 5327 5101 5119 5184 4783 5021 5007 5030 5212 4772 5018 4828 4495 5322 4916 5266 5119 4753 5330 4933 5074 4910 4952 5075 5044 5362 4751 5316 5175 5345 5317 4780 4942 5374 5299 4952 4744 5135 5037 4757 5181 4724 4765 4502 4970 5078 5096 5112 4976 4979 5358 4954 4930 4764 5542 5282 5135 5120 5143 4748 4889 5385 4609 4850 4991 4890 5019 4891 4990 5279 4829 4631 5282 5097 5227 4582 4791 4878 5243 4825 4506 5066 4851 5239 5138 5220 5093 4607 4759 5079 4962 4870 5166 4950 5070 4677 5165 5257 5192 5171 4569 4933 5401 5074 5058 4972 4999 4877 5454 4598 4747 5105 5432 5027 4943 5376 4693 5308 4974 5502 5485 5224 4863 5008
5309 5053 5445 5115 4629 5602 5214 5085 5104 5089 4659 5651 5757 4832 5506 5340 5312 4878 5688 5504 5395 5482 5123 5360 5094 5419 5264 5309 5530 5319 4991 5034 5240 4769 5210 5105 4777 4941 5276 5466 5586 5418 5435 5120 5672 4979 4780 4826 5338 5530 5166 4854 5458 5232 5209 5209 5705 5584 5301 5495 5261 5798 4920 5106 5295 5478 5545 5581 5359 5047 5008 5447 5180 4914 5300 5340 5408 5450 4998 5213 5516 5323 4830 5447 5120 5350 4675 4800 4893 5101 5526 5644 5243 5484 5264 5184 5432 4818 5623 5461 5021 5463 5158 5244 5425 5122 5586 4813 5664 5480 4939 5056 5102 5220 5093 5636 4949 4858 5269 5772 4633 4975 5068 5284 5081 5157 5159 4613 4511 5044 5018 4951 5532 5192 5443 5115 4979 5132 4976 5311 5553 5300 4941 5108 4679 5337 5365 5222 5286 5272 5514 5073 5385 5294 5205 5352 5120 5270 4960 5685 5446 5529 5662 5346 5101 5636 5352 4977 5072 5305 5232 5210 5069 5591 5173 4805 5094 5400 5430 5408 5145 5167 5567 4992 5439 4884 5544 5424 4950 5388 5265 5082 5338 5451 5128 5119 5427 5251 5312 5224 4972 5898 5292 5067 5292 5296 5237 4865 4916 5154 5674 5006 4904 5299 5320 5300 5168 5478 5128 4928 5210 5542 5281 5436 5333 5231 4977 4957 5629 5639 5246 5604 5043 5120 5473 5370 5436 5059 5294 4859 5665 4829 5036 5708 5580 5385 5461 5371 4703 5037 5120 5765 5597 5301 4972 5355
5091 4738 4864 4429 4522 5016 5184 4979 4657 4648 4232 5087 5009 4674 5126 4986 5118 4514 5327 5139 4826 5189 4769 4952 4653 5043 5001 5248 4952 4959 4767 4856 4592 4579 5044 4945 4665 4544 5104 5199 5022 5019 4943 4864 4958 4762 4605 4307 5129 4970 4946 4816 5063 4970 4929 4758 5138 5160 5045 4982 4919 5338 4403 4752 5045 5038 5193 5102 4922 4692 4951 5161 5094 4652 4966 4966 5085 4999 4548 5031 5484 5016 4511 5429 4910 4876 4376 4469 4639 4638 5163 5131 4993 5117 4822 5050 5196 4828 4849 5176 4877 5154 5000 4862 5019 4829 5315 4535 5349 4902 4647 4868 4726 4978 4821 5111 4896 4509 4730 5114 4330 4906 4880 5011 4875 4819 4892 4915 4764 4716 4897 4728 5436 5182 5187 5168 4752 4986 4989 5089 4949 4794 4851 4688 4420 4948 4784 5137 5177 4845 5522 4998 4670 4818 4748 4908 4887 4926 4494 5178 5196 5200 5300 4992 4725 5188 5074 4767 4571 5272 4928 4872 4948 4946 4733 4272 4965 5033 4822 4810 4689 5002 5026 4885 4992 5015 5450 5045 4857 4777 5178 4708 4882 5194 4840 4926 5008 4717 5004 4843 4697 5456 4695 4741 5169 5008 4872 4634 4637 4641 5383 5163 4205 4981 4870 5439 5103 5120 5132 4728 4773 5447 4698 4918 4795 4918 4881 4665 5096 4979 5133 4959 4637 4867 5010 5226 4820 4854 5128 4567 5239 4718 4830 5268 5329 4878 5055 5466 4453 5334 5121 5287 5452 5180 4488 5035
5444 4854 5520 4770 4856 5374 5355 5004 4789 5037 4678 5184 5203 4831 5518 5219 5556 4859 5704 5098 5346 5468 5010 5130 5059 5407 4974 5358 5371 5273 5100 4823 4992 4844 5063 5060 4863 4712 5791 5451 5442 5023 5359 4948 5559 4680 4977 4700 5285 5264 5087 4893 5156 5118 5327 5057 5600 5583 5242 5126 5098 5714 4536 5093 5146 5460 5277 5393 5056 5107 4990 5331 5125 4745 5360 5248 5278 5369 4852 5309 5591 5289 5060 5767 4892 5043 4819 4990 4836 5079 5426 5736 5158 5464 5113 5320 5378 4884 5188 5580 4963 5373 5395 5389 5214 5328 5485 4868 5682 5238 4900 5181 4620 4893 5402 5691 4966 4960 5476 5625 4583 4984 5038 5230 4922 5212 5403 4776 4907 4660 4875 4913 5559 5230 5491 5531 5120 5051 4745 5102 5067 5008 4987 4992 4662 5588 5405 5092 5317 5126 5482 4991 5346 5158 4750 5040 5166 5243 4970 5505 5297 5670 5477 5382 5064 5438 5375 5070 5090 5243 5210 5009 5203 5255 5152 4521 5430 5307 5324 5078 5035 4807 5223 5100 5161 4925 5270 5549 5030 4936 5088 4713 4979 5403 4958 5223 4976 5199 5312 5290 4882 5688 5130 4887 5550 5376 5228 5011 4762 5165 5570 4835 4848 5278 4947 5155 5466 5205 5413 4719 5091 5300 4901 5182 5406 5349 5148 5058 5311 5147 5290 5259 4787 5035 5616 5300 5219 5153 5063 5083 5623 4838 5158 5465 5557 5232 5307 5590 4997 5694 5243 5551 5778 5360 4873 4957
5148 4865 5160 4752 4571 5211 5197 4611 4890 4864 4571 5230 5147 4727 5264 5227 5143 4636 5344 4984 5205 4944 4849 4865 4873 5105 4834 5000 4873 4822 4914 4608 5120 4696 4793 4768 4467 4527 5186 5257 4920 4875 5025 4645 5457 4559 4797 4870 4820 4852 5026 4546 5155 4985 4919 4891 5304 5414 5106 5270 4785 5448 4468 4864 5320 5220 5157 5343 5005 4812 5035 5257 4833 4487 5369 4936 4867 5098 4696 5205 5376 5170 4733 5248 4823 5298 4418 4663 4621 4771 5037 5173 4953 5072 4937 5004 5311 4553 5185 5297 4957 5316 5138 5109 5043 4819 5371 4544 5721 5146 4791 4942 4866 4974 5132 5449 4848 4979 5238 5395 4358 4650 5089 5162 4829 4968 4799 4680 4556 4811 4854 4559 5426 5023 5202 4930 4533 5136 4797 5028 4985 4814 4772 4808 4720 5141 5110 4990 4917 5076 5010 4701 5088 5128 4807 4967 5007 5130 4558 4950 5212 5198 5257 5048 4631 5218 5217 4766 4854 5128 4967 4788 4942 5226 4819 4406 5021 5210 5161 4948 4916 4977 5250 4864 5025 4741 5489 5323 4704 5172 5053 4835 4822 5415 4938 4703 5031 4789 5022 4956 4947 5179 5027 4661 5109 5005 5104 4510 4714 4993 5298 4959 4590 4742 4923 5249 4999 5315 5150 4517 4841 5362 4924 5114 5054 5056 5034 4747 5091 4884 4769 5287 4651 4879 5181 4879 5171 4971 4881 4935 5286 4938 5001 5307 5630 5111 4877 5192 4585 5029 4691 5418 5250 5126 4405 4893
5104 4895 5399 4901 4627 5459 5534 5147 5103 4845 4849 5377 5529 5008 5360 5475 5406 4856 5613 5390 5168 5364 5121 5104 5205 5084 5294 5318 5299 5004 4917 4896 5134 5093 5264 5103 4985 4984 5424 5559 5565 5392 5460 5080 5493 4940 4938 4514 5456 5489 5580 5095 5394 5284 4990 5107 5476 5430 5523 5387 5099 5554 4633 4972 5323 5227 5374 5500 5210 5283 5039 5591 5256 4762 5328 5436 5454 5457 5060 5348 5538 5194 5054 5524 4980 5020 5055 4889 4851 4970 5452 5765 5294 5404 5172 5417 5321 5075 5276 5467 5228 5403 5027 5151 5209 5599 5416 5058 5845 5532 5325 5219 4916 5166 5180 5777 4891 4788 5548 5886 4453 5047 4845 4852 4787 5342 5129 4710 4721 5063 5063 4947 5572 5466 5432 5371 4937 5379 5063 5291 5382 4951 5189 5004 4696 5535 5205 5452 5298 5137 5311 5292 5320 4837 4691 5462 5137 5245 4666 5632 5436 5588 5275 5274 5349 5578 5321 5095 5080 5246 5227 5178 5063 4990 5279 4729 5555 5537 5244 4975 5001 4914 5365 5269 5147 5247 5468 5419 5172 4964 5224 4901 4821 5437 4920 5300 5397 5158 5359 5008 5148 5423 5014 4787 5429 5221 5320 4999 4982 5297 5707 5333 4966 5082 5196 5256 5477 5292 5201 4946 5172 5253 5344 4991 5456 5312 5195 4968 5400 5185 5457 5351 4969 5109 5366 5228 5195 5181 5407 5092 5524 5011 5118 5502 5571 5367 5164 5618 4873 5485 5103 5518 5815 5621 5060 5400
4646 4408 5151 4418 4221 4924 4702 4772 4737 4657 4302 5199 4950 4406 4972 5137 4946 4237 5267 4674 4779 4875 4542 4765 4760 4700 4919 4817 5007 4723 4491 4424 4238 4591 4677 4619 4537 4415 5166 5047 5106 4909 4645 4622 5029 4532 4553 4309 4864 4819 4738 4347 4788 4730 4922 4739 5053 5127 5102 4849 4536 5226 4315 4900 4921 5063 4754 4883 4666 4642 4848 4797 4860 4348 5149 4880 5050 5037 4491 5294 5156 4623 4539 5212 4683 4615 4633 4327 4554 4821 4911 5021 4844 5132 4620 4949 4777 4645 4668 4924 4728 5014 4793 4862 4791 4885 5020 4581 5295 4857 4651 4565 4514 4755 4862 5429 4717 4375 4858 5206 4144 4816 4732 4641 4645 4691 4788 4327 4483 4519 4536 4401 4989 4945 4953 4893 4596 4671 4566 5055 4798 4573 4705 4635 4304 4977 4943 4777 5003 4776 5306 4726 4964 4747 4470 4918 4642 4964 4800 5204 4991 5181 5092 4853 4638 5177 4917 4687 4427 5008 4844 4602 4538 4615 4681 4220 4854 4868 4828 4609 4767 4600 4964 4754 4809 4794 5274 5315 4774 4791 4708 4476 4705 5037 4551 4711 4755 4856 4781 4714 4479 5300 4409 4455 5054 4937 4724 4573 4583 4692 5200 4545 4392 4860 4713 5085 4724 4937 4920 4409 4663 4941 4805 4687 5013 4931 4811 4452 4824 4713 4889 5005 4670 4700 5249 4769 4564 4801 4744 4499 5041 4708 4915 4912 5202 4819 4935 5341 4490 4782 4830 5121 5159 4897 4385 4558
5107 4889 5414 4727 4689 5576 5212 4964 5238 4787 4682 5236 5706 4772 5265 5522 5464 4738 5636 5226 5342 5439 5101 5247 5007 5330 5148 5329 5381 5348 4964 4901 4943 5124 5211 4900 5016 4731 5701 5491 5608 5087 5515 5034 5330 4802 5022 4795 5359 5057 5032 5084 5161 5365 5240 5005 5536 5443 5415 5314 5065 5579 4771 5030 5449 5504 5239 5657 5123 4734 5312 5686 5280 4936 5189 5500 5325 5441 4807 5596 5553 5117 4924 5633 5152 5064 4943 4670 4660 4867 5420 5613 5136 5533 4911 5106 5513 4888 5145 5457 5006 5482 5518 5549 5138 5200 5483 4823 5900 5246 5110 5235 4972 5079 5276 5453 5375 4777 5154 5561 4649 4895 5114 5338 5323 5133 5342 4881 4811 4924 5291 5088 5386 5341 5350 5444 4824 5145 4902 5412 5116 4956 5078 5129 4708 5641 5237 5293 5483 5234 5464 5161 5088 5180 4692 5441 5018 5363 5023 5560 5435 5728 5710 5347 4953 5696 5284 5099 5065 5313 5399 5089 5272 5340 4997 4709 5504 5145 5339 4895 5073 5137 5453 4747 5396 5033 5375 5646 5003 5105 5233 4894 5168 5536 5127 5030 5288 4969 5449 4589 4944 5613 5034 4723 5315 5272 5166 4684 5150 4875 5701 5415 4861 5330 5167 5466 5131 5335 5431 5020 4772 5592 5346 5233 5296 5001 5023 4857 5620 5414 5495 5376 5021 5120 5540 5297 5343 5150 5170 4933 5505 4703 5133 5431 5751 4999 5177 5707 5054 5229 5047 5531 5698 5351 4920 5265
4702 4671 5223 4329 4465 5040 5109 5048 4923 4668 4549 5165 5211 4773 5422 5267 5128 4478 5535 5175 4818 5159 4974 5050 4855 4937 4935 4900 5170 4774 4749 4566 4766 4819 4915 4566 4728 4634 5208 5232 5077 5104 5084 4857 5097 4725 4882 4509 5003 4930 5235 4792 5036 4883 5164 4765 5259 5379 5177 5178 4693 5275 4658 4643 4726 5101 4805 5301 4929 4996 4868 5386 5120 4401 5315 5255 5063 5251 4672 5282 5317 4740 4769 5251 4878 4765 4258 4846 4641 4645 5451 5221 4896 5655 4741 5175 5029 4877 5095 5010 4800 5111 4978 5222 4895 4884 5090 4562 5537 5079 4599 4715 4696 5187 4868 5479 4934 4391 4963 5320 4402 4758 4918 5094 4715 4899 4787 4796 4760 5070 4724 4834 5129 5126 4881 4932 4627 4925 5005 4836 4836 4680 4870 4875 4394 4913 4973 5332 5270 4928 5415 4738 4844 4925 4620 5217 4925 5292 4605 5133 5033 5351 5381 5195 4759 5264 5119 4779 4789 5060 4997 5015 4870 4755 4841 4168 5198 5207 4845 4903 4895 4891 5027 4845 4969 5047 5497 5169 4895 4989 4989 4529 4865 5269 4586 4992 4839 5010 5187 4980 4905 5296 4848 4586 4914 5302 5011 4742 4830 4853 5288 4868 4506 5058 4893 5254 5211 5242 4974 4729 4818 5252 5005 4610 5040 5079 5182 4684 5027 5138 5165 5320 5009 4749 5068 4839 4928 5007 4781 4774 5417 4782 4968 5066 5437 5190 4853 5265 4571 5165 5058 5295 5626 5131 4440 5244
5517 5287 5423 5018 4871 5862 5636 5259 5391 5073 5080 5350 5551 4947 5668 5476 5464 4848 5766 5470 5386 5661 5281 5319 5417 5406 4953 5532 5601 5135 5099 5245 5294 5611 5426 5205 4771 5049 5480 5720 5750 5288 5517 5512 5439 5270 5302 4974 5716 5433 5548 5003 5335 5446 5323 5449 5747 5561 5581 5532 5305 5788 4987 5359 5498 5547 5549 5666 5300 5636 5259 5507 5288 4929 5515 5799 5210 5713 5127 5612 5959 5438 5204 5679 5074 5425 4874 5005 5027 5374 5893 5780 5413 6038 5474 5474 5688 5219 5374 6001 5440 5733 5316 5348 5525 5479 5756 5034 6000 5494 5249 5329 4958 5339 5497 5944 5216 5052 5588 5956 4882 5169 5393 5537 5253 5373 5340 5185 5072 5435 4907 5413 5907 5523 5611 5810 5346 5260 5322 5077 5569 5015 5325 5448 4821 5793 5460 5581 5470 5342 5815 5412 5502 5270 5343 5198 5492 5516 5189 5556 5628 5597 5696 5229 5204 5988 5406 5409 5705 5650 5673 5145 5320 5451 5447 4641 5635 5317 5426 5260 5670 5137 5515 5440 5448 5450 5653 5870 5326 5205 5567 5048 5402 5731 5118 5377 5230 5322 5295 5399 5280 6039 5316 4932 5435 5585 5331 5254 5351 5192 6059 5169 5014 5537 5396 5438 5691 5635 5506 4836 5460 5846 5384 5329 5598 5299 5183 4934 5574 5684 5475 5439 5138 5437 5740 5466 5399 5252 5513 5287 5737 5044 5256 5430 5745 5520 5461 5725 5104 5398 5479 5860 5643 5397 5336 5441
4855 4835 5227 4645 4626 5116 5163 4959 4920 4764 4831 4819 5102 4664 5073 5220 5156 4677 5325 4895 5086 5251 4767 4743 4961 4943 5077 5141 5039 5056 4722 4670 4903 5017 4906 5220 4563 4464 5423 5383 5374 4904 5234 4871 5511 4765 4733 4218 4815 5152 4886 4545 5020 5243 5065 4776 5473 5497 5078 5023 4969 5397 4489 4889 4992 5232 5072 5124 5003 5026 4809 5180 4753 4554 5135 4858 4907 4921 4753 4849 5267 4924 4750 5258 4823 4918 4433 4534 4659 4692 5247 5273 4960 5403 4945 5084 5134 4609 5196 5212 4859 5128 4910 4860 4886 4905 5212 4702 5284 4997 4593 4882 4921 4863 5080 5396 5049 4907 5002 5383 4345 4994 4669 4758 4991 5262 4920 4685 4598 4371 4837 4866 5335 5108 5578 5261 4967 5060 4898 5037 4964 4876 4838 4706 4520 5295 5170 5129 5011 4830 5282 5044 4939 5004 4598 5157 4929 4933 4743 5204 5318 5298 5505 5146 4868 5456 4984 4911 4702 5306 5007 4536 5170 5052 4855 4622 5209 5323 5094 4706 4794 4864 5080 4616 5023 5008 5145 5282 5033 4917 4989 4800 5017 5396 4629 4933 4785 4969 4974 4890 4591 5505 4779 4653 4998 4663 4917 4878 4796 5169 5477 4900 4929 4884 4729 5099 5154 5254 5201 4923 4732 5305 5036 5169 5145 4868 4742 4799 5106 4935 5149 5147 4895 4888 5423 4936 4941 5123 5106 4889 5352 4657 4634 5381 5494 4640 5076 5316 4875 4933 4909 5075 5294 5223 4723 5009
5422 5263 5625 4914 5073 5864 5521 5267 5530 5046 5014 5548 5911 5398 5594 5648 5623 5084 5971 5300 5807 5669 5091 5369 5295 5388 5559 5375 5806 5128 5279 5163 5218 5666 5328 5101 4702 5173 5510 5599 5752 5456 5481 5233 5607 5042 5175 4984 5531 5350 5494 4991 5511 5512 5359 5571 5810 5486 5744 5611 5280 5834 4831 5334 5591 5748 5680 5873 5532 5473 5275 5447 5581 5138 5715 5525 5363 5617 5295 5458 5680 5408 5094 5753 5179 5541 5277 4805 5134 5148 5649 5702 5375 5836 5429 5466 5795 5007 5473 5736 5226 5551 5351 5561 5168 5516 5549 4869 5833 5584 5115 5228 4928 5308 5511 5917 5447 5275 5582 5898 4568 5134 5301 5361 5194 5622 5240 4940 4991 5031 5125 5143 5942 5589 6027 5802 5332 5499 5221 5517 5657 4968 5298 5058 5042 5769 5404 5315 5524 5405 5542 5239 5203 5070 5008 5376 5267 5644 5009 5500 5742 5893 6020 5604 5099 5703 5286 5257 5112 5636 5832 5243 5346 5410 5487 4828 5547 5475 5299 5221 5458 5254 5747 5313 5615 5386 5815 5857 5375 5141 5554 5186 5248 5916 5258 5160 5383 5375 5490 5589 5177 5687 5215 5234 5715 5318 5524 5130 5324 5472 5828 5247 5042 5379 5227 5708 5553 5765 5241 5129 5025 5543 5298 5625 5558 5536 5444 5100 5597 5466 5677 5773 5019 5155 5637 5568 5588 5537 5492 5115 5793 5254 5220 5649 6094 5477 5440 5835 5261 5419 5533 5566 5607 5576 5222 5519
5283 4957 5427 5027 4838 5312 5362 5027 5063 4880 4912 5145 5387 4687 5444 5434 5229 4867 5616 5204 5337 5583 5081 5208 4940 5087 4907 5213 5506 5155 5022 4770 5162 4971 5146 4957 4830 4856 5548 5243 5358 5375 5414 5170 5456 4732 4759 4717 5261 5255 5368 4721 5196 5383 4931 5009 5745 5539 5212 5445 4810 5596 4830 5098 5198 5374 5211 5462 5022 4932 4903 5227 5278 4675 5104 5226 5174 5286 4938 5229 5447 5176 4994 5747 4798 5420 4759 4628 5161 5141 5459 5570 5365 5569 5261 5231 5544 4742 5331 5383 5163 5343 5291 5320 5256 5566 5491 4829 5404 5311 4813 4949 4936 5059 5115 5686 5094 4814 5348 5499 4990 4995 5172 5231 5055 4961 5320 4554 4818 4738 4882 4968 5445 5335 5390 5302 5024 5116 5089 5193 5091 4993 5020 5342 4928 5512 5285 5264 5455 5203 5573 5036 5255 5148 4994 5221 5175 5221 4979 5489 5301 5319 5531 5134 5101 5584 5323 5028 5040 5391 5105 4999 5056 5250 5109 4608 5429 5333 5263 5136 5136 4737 5053 5032 5456 4878 5503 5765 5167 5237 5440 4897 5161 5562 4725 5123 5056 5098 5314 5149 4901 5562 5203 4744 5527 5131 5385 4856 5066 5157 5833 4684 4589 5344 5127 5601 5284 5476 5262 4616 5064 5607 4999 5175 5298 5170 5381 4900 5409 5235 5348 5421 5054 5131 5668 5336 5380 5295 5350 4988 5732 4953 5157 5374 5549 5203 5233 5316 4991 5366 5009 5583 5512 5287 4908 5248
5503 4980 5347 4963 4788 5450 5390 5154 5081 4891 4829 5443 5329 4768 5342 5617 5312 4649 5520 5386 5310 5639 5185 5526 5141 5237 5309 5446 5516 5255 4938 5108 5127 5040 5128 5004 5093 4970 5641 5438 5301 4993 5583 5314 5501 5098 5055 4757 5330 5027 5243 4643 5371 5479 5365 4947 5760 5586 5413 5596 5074 5914 4854 5165 5318 5461 5493 5560 5227 5220 5252 5558 5370 4782 5541 5605 5374 5497 4908 5173 5595 5126 4865 5862 5024 5322 4781 4973 4556 5074 5533 5487 5127 5558 5284 5197 5429 4866 5431 5579 5091 5524 5238 5435 5369 5312 5416 5008 5951 5302 5038 5042 4968 5229 5397 5453 5219 5014 5368 5629 4887 5232 5444 5091 5144 5071 5264 5099 4948 5189 5011 4940 5456 5321 5340 5430 4951 5448 5223 5373 5047 4980 5145 4933 4782 5500 5415 5403 5673 5189 5712 5154 5329 5171 4785 5380 5322 5248 5123 5661 5370 5509 5656 5425 5009 5804 5263 5155 5137 5460 5433 5140 5396 5046 5167 4950 5318 5064 5238 4983 5315 5255 5153 5129 5200 5318 5775 5379 5085 5206 5301 5222 4873 5526 5078 5332 5207 5077 5304 5326 4971 5530 4944 4950 5688 5332 5349 4908 4889 5049 5508 5151 4711 5550 4944 5402 5506 5438 5497 4893 5177 5925 5398 5390 5323 5415 5209 4787 5300 5264 5560 5303 5046 5269 5883 5200 5320 5183 5313 4848 5718 5121 5237 5502 5695 5104 5201 5872 4974 5342 5277 5587 5559 5448 4946 5410
4851 4733 5352 4768 4903 5329 5219 5009 4772 4725 4610 4945 5271 4829 5118 5219 5104 4517 5643 5057 4981 5097 5082 5085 4742 5159 5086 4986 5363 4953 4811 4740 4644 4991 5207 4934 4681 4661 5068 5023 5263 4989 5204 4686 5443 4744 4609 4551 5263 5146 4854 4737 5281 5066 5174 5071 5457 5423 5157 5326 4767 5278 4559 4870 5019 5095 5065 5225 4874 4943 4733 5022 5187 4610 5103 5117 5388 5165 4843 5126 5354 4971 4686 5206 4488 5000 4888 4704 4834 4827 5363 5753 4966 5368 4852 5211 5183 4972 5216 5218 5273 5245 5176 5136 5054 5011 5274 4771 5496 4990 4927 4903 4520 5088 5126 5537 5053 4777 5167 5490 4574 4763 4951 5108 4715 4782 5006 4636 4848 4661 4942 4536 5484 5234 5513 5410 4800 4990 4883 5108 5046 4960 4789 4769 4627 5323 5329 5139 5200 5157 5362 4965 5211 4963 4671 5095 4965 5247 4643 5501 5159 5409 5549 4992 4820 5590 5111 4949 4713 5034 5223 4986 4752 5118 4959 4535 4794 5212 5184 4915 5026 5191 5256 4662 5089 5087 5323 5387 5007 4821 5131 5000 5127 5539 4572 4943 5095 5176 4955 4973 5007 5231 4906 4760 5147 5128 5325 4721 4710 4935 5480 4938 4721 5034 4948 5177 5203 5192 5220 4639 4789 5102 4847 5085 5230 5125 4861 4759 5411 5063 5389 5247 4670 5075 5520 5116 4959 5073 5126 4763 5285 4706 5067 5333 5470 5246 5188 5573 4782 5177 4738 5538 5344 4837 5099 5084
5413 5052 5178 4697 4863 5598 5607 5072 5100 4978 5002 5567 5536 5247 5570 5605 5267 4941 5755 5400 5466 5369 5576 5359 5108 5533 5267 5175 5642 5294 5226 4977 5379 5360 5068 5001 5081 5077 5428 5584 5620 5105 5420 5352 5413 5380 5000 4746 5375 5204 5593 5092 5291 5251 5386 5100 5740 5637 5669 5408 5352 5741 4859 5306 5532 5513 5499 5741 5462 5262 5298 5657 5464 5139 5735 5743 5527 5691 4933 5446 5834 5136 5041 5715 5181 5107 5116 4885 4929 5166 5756 5499 5380 5768 5216 5481 5616 5066 5401 5461 5289 5495 5467 5261 5316 5296 5415 4754 6058 5426 4922 5105 5095 5456 5248 5911 5256 4911 5374 5662 4546 5213 5250 5232 5288 5415 5100 5165 5141 5089 5031 5030 5630 5628 5727 5356 5183 5485 5298 4971 5463 4959 5417 5074 4771 5552 5360 5396 5443 5295 5686 5289 5060 5202 4948 5233 5392 5419 5302 5694 5601 5660 5610 5367 5020 5559 5357 5170 5015 5507 5450 5045 5320 5211 5223 4755 5393 5624 5137 5034 5480 5385 5633 5201 5659 5299 5885 5512 5513 5149 5482 5133 5124 5671 5064 5229 5569 5137 5237 5167 5323 5667 5291 4741 5284 5428 5397 4913 5105 5341 5759 5095 5050 5376 5171 5669 5695 5480 5571 5041 5113 5635 5105 5259 5578 5478 5445 5327 5362 5441 5727 5428 5228 5082 5450 5398 5428 5212 5424 5193 5510 4934 5311 5633 6178 5421 5045 5676 5027 5381 5247 5828 5869 5555 4835 5489
5508 5239 5567 5076 4870 6012 5461 4946 5090 5039 4840 5504 5683 4970 5478 5478 5605 4664 5925 5490 5550 5671 5130 5427 5429 5592 5423 5449 5733 5277 5038 4949 5105 5323 5413 5294 4983 4871 5478 5593 5576 5286 5415 5286 5694 5069 5183 4945 5568 5543 5516 4932 5426 5667 5152 5409 5599 5933 5351 5675 5402 5858 4841 5215 5607 5379 5459 5525 5304 5036 5349 5606 5407 5242 5479 5626 5362 5645 5109 5512 5794 5557 4985 5611 5214 5561 5016 4938 4968 5117 5882 5737 5292 5754 5076 5631 5421 4997 5255 5572 5288 5420 5309 5875 5231 5501 5639 4947 5975 5710 5104 5322 4829 5391 5349 5951 5410 5006 5240 5968 4651 5102 5268 5601 5209 5320 5434 4945 5313 5204 5264 5182 5894 5525 5631 5657 5119 5301 5067 5263 5461 5145 5109 5183 4789 5559 5600 5459 5415 5344 5721 5327 5386 5282 5120 5354 5335 5509 4950 5766 5732 5498 5679 5449 5189 5668 5512 5305 5086 5575 5623 5080 5447 5464 5041 4852 5464 5330 5469 5194 5300 5398 5358 5190 5328 5357 5734 5864 4728 5322 5348 5121 5096 5802 5041 5087 5415 5253 5494 5438 5429 5648 5168 4970 5549 5549 5339 5115 5094 5292 6015 5039 4958 5388 5255 5467 5620 5813 5500 4895 5508 5585 5319 5154 5601 5229 5302 4866 5733 5557 5655 5562 5002 5276 5397 5367 5371 5230 5420 5286 5641 4884 4971 5616 5840 5381 5496 5912 5058 5427 5457 5968 5654 5145 5398 5236
5247 5207 5416 4890 4802 5434 5527 5281 5103 4811 4921 5112 5422 4844 5243 5405 5426 4946 5728 5168 5009 5248 5094 5018 5098 5243 5112 5358 5495 5143 4946 5035 4871 5016 5191 5042 4854 4776 5385 5583 5232 5015 5570 4823 5647 4895 4953 4665 5148 5160 5145 4950 5310 5368 5263 5072 5537 5478 5134 5206 5427 5726 4750 5243 5244 5386 5132 5459 5236 5113 5205 5399 5305 4794 5268 5381 5247 5106 4967 5118 5471 5159 4869 5696 5027 5089 4725 4939 4764 4807 5435 5575 5154 5251 5169 5179 5363 4656 5210 5479 5271 5562 5324 5161 5250 5270 5852 4777 5946 5360 5154 5118 5172 4994 5257 5798 5101 4946 5234 5526 4707 4932 5117 5143 5246 5168 5150 4963 5003 5019 5026 4913 5611 5143 5392 5299 4980 5295 5061 5272 5410 4864 5044 5060 4593 5398 5177 5206 5268 5049 5488 5241 5405 5066 5033 5168 5101 5321 4879 5691 5423 5343 5645 5314 5043 5558 5266 5058 4603 5481 5481 4984 5197 5146 5209 4699 5085 5441 5014 5342 5174 5272 5371 4707 5245 5099 5536 5657 5228 4974 5305 5013 4988 5445 4488 5330 5189 5108 5299 4851 5179 5604 4906 4715 5441 5247 5249 4798 5057 5123 5621 5432 4937 5173 4935 5124 5406 5431 5421 4803 5145 5482 5060 5129 5527 5037 4914 5208 5572 5381 5411 5232 5056 4911 5551 5299 5165 5264 5307 5091 5484 4949 4978 5434 5588 5126 5115 5577 4986 5233 5181 5300 5652 5247 4970 5113
5374 4957 5306 4895 4693 5340 5638 5143 5127 4955 4667 5316 5503 5195 5450 5426 5566 5079 5950 5225 5244 5313 5276 5118 5134 5414 5349 5535 5442 5221 5100 4851 4990 5307 5209 5066 5138 4985 5641 5432 5515 4955 5493 5125 5392 5038 4928 4978 5434 5203 5575 5035 5308 5210 5061 5326 5936 5822 5257 5489 5343 5909 4645 5008 5295 5572 5584 5460 5284 5114 5499 5433 5531 5158 5502 5372 5454 5267 5245 5466 5846 5182 4878 5821 4968 5203 5071 4773 5000 5051 5342 5727 5329 5601 5139 5167 5655 4802 5357 5403 5183 5584 5267 5364 5451 5515 5886 4974 5737 5407 4852 5150 4939 5159 5355 5768 4988 5140 5493 5741 4518 5125 5301 5188 5344 5256 5279 4999 4968 5223 5279 5123 5746 5440 5440 5664 4873 5249 5205 5432 5431 5060 5137 5085 4951 5520 5338 5500 5432 5114 5466 5375 5291 5168 4892 5335 5067 5501 5064 5569 5515 5876 5680 5494 5060 5580 5317 5116 5073 5438 5335 5229 5313 5424 5497 4919 5433 5502 5240 5293 5236 5174 5704 5097 5292 5338 5533 5454 5157 5316 5571 5120 5059 5792 5264 5274 5214 5307 5220 5011 5185 5720 5161 5167 5571 5140 5443 4892 5067 5167 5712 5310 4874 5219 5157 5442 5478 5547 5389 4955 5218 5548 5310 5398 5254 5153 5025 4882 5573 5301 5576 5626 5207 5244 5444 5566 5466 5363 5535 5002 5687 4927 4947 5427 5850 5335 5263 5884 5032 5753 5424 5686 5760 5282 5140 5242
5110 5057 5172 5049 4808 5443 5256 5255 5153 5030 4776 5715 5417 4973 5278 5413 5141 4945 5513 5178 5196 5481 5221 5232 4990 5354 5148 5236 5409 5363 4854 4963 5080 4804 5255 4975 4891 4876 5316 5464 5475 5108 5541 5038 5746 4923 4975 4753 5261 5186 5248 4966 5081 5245 5251 5203 5448 5237 5413 5503 4882 5782 4621 5052 5297 5434 5515 5552 5243 5008 5031 5534 5156 4788 5329 5408 5338 5199 5198 5468 5619 5005 4841 5344 5009 5278 4777 4662 4914 4930 5408 5531 5192 5391 5239 4954 5662 4706 5333 5411 5382 5575 5211 5409 5150 5268 5617 4698 5654 5314 5051 5211 5037 4929 5079 5740 5057 5095 5095 5300 4864 4996 5279 5136 5126 5155 5102 4947 4788 5011 5027 4812 5703 5318 5231 5450 4936 5235 5013 5197 5559 5274 5151 4939 4568 5538 5384 5346 5480 5362 5548 5121 5350 5067 4779 5381 5167 5229 4933 5565 5330 5692 5674 5327 4871 5745 5244 4808 5038 5319 5386 5139 5136 5433 5374 4749 5150 5037 5462 5144 5415 5269 5251 5018 5383 5221 5446 5389 5043 5148 5354 5134 5003 5385 4944 5175 4965 5138 5051 5139 4925 5727 5317 4869 5207 5121 5246 4745 5053 4973 5620 4905 4963 5303 4964 5193 5250 5626 5351 4745 5087 5571 5147 5331 5123 5234 5213 4949 5436 5431 5205 5208 4860 5075 5675 5245 5227 5118 5269 4716 5495 4762 4937 5563 5484 5331 5471 5634 4932 4971 5148 5726 5581 5511 5190 5205
5655 5356 5701 5257 4951 5776 5569 5570 5379 5428 4948 5768 5569 5480 5735 5741 5631 5272 6261 5833 5488 5756 5591 5799 5362 5743 5570 5751 5764 5564 5426 5045 5544 5514 5581 5389 5225 5240 5715 5521 5878 5393 5855 5550 5710 5352 5267 5024 5789 5682 5820 5441 5606 5532 5419 5553 5898 5934 5872 5918 5578 6000 4856 5582 5537 5677 5795 6004 5575 5436 5609 6087 5477 5012 5723 5857 5690 5695 5409 5606 6152 5520 5071 6031 5420 5634 5465 5315 5229 5317 5962 6071 5647 5867 5430 5735 5898 5532 5628 5884 5693 5524 5564 5568 5592 5677 5845 5135 6125 5853 5219 5378 5183 5451 5699 6305 5626 5271 5720 6266 5119 5285 5539 5557 5432 5363 5386 5395 5342 5271 5642 5475 6062 5758 6110 5896 5414 5558 5624 5537 5798 5328 5384 5568 5143 5963 5677 5909 5811 5595 6071 5473 5502 5421 5380 5502 5617 5721 5107 5837 5777 6126 5847 5605 5312 5985 5568 5665 5317 5938 5769 5492 5608 5748 5362 4904 5697 6009 5847 5433 5631 5778 5903 5635 5764 5744 5850 5784 5465 5394 5609 5302 5759 5868 5360 5456 5727 5640 5651 5281 5662 6300 5623 5242 5709 5610 5711 5135 5283 5312 6292 5501 5231 5618 5457 5554 5668 5900 5861 5357 5478 5892 5286 5523 5848 5948 5553 5258 5912 5860 5685 5690 5217 5556 6119 5507 5502 5635 5737 5542 5871 5142 5476 5969 6163 5924 5613 6211 5363 6020 5510 6142 5975 5678 5293 5652
5230 4756 5390 4620 4509 5173 5284 4712 4740 4578 4767 5079 4922 4719 5120 5103 4999 4749 5306 4833 5027 5123 4758 5095 5043 4843 5006 5110 5149 5057 4650 4508 4799 5055 5184 4784 4669 4518 5228 5012 5304 4973 4975 4764 5106 4826 4611 4499 5013 4891 5124 4729 5079 5119 4839 4750 5558 5482 5072 5073 4924 5297 4472 4746 5024 5146 5152 5296 5177 4924 4654 5377 4938 4626 4953 5059 5096 5170 4578 5024 5287 4993 4504 5266 4807 5121 4357 4331 4696 5004 5367 5224 4938 5349 4833 5057 5237 4633 5159 5245 4914 5119 4951 4839 5285 5160 5345 4596 5553 5200 4704 4724 4753 5022 4986 5304 4968 4697 4735 5457 4462 4672 4908 4858 5126 4890 5176 4327 4619 4997 4968 4620 5105 5000 5210 5080 4593 5111 4561 4740 5157 4750 4782 4649 4472 5099 4798 5306 5050 4992 5253 4889 5000 4738 4644 5105 4861 4783 4777 5280 5023 5231 5159 5090 4762 5308 5099 4815 4623 5162 5085 4896 5121 5016 5047 4606 5163 5202 5321 4928 4908 4563 5182 4883 5041 4866 5137 5264 5139 5026 4998 4725 4723 5244 4763 5000 5116 4836 4943 4791 4847 5239 4862 4590 5029 4866 4822 4747 4756 4960 5437 4725 4672 4945 4811 5154 5121 4930 4981 4588 4878 5385 4826 4885 5412 4959 4991 4624 5042 5083 5314 5005 4869 4798 5208 5139 5080 4937 5352 4804 5356 4679 4877 5068 5506 4873 4990 5211 4872 5259 4949 5245 5241 5229 4789 4883
5315 4947 5574 4817 4816 5482 5575 5101 5064 5024 4943 4972 5193 4852 5399 5363 5427 4799 5593 5193 5131 5348 5041 5092 5140 5422 5164 5459 5414 5008 4931 5115 5367 5201 5110 5139 4981 4708 5421 5537 5259 4900 5367 5049 5513 5104 4970 4830 5209 5288 5228 4859 5642 5429 4940 4970 5354 5827 5332 5424 4955 5716 4572 5104 5411 5360 5554 5640 5180 5351 5215 5490 5230 4675 5177 5424 5587 5351 4983 5279 5406 5507 5012 5475 5061 5318 4679 4777 4865 5094 5604 5447 5171 5417 5362 5339 5357 4912 5229 5240 5225 5112 5311 5492 5437 5605 5498 4703 5573 5182 4827 5018 5067 5122 5437 5576 5160 4878 5613 5509 4466 5024 5149 4998 4849 5150 5154 5093 5062 5016 4926 4777 5476 5588 5339 5298 5147 5381 5225 5046 5189 5184 5405 4972 4734 5459 5502 5360 5231 5222 5452 5015 5373 5164 5134 5102 5096 5079 4984 5304 5235 5724 5150 5302 5033 5834 5439 5292 5075 5259 5507 5233 5306 5471 5063 4595 5125 5503 5464 5289 5249 5087 5430 4964 5171 4891 5389 5538 4995 4967 5266 4989 5211 5426 5062 5181 5358 5172 5355 5169 5048 5619 5181 4944 5689 5371 5348 5068 4874 5066 5322 4978 4719 5397 5045 5272 5577 5588 5020 5004 5134 5493 5130 5160 5276 5359 5125 5056 5611 5356 5131 5359 4880 5279 5557 5303 5582 5114 5353 5018 5483 4916 5148 5573 5588 5266 5316 5624 4896 5279 5383 5791 5576 5320 5345 5089
5318 4999 5377 4711 4571 5221 5123 5198 4927 4763 4800 5413 5163 4848 5451 5343 5247 4694 5561 5144 5319 5158 5040 5145 4997 5074 4923 5028 5190 4921 4704 4903 4859 5148 5338 4745 4761 4700 5302 5563 5475 5097 5370 4978 5432 4756 4848 4775 5304 4978 5238 4811 5304 5011 4789 5033 5443 5443 5207 5244 4759 5473 4412 4891 5157 5316 5326 5218 5056 5028 4940 5234 5082 4646 5151 5203 5244 5424 4921 5341 5461 4960 4949 5272 5132 5063 4751 4538 4745 4934 5403 5338 5076 5263 5148 5333 5400 4870 5007 5185 5054 5399 5072 5122 5018 5246 5351 4717 5646 5052 4765 5022 4815 5046 5113 5670 4810 4923 5071 5569 4518 4845 4798 5096 5082 5113 5014 4895 4974 4989 5037 4728 5362 5129 5443 5386 4835 5147 4945 4977 5285 4998 4791 4967 4637 5466 5389 5254 5068 5124 5364 4916 5166 4977 4952 5191 4924 5158 4661 5309 5348 5481 5335 5207 4680 5542 5176 5004 4959 5330 5300 4844 5044 5114 4872 4654 5404 5174 5303 5121 4895 4973 5228 4891 5223 4890 5368 5473 5151 5192 5268 4794 5077 5380 4769 4950 5045 4937 5291 4934 5090 5606 4806 4618 5124 5291 4947 4729 4872 4896 5530 4813 4666 5156 4943 5307 5323 5482 5371 4590 4760 5443 4937 5254 5037 5187 5121 4805 5173 5312 5284 5292 4735 5020 5509 4936 5047 5175 4959 4981 5425 4834 4941 5276 5603 5056 5223 5473 4991 5108 5074 5739 5346 5122 4896 5197
5446 5269 5386 5118 4713 5828 5395 5199 5218 5056 4758 5313 5796 5107 5351 5467 5436 4748 5714 5125 5457 5553 5164 5504 5106 5264 4922 5716 5558 5054 4870 4877 5088 5087 5488 4979 4835 4957 5754 5474 5643 5323 5613 5348 5470 5008 5109 5061 5239 5129 5329 5103 5195 5363 5075 4959 5705 5823 5203 5393 5043 5714 5081 5253 5391 5631 5310 5607 5127 5306 5152 5436 5181 4886 5468 5648 5350 5316 4976 5620 5577 5273 5002 5740 4909 5420 4853 4810 4958 5129 5326 5473 5325 5451 5280 5175 5632 4867 5398 5574 5535 5533 5267 5613 5287 5450 5699 4807 6047 5447 4987 5128 4736 5053 5411 5744 5337 4813 5734 5569 4833 5004 5239 5272 5181 5319 5132 5107 5048 4976 5189 5160 5439 5368 5592 5513 5095 5461 5138 5296 5174 5019 5182 5163 5125 5603 5464 5408 5291 5403 5762 5314 5172 5159 4968 5189 5421 5470 5209 5662 5317 5404 5362 5360 4978 5592 5058 5155 5273 5388 5528 5311 5055 5271 5026 4768 5461 5349 5328 5262 5467 5162 5438 4683 5691 5118 5577 5749 5226 5290 5492 4967 5397 5597 5316 5221 5123 4863 5320 5037 5289 5828 5244 4887 5546 5396 5436 4989 5012 5391 5614 5037 4955 5398 5098 5335 5490 5616 5585 5161 5306 5801 5223 5184 5373 5338 5389 5066 5847 5058 5206 5316 5236 5301 5706 5344 5469 5437 5145 4981 5539 4999 5254 5484 5929 5343 5221 5790 4973 5358 5389 5568 5790 5317 5030 5279
5094 4877 5057 4822 4526 5205 5109 5031 4904 4880 4782 5333 5338 4808 5165 5259 5349 4828 5484 5119 5023 5303 4891 5282 4985 5139 5096 5184 5251 4870 4889 4781 4881 5042 5044 4982 4717 4546 5298 5365 5243 5059 5041 5209 5160 4848 4858 4450 5126 5029 5212 4676 5124 5138 4984 5047 5289 5685 5431 5267 5169 5607 4387 4963 5134 5173 5062 5446 5074 5110 4895 5331 5064 4597 4906 5176 5109 5285 4834 5306 5490 4935 4515 5321 4961 4998 4653 4617 4631 4937 5285 5388 5148 5402 4715 5174 5188 4730 5116 5525 5235 5228 5090 5146 5117 5281 5435 4740 5771 5361 4772 4893 4669 4878 4896 5733 5037 4524 5243 5492 4389 5053 4748 5120 5141 5187 4805 4815 4742 4936 4974 4901 5394 5210 5341 5138 5076 5219 5055 5064 5047 4831 4999 5054 4762 5292 5135 5488 5237 5024 5290 5029 4966 4948 4974 5074 5159 5202 4791 5067 5311 5414 5220 5124 4762 5297 5197 4974 4974 5472 5300 4821 5184 5009 4833 4501 5055 5330 5185 5167 5138 4705 5105 5020 5192 4947 5498 5510 4910 5139 4882 4572 5076 5531 5008 5045 4915 5005 5076 4895 5219 5308 5123 4668 5108 5119 5038 5001 5045 4881 5858 4953 4716 5068 5033 5343 5370 5359 5244 4820 5125 5470 5204 5082 5283 4980 5065 4683 5235 5021 5103 5094 4752 5148 5540 4997 5194 5250 5218 4912 5445 4653 4913 5309 5457 5166 4961 5319 4751 5349 5022 5437 5323 5170 4824 4913
5425 5274 5597 4862 5021 5958 5611 5373 5332 5250 4952 5445 5866 5169 5569 5553 5655 5194 5982 5482 5749 5991 5224 5551 5303 5515 5739 5513 5516 5227 5379 5240 5270 5297 5688 5291 5148 5170 5473 5596 5808 5424 5589 4998 5714 5075 5213 5026 5653 5524 5378 5163 5548 5455 5301 5295 5852 5567 5436 5560 5420 5900 4997 5274 5489 5455 5678 5643 5445 5364 5782 5716 5552 4982 5324 5594 5344 5590 4749 5836 5959 5410 5015 5933 5279 5438 5034 4917 5052 5074 5744 5757 5702 5702 5225 5535 5701 5046 5562 5555 5410 5566 5481 5459 5370 5474 5922 4871 5984 5434 5031 5319 5085 5358 5608 5775 5612 5086 5471 5781 5138 5090 5524 5525 5359 5519 5408 5064 5018 5201 5423 5153 5827 5539 5784 5526 5276 5543 5333 5504 5440 5510 5197 5379 5097 5724 5338 5496 5567 5544 5812 5388 5262 5344 5069 5790 5424 5639 5149 5724 5761 5708 5659 5637 5335 5822 5500 5438 5083 5617 5649 5296 5614 5437 5301 4985 5508 5678 5465 5354 5162 5514 5814 5172 5508 5322 5794 5765 5510 5439 5611 5290 5402 5881 5164 5205 5512 5043 5570 5153 5484 5857 5440 5114 5495 5645 5626 5186 5362 5287 5809 5394 4995 5546 5422 5687 5604 5684 5448 4960 5359 5816 5667 5657 5739 5411 5370 5282 5741 5543 5640 5658 5339 5499 5573 5544 5600 5392 5426 5128 6000 5083 5101 5741 6043 5491 5660 5743 5150 5382 5599 5619 5911 5416 5451 5667
5273 4821 5390 4710 4441 5189 5258 5110 4825 4785 4655 5215 5201 4913 5379 5139 5347 4914 5648 5138 5539 5114 4899 4969 5039 5207 5099 5343 5423 5266 4874 4704 5126 4984 5137 5021 4774 4880 5363 5485 5091 5032 5191 4913 5379 4811 4655 4801 5073 4927 5192 4948 4923 5144 5076 5149 5638 5539 4921 5294 4905 5727 4690 4974 5093 5178 5441 5302 4973 5068 5010 5371 5128 4669 5420 5219 5219 5129 4939 5147 5611 5391 4867 5676 5097 5073 4698 4695 4777 5149 5422 5356 5092 5460 5246 4993 5528 4723 5275 5111 5216 5401 5245 5099 5293 5330 5507 4700 5656 5465 4574 4894 5215 5063 5276 5627 5007 4895 5132 5749 4584 4974 4848 5141 5051 5190 5244 4911 4997 4843 4910 4867 5291 5539 5417 5071 4628 5001 5135 5128 5335 4936 4988 4963 4492 5495 5289 5304 5247 5237 5276 5104 5269 5325 4937 5409 5093 5283 4833 5453 5097 5549 5574 5357 4966 5619 5446 5048 4895 5127 5117 4826 5114 5295 4891 4726 5282 5329 5306 5128 4999 5006 5318 4895 5228 5101 5516 5223 4951 5130 5229 4996 5129 5506 5002 5098 4960 5258 5079 5058 5001 5561 5094 4995 5419 5328 5230 4776 4911 4913 5682 4790 4671 5226 4951 5460 5360 5308 5152 4805 4843 5533 5180 5386 5217 5096 5094 4673 5490 5025 5129 5433 4826 4995 5560 5116 5400 5279 5319 4901 5424 4805 5063 5522 5560 5097 5266 5515 4922 5059 5124 5485 5528 5119 4774 5099
5251 5249 5164 5075 4858 5708 5158 5143 5234 4968 5133 5377 5497 5024 5523 5598 5517 5023 5539 5329 5215 5638 5351 5287 4968 5320 5275 5396 5591 5083 5126 4981 4974 5210 5374 5019 4807 5172 5537 5649 5408 5414 5499 5052 5529 5111 5040 4809 5430 5343 4999 4988 5559 5523 5102 5348 5583 5724 5619 5401 5146 5609 4669 5040 5329 5230 5475 5631 5183 5240 5107 5578 5520 4869 5304 5434 5352 5176 5076 5654 5671 5227 5077 5670 5340 5390 4736 4745 4791 5159 5414 5523 5272 5822 5026 5419 5530 4833 5216 5621 5392 5543 5571 5490 5517 5482 5677 4653 5768 5363 4904 5135 4913 5419 5100 5735 5120 5026 5259 5726 4865 5109 5219 5099 4858 5299 5097 5127 5071 5036 5539 4914 5649 5203 5538 5297 4819 5402 5058 5039 5484 5003 5217 5063 4923 5709 5308 5495 5583 5376 5694 5149 5282 5116 5031 5386 5331 5640 5106 5545 5474 5925 5672 5405 5094 5830 5614 5084 4977 5328 5390 4932 5386 5329 5337 4849 5282 5217 5334 4982 5216 5055 5449 5113 5331 5131 5550 5619 5298 5617 5557 5111 4944 5609 5110 5382 5447 5190 5106 5082 5044 5780 4975 5129 5604 5186 5350 4915 5258 5249 5829 5341 5014 5303 5232 5426 5380 5405 5350 5051 5164 5540 5183 5291 5583 5279 5374 4819 5669 5342 5495 5450 4902 5116 5790 5336 5370 5222 5258 5102 5534 5007 5166 5412 5868 5251 5443 5728 5042 5532 5426 5671 5491 5313 4984 5490
4888 4578 5139 4430 4388 5070 4803 4659 4716 4716 4536 5050 5027 4555 4892 5084 5045 4504 5316 4512 4907 5117 4731 4756 4959 5034 4885 4883 4913 4843 4285 4748 4529 4815 5001 4805 4546 4511 5077 5098 5014 4949 5241 4633 5031 4766 4774 4540 4901 4909 4679 4629 4937 5119 4604 4670 5027 5372 4969 5088 4940 5395 4266 4687 4934 5036 4989 5126 5063 4740 4925 4682 5032 4514 4984 4978 5034 5062 4501 4863 5021 5067 4467 5072 4672 5092 4547 4261 4388 4815 5203 5173 4761 4956 4900 4947 4984 4426 5023 5057 4803 4899 4804 5108 4694 5183 5131 4493 5498 5019 4612 4888 4638 4903 4993 5477 4673 4403 4841 5575 4282 4772 4726 4928 4735 4718 5037 4539 4839 4737 4730 4458 5252 4885 5020 4972 4693 5092 4690 4828 4948 4785 4783 4635 4783 4990 4928 4924 4938 4806 5266 4700 4950 4590 4871 5042 4818 4789 4514 5123 5045 5388 5011 4937 4435 5368 4804 4431 4667 5066 5048 4824 4823 4777 4735 4327 4798 4942 4852 4700 4810 4726 4964 4792 4844 4689 5153 5099 4561 4920 4986 4862 4860 5332 4750 4970 4921 4568 4756 4694 4498 5104 4666 4367 4976 4751 4902 4398 4615 4728 5402 4693 4574 5121 4618 4919 4831 5255 4745 4544 4738 5104 4980 4964 4846 4922 4690 4485 5185 5136 5004 4835 4517 4740 5116 5041 4962 4703 5049 4608 5116 4582 4527 5247 5333 4763 4684 5132 4393 5165 4817 5309 5174 4935 4923 4585
5563 5109 5361 4888 4711 5256 5471 5199 4965 4988 4890 5411 5233 5043 5245 5316 5779 4927 5692 5230 5118 5403 5174 5086 5004 5011 5268 5384 5345 5216 4842 5159 5136 4922 5144 4912 5004 4856 5420 5339 5454 4938 5452 5039 5393 4755 4998 4731 5322 5103 5497 4891 5160 5239 5089 5298 5622 5516 5096 5257 5208 5502 4642 5026 5206 5314 5514 5335 5137 5113 5024 5718 5208 4748 5412 5437 5258 5446 4751 5105 5540 5161 4820 5588 4964 5232 4723 4876 5036 4993 5434 5839 5140 5386 5266 5205 5496 4720 5399 5314 5017 5315 4998 4851 5143 5368 5364 4786 5664 5197 4763 4980 4871 5262 5199 5602 4907 5316 5157 5636 4655 4686 5113 4997 5233 5045 4967 4806 4958 5188 5107 4810 5212 5304 5447 5203 4863 5153 5063 5193 5586 4994 4994 5229 4841 5286 5313 5280 5009 5440 5403 4866 5223 4965 4868 5411 5022 5301 4644 5410 5237 5592 5583 5265 5094 5613 5303 4693 4899 5207 5196 5016 5224 5321 4994 4599 5069 5347 5290 5062 5203 5132 5158 5075 5135 4841 5545 5241 5138 5160 5398 5176 4877 5296 4935 5000 4994 5189 5180 4979 5251 5616 5052 4915 5285 5180 5068 4673 4874 5208 5645 5331 4705 5115 5172 5466 5338 5335 5351 4570 5013 5512 5123 5173 5234 5120 5289 4794 5318 5343 5401 5299 4713 5042 5284 5485 5236 5026 5291 5220 5558 5017 5166 5537 5599 5226 5159 5412 4617 5505 5142 5440 5639 5329 5220 5170
5825 5116 5601 4997 4904 5352 5759 5479 5244 4974 4994 5869 5600 5183 5597 5680 5392 5029 5895 5243 5313 5758 5081 5374 5179 5598 5470 5447 5533 5554 4917 5291 5259 5036 5420 4952 5112 5220 5460 5760 5757 5717 5463 5372 5736 4974 5083 5089 5285 5292 5574 5095 5618 5525 5541 5296 5889 5761 5605 5423 5224 6044 4961 5208 5305 5475 5674 5482 5524 5127 5308 5533 5593 4935 5475 5569 5645 5527 5192 5495 5804 5137 5121 5830 5377 5014 5083 5139 4846 5277 5556 5587 5489 5774 5416 5482 5738 5143 5481 5774 5316 5620 5242 5294 5529 5433 5765 5135 5824 5411 4853 5171 5064 5479 5253 5960 5159 5146 5331 5793 4613 5325 5091 5406 5493 5385 5180 4988 4995 4976 5372 4981 5612 5512 5622 5627 5372 5217 5295 5479 5375 5202 5454 5318 4765 5693 5412 5475 5585 5403 5707 5322 5521 5157 5030 5684 5265 5516 5103 5624 5761 5715 5621 5572 5458 5770 5754 5053 5352 5516 5566 5137 5599 5461 5032 4798 5514 5692 5555 5315 5262 5387 5553 5247 5438 5483 5788 5687 5250 5375 5445 5231 5346 5856 5154 5310 5327 5374 5526 5256 5383 5673 5164 4928 5573 5587 5370 5029 5230 5086 5860 5370 4948 5652 5265 5827 5751 5534 5658 5060 5234 5701 5360 5286 5440 5496 5326 4990 5723 5421 5608 5347 4916 5089 6005 5138 5393 5507 5349 4944 5954 5072 5141 5754 5948 5051 5369 5672 4889 5458 5344 5812 5971 5595 5029 5523
4736 4566 4821 4423 4250 4867 4989 4440 4556 4283 4563 4683 4715 4534 4953 4780 5030 4258 5085 4712 4736 4947 4588 4727 4801 4793 4909 5014 4964 4599 4342 4586 4395 4494 4576 4584 4262 4434 5055 4910 4901 4719 4739 4509 4945 4445 4381 4280 5022 4903 4727 4262 4876 4727 4558 4688 5349 5042 4589 4909 4716 5171 4408 4638 4692 4910 5135 4862 4969 4624 4484 4882 4804 4381 4840 4616 4642 4924 4445 4767 5201 4903 4550 4827 4413 4651 4687 4418 4318 4736 5113 4947 4765 5154 4477 4804 4898 4520 4703 5024 4799 4980 4920 4732 4766 4899 4992 4556 4925 4790 4438 4490 4266 4652 4582 5297 4622 4648 4916 5040 4036 4644 4642 4640 4453 4736 4615 4531 4506 4620 4777 4319 5011 4894 5109 4962 4445 4594 4741 4547 4778 4349 4923 4616 4315 4938 4647 4884 4867 4782 5027 4623 4772 4522 4777 4697 4637 4977 4341 4943 4889 5006 5108 4596 4840 5031 4769 4475 4540 4742 4849 4230 4553 4557 4421 3994 4954 4683 4681 4770 4652 4564 4607 4546 4686 4671 5007 5284 4455 4784 4440 4512 4481 4919 4223 4587 4723 4647 4608 4734 4731 5041 4482 4418 5012 4813 4749 4490 4347 4756 5177 4682 4377 4706 4707 4953 5231 4936 4935 4101 4541 4996 4626 4614 4808 4932 4389 4400 4825 4476 5079 5043 4401 4359 4929 4612 4809 4558 4821 4720 5175 4593 4625 5038 4855 4921 4752 4990 4396 4838 4600 4933 4939 4578 4398 4953
4790 4672 5228 4683 4359 4993 5097 4846 4791 4450 4545 4765 5140 4634 4838 5105 5105 4501 5153 4892 4722 5015 4749 4730 4488 4751 4680 4943 4927 4967 4670 4472 4624 4503 4724 4677 4572 4270 5157 5198 5302 4916 5001 4746 5272 4533 4546 4232 4805 4805 5022 4380 4839 4790 4947 4841 5416 5373 5039 5090 4799 5283 4564 4915 5076 5203 4575 5118 4744 4705 4439 4865 4889 4737 4887 4947 5010 4996 4633 4984 5174 4769 4581 5133 4308 4593 4458 4688 4538 4518 5156 5117 4785 5131 4665 4787 5103 4615 5066 5166 4747 4961 4701 4994 5008 4753 5143 4511 5228 5007 4562 5003 4546 4932 5146 5260 4753 4526 4877 5298 4262 4606 4547 4766 4513 4468 5007 4354 4584 4678 4571 4665 5031 4879 4905 5155 4548 4913 4417 4886 4807 4933 4589 4642 4422 5196 5290 4906 5407 4756 5015 4727 5123 4756 4715 4855 4705 5021 4558 5014 5089 5007 5229 4960 4393 5222 4674 4909 4665 4856 5027 4784 4672 4970 4904 4292 4810 4816 4899 4761 4741 4770 4771 4439 4871 4629 5005 5143 4556 4963 4822 4334 4858 5131 4513 4912 5046 4801 4946 4692 4944 5141 4793 4522 5040 4718 4801 4466 4492 4674 5294 4729 4574 4864 4736 4871 5053 4846 4797 4555 4681 5094 4922 4693 4835 4786 4520 4659 5051 4890 4978 4904 4582 4707 5254 4894 4908 4915 4771 4591 5164 4420 4661 5111 5243 4889 4918 5172 4516 4936 4745 5266 5288 4884 4686 4886
5244 4820 5218 4528 4595 5633 5358 5087 4987 4762 4473 5029 5034 4682 5506 4859 5282 4645 5595 4863 5137 5221 5087 5184 4917 5142 5008 5195 5187 5068 4785 4679 4945 4920 4884 4940 4585 4523 5264 5050 5499 5018 5313 4781 5327 4891 4783 4546 5246 5008 5274 4769 5096 5066 4901 5069 5389 5463 5250 5228 4813 5351 4608 5023 5161 5308 5006 5202 4936 4871 4851 5207 5056 4800 5232 5129 5232 5110 4601 5215 5307 5103 4763 5332 4964 5058 4638 4731 4775 4737 5169 5339 5143 5480 5080 5404 5155 4773 5198 5198 4957 5055 4919 5218 5101 4887 5573 4711 5638 5067 4977 5133 4943 5025 5016 5464 5021 4721 5076 5500 4402 5007 4929 5149 4698 5030 5080 4537 4783 4873 4841 4630 5521 5247 5235 5123 4833 5022 4677 5076 4984 4888 4918 4711 4810 5116 5143 5287 5170 5114 5239 5160 5049 4979 4869 5039 5191 4979 4663 5272 5000 5561 5339 4968 4933 5362 5117 4857 5043 4846 5183 5047 5075 5289 4735 4556 5070 5309 5136 5197 4908 4738 5164 4861 5502 4789 5464 5324 5222 4879 5107 4811 4851 5133 4602 5091 4904 5183 4874 4907 5034 5498 4974 4601 5216 4988 5105 4614 5012 4913 5625 4875 4727 5300 4851 5171 4961 5170 5079 4560 4888 5331 4873 4919 5133 5072 4850 4807 5411 5033 5340 5055 4839 4979 5359 5199 5322 5095 5223 4802 5453 4660 5041 5233 5458 4730 5214 5331 4812 5307 5043 5397 5657 5219 4943 5003
4956 4980 5120 4739 4514 5111 5011 4744 4846 4814 4336 5478 5233 4992 5185 5133 5366 4909 5438 5147 5070 5310 4992 5008 4786 5199 5044 5206 5358 4991 4833 4869 4918 4759 5108 4733 4935 4569 5331 5128 5173 4933 5288 4925 5230 4697 4990 4756 5235 4966 5148 4655 5115 5300 4902 5030 5777 5220 5230 5475 5125 5680 4513 4757 5212 5525 5357 5262 5113 4770 4900 5300 4845 4652 5157 5482 5015 5132 5014 5247 5596 4815 4986 5274 4790 5041 4761 4720 4824 4854 5298 5468 4735 5512 5051 5142 5515 4667 5134 5328 4769 5349 5327 5203 4896 5368 5322 4685 5534 5379 4986 4972 4804 4984 4947 5532 4963 4670 5071 5508 4377 4794 4977 5107 4965 5220 4922 4776 4795 4914 5115 4905 5346 5087 5273 4853 4718 5264 4832 5194 5277 4742 4890 5030 4785 5321 5189 5229 5250 4954 5675 5060 4962 5146 4657 5092 4996 5238 4418 5604 5167 5396 5436 4978 4688 5248 4952 4598 4845 4934 4984 5058 4905 5161 4817 4428 5133 5011 5262 5150 5180 5119 5185 5091 5240 5205 5315 5290 4776 4889 5202 4841 4885 5206 4597 5033 5014 4864 5258 4725 4844 5345 5239 4720 5153 4956 5238 4445 4773 5022 5661 4884 4530 5060 5070 5133 5166 5198 4976 4703 5114 5525 4971 5048 4896 5038 5140 4726 5270 5322 5117 5084 4569 5143 5343 5110 5169 5248 5189 4728 5298 4819 4630 5346 5367 5158 5045 5273 4695 5210 5079 5375 5399 5435 4836 5079
5382 5031 5133 4888 4841 5530 5327 5143 5015 5012 4659 5465 5241 4956 5323 5204 5304 4742 5585 5398 4969 5328 4974 5115 4973 5010 4934 5020 5168 5149 5027 4956 4634 5018 5013 4630 4724 4748 5260 5164 5348 4987 5343 5216 5427 4873 4852 4896 5203 5079 5505 4667 5098 5167 5139 5412 5469 5213 5266 5461 4915 5404 4455 5096 5085 5225 5265 5433 5112 5255 4850 5489 5230 4874 5234 5277 5128 5243 4860 5244 5572 5064 4565 5468 4765 5061 4724 4794 5140 4735 5398 5619 5256 5552 5311 5120 5407 4894 5142 5267 4939 5520 5066 5093 5124 5194 5443 4724 5554 5243 5142 4938 4807 5202 5172 5568 4934 4987 5148 5540 4532 4764 5164 5266 4986 4965 5049 4741 4698 4955 5165 4714 5888 5083 5409 5451 4861 5081 5020 5240 5260 4994 4800 5052 4819 5417 5104 5233 5178 5049 5402 5167 5111 4997 4809 5092 5095 5314 4823 5117 5379 5347 5558 5075 4946 5284 5200 4747 5050 5314 5193 5064 5267 5069 5156 4626 5102 5243 4955 5004 5117 4799 5213 4998 5280 4773 5479 5558 5171 5211 5147 4741 4833 5588 4864 5257 5068 5466 5123 5124 5262 5313 4913 4892 5384 5000 5031 4608 4928 4943 5821 5291 4691 5263 4882 5368 5242 5464 5235 4625 5058 5298 5119 4881 5359 5069 5085 4834 5291 5233 5536 5473 4891 5017 5543 5360 5313 5270 5147 4963 5485 4885 5123 5416 5483 5014 5265 5430 4777 5389 5273 5601 5323 5072 4926 5282
5065 5253 5149 4801 4812 5623 5515 5272 5044 5075 4680 5566 5481 4926 5220 5427 5212 4742 5485 5338 5314 5352 4829 5425 4923 5467 5147 5375 5419 5217 4803 4994 5335 5075 5284 5129 4813 4791 5426 5283 5437 5395 5387 5153 5501 5012 5122 4759 5321 5111 5515 4811 5259 5441 5301 5307 5528 5546 5464 5492 4953 5746 4727 5082 5218 5584 5201 5415 5379 5479 4891 5181 5006 4504 5373 5576 5416 5549 4946 5458 5626 4810 4754 5658 4952 5438 4823 4790 4915 4897 5536 5793 4930 5810 5190 5311 5365 5127 5290 5418 5172 5474 5407 5272 4954 5371 5628 4713 5783 5326 5063 4835 4945 5305 5240 5898 5321 4905 5317 5686 4925 4920 5239 5391 5205 5187 4946 5026 4987 5217 4899 5016 5664 5345 5422 5368 4991 5377 5155 5202 5328 4724 5237 5170 4857 5354 5151 5456 5257 5296 5766 5291 5117 4993 5002 5064 5030 5281 5107 5381 5414 5519 5513 5219 5103 5632 5382 4944 5175 5257 5305 4868 5421 5326 4876 4610 5236 5473 5532 5492 5368 5296 5256 5440 5423 5171 5614 5491 5001 5266 5431 4904 5225 5709 4866 5157 4964 5276 5276 5112 5179 5691 5148 5144 5243 5056 5239 4849 5210 5023 5719 4902 5058 5245 5307 5464 5274 5565 5304 4898 5208 5628 5055 5071 5324 5220 5290 4978 5318 5398 5464 5277 4880 5171 5544 5380 5178 5225 5652 5036 5456 4881 5170 5662 5988 5189 5168 5370 4797 5326 5175 5616 5569 5399 4907 5273
5042 5033 5379 4784 4818 5498 5530 5070 5256 4681 4734 5350 5207 5072 5143 5335 5157 4920 5371 5329 5147 5622 4916 4996 5059 5141 5208 5178 5158 5120 5038 4999 5123 4818 5258 5160 4761 4776 5408 5312 5220 5391 5219 4866 5519 4893 5030 4826 5420 5226 5248 4578 5535 5289 5091 5130 5429 5225 5348 5294 5046 5607 4548 4886 5176 5377 5481 5223 5120 4916 5189 5559 5208 4737 4983 5191 5235 5249 4949 5454 5387 5164 5278 5392 5113 5446 4686 4824 4971 4849 5465 5697 5019 5682 5276 5410 5419 4634 5101 5314 5214 5387 5476 5347 5081 5522 5954 4869 5654 5283 4915 4835 5026 5173 5482 5599 5151 4867 5316 5478 4533 4971 5143 5041 5054 5270 5041 4967 4927 4882 5012 4723 5524 5272 5536 5518 4923 5196 5014 5118 5328 4918 4915 5139 4693 5301 5164 5299 5307 5235 5466 5064 5068 5166 4889 5186 4929 5539 4773 5477 5392 5462 5299 5192 4832 5347 5337 4854 5090 5374 5459 4962 5196 5114 4992 4665 5218 5177 5244 5004 4781 5064 5412 5120 5235 5040 5315 5532 5074 5062 5262 5196 4751 5539 4835 5124 4902 5086 5202 5266 5128 5488 4850 4952 5533 5204 5073 4777 5063 5249 5486 5126 4866 5276 5034 5391 5033 5220 5163 4562 5038 5559 5212 5153 5159 5011 5003 4973 5573 5432 5436 5369 4853 5298 5407 5313 5423 5077 5324 5005 5442 5090 4996 5509 5353 5309 5274 5615 4961 5350 5198 5467 5546 5392 4841 5215
5091 4760 5130 4681 4946 5044 5313 4917 4737 4630 4645 5239 5038 4649 5179 5041 4966 4678 5493 5034 5053 5156 4853 5051 4845 5221 5022 4975 5223 5038 4663 4664 4696 4906 5028 4924 4971 4489 5126 5342 5369 5265 5223 4932 5117 4803 5064 4522 5068 5241 5096 4845 5059 4941 5047 4985 5403 5109 5120 5307 4989 5639 4370 4938 4957 5093 5293 5382 4958 5032 4667 5398 5007 4673 5209 5233 4953 5079 4622 5273 5608 5137 4476 5592 4992 5067 4672 4811 4734 4799 5308 5337 5128 5441 4917 5005 5360 4830 4868 5312 5240 5159 4984 5201 4972 5028 5470 4528 5513 5264 4676 4824 4722 4915 5218 5492 5009 4767 5102 5343 4468 4787 5108 4922 4915 5053 4923 4944 4759 4792 5085 4887 5470 5084 5313 5482 4850 5049 4941 5257 5289 4915 4896 4760 4487 5289 4929 5152 5101 4984 5423 5105 5256 4815 4998 4887 4861 5068 4871 5323 5047 5369 5421 5371 4930 5300 5132 4710 4884 5244 5428 4986 4971 5325 4886 4326 5110 5016 5086 4959 4971 4907 5399 4963 5296 5212 5419 5200 4816 5048 5089 4729 4864 5479 5022 5044 5065 4976 4967 4728 5016 5570 4747 4722 5227 5147 5252 4611 4857 4666 5864 4771 4623 5246 4812 5322 5327 5345 5134 4855 4942 5132 4818 5184 4951 4990 4997 4687 5373 5019 5354 5078 4842 5041 5620 5204 4964 4910 5114 4955 5575 4384 5063 5256 5359 5009 4991 5498 4477 5131 5302 5529 5320 5145 4821 4967
