10 103 106 112 0 191 173 9 11 78 63 24 0 75 21 40 6 90 82 76 27 161 81 0 7 21 99 72 16 53 88 0 16 59 75 170 50 43 36 103 0 31 66 40 14 36 0 0 114 132 7 33 37 0 23 143 16 93 104 88 159 110 32 8 119 72 0 0 32 36 38 57 35 4 74 18 72 40 16 35 149 99 131 2 81 0 71 40 138 0 28 45 86 39 93 15 149 32 4 81 8 108 5 58 18 67 118 67 0 0 21 69 51 3 47 42 40 8 62 0 36 0 91 9 76 51 12 72 29 17 135 81 9 65 12 90 155 32 72 23 72 104 120 29 101 103 179 16 68 24 12 76 69 224 157 30 71 129 2 90 9 0 87 7 35 9 119 9 0 54 9 84 0 68 0 12 6 63 18 63 45 9 8 74 97 80 72 97 0 277 122 54 35 89 126 104 56 0 4 93 106 28 5 134 37 106 69 0 34 0 26 94 10 28 95 96 16 64 126 14 57 66 12 119 95 54 22 179 70 27 69 21 132 41 0 36 3 4 18 165 11 93 78 165 35 90 144 50 31 147 68 50 135 0 24 81
57 76 95 125 49 24 105 20 41 61 103 96 30 97 140 46 86 42 43 176 130 99 4 57 163 39 6 151 21 94 86 45 15 54 69 35 25 10 0 85 24 90 14 165 31 47 51 62 37 51 41 3 4 97 33 85 122 120 51 145 24 156 24 66 77 48 0 20 72 128 118 27 103 10 208 69 92 90 2 63 206 92 45 51 10 89 10 4 90 72 145 0 91 66 18 36 97 20 49 97 100 0 0 11 36 132 197 90 7 20 99 30 94 0 28 57 72 55 37 131 84 19 66 42 48 25 0 20 0 24 79 113 105 64 9 180 52 97 42 135 53 147 0 45 3 20 70 43 67 98 104 0 31 16 151 12 81 2 24 31 73 15 18 73 37 44 114 20 106 52 0 66 42 239 207 45 30 12 86 45 0 49 9 72 0 125 31 136 84 118 24 64 9 67 3 112 30 39 0 0 61 5 153 118 0 28 12 44 13 128 6 72 68 20 0 80 41 99 147 18 15 63 30 75 25 54 56 45 30 50 0 81 0 48 0 64 80 72 38 54 30 26 94 102 116 10 48 0 18 0 80 89 16 84 28 0
35 87 9 51 0 230 44 0 47 144 54 34 36 12 66 79 41 80 0 95 77 16 63 24 9 48 110 80 0 0 16 31 90 21 0 69 66 42 0 71 54 69 10 20 92 68 103 60 18 39 108 109 57 6 0 26 84 40 99 12 146 121 64 12 18 9 14 58 57 75 59 0 35 0 30 0 4 97 152 15 86 59 173 17 15 42 32 72 6 0 48 19 46 51 36 0 32 28 0 0 54 20 24 43 6 0 161 34 108 0 0 0 40 42 26 18 3 48 57 166 43 4 113 15 64 77 81 135 0 84 76 89 129 81 54 14 0 71 0 53 45 70 126 27 9 0 132 33 120 24 3 64 34 79 84 101 110 12 0 21 56 60 36 18 21 43 144 24 30 36 9 36 12 69 42 54 0 150 62 84 54 7 0 137 110 57 18 126 18 54 19 9 63 24 160 0 161 5 53 24 72 6 0 49 32 28 36 63 0 65 83 20 63 47 22 16 44 45 142 147 67 51 27 40 43 36 95 84 105 168 14 95 0 27 20 77 61 65 63 77 135 0 10 8 116 0 14 32 81 285 0 32 35 0 0 0
44 197 179 128 53 0 13 16 44 149 108 63 90 57 61 41 50 35 89 11 36 42 30 0 32 4 155 66 82 51 41 9 39 0 36 21 121 81 66 62 9 94 21 48 68 50 50 72 58 51 69 108 32 4 63 76 49 93 166 153 15 99 54 60 4 26 0 18 0 105 218 17 55 30 109 158 43 14 0 77 179 69 4 163 6 0 85 56 0 100 6 28 4 79 68 74 69 31 9 9 153 15 83 56 23 0 60 0 67 33 75 15 43 12 12 31 101 9 29 115 140 122 67 86 31 22 9 62 20 70 0 25 123 73 0 220 24 96 0 33 36 43 60 68 145 20 24 61 38 63 46 0 4 0 116 72 61 66 71 45 12 18 24 46 62 24 55 93 81 7 0 9 0 144 30 5 27 12 67 71 6 4 81 80 0 21 33 45 82 72 31 54 61 160 40 9 110 56 0 13 48 0 145 38 135 126 56 103 66 18 35 1 51 99 24 2 30 16 204 29 79 79 138 0 115 2 6 80 56 21 18 39 61 49 89 61 50 42 56 41 83 134 66 18 16 62 127 26 70 22 52 59 24 45 31 6
107 103 6 85 56 19 24 0 92 28 0 41 99 96 20 40 6 102 40 76 0 51 52 15 121 47 46 111 32 81 64 0 66 50 34 40 0 12 22 43 121 16 32 72 0 24 35 46 31 36 60 62 64 81 32 24 70 3 0 24 18 89 22 58 15 80 54 25 2 30 37 102 133 24 9 66 2 95 16 8 27 53 0 49 6 3 5 3 31 11 4 12 34 0 15 36 27 38 16 12 2 9 39 8 0 0 138 44 0 62 35 0 130 53 0 73 118 0 25 38 113 48 28 7 35 8 28 16 12 0 0 0 0 10 72 0 25 50 26 93 4 65 12 48 120 42 16 65 54 10 97 51 4 57 0 28 22 30 108 94 15 0 16 54 27 53 62 26 0 2 6 47 101 104 16 30 67 47 68 50 84 28 27 16 4 10 46 40 0 10 46 106 0 90 10 0 38 14 80 42 8 35 91 10 10 82 74 0 54 84 56 22 64 62 22 28 44 13 24 66 14 6 56 2 10 3 0 0 95 76 118 71 9 8 72 0 0 137 57 68 48 58 10 15 40 77 63 72 18 12 0 22 32 58 0 32
70 147 88 30 44 175 32 121 118 109 30 41 6 57 93 32 90 72 69 78 41 126 0 69 42 44 54 85 0 51 61 63 12 26 99 140 8 18 0 0 92 158 33 27 63 93 101 7 202 127 39 76 138 14 42 132 37 141 85 92 9 193 106 72 48 19 50 46 68 72 118 77 33 63 120 3 35 71 64 39 132 138 88 36 0 75 104 121 251 65 47 6 74 66 16 92 29 45 15 122 3 72 106 69 123 133 27 122 95 40 219 0 102 37 67 24 19 8 62 62 105 99 48 75 114 92 77 40 55 45 72 51 31 135 12 37 33 101 71 25 31 108 68 99 52 48 10 66 66 6 69 36 0 25 223 18 6 89 0 27 59 109 0 58 133 60 48 163 62 50 60 117 130 100 31 0 145 19 84 134 16 97 94 42 113 104 57 114 28 99 78 9 30 232 70 66 110 0 8 32 89 88 98 40 152 123 57 43 133 88 89 74 7 9 56 80 61 84 0 42 123 6 103 72 23 36 93 168 66 0 133 52 139 54 134 101 11 144 100 63 90 97 103 35 104 99 25 45 41 26 71 37 37 65 70 97
139 44 65 90 98 139 168 73 57 146 56 136 57 131 70 0 72 30 14 4 54 7 50 109 9 6 25 8 7 47 26 121 60 155 133 0 32 45 30 0 34 109 42 0 34 70 105 53 50 54 68 5 106 1 42 105 0 0 75 63 106 268 92 89 2 67 16 20 16 52 86 5 49 4 118 0 18 122 52 31 90 87 65 96 0 2 18 33 150 45 30 92 16 9 31 0 40 23 71 176 113 42 34 55 9 39 21 44 28 27 137 50 43 74 108 21 60 25 47 115 14 52 59 87 112 100 119 7 20 74 54 0 18 28 79 30 75 20 48 79 98 106 102 37 32 60 60 61 274 40 48 48 6 72 164 59 39 0 91 45 86 100 0 0 16 34 54 107 0 27 17 69 126 90 3 35 103 63 21 217 49 54 73 42 45 100 0 115 0 100 57 73 115 105 139 88 0 42 0 0 109 5 136 30 6 5 48 37 40 55 84 6 8 20 38 37 65 112 65 36 16 28 71 63 55 18 42 21 84 81 48 98 104 91 7 16 30 8 54 134 170 52 180 38 18 81 52 73 12 143 64 0 60 22 38 97
75 124 0 61 65 60 29 30 24 112 31 2 56 42 62 36 51 66 24 80 0 8 56 101 18 91 0 33 4 0 73 74 53 16 6 7 7 101 70 6 20 36 54 38 35 47 7 30 0 18 9 12 93 80 153 96 70 87 30 6 49 6 1 155 74 16 35 102 82 36 10 108 95 0 106 0 34 104 132 96 25 45 59 10 72 15 160 54 10 53 7 27 89 27 0 0 0 0 42 58 72 27 35 12 25 121 63 72 9 28 66 34 73 63 30 12 107 0 114 87 88 76 113 21 60 57 17 112 47 21 117 0 18 117 148 44 100 30 27 21 0 38 67 178 26 78 3 0 66 4 9 9 0 0 35 31 0 21 0 81 125 0 28 14 0 0 66 30 35 9 35 24 59 51 63 0 147 36 40 0 123 3 45 0 0 28 36 94 77 93 3 6 3 75 42 63 9 49 63 52 133 14 59 73 43 59 36 35 0 30 84 81 57 46 20 83 35 36 12 63 54 75 0 42 90 51 0 143 60 51 15 15 146 89 45 39 15 48 69 0 0 88 77 63 33 60 0 30 0 123 86 80 69 54 9 16
0 52 0 0 0 54 102 41 22 80 0 25 65 42 116 0 81 25 7 67 21 14 131 75 14 0 24 8 8 0 25 52 35 0 6 48 46 39 18 45 26 50 20 7 59 156 33 0 0 189 12 73 61 8 56 27 0 8 59 58 51 17 49 0 0 2 75 95 21 12 7 30 0 28 4 0 43 15 84 0 130 42 8 5 0 34 0 55 7 75 20 38 24 65 0 27 0 0 0 12 72 19 63 26 7 12 6 110 83 21 0 2 36 31 13 47 17 0 0 0 8 5 26 74 0 67 97 43 25 12 3 0 16 116 28 0 0 27 9 11 59 88 54 92 27 36 15 0 0 9 3 21 149 41 9 12 10 79 4 120 13 72 0 4 48 1 64 42 37 78 0 60 8 0 21 42 20 30 9 4 9 31 17 60 60 105 84 12 0 12 66 0 101 0 34 0 99 0 75 21 42 30 12 7 99 3 24 5 35 0 45 0 0 19 29 56 0 0 35 12 4 23 0 0 0 36 73 30 67 70 21 0 50 52 20 41 15 29 63 0 13 0 57 16 0 30 24 0 0 25 0 0 16 44 18 22
36 86 62 25 28 12 0 68 8 12 95 38 28 5 20 32 0 50 76 49 54 73 24 16 38 48 70 7 111 58 52 24 0 0 6 42 0 36 127 4 5 204 56 69 33 48 28 5 1 43 60 0 108 36 171 68 42 138 28 7 41 20 75 28 0 52 6 18 7 62 21 154 75 40 4 18 135 55 12 3 53 3 126 15 30 62 51 2 0 36 46 26 4 54 42 68 36 57 56 0 57 18 28 3 2 8 4 9 7 74 40 24 125 61 38 0 144 1 4 46 135 42 0 0 0 72 46 50 35 129 40 62 56 62 5 6 0 18 0 1 38 59 8 16 121 50 22 12 51 48 0 0 23 6 63 126 0 91 104 82 12 18 81 51 48 48 31 90 8 6 0 20 54 72 24 89 98 32 24 44 98 74 7 10 59 7 85 54 4 3 9 86 53 113 9 24 56 27 35 93 61 65 12 5 2 13 27 0 135 65 37 0 63 0 10 61 92 71 59 75 56 17 57 7 6 0 20 36 36 95 88 91 0 24 119 128 123 31 7 24 39 30 85 4 28 0 9 109 24 14 16 50 28 6 14 0
52 336 201 117 136 41 102 59 29 72 157 66 82 6 41 57 142 131 90 15 28 89 126 50 115 25 0 119 80 147 154 70 25 190 130 34 10 95 29 30 32 30 107 76 73 38 10 43 50 63 0 77 195 51 64 72 135 184 106 94 95 76 71 48 102 28 32 74 128 164 63 53 80 66 151 89 112 32 33 93 186 135 132 216 99 6 40 112 72 40 138 0 126 40 60 24 105 35 98 48 115 39 111 89 20 48 85 91 181 93 102 0 54 0 74 148 120 8 100 117 126 152 112 44 78 66 80 21 129 95 14 69 8 73 92 185 56 89 134 24 80 126 94 216 77 169 56 91 147 24 56 45 14 29 93 33 35 48 148 77 108 30 13 115 6 27 56 2 45 14 8 21 45 292 200 25 43 16 87 88 59 0 62 36 39 79 68 42 60 132 65 17 35 64 46 86 165 110 124 44 12 0 168 113 97 172 24 0 121 57 88 52 72 54 18 92 122 51 138 64 36 32 32 26 72 6 77 64 34 65 103 29 163 144 298 28 93 109 0 152 2 89 149 31 93 64 81 49 54 38 52 8 110 78 53 73
72 183 31 129 54 38 36 90 15 0 59 4 98 4 6 28 106 32 112 40 24 63 90 81 0 0 17 63 93 118 58 98 18 60 107 44 126 86 0 16 84 151 16 80 83 46 20 171 14 35 73 42 121 43 130 154 69 72 21 65 169 125 63 74 0 42 0 19 0 56 23 20 117 32 113 70 80 107 90 81 122 102 39 159 112 2 38 88 18 74 46 12 5 119 82 45 39 16 18 68 24 99 80 44 36 0 47 66 116 64 31 108 78 114 110 18 131 7 77 0 83 48 105 5 112 116 110 115 12 0 67 6 49 33 110 84 87 130 129 69 84 18 24 104 140 65 62 6 95 52 106 56 54 25 30 82 39 89 14 0 75 116 20 35 96 33 29 90 28 28 6 48 57 119 45 24 77 45 81 43 68 28 59 44 120 81 20 47 19 92 27 46 132 40 36 5 20 42 61 0 68 28 143 23 110 29 36 36 70 25 119 36 75 75 75 0 8 49 92 66 45 0 12 69 74 25 23 111 100 66 57 43 54 86 133 72 52 60 55 22 58 42 102 28 48 108 35 42 4 45 109 0 164 35 87 78
8 175 9 93 86 70 128 56 213 36 111 220 150 90 123 36 40 99 12 97 0 24 27 132 0 32 51 35 0 6 20 13 0 112 123 22 42 23 48 30 4 88 62 81 63 20 92 53 64 73 81 9 83 123 64 101 113 93 12 64 74 0 79 75 229 4 6 119 0 0 56 165 118 0 64 88 35 175 36 20 0 56 4 17 37 32 30 127 30 69 128 90 48 60 0 5 79 63 86 51 20 8 53 8 6 111 89 29 130 29 19 101 0 60 74 30 38 15 91 132 75 64 12 0 56 86 101 72 83 118 12 64 56 18 56 0 0 65 141 118 12 128 56 86 129 73 32 87 108 3 6 68 60 17 65 63 49 48 158 39 2 29 54 209 7 20 40 24 38 14 16 54 65 114 0 95 56 144 0 100 128 92 22 53 79 161 16 30 36 114 28 63 22 28 6 5 27 18 67 18 62 31 126 43 34 138 67 24 65 64 50 40 61 7 27 39 88 0 55 28 95 40 65 40 66 104 6 16 104 99 171 96 36 92 78 36 0 59 135 118 37 64 87 45 168 141 50 129 75 16 124 8 59 72 43 49
115 6 74 113 92 206 72 48 4 104 214 84 56 154 68 3 86 128 35 60 87 19 78 43 15 13 40 150 54 54 105 45 18 148 90 36 12 16 82 6 63 129 250 0 0 90 134 92 24 125 191 0 76 0 0 134 49 136 8 99 106 18 183 4 119 82 36 4 152 104 64 6 111 16 3 24 131 32 104 80 56 218 72 137 56 16 101 60 186 125 10 100 115 136 34 84 54 38 137 27 33 36 70 48 64 47 162 100 16 55 70 63 51 57 56 86 62 16 129 130 184 18 90 7 66 132 0 44 0 94 20 36 12 117 163 19 102 32 102 14 175 149 41 6 192 0 151 58 127 7 71 64 36 0 132 88 64 148 165 107 2 54 79 90 20 8 130 73 71 48 0 45 66 92 178 30 48 221 96 117 97 0 124 68 87 143 0 141 8 185 8 170 54 204 24 180 48 20 108 3 58 38 103 112 24 32 46 32 90 32 20 24 100 28 46 109 14 145 56 251 84 45 121 54 64 9 234 50 196 164 80 189 115 110 123 16 18 105 191 54 147 58 84 138 57 75 136 101 74 113 24 9 77 54 93 70
9 30 24 43 47 120 36 66 4 94 97 44 35 78 45 83 27 61 36 62 51 33 15 27 35 30 99 98 40 24 96 29 0 21 75 23 85 27 0 72 112 16 36 63 15 0 8 57 54 31 82 26 27 36 58 54 99 177 86 49 186 54 81 13 33 22 65 22 66 9 42 25 53 95 5 27 83 23 84 83 64 33 227 116 8 54 31 63 0 86 39 89 38 0 58 52 142 68 15 0 21 9 35 143 65 36 52 0 113 21 0 21 52 0 54 26 30 0 37 16 15 45 120 12 53 60 152 140 51 37 80 52 51 86 30 21 0 21 0 56 41 16 79 48 115 29 41 10 43 1 0 4 68 63 129 0 94 95 18 73 46 85 38 67 74 95 155 140 45 13 40 125 0 35 69 51 76 75 92 56 38 12 25 55 33 94 43 83 13 72 68 98 38 24 105 22 84 0 16 36 84 113 36 54 51 164 67 98 55 63 0 0 18 64 53 59 92 60 162 97 85 0 23 25 45 59 9 4 74 101 45 27 36 87 7 0 49 35 36 115 9 30 126 53 99 55 39 56 39 0 6 31 88 97 87 44
6 85 8 114 36 31 59 0 98 0 87 65 151 52 7 0 14 100 75 38 0 69 56 15 0 0 11 17 63 52 98 5 23 90 4 27 46 58 52 14 14 21 32 35 63 48 65 24 4 28 5 21 65 49 72 57 0 59 3 46 33 78 69 65 30 0 24 0 75 41 20 9 42 66 116 73 58 28 20 63 87 1 71 35 85 3 53 23 3 52 25 30 52 0 0 8 49 9 20 0 0 105 35 63 30 54 13 13 85 35 15 123 106 77 66 4 13 0 111 5 85 14 84 35 101 59 28 88 0 63 18 43 60 12 0 23 0 0 109 0 88 81 57 83 135 128 12 64 57 0 0 50 116 36 76 45 11 28 125 2 43 8 50 86 2 77 37 33 98 87 19 13 27 52 45 0 4 117 45 3 130 8 28 79 105 30 8 27 41 18 47 53 10 77 24 70 114 0 83 58 21 77 10 70 20 54 104 24 99 1 7 36 0 39 20 0 39 44 29 9 56 4 57 0 9 43 4 95 31 76 8 21 82 5 189 14 18 37 18 77 32 15 27 4 119 128 8 41 7 9 162 0 31 51 26 0
0 88 99 36 86 40 163 0 36 87 185 72 122 82 18 0 0 0 0 133 47 132 242 70 106 1 78 131 7 134 0 34 8 118 0 56 16 7 17 42 28 42 171 0 40 0 0 102 63 26 0 37 184 43 53 105 52 160 1 56 34 160 32 123 76 23 102 58 62 55 72 70 82 36 30 52 50 272 68 72 165 247 32 149 104 68 129 0 0 24 20 7 17 93 0 49 201 142 41 20 66 42 33 43 57 0 20 75 72 45 4 6 144 99 81 151 106 45 63 50 100 71 24 0 0 49 76 24 0 128 7 0 2 66 127 93 61 40 49 129 140 244 136 29 284 97 239 60 130 0 106 136 21 88 36 60 93 77 4 141 5 20 72 37 83 72 153 62 34 0 40 19 45 97 76 43 71 144 48 116 67 34 24 92 151 102 14 0 10 38 120 159 156 117 148 7 83 14 32 47 41 108 97 49 71 49 78 21 25 56 63 71 8 80 104 112 61 70 44 106 148 41 47 17 14 0 80 51 150 40 46 80 91 24 194 82 36 40 86 49 79 148 8 24 72 54 27 67 21 91 43 47 39 98 39 29
92 41 86 0 0 29 0 0 5 100 6 47 29 0 1 76 36 0 0 8 42 53 70 14 24 0 132 38 0 54 73 0 1 62 36 48 0 53 36 0 6 44 70 18 16 1 2 32 78 0 0 21 33 45 124 0 36 77 69 0 0 67 18 0 96 9 71 2 15 21 14 18 42 17 61 14 91 20 98 63 77 109 16 13 0 0 73 105 46 0 4 22 55 52 14 24 63 0 0 0 68 8 0 0 18 28 48 0 71 49 0 53 158 63 22 32 33 32 26 16 24 0 63 87 165 23 71 77 102 7 18 27 7 24 36 39 55 0 46 30 0 15 28 63 7 64 63 13 12 16 15 6 0 72 12 7 2 80 0 0 19 16 32 24 8 16 88 21 49 1 20 86 52 60 45 28 0 74 22 77 104 7 36 43 19 121 68 0 27 42 15 54 14 58 56 0 15 0 5 63 48 18 0 48 50 0 6 11 21 9 78 0 0 87 71 8 84 76 18 74 190 48 36 0 37 74 0 129 96 0 60 71 64 54 32 15 38 8 4 30 36 0 55 0 64 27 0 37 61 92 6 20 12 0 0 12
91 8 63 121 55 108 110 25 89 29 21 45 23 68 139 21 24 0 14 174 24 231 0 0 78 47 79 196 41 45 52 64 51 67 9 31 24 174 63 61 20 48 28 65 21 20 53 80 57 70 30 36 129 24 88 135 123 115 66 5 110 110 43 81 101 84 100 53 9 25 72 0 60 12 123 11 91 206 12 40 16 72 0 0 0 40 25 133 111 89 63 89 78 5 16 15 120 0 0 96 0 10 14 68 16 45 82 67 47 49 28 111 58 27 111 67 87 11 112 15 66 48 48 0 11 32 56 36 28 91 72 0 46 21 70 71 90 198 35 139 15 46 30 123 148 79 152 92 105 129 114 81 27 36 82 85 81 123 28 72 37 12 5 65 75 37 161 85 30 25 52 64 80 45 63 104 125 50 0 122 77 139 9 12 108 57 84 0 7 121 63 0 62 48 27 15 5 0 24 91 66 3 54 10 42 50 30 94 78 45 0 104 40 25 63 73 89 222 71 117 207 84 33 21 81 16 36 108 196 24 59 35 49 0 57 147 6 8 91 49 51 104 45 63 45 173 165 74 89 132 89 87 97 10 48 80
64 83 6 12 54 0 50 48 14 153 187 9 42 74 103 89 18 45 27 13 31 86 0 60 0 55 29 6 15 0 48 36 40 14 10 54 34 27 100 74 100 25 0 58 55 41 54 26 64 32 4 82 110 48 42 16 0 0 91 54 14 41 65 66 102 40 15 118 36 41 98 111 67 48 68 22 50 9 40 54 76 16 0 8 56 68 63 12 14 8 16 43 1 12 56 42 30 25 56 30 8 8 24 7 55 63 14 91 32 36 0 6 31 98 9 113 105 66 76 61 98 42 16 0 149 33 16 15 25 33 66 18 64 25 33 78 58 0 16 51 7 100 96 40 33 48 0 9 2 44 0 50 0 0 63 148 130 0 19 50 118 6 0 0 39 48 69 91 51 5 2 29 3 88 37 44 21 16 64 0 86 96 7 51 43 10 112 52 141 24 35 0 1 72 9 0 35 39 132 40 37 28 0 96 106 32 0 51 12 6 9 9 67 0 6 113 116 93 6 0 83 74 0 20 33 36 28 55 6 85 109 87 0 45 169 24 40 16 50 48 6 37 0 0 21 6 40 27 2 66 109 27 70 63 3 52
78 84 64 6 94 109 8 120 13 165 120 74 56 30 12 5 0 137 54 9 25 50 54 66 21 20 5 32 80 48 70 12 54 35 27 0 35 2 25 50 72 6 38 62 0 74 67 0 68 14 18 97 12 42 145 32 76 54 36 142 62 102 7 113 82 102 29 54 39 24 66 88 54 51 96 40 100 30 152 33 54 138 87 56 32 78 60 0 138 64 72 18 71 36 52 108 18 82 52 0 77 0 38 109 96 35 10 32 140 0 56 8 89 36 28 67 3 46 28 86 140 131 18 77 107 18 27 71 6 35 111 4 51 78 20 84 28 95 0 0 12 30 0 14 86 0 4 24 12 0 16 60 4 16 154 12 133 169 46 55 62 78 25 93 63 16 32 93 90 0 0 34 56 76 71 26 88 154 62 85 12 64 98 18 0 16 53 65 36 42 83 72 4 24 38 42 66 80 84 72 92 66 32 24 0 226 36 56 72 108 32 96 100 47 32 134 20 40 0 54 125 32 53 48 100 16 0 50 4 36 24 34 30 82 74 67 44 10 80 54 54 66 72 52 32 61 6 93 12 62 16 0 18 99 18 124
68 79 39 75 88 10 0 23 83 88 68 139 24 36 91 30 20 30 30 21 26 6 9 32 33 74 62 6 52 3 72 41 0 146 137 42 84 45 0 98 55 130 88 8 12 46 107 81 131 47 104 101 9 18 98 32 10 32 127 66 0 77 187 84 14 22 0 14 57 98 71 84 81 87 14 31 30 48 19 110 106 58 132 48 110 4 42 67 84 129 94 0 0 13 29 62 49 14 8 34 12 21 30 126 27 63 53 15 0 44 49 8 185 106 49 23 70 4 24 93 146 32 102 12 155 26 180 90 89 29 35 10 24 119 83 46 14 98 18 28 57 41 61 27 126 5 16 149 90 59 29 50 28 8 129 48 8 104 112 96 51 75 53 78 132 46 54 70 66 19 54 34 16 89 16 28 138 82 5 132 100 63 73 122 138 81 110 191 32 45 4 10 32 40 2 129 42 14 48 46 38 10 59 150 52 35 56 96 2 63 42 75 18 62 45 48 36 35 20 27 165 20 150 28 82 5 108 36 9 24 100 87 104 101 50 60 13 0 60 111 191 63 28 87 54 91 58 75 22 48 88 20 46 9 106 30
107 56 40 65 58 50 176 40 7 50 17 55 25 42 14 51 104 65 28 75 63 107 50 101 65 21 2 43 67 62 116 64 28 99 88 63 40 56 123 43 81 56 83 9 21 38 52 20 147 12 149 98 36 45 138 13 84 75 24 106 70 62 36 94 149 29 74 67 44 14 39 73 0 26 95 7 0 19 16 47 3 17 81 27 0 29 188 0 41 19 2 0 22 30 0 25 58 86 82 21 14 70 48 130 16 0 61 7 136 29 45 8 45 0 0 10 28 0 15 165 51 86 94 40 75 33 63 46 47 66 0 110 164 35 66 67 83 116 49 19 33 101 0 63 103 73 43 0 34 4 14 15 8 21 8 63 38 86 142 28 43 58 42 127 25 62 21 35 30 73 0 20 25 0 75 5 50 45 0 137 114 47 104 0 80 45 99 42 35 121 42 42 57 69 86 105 19 5 3 45 20 54 129 22 7 84 5 21 58 6 129 67 40 92 15 82 99 75 54 79 119 57 72 20 17 0 58 25 124 131 8 35 14 140 53 105 40 54 90 57 21 89 62 75 68 161 12 23 2 60 51 15 113 63 54 6
8 247 33 88 107 9 0 77 71 68 81 102 110 57 114 30 109 7 12 90 35 16 0 67 98 0 128 73 18 54 83 50 0 55 66 72 40 72 119 6 70 116 46 47 20 1 39 7 22 143 75 124 32 38 12 114 96 21 82 36 48 14 35 90 58 7 97 105 36 51 40 47 83 33 56 86 31 93 24 39 0 28 0 29 33 92 129 34 34 41 81 16 87 38 35 60 18 131 53 78 41 94 45 116 38 62 51 126 117 4 98 6 33 113 15 50 23 19 57 192 222 124 68 0 42 18 41 98 85 49 36 34 59 57 14 0 63 62 87 43 29 0 108 94 106 65 9 88 39 24 6 4 30 29 85 46 156 12 55 54 18 21 19 36 125 90 34 17 69 47 78 0 81 123 55 27 63 40 92 18 18 16 86 108 0 23 33 86 0 43 156 24 138 72 156 97 170 7 0 18 24 18 1 29 122 157 131 72 20 0 24 0 3 18 8 131 106 10 8 32 31 25 40 15 58 5 0 16 15 90 4 58 1 54 140 42 50 123 5 109 128 85 95 36 35 98 30 67 55 0 69 80 19 33 28 75
44 244 114 117 39 9 30 35 66 53 127 33 153 111 74 28 49 56 60 49 45 49 18 12 9 41 102 122 72 44 102 81 85 4 93 75 24 71 93 29 29 118 70 109 40 63 66 71 58 18 25 15 110 36 16 153 81 83 32 16 102 25 85 42 67 49 0 63 0 21 191 0 161 22 44 112 67 42 16 0 137 69 30 140 36 74 30 42 129 20 70 9 90 0 41 0 83 93 12 0 18 34 123 80 56 58 107 44 47 100 4 12 23 49 112 72 85 5 111 100 103 65 24 21 53 70 55 58 10 176 0 56 130 36 113 65 30 128 4 32 45 9 4 193 47 5 64 195 90 43 35 45 54 6 96 93 182 90 60 90 35 117 0 60 12 76 81 93 0 48 75 21 218 120 18 109 184 64 30 40 15 56 81 54 35 36 83 15 43 28 28 0 99 93 56 69 192 6 27 9 38 71 146 28 85 233 6 18 88 8 17 140 102 119 0 50 66 24 147 82 119 52 4 86 66 0 21 38 186 77 9 63 0 63 136 72 36 78 87 183 9 89 216 39 10 114 20 106 14 43 102 20 56 0 42 40
62 97 20 20 0 46 36 49 10 59 21 31 102 74 74 0 71 0 107 34 36 72 35 36 49 4 52 99 81 24 72 33 79 20 8 56 10 0 56 0 54 38 63 74 66 97 255 20 81 45 14 24 28 28 157 60 75 5 38 10 27 4 112 95 0 184 40 63 75 41 21 0 67 12 124 2 24 2 99 36 0 82 127 47 47 64 17 0 129 68 183 32 72 6 121 45 40 28 68 28 16 28 110 68 153 38 2 35 0 49 27 33 52 175 139 64 65 48 74 65 179 73 20 54 159 10 14 68 56 241 0 72 76 168 26 90 85 131 18 14 5 74 82 119 118 18 20 129 70 30 36 0 36 87 128 59 94 100 108 18 102 96 77 90 137 117 0 49 54 35 72 159 183 44 29 0 65 32 91 180 0 87 161 37 112 56 49 150 36 47 6 92 0 82 209 0 117 64 26 87 38 72 57 82 4 145 102 34 72 46 36 81 36 88 41 3 16 45 4 18 153 0 42 49 107 0 9 7 63 117 69 100 109 10 59 129 13 35 89 99 0 0 67 54 2 46 16 131 26 12 70 63 24 54 7 0
42 56 52 50 46 20 61 34 61 143 168 43 81 39 161 7 28 9 0 55 82 181 38 12 116 43 25 0 0 37 0 16 16 73 57 28 38 22 38 54 16 27 30 27 41 34 43 20 16 31 7 9 87 0 42 106 46 129 2 40 0 77 36 0 16 0 28 18 4 6 83 66 0 10 72 95 24 183 81 141 72 105 20 82 0 76 36 90 45 20 50 6 4 35 0 29 64 0 18 15 63 35 180 115 21 45 59 64 63 66 75 54 128 18 51 73 64 0 54 23 27 24 18 46 88 52 120 99 37 110 73 18 90 30 120 24 26 123 0 24 48 152 59 21 19 44 182 30 36 12 44 0 23 52 42 164 108 3 20 14 50 0 102 28 35 14 200 115 7 61 18 0 0 0 64 24 258 94 22 57 48 62 79 83 48 31 0 72 47 0 42 30 93 77 48 72 116 30 16 16 36 6 15 146 40 69 68 28 14 40 0 63 69 46 28 68 0 38 138 18 125 4 25 66 18 36 100 56 60 0 72 11 59 0 93 20 49 29 51 0 63 75 5 86 24 46 28 53 0 45 102 60 21 18 2 0
10 137 167 79 23 63 24 25 80 90 32 120 40 18 236 0 16 87 70 46 10 31 0 43 108 38 20 30 0 28 39 27 53 64 83 18 124 72 1 98 38 158 10 43 64 16 0 14 12 142 86 124 52 10 86 127 0 37 96 54 98 87 4 27 80 68 6 27 18 81 28 72 43 45 64 30 39 130 21 156 105 60 0 162 133 21 0 52 55 59 28 24 2 9 104 118 30 0 36 0 56 18 150 117 83 65 204 80 104 0 68 74 79 108 79 27 18 30 127 140 113 98 26 96 54 18 7 0 81 146 56 64 63 0 46 91 0 95 33 33 127 84 20 231 19 33 1 65 69 69 49 40 112 107 0 120 159 72 62 59 0 36 94 73 88 27 72 89 18 0 48 8 16 112 0 89 57 10 111 88 0 32 5 8 76 36 21 35 56 137 43 14 6 136 31 24 15 80 65 48 82 33 55 70 0 11 49 18 0 68 4 66 79 37 60 35 56 42 86 42 75 23 69 5 112 132 138 82 68 3 40 20 35 115 85 8 44 8 45 79 18 77 24 48 60 28 0 98 91 73 36 86 70 48 1 79
36 63 43 0 81 12 131 16 18 63 111 35 98 45 143 24 87 87 59 56 108 124 0 36 24 9 82 85 72 63 120 0 16 96 64 66 50 0 54 0 0 15 68 81 52 5 70 54 75 54 0 12 81 24 21 84 36 54 48 0 27 38 77 0 36 34 41 31 82 68 2 80 20 42 101 12 29 18 88 0 8 36 0 0 30 5 59 12 7 9 45 20 20 51 97 9 27 46 118 0 2 25 78 54 90 95 163 28 23 51 77 128 28 48 112 9 45 28 159 29 75 72 61 8 48 90 4 120 0 28 6 28 0 59 32 63 66 18 108 19 63 28 0 36 0 18 0 53 24 56 83 33 37 8 188 74 31 12 28 9 74 0 7 71 16 46 0 43 63 82 16 26 0 135 72 0 14 11 81 61 178 110 72 14 0 48 18 95 15 96 21 117 0 19 85 81 87 0 18 2 46 18 85 72 23 0 37 19 21 57 8 0 171 9 12 62 72 18 56 36 27 0 0 50 108 46 3 8 40 52 18 15 28 53 81 68 60 41 56 32 31 28 6 123 16 0 68 12 8 0 114 0 40 152 30 9
50 74 96 8 35 28 40 6 0 8 22 14 78 60 49 0 44 53 56 102 77 28 24 0 76 9 93 63 64 84 2 80 0 0 20 0 72 0 0 61 24 49 27 116 0 28 7 0 10 62 82 3 28 0 9 63 44 53 67 22 151 43 30 26 65 74 45 84 87 139 96 49 103 28 138 74 1 21 0 4 30 57 54 0 57 72 32 72 55 16 122 0 69 24 0 14 12 37 45 40 40 30 36 75 35 0 86 0 125 0 88 16 90 45 87 7 72 0 42 61 64 75 82 5 0 16 0 83 0 14 18 49 95 35 96 3 14 63 85 49 49 6 32 75 8 29 27 42 0 21 5 48 30 64 119 63 92 16 0 0 3 16 0 40 0 49 62 0 8 61 36 76 14 115 99 8 0 0 70 51 72 4 73 36 0 66 14 101 8 69 51 64 4 30 99 49 61 27 82 0 16 18 64 68 0 35 0 5 81 35 12 105 24 0 24 45 4 42 49 72 62 0 21 106 42 42 58 27 94 54 64 72 2 0 43 69 32 0 8 73 42 7 89 53 77 115 31 92 0 0 40 64 56 18 115 146
153 191 108 91 104 18 43 63 32 188 160 166 35 197 187 66 150 190 45 82 9 98 51 28 49 93 42 145 32 66 163 216 37 148 100 42 153 134 166 66 123 135 91 158 164 140 5 21 110 65 88 90 172 209 99 64 30 120 131 98 119 123 264 46 80 91 24 40 24 24 46 296 124 80 226 18 92 184 56 130 63 205 232 112 54 0 134 45 48 30 5 105 110 10 79 90 120 87 136 27 171 63 46 99 18 91 96 207 198 125 57 122 59 81 60 101 103 42 157 82 85 96 102 94 100 102 72 72 63 151 72 114 80 147 161 74 67 152 80 180 144 258 35 117 84 165 77 14 129 153 0 0 104 102 46 232 0 115 148 81 87 86 65 54 135 90 163 134 52 6 87 162 99 104 131 102 125 58 177 82 72 107 90 36 234 57 124 42 86 82 69 73 112 95 23 101 158 94 138 153 16 63 20 136 66 32 20 28 229 58 57 63 63 95 120 160 71 69 7 49 63 106 52 60 113 120 195 40 116 45 126 183 111 86 135 210 92 72 168 163 18 60 64 51 155 83 24 175 3 119 113 42 82 110 87 96
63 93 50 98 64 104 57 163 106 140 208 90 163 41 86 38 78 30 104 92 117 8 52 16 93 0 47 12 0 46 107 109 4 33 72 49 47 26 8 33 26 107 3 48 48 101 46 83 0 6 1 0 14 80 132 61 12 87 10 118 18 79 7 72 0 59 16 42 32 16 68 119 265 6 57 144 29 74 192 47 38 171 16 152 81 31 152 97 65 61 0 16 43 102 11 29 94 36 93 0 54 4 63 14 16 117 104 182 106 0 24 8 32 22 24 126 45 12 34 78 228 20 58 31 127 50 145 186 0 50 22 9 84 19 196 101 72 24 46 48 12 60 105 126 60 31 21 100 26 49 3 24 50 32 47 50 80 82 115 26 10 80 72 10 48 49 72 93 36 40 16 52 67 56 87 0 19 93 90 40 16 0 20 58 72 60 56 157 135 38 10 59 0 0 27 4 138 146 100 33 14 69 48 135 47 107 69 18 54 39 0 63 54 58 10 112 2 11 2 18 64 14 18 105 156 24 0 32 80 101 27 6 32 44 60 89 0 102 66 6 36 82 39 53 162 51 58 4 6 8 44 1 179 94 51 45
109 8 99 18 67 15 140 94 107 73 30 38 12 154 25 64 111 53 0 52 27 135 44 12 69 62 36 0 74 100 36 86 107 2 45 90 29 16 40 65 0 124 24 86 50 16 0 48 77 51 77 75 60 0 0 36 15 48 33 44 202 96 86 24 58 29 0 164 12 47 57 201 122 8 120 5 88 61 0 68 25 17 40 30 143 0 171 52 100 32 0 50 91 42 70 176 158 4 75 81 67 16 70 66 69 23 110 73 82 8 11 11 99 0 61 46 161 57 142 102 119 66 129 12 71 38 44 7 26 18 137 36 42 28 115 88 81 78 57 84 42 109 64 267 22 58 35 114 0 28 0 0 19 16 36 144 83 12 0 81 87 36 21 36 49 0 40 58 35 4 55 0 41 56 129 0 55 46 64 40 41 18 66 40 80 24 108 158 145 108 34 5 50 50 64 21 114 80 36 72 73 36 73 165 89 63 36 34 30 35 67 89 59 77 93 93 43 67 7 35 76 89 40 71 158 46 0 59 79 152 65 43 4 0 107 44 36 23 0 0 8 226 24 117 157 50 144 57 9 81 30 84 134 21 0 63
100 33 14 48 6 164 35 15 0 45 46 35 34 41 103 48 7 59 4 93 18 84 80 54 25 58 48 13 100 37 65 22 89 26 1 76 0 96 0 10 27 128 0 35 104 13 56 21 99 75 122 68 81 106 85 37 91 107 42 30 211 179 140 118 41 49 0 128 36 48 131 24 30 74 63 8 49 86 111 11 59 96 52 117 36 0 90 14 66 58 10 64 46 72 77 28 0 102 33 12 33 0 27 20 8 30 35 116 51 12 81 80 171 35 121 103 20 36 87 44 49 3 81 16 94 114 44 213 8 94 46 116 75 113 42 40 44 53 93 56 107 105 105 173 102 59 100 106 63 8 3 0 108 28 109 96 73 15 36 39 62 102 9 40 0 45 113 128 99 42 60 58 27 27 101 22 7 46 12 101 174 18 0 44 28 62 59 113 89 60 0 57 56 164 87 7 169 12 71 36 74 91 3 41 47 49 16 21 133 27 139 50 93 9 72 35 127 195 126 194 22 0 21 18 122 50 92 110 58 109 73 93 54 32 108 104 28 112 69 18 50 67 31 17 40 144 19 23 24 132 120 50 66 84 4 28
31 33 69 33 99 18 71 8 46 34 0 101 79 24 66 35 70 72 82 141 40 29 63 73 1 16 48 27 24 23 48 18 73 48 37 90 33 115 0 0 21 103 43 100 0 27 9 79 52 0 77 56 103 17 76 33 67 36 0 0 79 73 24 115 33 196 78 21 15 9 66 83 54 25 73 0 7 43 0 66 50 113 8 114 44 3 8 48 4 49 18 1 13 83 6 67 3 4 0 0 27 53 20 72 24 8 103 21 50 17 0 83 34 28 28 34 47 72 14 12 82 53 21 9 48 8 29 36 49 33 0 30 24 0 119 27 20 84 7 57 109 0 0 72 7 88 15 93 0 89 12 2 8 0 128 43 22 35 0 0 29 42 0 58 61 40 6 47 64 16 24 30 120 48 0 83 48 21 6 80 35 119 3 31 67 9 119 36 56 21 56 6 50 38 21 57 16 0 16 4 0 49 75 10 78 21 0 28 61 0 121 83 48 49 33 0 28 75 26 38 150 20 33 0 12 38 64 5 166 42 42 0 7 110 30 106 136 41 63 14 47 0 66 29 7 84 9 20 76 238 13 102 7 0 4 6
153 179 118 99 105 41 26 53 78 172 127 107 127 117 45 63 170 97 78 0 88 118 24 23 25 6 132 34 6 232 83 42 162 36 78 57 36 0 100 90 29 130 61 189 84 94 87 53 15 20 29 111 130 62 184 187 36 24 38 58 44 152 82 12 69 51 63 59 44 174 18 54 275 36 66 0 74 88 0 9 146 65 105 116 0 79 13 39 90 193 54 0 0 49 40 68 177 58 47 81 205 51 119 60 158 95 111 64 63 130 66 0 124 205 170 39 93 2 64 134 77 73 82 113 19 69 186 42 32 193 0 64 111 101 24 205 88 122 16 186 114 163 28 76 175 53 146 158 28 0 1 9 42 109 60 58 133 188 94 173 2 43 27 139 33 109 48 62 6 104 66 27 102 116 59 85 35 45 123 86 54 106 39 54 111 103 57 35 32 91 51 32 0 151 51 5 10 96 102 72 56 130 145 114 2 84 29 16 166 46 0 72 80 132 79 25 18 87 127 81 159 9 43 73 14 45 0 58 77 31 8 95 0 73 140 101 50 49 108 189 27 63 29 18 16 67 52 25 4 24 29 4 85 112 28 0
57 145 94 90 24 33 60 32 41 62 94 45 60 46 148 31 99 25 36 119 0 36 15 131 59 55 58 57 63 32 85 79 3 36 76 28 100 109 77 8 7 12 64 73 63 80 45 149 38 29 69 42 26 35 141 24 60 91 105 42 55 48 109 12 82 51 2 4 39 35 103 52 72 25 15 72 52 64 92 44 97 31 97 24 137 5 105 36 81 34 54 63 37 194 12 50 3 72 106 0 59 116 121 173 81 0 101 28 71 61 55 56 27 50 77 120 196 0 213 21 54 119 6 3 18 21 59 34 45 79 42 12 139 109 70 84 109 49 38 58 27 166 76 66 107 5 47 85 37 66 0 28 4 56 58 162 39 68 27 80 121 54 10 20 81 96 73 129 0 12 26 104 49 82 57 49 127 216 155 85 86 60 151 77 106 45 116 98 32 176 129 14 130 63 40 72 99 13 114 38 25 14 104 63 47 99 32 45 107 16 99 4 78 70 36 62 20 71 132 9 118 60 42 66 100 17 28 70 181 63 42 206 33 50 125 90 91 0 260 42 47 114 31 0 8 98 43 6 54 50 91 14 63 7 53 41
35 0 89 2 41 98 97 48 48 12 36 21 27 45 3 0 104 35 6 24 90 76 30 60 9 0 0 8 0 14 0 11 68 45 54 28 0 6 12 8 0 56 0 24 40 33 25 81 18 47 66 44 106 15 74 0 12 124 5 55 103 148 64 12 136 26 0 49 90 28 37 54 71 28 8 0 40 135 48 0 0 116 12 121 90 45 82 24 112 68 6 81 24 112 8 72 13 74 40 0 43 182 98 22 41 45 101 36 27 16 40 55 28 33 50 51 50 0 58 151 8 12 0 15 106 16 48 0 0 81 0 0 45 35 140 30 82 3 5 74 7 144 65 88 42 8 37 93 40 0 9 0 0 25 101 12 34 36 84 41 0 42 45 163 40 28 26 65 111 0 30 36 21 71 114 81 0 38 165 120 8 48 64 4 37 19 11 90 96 133 9 0 50 35 127 0 15 30 48 0 1 8 50 99 116 84 0 24 126 35 104 56 42 83 0 0 9 67 70 36 33 0 82 48 16 22 0 0 58 0 28 70 21 114 18 21 0 9 148 66 42 45 58 27 40 0 24 82 74 45 56 0 53 54 21 57
81 107 120 41 108 20 45 40 36 12 186 19 54 116 23 24 112 0 39 90 35 30 69 19 72 20 52 0 6 56 40 176 76 7 0 62 52 56 30 52 30 75 43 59 5 108 80 0 8 28 50 35 136 0 130 155 30 48 32 0 34 0 50 63 47 25 33 13 75 80 40 121 67 0 46 0 18 101 58 91 74 56 7 24 22 8 198 44 31 83 126 0 32 58 0 39 30 98 155 0 12 49 0 56 120 51 10 42 65 2 3 2 12 163 0 91 56 0 22 117 70 84 6 16 2 96 148 79 7 142 6 76 48 0 57 56 21 68 42 14 61 35 8 129 68 76 50 130 72 12 64 18 46 14 111 47 8 123 6 36 20 96 0 48 78 71 16 49 6 8 64 8 106 72 49 0 2 4 24 12 0 40 97 20 62 83 72 73 48 77 53 2 89 88 6 14 165 40 58 29 39 14 24 30 2 24 0 54 40 60 94 108 20 80 18 117 54 52 8 82 2 36 81 0 78 75 4 14 80 12 77 53 35 75 66 109 42 13 16 49 45 35 63 36 4 64 0 17 28 107 70 77 32 72 50 12
84 68 105 37 85 53 48 30 14 147 175 113 196 222 54 84 116 59 87 125 0 215 36 82 5 25 163 76 77 90 100 65 172 72 33 26 6 0 0 45 18 140 17 72 0 72 163 71 130 60 159 119 87 16 21 10 136 16 112 93 184 98 234 73 92 124 110 100 91 28 69 60 56 24 129 21 124 0 113 5 16 107 103 5 135 88 79 32 192 97 48 106 36 108 108 178 33 59 50 28 60 32 241 72 182 68 65 95 170 89 56 104 117 145 75 12 77 43 52 262 68 74 130 128 181 190 30 98 71 107 63 70 132 119 94 48 0 39 16 103 0 27 92 237 175 97 48 291 108 0 0 56 102 69 135 42 104 71 105 96 42 139 46 167 83 98 42 74 0 44 232 134 186 103 133 14 112 74 0 86 94 70 114 103 42 118 24 154 62 44 129 53 238 99 177 45 27 8 86 52 88 26 135 15 80 72 27 0 51 68 130 160 0 149 74 63 52 41 24 75 102 69 111 36 147 28 133 25 204 14 71 41 109 80 25 92 24 76 24 211 193 65 72 63 118 113 15 133 71 128 73 8 91 12 108 81
46 94 0 78 12 7 8 46 1 70 6 72 30 111 28 36 10 170 36 109 0 26 18 40 63 27 30 88 0 0 88 0 72 48 0 95 0 3 24 53 105 54 42 105 0 12 77 109 91 36 93 32 136 75 48 8 42 17 1 8 30 54 18 42 54 42 30 4 0 64 61 108 27 0 0 29 36 0 0 24 0 63 0 23 27 108 46 0 4 30 6 4 12 98 0 0 21 54 0 0 0 23 0 6 16 18 63 64 78 29 0 12 124 0 0 21 36 0 77 25 0 90 40 0 75 3 36 0 81 88 0 9 42 0 27 5 14 0 0 151 12 42 57 72 85 6 50 64 27 30 63 0 6 16 102 8 42 44 72 6 1 40 0 2 42 0 105 36 0 0 0 66 103 0 0 32 14 110 28 28 131 30 0 0 54 68 34 111 57 18 5 68 5 4 23 9 37 15 88 46 16 38 78 35 33 62 0 36 27 54 93 6 130 0 27 0 14 56 16 24 116 18 0 18 48 12 0 4 78 0 111 138 41 0 39 52 0 63 113 63 0 5 2 0 0 106 0 95 14 4 2 47 27 53 0 104
123 72 14 65 28 0 12 0 31 24 141 0 25 45 45 63 63 2 16 50 40 45 8 12 40 79 15 35 0 15 97 33 86 5 23 10 0 48 93 74 20 6 62 32 48 0 8 12 44 0 74 73 9 32 98 50 25 50 143 37 12 86 25 34 29 12 45 42 12 36 87 0 20 3 74 80 75 15 20 4 72 0 3 5 8 40 52 4 36 57 71 39 84 0 0 35 27 60 9 76 25 72 35 0 24 18 28 22 51 11 64 32 107 16 22 0 28 20 8 111 48 12 57 27 44 29 93 48 63 5 114 22 93 15 86 29 47 5 39 84 5 32 17 75 97 24 15 47 12 12 0 5 34 6 40 138 20 84 39 31 0 44 25 64 90 80 25 35 6 32 5 0 4 0 8 0 189 0 56 84 0 40 48 56 69 45 39 24 64 63 32 139 18 65 87 121 89 18 42 0 0 17 10 39 12 73 0 62 10 41 77 4 0 39 8 0 81 54 45 142 89 30 8 20 18 8 0 14 67 10 61 30 0 45 0 18 32 6 58 98 84 54 70 61 0 22 30 26 0 40 25 112 42 18 80 0
24 15 68 52 66 12 43 56 81 78 133 81 40 9 7 7 0 0 16 24 0 16 81 35 33 0 27 31 16 71 17 63 0 56 6 27 135 9 13 33 0 24 66 12 8 25 17 0 97 48 16 45 68 27 9 75 18 18 62 16 0 78 48 33 131 65 26 42 55 23 63 31 35 66 84 30 14 115 56 0 0 114 0 129 35 16 108 28 15 68 73 57 80 21 0 0 38 41 13 0 64 52 0 0 40 93 71 28 45 27 2 31 122 85 9 16 39 0 95 73 2 17 18 95 85 56 75 16 36 131 12 0 8 32 0 12 12 0 5 34 35 27 1 19 59 60 6 16 18 0 27 0 24 43 132 78 16 78 68 43 49 4 0 39 32 63 9 87 28 77 2 4 0 12 5 87 7 0 24 50 50 0 47 12 50 71 30 0 18 56 0 9 86 21 67 0 0 48 0 25 12 1 13 80 51 8 9 21 29 0 72 0 18 55 0 81 18 5 0 22 3 3 107 27 1 16 0 20 12 32 0 63 56 45 29 48 9 27 17 69 19 9 6 25 12 34 17 32 88 55 37 0 0 0 33 0
11 80 3 6 3 15 12 6 72 46 115 57 64 40 230 18 129 9 31 100 87 163 81 104 83 16 13 83 0 81 91 44 0 146 79 45 93 46 35 0 25 11 36 43 66 72 72 30 78 45 80 106 48 97 76 134 167 131 67 90 97 113 8 114 165 4 6 96 45 49 67 88 57 6 33 59 76 27 95 18 45 9 34 25 39 72 24 60 52 28 157 37 96 113 61 0 19 64 124 20 20 0 58 82 49 135 48 10 109 35 43 123 83 61 177 22 85 0 68 84 76 0 77 35 101 63 127 53 99 88 20 100 112 86 39 103 23 122 103 49 69 26 28 50 130 51 52 108 71 79 0 187 18 0 48 49 99 30 144 106 48 66 32 207 82 35 141 63 42 53 12 18 27 178 152 12 71 157 97 81 153 37 42 48 0 90 110 99 48 47 93 127 103 16 27 8 98 11 36 52 51 14 35 76 51 113 0 0 27 115 32 78 2 97 64 101 103 134 77 142 8 50 110 67 12 135 25 199 53 57 21 31 0 162 95 105 13 0 137 28 49 132 20 60 33 49 50 105 0 56 181 38 47 180 0 95
51 28 27 6 9 91 54 0 82 21 66 38 66 10 46 58 35 74 0 89 90 55 56 68 0 0 101 93 12 40 62 24 0 55 0 79 0 102 0 0 88 32 12 58 0 0 28 0 44 36 102 16 44 39 156 27 4 149 54 56 66 45 2 91 56 135 6 50 63 38 64 0 0 56 46 32 0 51 120 7 70 76 18 3 45 0 0 62 41 32 121 40 134 0 68 31 14 37 82 0 40 0 66 70 4 42 47 41 118 20 38 145 48 96 220 0 9 2 0 64 25 45 0 42 3 118 90 24 15 37 0 57 39 66 28 44 0 0 24 63 23 15 110 36 85 60 0 45 114 37 32 76 0 32 98 9 93 62 49 92 124 36 0 81 71 87 54 135 41 38 49 0 23 18 81 0 42 99 0 206 98 84 48 56 38 31 45 128 19 24 30 30 24 53 64 54 24 5 40 8 103 50 0 20 32 57 48 28 91 49 32 36 8 92 118 3 70 158 78 123 37 72 18 9 10 49 0 109 78 108 0 77 28 16 39 14 8 20 168 85 9 122 50 40 85 201 0 28 101 45 70 6 121 0 54 43
59 115 64 124 55 62 45 6 34 173 178 68 40 52 124 28 17 44 25 96 36 109 114 48 24 42 128 84 3 121 99 12 171 28 42 105 2 0 177 62 167 155 85 10 38 67 24 18 72 17 200 104 62 44 28 122 0 37 138 72 50 317 32 30 25 28 74 0 9 77 99 131 41 100 135 20 42 39 8 18 82 70 77 71 24 33 30 0 35 69 32 16 0 137 139 12 24 17 48 95 65 54 46 76 0 6 59 7 45 111 106 0 99 89 38 56 59 9 4 92 76 0 58 54 60 48 138 38 20 52 20 27 65 26 79 0 147 93 30 54 59 69 37 95 107 45 88 96 69 17 0 4 54 99 187 89 28 35 105 165 68 54 90 56 117 44 80 24 0 6 0 20 0 43 18 68 47 48 60 178 50 129 38 121 106 144 206 178 54 35 0 220 32 85 86 166 172 48 74 97 30 4 134 91 96 0 55 64 35 10 108 30 24 0 91 77 105 73 84 115 24 37 36 72 8 48 104 0 72 60 27 81 14 24 175 0 65 10 130 24 63 65 55 47 38 0 20 0 78 99 88 15 101 0 0 0
36 112 71 22 26 5 24 50 54 36 24 119 110 0 96 60 52 82 6 141 12 18 0 53 47 18 82 108 16 0 147 54 0 34 104 8 112 40 63 53 31 40 72 15 96 123 15 36 33 42 0 55 27 135 84 12 137 8 64 36 142 0 8 12 181 69 108 124 0 68 21 36 57 6 22 8 51 4 40 99 60 0 72 18 22 0 80 18 26 106 61 12 26 44 0 113 67 37 0 48 54 0 36 60 26 64 93 68 40 68 12 30 44 218 0 82 66 25 131 0 0 28 72 42 185 72 144 0 62 4 95 91 19 64 32 12 28 61 125 78 70 78 132 41 134 0 30 37 2 20 52 10 12 0 97 28 125 118 65 38 20 0 82 90 80 49 110 30 109 0 64 68 107 39 61 5 60 216 42 30 132 56 12 68 54 108 56 89 41 30 0 7 180 176 48 102 38 0 0 3 34 0 84 90 32 78 0 56 3 22 64 6 7 56 50 68 54 78 6 0 142 18 0 28 43 65 4 148 161 24 54 123 98 14 155 89 76 45 102 32 209 10 62 125 96 0 2 7 23 122 85 18 86 8 24 24
66 108 8 80 27 24 54 110 111 2 90 50 0 124 18 64 10 34 0 83 63 15 126 6 104 19 34 5 0 56 36 6 59 20 36 16 81 32 93 52 28 101 0 108 88 9 17 0 56 153 36 18 43 31 0 159 0 88 45 15 60 86 31 28 48 67 50 39 27 12 0 43 84 90 51 24 69 46 0 102 53 48 24 108 12 27 97 55 56 144 12 66 107 18 0 4 61 27 133 75 0 18 67 0 0 45 64 72 75 18 111 72 0 0 18 16 35 15 87 45 149 119 128 159 36 77 0 54 84 0 21 32 0 45 28 43 27 18 36 0 173 66 44 75 21 65 63 91 0 16 72 40 0 81 106 28 0 81 12 6 0 15 8 61 81 74 26 27 0 72 90 54 56 12 0 0 44 72 24 29 24 31 2 14 64 36 42 30 48 40 107 22 6 193 0 73 191 0 13 30 38 17 24 35 87 0 0 26 36 114 66 61 23 34 43 22 109 40 0 72 38 0 143 88 42 88 27 58 60 72 94 78 27 40 174 78 12 72 38 27 0 117 150 0 59 113 9 66 27 0 0 0 34 101 14 30
117 35 259 66 96 48 68 94 119 113 22 72 58 6 110 0 15 93 0 121 0 47 174 28 14 8 114 23 8 89 72 108 54 0 54 0 173 99 25 45 122 48 34 60 107 68 20 8 15 157 42 28 81 44 147 70 84 0 98 70 186 115 94 173 16 105 49 107 22 90 60 37 78 114 45 117 60 50 64 138 213 40 72 54 0 8 233 18 96 166 20 45 141 36 0 35 6 28 12 41 60 0 163 46 10 59 95 12 134 170 56 32 163 21 28 32 115 6 126 77 15 84 12 164 69 82 28 45 0 24 93 35 5 32 108 0 22 45 111 10 99 111 108 237 158 118 20 93 27 23 0 0 99 34 146 15 42 62 48 149 22 20 30 60 87 36 54 21 63 100 0 30 30 82 100 35 21 72 54 29 14 0 48 93 130 88 45 50 42 70 85 102 58 203 45 35 71 10 98 127 56 0 174 16 0 158 45 40 57 0 56 152 32 81 51 16 98 6 79 159 71 55 183 27 88 9 59 45 99 75 27 42 128 63 67 40 0 16 300 12 88 100 76 52 123 46 5 12 40 14 0 130 232 0 51 27
153 69 70 46 79 81 58 64 66 57 140 62 27 8 63 70 47 3 54 114 45 0 129 74 35 0 171 12 21 171 90 53 9 27 0 72 114 26 88 30 0 158 8 89 120 12 82 77 109 0 58 14 103 58 41 96 32 28 107 62 0 99 144 78 164 28 66 14 12 30 107 82 108 60 0 80 85 13 117 58 170 81 9 109 8 76 41 79 69 70 2 24 72 14 66 16 75 69 94 14 21 0 0 0 0 30 85 93 42 30 54 72 12 39 63 26 108 39 14 6 104 11 52 24 54 95 102 0 187 93 27 36 15 27 11 44 33 89 0 41 72 0 118 88 149 49 10 40 15 20 21 80 0 8 102 90 133 70 10 112 53 0 14 58 90 59 58 89 81 0 110 62 35 130 0 0 19 96 48 4 134 64 74 139 7 45 69 58 36 39 89 48 87 43 0 0 188 5 34 39 59 16 79 21 209 83 0 35 70 56 68 32 77 97 8 119 64 33 109 72 54 6 70 48 27 19 18 61 15 150 66 53 153 97 232 146 16 84 56 6 55 232 104 144 25 104 92 96 20 44 63 0 19 155 59 0
159 170 48 43 63 68 44 133 37 132 52 89 142 94 41 24 0 90 125 48 42 87 16 24 48 0 97 42 42 0 41 79 100 12 0 77 106 75 45 144 132 195 67 54 10 12 0 36 72 68 80 77 5 35 158 7 0 115 36 21 88 144 57 21 82 28 108 52 115 0 13 0 151 45 74 72 248 14 101 8 27 84 17 151 25 63 30 99 139 99 58 45 136 29 72 136 71 25 35 0 48 0 27 27 46 60 132 78 206 36 0 21 163 187 24 12 88 30 128 63 174 110 12 105 89 64 111 56 66 59 26 59 63 24 167 75 0 66 67 52 12 61 11 255 48 108 0 6 63 51 0 0 41 79 72 113 55 103 147 125 5 30 12 69 99 93 147 150 54 3 54 0 75 37 40 0 36 12 123 101 86 0 21 48 7 45 41 86 38 61 0 54 64 12 15 18 66 62 126 127 43 119 0 160 91 15 36 54 27 28 48 45 24 82 7 10 0 69 36 0 207 0 51 6 57 42 49 37 94 164 95 14 101 0 130 70 2 0 0 138 28 153 6 78 159 4 123 30 4 35 48 0 60 174 42 72
134 212 54 46 237 93 58 0 0 107 160 46 6 128 115 0 167 234 144 5 105 258 58 36 85 82 133 28 64 213 90 115 37 139 45 62 32 40 41 40 154 148 134 18 28 60 9 48 99 107 59 110 19 46 84 154 87 60 66 61 76 98 105 111 106 42 70 54 134 38 0 63 50 83 110 33 70 130 122 34 189 110 50 64 81 16 71 110 151 18 71 4 168 0 18 27 72 63 137 84 0 6 101 164 35 38 144 93 101 16 120 36 68 27 93 194 61 2 113 112 62 117 142 31 109 18 113 0 209 135 118 4 49 60 78 152 126 80 10 19 107 45 41 91 36 133 8 103 95 67 0 112 0 69 110 39 67 40 180 36 48 53 18 85 85 36 28 21 42 58 54 44 45 18 114 4 171 16 110 38 84 104 216 91 164 24 22 24 92 130 35 96 62 76 41 112 119 0 136 40 108 63 158 110 104 59 183 0 24 126 48 26 10 38 70 136 99 134 84 81 18 48 53 21 131 68 123 100 170 146 32 0 49 142 119 61 98 81 67 149 39 66 89 89 73 202 127 24 9 82 44 81 96 72 46 23
182 43 142 48 94 42 76 25 62 15 135 72 66 120 29 49 51 58 129 98 28 7 40 68 33 0 144 86 43 43 108 57 41 133 108 0 53 108 0 115 72 53 2 16 37 56 30 40 28 73 50 3 75 86 45 105 45 54 252 13 85 75 82 93 69 83 63 119 46 104 70 48 118 21 196 52 38 105 103 53 181 12 66 76 30 0 95 42 35 159 94 47 102 5 43 140 78 66 77 12 12 0 94 12 70 83 100 60 39 32 81 38 139 119 86 4 107 5 57 93 110 101 12 33 117 18 148 111 33 73 0 61 54 47 140 67 38 129 136 66 56 162 77 120 172 46 28 75 94 21 135 50 27 42 182 52 42 108 74 27 87 50 64 108 101 141 97 14 20 38 36 130 63 163 144 0 93 10 0 123 49 8 42 100 106 105 18 120 40 8 9 42 41 133 98 101 27 28 69 145 8 34 54 24 12 149 104 32 119 48 28 154 20 140 78 24 183 90 108 100 183 0 179 2 121 54 32 105 71 138 146 28 106 77 131 101 51 33 163 103 61 75 129 66 129 82 61 80 82 54 178 52 41 58 94 18
156 86 83 61 8 67 3 67 18 132 91 78 16 64 113 8 16 80 71 0 33 28 87 24 46 18 84 25 49 103 151 64 40 6 139 0 76 111 92 102 73 205 89 48 56 47 26 37 72 107 91 118 12 30 193 10 40 138 15 81 0 53 79 59 177 16 0 0 0 0 42 123 186 30 35 61 100 51 42 35 194 70 119 38 24 14 28 42 62 21 51 9 26 110 32 133 65 83 46 0 98 0 79 98 73 125 40 56 0 36 33 36 39 179 78 106 53 62 64 135 96 0 67 48 80 14 108 4 54 181 99 41 24 34 134 134 88 80 25 98 43 109 40 72 167 64 71 27 0 48 0 0 70 62 57 36 56 132 176 138 60 153 125 50 126 78 112 57 77 62 32 79 73 64 43 54 72 36 156 0 80 58 144 131 119 85 40 106 126 70 98 19 42 88 54 146 87 32 71 28 18 60 63 48 74 39 49 142 12 10 24 79 0 21 63 130 0 15 5 0 9 63 52 0 24 117 68 40 39 96 6 84 45 41 42 64 78 14 0 141 185 28 112 89 10 0 104 0 48 32 105 33 139 40 73 0
150 116 20 38 54 66 78 0 10 165 53 59 50 69 17 137 13 153 66 105 145 70 0 47 0 28 186 36 2 56 76 56 47 57 14 0 35 4 24 18 65 55 98 77 28 36 1 32 143 24 53 54 64 66 114 7 42 49 21 32 50 186 111 82 12 8 64 16 93 102 65 77 139 124 120 28 194 144 98 62 67 53 65 7 13 12 121 89 159 22 5 33 36 90 49 24 58 58 75 7 50 65 22 90 97 49 94 78 96 47 10 32 71 10 26 5 42 56 60 106 12 53 24 87 125 40 136 161 56 150 7 19 115 15 43 70 39 0 36 126 22 70 0 43 13 104 0 45 64 40 32 63 38 0 123 49 20 77 91 55 20 69 11 36 33 0 70 78 54 32 0 9 29 77 0 30 67 35 20 74 148 83 117 50 26 24 21 39 8 46 67 138 0 63 93 45 60 12 33 16 72 76 10 100 89 16 50 49 91 112 40 7 77 90 51 51 32 120 56 32 95 9 35 16 157 54 0 7 122 19 81 113 52 66 73 114 8 28 94 70 96 24 102 87 132 95 12 51 0 24 148 87 78 141 0 45
71 22 25 80 5 142 19 0 102 61 44 36 26 7 143 0 47 67 35 136 21 126 31 22 235 51 17 104 26 52 56 63 49 75 105 35 4 63 74 8 107 27 21 17 0 49 80 63 104 53 51 109 1 123 131 95 95 99 105 81 35 76 123 14 0 55 0 70 52 51 73 68 72 36 95 0 27 146 63 121 87 14 0 78 44 72 42 0 4 29 3 0 24 102 0 104 84 98 21 53 17 75 147 99 52 10 156 22 30 30 34 7 119 90 88 125 89 21 79 52 139 25 133 32 94 18 106 56 2 31 71 0 15 66 45 5 53 143 44 155 40 96 0 97 53 9 77 105 144 14 164 66 21 77 16 93 104 116 105 77 51 74 87 6 15 0 117 156 50 0 71 98 15 148 35 0 209 88 115 98 40 48 86 0 35 115 178 59 1 30 73 12 16 75 27 67 117 34 39 28 108 45 84 108 16 55 91 28 5 63 20 118 87 70 49 92 90 36 5 95 298 0 101 0 56 0 0 105 183 29 82 21 20 22 177 0 5 72 66 18 0 63 0 15 79 119 0 96 52 119 98 29 21 68 49 0
82 150 0 21 71 27 56 72 25 30 121 18 73 42 24 51 114 57 0 146 0 63 0 47 102 0 20 88 27 24 8 141 35 122 12 0 129 67 24 25 7 221 0 110 0 166 27 68 30 51 121 0 97 15 92 60 45 195 12 32 134 2 130 31 136 118 63 0 30 15 77 15 44 57 34 17 74 128 37 102 18 126 150 5 147 50 41 15 33 72 72 21 28 61 78 8 90 18 20 28 14 45 32 5 54 71 176 0 72 21 7 20 0 201 36 73 126 0 45 158 42 37 30 0 101 102 144 115 67 195 70 112 8 63 112 5 28 25 60 41 54 141 0 104 77 54 89 71 68 97 0 102 18 8 63 96 73 0 0 0 123 84 0 30 63 0 18 188 7 6 112 67 15 40 126 209 34 32 51 57 0 105 24 108 15 75 96 109 35 109 40 0 96 12 16 68 63 6 54 0 6 23 15 34 85 40 8 76 77 0 56 45 15 35 44 58 46 123 68 7 44 0 75 0 14 61 127 2 123 191 35 35 144 48 79 108 76 45 51 88 0 81 20 18 26 147 26 30 136 76 16 40 27 0 36 20
0 39 66 50 201 25 54 54 25 24 102 127 70 66 50 41 69 88 94 110 51 97 79 48 4 57 178 54 34 139 21 91 1 22 98 12 0 17 0 0 70 20 45 119 16 84 0 57 137 61 35 9 11 0 8 28 45 0 13 70 18 0 269 16 141 8 0 32 18 114 64 173 42 84 41 0 60 39 83 87 89 127 64 28 35 0 24 0 48 52 24 33 62 48 59 81 37 78 94 0 8 16 0 129 83 36 148 104 108 98 62 35 19 34 6 69 57 86 73 137 144 77 0 2 57 135 122 23 18 87 45 58 74 50 72 69 6 90 106 28 75 26 37 37 51 37 11 82 45 0 48 66 54 55 15 32 99 118 57 69 15 0 11 51 46 12 48 20 205 86 0 28 3 85 160 45 78 173 18 15 71 29 86 37 121 69 42 98 72 89 24 31 30 64 28 203 108 16 39 4 36 51 46 128 21 72 0 95 51 144 12 101 184 58 57 141 14 28 67 0 73 108 69 21 98 6 21 0 18 0 76 28 6 54 91 133 55 79 86 105 33 32 9 93 89 154 19 17 135 32 205 17 6 73 82 44
129 121 60 49 70 68 117 68 42 61 132 183 18 95 89 79 0 46 84 31 45 55 0 23 69 0 57 28 90 50 113 117 158 51 72 32 133 54 21 16 0 278 90 27 86 33 259 36 55 19 72 133 9 3 107 69 26 35 66 68 14 90 176 43 50 56 21 6 5 80 138 30 320 47 135 12 161 43 59 51 77 135 0 53 9 87 123 26 137 108 53 0 32 129 83 80 12 116 6 16 18 71 67 152 54 96 23 44 40 0 109 39 86 164 83 153 0 40 66 51 120 43 130 0 244 51 24 122 0 184 56 105 120 52 21 42 52 14 196 45 88 112 24 119 146 68 66 203 155 27 21 36 93 2 224 122 64 70 131 57 42 200 9 51 133 109 19 24 27 51 81 44 84 88 78 54 69 87 40 181 56 42 151 66 45 12 30 48 0 91 135 80 16 99 107 74 84 1 140 0 76 59 56 0 17 72 12 116 51 24 141 62 83 73 35 197 117 4 78 154 72 24 75 90 162 89 204 33 48 159 16 166 59 36 95 173 138 89 40 216 94 120 189 18 103 129 97 71 0 112 102 15 123 80 36 32
11 66 9 136 24 0 24 0 81 6 5 24 72 63 81 9 0 0 0 81 25 5 30 72 72 0 14 27 49 51 56 30 0 0 48 8 24 44 0 0 27 6 19 47 81 0 49 25 9 24 50 77 3 38 48 18 0 0 0 48 36 30 49 102 0 7 15 32 0 0 22 18 0 28 86 153 10 30 9 50 27 12 0 0 0 91 22 0 7 4 130 2 51 40 16 54 69 35 0 45 45 45 33 60 0 20 78 67 0 24 28 100 109 36 90 31 36 32 0 114 120 0 54 0 38 9 25 18 15 0 25 0 130 27 0 15 48 80 114 30 12 3 13 67 68 35 36 0 70 0 3 0 63 48 5 28 36 12 9 158 0 15 26 0 54 15 16 58 163 20 0 2 40 55 84 6 109 48 32 25 36 1 0 54 35 25 56 27 52 5 20 85 2 47 51 72 44 0 62 23 41 0 56 0 84 81 64 20 28 0 24 64 0 6 9 33 0 34 29 79 3 80 0 54 0 6 78 92 0 84 74 80 5 21 86 0 14 63 0 3 36 0 22 0 63 72 6 0 14 50 107 160 144 56 16 2
2 82 6 16 73 0 0 122 30 2 122 37 0 92 0 16 0 72 32 48 91 40 24 0 0 0 56 54 0 39 52 22 4 4 0 18 16 48 84 16 86 8 34 49 0 10 30 36 62 109 2 8 20 0 46 36 4 94 36 0 18 0 41 26 52 22 0 30 0 8 75 4 42 111 30 26 46 0 24 24 63 171 18 36 24 26 54 48 28 104 12 49 66 12 0 11 36 60 21 4 0 0 56 60 4 4 48 13 23 48 118 140 0 12 26 22 0 20 36 46 189 109 24 4 35 28 29 22 6 54 8 22 20 48 24 73 17 56 29 35 121 20 57 100 24 0 22 57 127 18 0 58 12 10 25 16 92 90 21 81 6 0 2 57 18 27 28 0 87 51 0 0 16 24 14 26 4 217 34 0 16 26 20 0 0 0 11 0 32 45 112 15 14 116 42 78 54 6 4 0 0 5 14 52 61 46 20 10 6 91 64 0 72 59 135 49 48 8 60 36 37 107 12 24 124 12 16 25 0 78 19 66 0 36 168 50 72 71 51 48 8 70 66 0 0 104 4 50 0 48 14 22 18 38 0 69
16 0 19 2 92 26 4 6 45 74 7 65 36 82 14 0 10 52 12 15 20 20 36 28 4 56 25 0 0 57 16 60 77 34 0 26 12 30 0 20 40 20 4 12 32 18 8 36 19 82 20 28 0 12 51 12 0 0 55 0 98 35 21 40 12 80 33 0 24 0 6 28 79 0 0 0 17 44 8 27 13 46 14 28 4 0 0 0 0 0 18 10 65 23 0 54 15 29 24 1 24 0 0 0 0 25 52 0 33 4 12 36 50 9 59 10 92 37 24 0 8 0 82 0 0 0 32 10 0 4 0 0 8 38 109 27 27 16 0 36 74 27 0 66 24 8 18 0 0 0 0 54 2 78 14 12 4 24 6 21 0 16 0 39 17 37 12 35 5 0 48 12 0 0 0 16 84 8 9 25 40 32 0 6 31 47 14 24 12 50 83 9 16 30 0 20 27 0 0 0 56 30 55 52 14 0 7 16 0 0 0 33 20 34 0 80 8 0 0 28 36 4 0 6 32 0 0 0 49 16 69 14 0 32 0 0 34 24 9 4 5 2 30 88 2 32 0 28 4 32 14 2 12 25 15 36
95 21 60 23 63 20 63 12 51 72 81 6 10 60 49 0 63 18 0 112 0 36 86 0 45 27 39 89 0 8 0 16 15 15 0 0 18 6 0 17 43 48 48 8 24 0 47 2 0 36 72 45 135 51 6 185 30 89 0 0 0 0 27 86 0 30 63 24 81 57 26 37 18 12 0 6 64 86 54 0 16 19 54 21 81 34 81 0 0 143 0 24 15 45 24 6 107 81 0 0 3 90 9 48 76 7 72 84 26 18 0 0 22 64 56 68 9 0 0 80 63 4 40 0 36 59 70 48 0 0 24 54 24 0 41 3 0 20 0 45 3 70 0 0 80 63 20 3 86 0 45 48 0 0 64 45 6 0 0 8 0 0 18 9 120 85 0 0 14 3 0 0 1 0 0 54 12 0 0 111 24 22 0 33 24 0 26 41 18 17 0 88 63 0 8 24 18 37 43 0 0 16 40 0 72 5 0 21 2 6 116 31 0 27 3 63 45 11 77 32 32 0 0 3 6 0 2 0 45 53 91 35 0 27 35 49 42 48 12 0 76 0 20 36 21 0 32 19 39 54 0 62 9 15 54 0
48 87 25 69 16 0 177 10 76 42 74 16 52 18 6 0 7 63 37 105 7 4 88 5 72 7 21 180 74 16 98 44 77 6 17 27 30 30 32 12 13 52 64 4 28 60 55 15 45 70 16 87 43 20 18 5 80 100 132 3 59 92 49 34 26 32 75 9 44 83 43 0 46 14 37 5 116 46 0 18 24 79 45 36 154 64 28 0 10 2 195 24 4 75 48 119 176 14 33 44 9 0 5 4 57 97 83 68 104 58 64 99 107 32 67 73 75 42 73 25 87 66 0 6 36 46 37 132 9 92 30 53 12 86 126 64 57 86 126 59 31 48 36 0 99 105 0 57 244 6 98 0 27 4 123 59 6 112 21 87 13 72 0 52 6 32 32 33 99 20 8 9 121 124 0 57 24 0 68 109 55 33 29 0 77 48 35 61 4 66 9 42 0 16 21 176 111 4 40 32 32 0 98 65 96 34 48 21 16 18 45 109 89 105 6 27 24 80 75 20 12 78 78 30 118 12 77 73 33 102 109 103 21 9 87 30 72 16 57 13 80 5 27 84 20 20 57 57 10 0 28 91 192 153 30 2
84 82 54 13 44 37 69 33 44 22 93 42 78 72 103 48 0 52 66 8 18 122 108 8 69 0 65 48 72 45 51 33 167 59 0 88 80 16 0 75 112 143 12 7 0 0 5 0 42 181 56 76 42 87 6 9 41 54 123 10 305 130 8 14 25 148 120 122 69 4 64 12 92 0 77 26 71 6 56 0 110 140 52 52 0 41 156 8 16 32 54 16 54 109 0 120 15 66 32 8 42 0 34 5 2 0 142 64 41 0 0 27 108 66 2 77 122 40 84 9 40 72 75 96 70 72 60 233 28 52 120 36 7 49 172 77 0 52 173 51 90 100 89 87 99 30 54 132 80 0 50 86 81 81 80 107 49 59 32 0 3 76 0 69 65 83 60 39 41 14 11 86 49 96 16 15 85 68 0 118 95 4 27 24 4 97 99 108 125 85 65 0 126 121 135 56 60 0 0 48 29 29 54 84 40 34 39 10 48 20 176 59 28 64 64 10 43 70 10 57 34 0 47 0 49 24 91 97 159 104 127 15 57 22 62 51 14 37 40 105 12 71 63 7 52 81 87 87 9 163 18 9 28 40 97 62
1 62 45 0 84 52 83 60 20 0 187 49 31 0 24 0 16 0 28 50 123 170 90 0 107 24 0 45 91 44 89 36 36 56 0 18 77 14 35 15 52 98 4 27 47 117 12 100 12 42 81 9 49 14 176 0 48 128 6 110 20 123 49 68 75 47 82 25 8 28 76 42 54 38 2 16 0 78 148 136 39 122 28 15 33 0 14 0 87 68 49 42 37 56 0 51 0 106 0 40 96 63 78 70 54 0 57 54 6 0 0 7 95 0 8 90 115 0 102 121 168 36 9 90 81 4 128 84 0 65 0 18 33 0 74 0 142 148 51 53 110 182 40 0 45 41 134 49 120 54 64 54 43 32 13 44 154 59 70 28 51 140 32 11 40 69 80 58 114 11 28 30 4 76 105 28 70 90 125 137 54 68 111 52 0 21 164 18 20 40 88 60 27 54 133 0 135 15 42 44 0 0 88 37 15 95 7 27 19 46 132 16 102 48 83 78 90 24 72 68 86 56 0 34 81 25 77 0 136 0 8 36 49 20 26 0 0 35 110 35 45 64 62 38 0 0 48 50 40 0 83 72 82 28 24 36
78 145 6 106 40 117 210 40 61 115 76 104 106 6 132 205 33 60 6 53 64 109 18 13 149 5 90 228 89 95 111 7 174 73 30 163 74 0 63 171 83 172 114 58 49 41 158 53 144 42 137 93 14 10 20 129 66 261 139 87 73 155 170 30 6 0 0 80 3 117 310 0 47 77 199 92 199 109 114 149 112 51 157 8 18 115 104 114 145 55 112 118 34 152 144 98 18 69 146 10 24 51 127 132 144 21 184 9 101 22 82 61 58 85 76 54 116 63 119 100 82 114 112 14 200 129 89 153 78 135 4 167 213 27 24 180 23 109 105 102 76 163 89 328 142 124 74 45 277 20 128 46 84 0 233 169 75 195 21 32 78 156 53 80 3 134 30 169 17 16 58 67 160 42 62 25 121 66 27 56 119 89 146 146 105 8 21 270 48 33 178 93 132 254 202 147 236 56 91 113 91 101 51 42 95 175 133 19 70 132 88 218 148 229 82 8 80 173 121 253 184 101 134 74 99 124 79 50 153 229 52 97 90 23 241 67 79 137 56 136 37 226 149 10 154 202 60 9 8 89 65 0 226 117 96 112
75 64 190 12 47 121 135 78 31 67 166 103 46 36 78 0 0 78 43 74 4 22 137 37 89 13 137 100 55 39 145 8 0 4 27 52 9 194 122 27 42 139 59 130 69 72 49 36 6 58 63 93 113 76 81 63 19 157 87 62 71 80 42 50 18 166 57 81 67 24 59 85 226 24 129 8 161 3 109 45 89 143 163 71 68 54 76 45 167 15 48 45 50 128 62 20 56 54 75 24 14 24 142 82 72 85 126 42 80 31 7 11 8 50 109 104 136 48 71 102 148 61 0 75 15 90 20 63 20 219 24 8 97 132 48 42 43 24 115 11 117 91 50 196 75 102 16 121 9 19 121 2 89 50 243 138 40 84 65 52 43 58 96 36 32 66 17 145 84 111 43 151 135 169 42 0 63 34 71 151 0 40 107 22 105 47 100 48 110 130 15 29 31 134 105 45 53 58 175 110 38 108 71 15 38 84 58 39 183 0 51 46 78 28 19 163 149 73 75 6 255 0 68 98 112 15 0 106 48 140 18 16 7 51 200 197 122 16 128 33 115 29 160 77 59 175 24 27 34 42 88 45 160 9 9 30
0 85 6 16 19 36 0 6 11 59 45 7 100 21 161 54 72 60 124 69 88 92 96 16 144 0 0 67 0 42 88 8 103 26 126 112 46 43 36 0 34 141 45 30 24 78 35 8 27 112 105 55 88 4 28 78 135 18 64 9 147 95 2 77 101 64 24 154 63 13 80 54 42 6 111 8 59 49 4 66 42 21 80 114 21 16 98 58 72 95 46 48 22 104 14 100 138 70 79 102 59 15 69 50 40 39 90 4 73 35 95 18 152 18 44 6 22 57 102 81 243 3 30 40 113 38 56 44 83 40 51 68 79 8 70 21 66 127 119 58 136 51 63 131 106 10 83 60 27 47 11 62 20 103 89 51 144 113 184 20 10 96 70 89 92 65 77 3 15 79 10 57 144 32 27 50 79 66 66 107 30 14 10 46 39 48 0 154 104 82 51 51 10 54 59 62 141 7 10 20 9 80 33 107 70 125 41 35 69 28 72 84 25 116 41 9 92 57 51 144 143 24 61 22 53 12 36 69 126 56 12 36 54 16 128 13 0 64 14 64 114 6 98 192 95 27 3 67 26 48 27 54 62 63 0 42
111 9 97 70 94 39 26 80 20 120 34 45 27 9 61 0 0 18 35 54 13 9 0 139 48 55 81 46 54 76 83 90 61 30 101 19 60 35 0 1 0 0 49 20 95 3 54 24 42 0 1 20 6 25 96 0 122 27 91 12 20 53 66 127 24 26 45 26 79 16 24 4 60 8 82 95 62 94 79 0 110 35 6 24 35 14 84 14 192 114 115 0 66 62 0 34 64 44 52 12 40 0 9 8 0 2 32 14 27 15 50 56 15 101 76 19 36 16 87 32 71 109 0 0 46 35 0 50 0 24 63 0 42 78 19 36 191 35 68 34 0 80 88 60 153 27 24 43 167 16 0 0 34 32 63 85 70 112 110 136 90 110 15 22 99 4 6 27 57 18 18 46 235 24 73 50 209 81 18 45 66 16 81 160 105 68 68 48 27 47 36 32 21 102 65 15 54 0 25 0 110 33 114 66 61 79 51 0 29 61 0 103 46 98 0 114 26 84 40 89 83 98 124 65 121 9 40 50 103 87 63 85 91 76 31 37 62 16 160 54 26 86 94 28 18 101 29 39 9 25 39 30 167 89 34 25
60 69 14 35 0 0 49 12 2 55 0 79 80 75 30 44 87 42 30 64 0 28 7 6 168 37 4 39 73 8 0 13 112 47 0 27 9 15 14 63 46 120 0 36 32 99 157 56 45 0 7 21 36 22 34 50 70 24 27 0 27 49 76 138 0 21 158 0 33 27 0 0 76 10 32 2 23 49 80 0 56 83 83 72 88 56 48 40 32 68 110 49 50 0 69 65 12 0 24 24 42 28 24 49 171 15 56 44 0 0 42 24 78 87 32 94 28 4 111 0 34 117 90 43 67 78 77 107 35 161 44 92 0 16 7 30 42 27 82 3 0 64 67 28 8 6 15 193 179 24 67 88 42 0 102 90 0 63 0 6 101 134 135 73 35 56 0 20 9 0 80 201 216 0 42 56 96 26 21 0 43 75 50 131 63 21 64 52 92 0 7 56 7 2 36 8 133 0 0 42 59 56 35 21 0 76 30 13 3 0 63 219 80 49 31 24 114 35 82 0 116 63 49 0 100 14 7 61 123 6 60 82 54 0 0 204 60 9 42 36 40 122 40 14 75 105 2 139 0 28 7 10 98 103 53 36
48 102 67 0 32 27 87 72 16 72 99 127 41 54 31 36 63 60 36 85 153 27 78 36 140 4 130 0 42 102 113 0 41 36 24 60 31 124 88 25 101 124 151 38 123 42 69 16 40 59 49 4 142 32 293 48 72 122 16 0 20 39 103 0 106 24 46 9 0 43 156 0 145 68 55 16 72 34 14 0 56 196 176 77 8 62 58 30 68 107 87 64 85 118 0 8 64 35 77 28 70 90 36 48 0 72 31 102 68 109 29 40 45 21 135 128 85 0 42 84 49 18 32 42 166 30 42 16 54 88 22 36 91 68 72 134 217 42 60 65 45 193 128 64 210 90 96 190 169 26 0 59 24 158 54 79 10 88 141 141 77 0 40 6 58 60 12 86 24 24 14 58 42 132 0 36 56 120 85 173 98 104 100 6 148 137 198 42 33 74 32 38 40 76 108 16 109 8 0 130 6 84 125 24 173 36 32 35 156 40 134 0 51 90 110 31 20 72 30 51 163 120 50 58 70 44 0 17 207 63 21 12 30 90 63 120 48 21 55 30 0 64 96 9 10 126 39 62 6 52 117 26 21 24 8 56
30 12 76 0 18 30 32 83 62 105 100 170 257 72 0 13 45 24 64 9 0 47 63 99 40 6 58 18 0 0 62 0 30 96 16 118 54 120 24 59 95 135 48 18 180 105 104 20 65 40 0 126 116 0 58 0 96 54 81 128 0 86 30 24 24 0 30 126 120 0 152 46 152 0 40 0 152 74 33 32 158 110 28 98 0 0 168 42 154 26 28 92 42 0 28 70 44 65 100 36 172 0 0 56 15 122 94 63 63 2 12 72 58 34 0 10 24 20 0 120 143 78 0 20 20 54 0 80 18 91 35 10 39 144 84 24 81 0 28 0 0 95 43 0 20 0 0 72 32 0 0 0 26 0 58 118 47 4 86 150 124 14 15 86 56 102 52 66 99 18 0 12 105 72 61 0 97 43 20 116 16 34 0 106 0 22 0 0 66 6 71 54 81 133 0 4 70 46 6 0 84 110 16 15 44 72 4 48 100 24 28 6 31 95 26 120 0 60 0 81 0 16 32 16 32 8 0 90 45 91 122 64 83 0 40 100 117 24 83 24 81 0 111 92 0 28 32 18 12 45 81 0 20 30 0 122
114 63 101 162 113 20 12 52 201 188 144 173 53 83 30 25 56 66 87 36 0 53 116 46 64 0 6 0 65 49 117 64 1 44 0 36 97 107 84 157 56 68 97 55 16 23 200 72 129 17 40 90 42 34 159 118 41 68 67 223 12 67 48 41 6 49 0 155 54 0 36 21 36 54 166 25 92 1 104 78 0 87 28 120 157 68 240 32 148 137 61 96 72 50 4 114 30 65 20 0 198 93 79 26 133 77 155 63 125 83 24 103 132 0 60 105 28 16 154 68 215 97 121 156 135 75 63 159 61 136 81 30 23 6 4 93 63 79 0 156 79 171 1 215 143 99 110 48 42 30 0 0 18 50 86 102 70 82 104 74 119 86 41 166 67 61 25 36 93 115 96 45 121 0 72 72 90 82 30 90 8 154 95 124 45 24 63 55 110 78 105 39 47 26 88 44 100 109 101 60 67 4 36 81 36 129 91 89 12 10 64 69 60 78 1 24 64 0 33 42 178 0 148 77 106 36 48 40 0 24 40 125 49 16 8 111 6 0 113 63 149 142 67 63 90 56 42 106 16 0 80 65 50 8 27 24
122 36 15 22 63 97 30 9 66 81 67 64 51 2 9 22 62 46 20 74 30 110 0 23 124 0 0 24 51 57 43 8 30 25 21 0 36 0 0 31 16 128 22 11 36 61 15 79 10 33 0 82 120 87 139 127 26 64 41 47 27 61 51 85 54 39 112 92 121 58 59 70 0 8 33 0 86 84 59 7 53 32 8 73 81 24 114 21 93 8 43 28 82 16 1 38 11 155 32 5 96 72 54 44 132 153 146 115 67 24 0 8 111 23 16 49 24 13 0 6 80 0 18 100 48 48 0 34 49 90 39 8 24 94 24 27 0 10 27 47 42 75 36 45 146 64 34 153 2 29 47 47 60 0 49 53 16 48 14 78 109 16 32 20 163 89 92 6 7 50 4 69 34 107 5 4 56 4 13 8 56 42 16 72 20 80 52 45 72 76 20 113 78 8 9 14 106 70 6 32 3 45 0 88 32 184 0 41 41 0 6 0 0 7 12 112 114 119 1 40 98 7 38 39 28 29 3 139 107 53 16 7 30 81 20 118 8 27 81 21 36 72 64 74 0 68 0 54 28 3 44 60 26 27 72 36
99 72 37 55 25 18 101 153 93 35 80 45 72 70 18 77 69 51 68 44 47 225 5 16 84 10 101 45 21 74 24 5 82 15 43 78 76 1 44 13 52 104 36 4 95 14 50 22 64 143 111 41 22 32 54 82 48 48 47 86 136 203 197 77 17 3 72 101 16 70 116 54 63 59 104 0 72 107 0 182 152 42 24 27 24 78 62 90 35 36 80 27 46 108 42 21 174 28 12 97 12 60 34 9 61 102 152 43 27 25 153 6 64 72 36 52 64 6 65 61 18 83 141 64 136 40 153 54 57 66 101 20 0 40 44 89 105 61 16 102 0 110 82 114 84 0 26 102 63 12 0 40 20 8 142 54 161 63 9 9 22 110 52 9 37 17 34 54 127 2 36 36 72 6 27 0 83 84 174 67 80 10 42 108 84 0 55 125 71 81 111 48 6 114 48 54 73 5 48 0 65 98 0 75 47 46 1 46 10 42 103 31 16 241 38 34 105 148 10 78 76 124 156 69 71 3 28 99 58 61 147 136 32 0 119 55 30 135 45 84 0 98 23 72 239 90 74 84 84 81 30 92 148 80 0 9
100 17 164 32 58 49 126 10 19 66 5 75 84 81 36 8 50 44 0 5 0 118 140 0 72 10 59 31 0 52 0 3 72 106 85 59 35 2 0 9 12 96 27 30 56 72 88 101 25 12 124 46 108 10 78 25 0 53 94 102 140 189 43 68 20 40 27 21 111 22 150 0 50 19 0 35 0 27 27 0 34 59 31 118 40 54 72 12 53 92 0 132 0 134 10 127 101 43 82 78 122 40 88 73 11 45 43 9 10 22 110 72 249 21 115 22 118 30 0 78 54 0 107 7 87 42 38 2 0 42 0 9 21 56 68 72 72 11 6 97 10 132 40 255 177 13 54 144 86 81 16 96 6 60 123 60 8 19 54 70 54 74 54 156 18 69 24 64 45 85 36 43 1 73 140 9 39 16 48 144 34 0 0 87 91 93 7 155 135 21 111 5 39 42 12 2 27 0 24 12 8 8 164 45 44 63 0 24 192 30 74 13 0 75 13 32 139 65 88 38 50 0 137 7 0 12 7 0 44 45 36 15 40 98 19 56 0 76 58 0 49 45 15 72 64 3 65 71 48 40 2 0 77 66 18 78
9 173 0 68 75 107 63 0 12 227 144 88 67 82 0 72 6 84 168 17 144 40 0 0 0 25 63 8 76 49 62 17 0 5 15 73 0 27 36 18 0 82 71 56 39 82 85 25 39 28 45 27 68 35 87 184 72 50 0 30 0 35 34 10 82 0 63 0 54 67 84 0 93 49 138 22 75 45 30 9 81 42 0 0 81 27 33 9 60 89 44 0 64 48 5 97 64 0 16 45 128 135 20 4 33 66 53 81 0 84 79 36 135 0 6 64 85 64 0 86 36 11 53 25 83 52 0 63 0 99 9 42 98 48 0 32 12 113 9 0 132 135 9 27 153 81 45 97 27 59 0 81 78 124 80 54 0 99 196 55 26 123 0 47 0 24 14 18 95 178 40 84 43 108 29 64 116 92 70 64 14 68 101 76 100 135 99 102 8 5 6 18 14 109 0 181 54 0 44 8 63 64 38 85 90 0 123 0 34 60 9 42 40 51 20 28 16 22 32 65 114 33 79 0 107 117 94 26 117 92 103 0 27 0 116 93 102 0 38 39 110 2 31 45 91 119 69 72 8 112 219 103 0 42 75 0
22 108 0 42 81 135 87 7 38 109 8 18 77 90 59 63 109 132 14 40 0 40 78 60 30 58 55 21 0 46 75 30 90 0 64 8 4 53 71 0 21 0 88 0 18 36 4 54 34 113 0 33 283 77 12 26 152 69 35 3 49 13 59 44 136 56 81 127 84 12 0 42 0 12 92 27 128 70 99 65 49 69 56 0 28 3 24 103 42 75 0 21 75 28 0 10 7 24 57 0 141 36 45 74 27 36 49 148 56 41 41 0 35 47 42 20 8 56 92 28 32 0 30 14 0 0 51 0 36 34 0 36 3 60 25 78 21 81 70 30 181 107 82 45 18 40 24 48 81 0 15 56 54 63 81 57 40 204 126 157 87 28 67 62 0 6 140 0 18 18 10 26 62 0 0 85 100 58 32 71 0 47 33 65 91 36 133 8 28 56 49 0 2 35 0 8 66 16 24 28 0 25 8 149 87 76 35 0 153 43 6 59 25 0 96 48 32 10 91 77 136 0 19 3 28 15 42 6 84 0 58 0 142 0 128 73 37 32 72 81 81 54 53 93 81 86 56 55 0 42 12 103 0 153 37 72
15 119 90 40 145 47 157 87 15 157 34 66 82 83 51 63 83 138 49 0 110 135 71 75 89 63 24 144 48 35 16 52 86 20 98 69 99 47 36 6 35 215 66 46 78 17 171 108 11 68 115 46 18 111 76 182 63 104 27 19 71 27 66 140 72 94 165 130 102 123 44 168 160 69 102 50 119 76 72 75 42 124 45 123 80 27 137 37 64 212 43 63 53 45 101 75 180 74 42 54 5 37 15 104 158 0 157 164 47 69 75 2 103 111 52 96 65 45 127 88 123 52 89 15 75 94 106 42 69 17 126 79 127 61 72 7 54 135 223 44 55 63 120 82 245 71 45 197 14 47 72 90 35 137 177 163 53 8 211 32 49 27 58 87 25 7 18 100 7 147 16 0 17 81 14 5 0 26 115 106 70 89 61 68 105 98 30 142 149 195 19 63 74 0 67 96 104 40 90 6 123 0 76 104 94 80 39 95 121 64 104 66 63 29 40 114 245 127 102 28 93 45 24 60 72 115 27 6 28 72 123 33 56 148 95 106 104 57 42 142 83 217 104 146 62 71 166 33 46 97 66 32 71 91 53 66
4 110 24 69 104 60 11 96 118 59 140 163 101 37 83 18 57 74 0 78 22 16 57 21 30 16 74 27 0 0 78 24 24 94 42 83 43 36 117 80 94 36 26 62 6 39 68 84 111 30 24 3 132 23 87 47 18 129 54 22 93 28 27 18 0 83 76 134 3 81 191 163 170 66 127 119 75 125 0 43 0 146 12 53 116 97 131 15 25 18 116 46 108 12 0 10 54 22 112 0 54 59 125 97 91 47 50 0 108 33 122 64 117 18 18 28 101 28 92 66 106 71 22 37 82 54 0 0 0 83 4 63 83 51 194 0 18 28 39 24 24 73 78 23 16 65 68 18 42 15 0 12 6 23 319 213 124 43 12 51 54 9 45 12 0 49 48 142 40 57 27 54 62 111 39 70 152 77 75 80 10 142 93 50 23 14 37 151 59 0 39 20 41 81 64 69 104 82 49 66 86 49 46 173 21 108 35 48 103 45 5 206 125 14 12 52 83 32 129 52 196 2 151 80 36 41 97 7 36 26 86 39 0 0 110 170 93 6 50 93 72 83 90 45 90 58 30 116 14 128 12 96 0 70 39 146
84 264 0 97 10 104 78 6 25 136 0 61 45 84 30 49 103 119 108 38 6 86 64 37 46 1 67 70 7 0 91 14 95 16 86 117 84 93 56 56 91 82 65 51 42 100 100 115 40 88 193 27 98 49 0 18 108 120 55 72 155 35 61 24 0 0 71 20 78 71 33 4 10 42 95 11 51 50 16 28 28 41 98 77 100 99 54 98 81 114 36 25 0 20 10 107 142 86 3 4 53 31 0 173 43 23 146 37 154 4 65 14 19 49 35 128 72 40 120 109 136 34 119 4 3 112 82 109 27 49 54 96 161 48 40 49 17 20 24 42 99 12 67 120 81 78 108 54 149 0 48 138 60 177 47 52 21 130 74 58 91 105 4 54 22 16 140 97 86 14 47 43 40 42 0 72 116 159 14 86 145 63 36 69 22 0 56 145 32 74 136 38 117 33 68 48 30 0 24 24 59 30 30 7 73 78 106 18 49 32 54 187 36 43 78 36 42 0 198 76 112 8 54 13 57 28 0 1 168 47 3 60 36 0 46 56 38 107 24 75 126 38 104 56 8 92 0 6 16 114 36 52 78 173 19 54
58 168 16 35 48 37 214 6 25 106 193 98 121 175 121 94 140 63 0 117 63 121 52 60 62 28 94 137 0 30 134 84 79 118 51 31 83 77 63 6 49 21 160 46 37 36 73 48 47 33 35 33 101 12 91 76 42 40 157 30 28 63 77 38 106 4 118 34 60 83 81 30 58 4 95 24 42 90 28 93 79 107 28 6 32 115 41 16 40 70 68 63 25 57 29 151 7 23 16 71 65 71 110 24 38 138 0 44 48 14 14 216 197 51 1 0 126 45 0 114 87 58 170 33 94 25 115 80 80 94 66 12 57 72 103 25 122 73 14 115 47 162 80 114 86 141 29 90 131 44 49 46 45 0 107 141 130 130 82 18 5 63 144 79 37 182 117 69 33 53 71 32 87 106 12 68 209 16 8 125 55 138 96 116 113 158 80 53 53 80 92 95 38 90 110 132 102 9 111 39 34 56 27 45 43 72 93 105 33 29 54 57 38 81 36 93 85 109 38 147 55 69 16 113 14 0 62 91 122 64 83 173 0 70 101 44 5 48 20 150 88 5 134 46 119 5 51 94 83 128 117 64 62 39 63 39
38 110 16 4 24 76 48 59 53 95 190 79 115 0 89 16 160 75 166 8 50 168 63 54 8 18 114 55 0 36 125 43 66 72 173 200 52 152 69 24 147 18 40 86 41 5 53 24 53 108 68 61 123 51 76 90 169 56 187 65 80 12 36 9 53 58 16 140 80 62 10 72 130 28 150 82 56 17 104 8 107 38 20 111 0 104 28 166 97 7 63 18 52 40 15 76 4 108 73 18 54 9 120 86 87 52 135 76 59 18 115 0 54 45 124 54 96 24 91 75 125 100 95 28 141 32 129 6 138 55 26 71 30 54 78 68 45 42 71 46 2 31 92 168 6 25 0 63 33 0 60 52 0 20 75 30 18 17 85 73 114 89 38 65 56 44 62 65 50 15 16 107 133 92 47 0 107 112 39 56 52 133 142 34 75 82 4 98 85 1 85 76 166 62 96 52 36 4 167 0 41 49 15 19 104 48 130 0 12 51 57 162 72 100 44 48 90 67 70 150 129 0 60 4 132 44 25 24 39 85 89 53 113 0 104 23 49 104 71 109 15 104 74 113 42 128 18 73 48 50 70 28 139 9 42 101
129 106 102 148 144 76 130 0 50 85 48 81 16 27 102 20 40 105 92 103 151 151 95 35 76 121 112 22 35 192 85 42 95 36 77 52 26 63 0 2 41 97 44 89 79 40 7 93 63 50 0 72 93 61 71 53 85 142 74 39 127 189 52 87 75 66 76 114 150 60 30 14 75 73 171 24 24 221 42 70 179 185 56 1 22 40 80 96 182 64 77 3 107 45 14 97 48 80 40 54 33 6 48 99 35 16 196 8 6 43 123 10 81 0 81 42 113 16 86 79 84 47 40 51 122 117 29 103 35 108 69 0 87 66 101 92 15 120 21 18 98 86 0 71 68 92 45 132 3 82 85 182 0 35 42 51 80 47 8 64 128 76 56 25 95 0 72 60 115 90 61 55 90 91 66 18 227 184 54 74 65 106 81 38 14 44 184 17 74 8 73 57 76 49 5 55 0 0 0 0 127 25 103 117 75 21 98 30 63 300 53 182 82 29 28 161 95 111 24 117 78 1 63 25 113 74 70 74 167 69 0 0 47 40 30 167 71 59 129 58 66 91 116 126 130 174 6 85 20 75 53 149 38 87 53 42
154 98 115 22 37 38 102 20 73 27 30 94 69 90 8 12 3 14 36 41 0 4 107 37 55 8 32 49 48 7 10 20 71 36 48 83 17 15 36 84 3 32 57 24 0 6 33 52 66 12 46 90 77 99 58 16 80 82 27 46 37 18 30 67 5 18 29 62 60 35 9 99 91 8 72 0 26 73 75 15 48 123 0 30 0 9 68 48 39 72 49 3 7 2 0 162 75 0 27 0 66 42 16 38 43 30 154 53 10 9 8 8 164 44 72 22 81 29 70 35 67 28 41 12 74 20 28 44 0 28 63 18 6 56 14 58 0 32 54 86 88 36 39 168 8 16 16 32 125 0 34 1 61 4 9 132 8 32 76 82 30 14 65 78 30 27 62 45 61 4 14 20 9 126 50 0 84 4 18 108 36 45 28 54 9 0 18 0 108 0 10 0 46 24 28 13 7 34 72 20 92 7 16 44 38 7 18 44 0 0 14 84 53 27 32 53 65 38 0 51 23 0 47 4 86 55 0 87 18 66 56 0 65 8 1 66 24 69 14 42 110 52 4 66 24 40 105 55 6 56 95 32 34 42 0 22
4 7 110 16 206 43 77 11 38 76 135 2 70 146 36 37 88 0 16 10 0 123 130 0 63 5 103 20 59 175 120 77 47 48 28 16 111 48 46 72 84 14 74 85 32 9 39 166 42 54 7 20 90 29 65 87 66 58 5 72 8 80 248 77 156 4 94 20 24 15 159 39 60 57 59 0 74 73 72 90 90 81 50 48 50 16 78 3 0 13 34 51 86 16 21 59 83 0 67 0 115 9 15 212 87 44 91 0 71 123 39 78 17 48 56 96 145 0 65 16 45 128 137 83 112 25 100 4 56 37 7 28 0 102 96 89 20 45 0 42 111 93 0 112 54 28 84 148 46 68 0 130 0 80 44 0 66 90 76 92 114 80 113 30 41 57 102 48 93 115 48 109 61 52 52 35 40 58 84 72 25 28 135 86 3 0 45 24 29 48 162 148 66 16 4 52 46 4 15 3 19 95 79 144 135 94 16 0 28 95 93 41 136 160 65 99 30 9 91 122 34 90 56 42 0 35 119 72 31 52 155 89 0 44 59 56 176 3 45 54 56 117 32 58 97 77 44 168 30 32 0 79 36 114 15 28
87 225 52 169 102 116 140 100 44 63 120 32 72 176 141 28 88 57 14 47 24 72 51 0 9 4 92 50 61 73 66 46 22 48 136 9 104 55 90 76 90 151 66 54 64 4 168 79 100 60 118 86 150 13 45 31 64 138 123 159 89 53 102 82 18 28 0 37 18 76 96 0 131 48 142 114 155 10 247 0 73 102 140 115 107 28 112 30 84 130 78 100 66 62 54 44 198 27 111 215 60 24 151 166 143 43 76 76 132 128 101 54 59 57 101 90 118 59 174 69 73 134 304 40 0 66 51 63 88 117 144 81 85 17 145 135 196 104 164 63 168 134 56 46 165 11 54 123 178 41 96 16 0 32 66 180 72 79 53 44 100 227 28 109 3 99 108 44 0 33 4 56 66 63 67 30 95 54 125 152 20 17 119 134 192 54 85 45 5 135 71 44 6 48 2 141 133 24 64 34 53 14 108 51 72 113 27 15 148 27 81 81 259 126 189 40 42 0 80 95 66 72 26 71 132 45 259 76 128 197 68 141 48 89 146 32 47 119 118 51 111 180 123 0 41 114 132 57 44 144 0 41 271 128 105 123
97 98 16 19 163 68 93 36 9 71 74 95 0 138 87 17 21 101 56 118 63 166 31 14 106 69 81 106 112 97 195 30 13 36 68 11 34 77 94 81 52 45 100 76 109 72 142 123 60 60 28 33 120 59 184 64 44 54 25 101 118 36 243 52 60 85 69 101 102 41 76 24 158 87 117 157 164 102 64 69 93 71 76 58 108 112 49 36 78 72 114 151 28 48 30 31 273 20 157 118 150 15 87 60 79 20 88 20 97 171 72 204 202 41 141 36 113 27 109 83 66 72 191 85 230 62 27 0 31 141 35 19 88 102 46 100 128 107 103 100 17 225 40 153 179 142 111 69 220 0 14 152 73 32 164 84 104 16 138 110 93 73 76 30 67 42 32 138 85 0 53 68 157 36 90 0 247 6 57 133 64 74 87 66 77 64 146 27 54 12 61 72 98 63 0 42 90 32 112 64 89 37 150 116 227 0 93 100 192 40 68 135 113 73 0 114 25 125 53 87 97 0 91 135 33 58 136 128 52 157 126 71 70 8 243 150 87 20 5 105 76 78 143 133 162 203 21 29 9 85 77 193 162 163 18 116
48 89 15 76 134 80 75 14 5 175 144 78 95 106 43 71 76 105 11 75 14 33 82 42 10 84 60 56 21 44 194 48 105 39 15 12 41 99 0 22 57 63 14 51 29 112 162 25 44 31 97 15 134 0 24 7 62 87 84 72 80 0 106 0 63 56 0 106 69 46 71 0 49 30 91 14 101 119 144 75 42 111 40 10 0 25 20 59 121 16 61 0 50 12 34 0 52 73 18 12 54 18 16 16 96 89 90 129 78 63 20 36 56 56 40 83 78 11 72 93 40 36 90 0 46 37 11 32 2 123 0 84 74 139 97 120 95 91 47 15 44 91 55 118 147 103 40 74 85 7 53 72 27 4 87 48 33 88 94 54 36 46 0 56 20 109 42 14 60 4 112 2 85 24 59 0 128 22 57 28 102 0 5 56 72 54 21 104 40 49 18 40 16 15 24 8 81 0 78 32 56 44 88 0 9 144 84 32 113 20 0 104 65 112 7 129 80 34 4 89 36 6 7 48 0 0 0 64 159 116 9 53 75 5 85 63 69 48 73 103 121 9 174 72 30 68 60 14 58 72 49 57 101 33 88 36
54 30 52 42 66 0 53 0 44 46 28 16 28 0 54 47 80 56 21 115 35 8 53 22 56 34 105 81 8 48 52 91 30 54 32 48 0 26 46 21 0 44 20 105 12 24 5 0 102 8 3 30 118 42 42 68 6 28 188 44 12 140 53 14 82 15 5 72 37 47 26 102 18 14 73 0 18 46 4 9 35 24 0 0 15 3 50 20 46 24 95 0 33 54 0 8 119 46 153 37 36 0 38 92 36 161 15 72 124 8 84 59 102 0 31 48 48 4 52 60 71 95 21 16 72 66 0 58 35 117 21 108 39 54 73 62 29 52 0 36 44 18 12 8 21 80 41 123 54 15 42 4 28 40 115 21 22 125 87 42 59 54 26 29 119 76 95 20 24 59 24 46 74 137 90 0 70 2 46 82 192 31 88 18 32 110 12 48 20 10 26 125 4 2 32 97 134 53 66 54 30 0 111 44 27 37 81 109 43 52 40 54 82 68 8 82 118 118 18 98 32 0 67 38 52 32 39 171 56 0 96 120 45 0 76 76 68 45 56 63 51 28 99 21 34 130 32 92 137 6 141 0 134 90 0 8
93 45 99 72 70 63 15 15 61 7 22 29 84 7 56 1 42 0 6 33 21 65 0 132 24 0 81 33 91 25 0 73 0 101 24 5 132 44 64 43 0 2 16 39 56 24 21 5 94 29 32 82 16 67 82 24 88 9 155 72 122 116 38 96 18 97 14 86 45 38 14 8 89 53 75 101 46 118 78 167 118 0 63 0 6 0 100 6 50 72 63 0 50 0 35 18 73 42 41 9 0 26 99 98 34 0 5 69 49 0 8 12 109 138 70 65 94 66 29 88 65 28 119 144 115 15 0 61 0 8 39 0 142 44 62 36 36 41 54 78 4 81 118 41 139 57 77 7 9 6 28 0 53 63 108 87 169 0 0 9 97 142 118 54 119 56 48 19 179 5 25 20 49 94 63 4 60 77 85 88 68 2 42 96 45 97 104 71 4 43 8 5 44 127 91 0 14 66 40 16 47 27 0 9 4 95 125 0 51 0 74 73 20 238 33 44 97 54 125 86 156 69 149 3 41 39 9 65 12 154 26 113 92 139 62 129 35 46 167 54 34 69 76 56 73 45 8 31 91 9 61 145 52 4 20 4
27 98 42 40 30 105 30 46 8 18 10 94 0 60 50 0 0 10 40 8 18 130 8 0 142 21 105 23 15 5 112 12 8 0 8 126 32 85 48 24 98 0 78 132 14 20 103 93 81 60 0 27 0 0 147 39 0 54 50 24 58 17 117 21 0 124 45 6 77 67 72 85 39 2 113 38 139 85 48 0 37 99 122 39 28 106 35 0 88 0 20 22 58 0 10 140 13 0 0 0 6 14 47 66 93 0 15 4 128 52 69 25 82 57 64 92 121 1 2 58 88 70 87 100 80 121 76 63 34 0 0 35 6 63 72 27 48 92 29 86 6 34 12 93 24 7 64 78 106 32 116 4 0 88 79 46 0 32 126 0 44 25 0 24 38 15 120 173 72 68 0 178 117 24 46 0 64 52 0 100 18 129 140 18 50 33 42 96 87 31 120 0 78 66 70 152 6 0 24 86 101 96 42 72 92 0 113 42 121 0 0 83 19 35 56 13 68 137 16 63 250 0 15 38 67 0 94 144 112 10 12 15 69 14 22 85 28 28 0 40 37 23 70 15 35 137 23 8 76 58 96 16 61 24 32 102
135 51 36 80 4 54 51 80 6 30 45 50 24 119 98 14 10 119 60 34 24 78 0 82 4 74 36 12 49 7 113 86 76 72 3 14 12 36 71 166 56 36 92 126 58 0 92 32 121 34 91 88 51 16 124 58 109 0 52 134 120 36 67 34 33 72 56 99 72 57 95 59 98 4 0 45 84 29 16 0 17 27 104 34 95 74 201 0 37 9 48 62 16 0 18 111 56 46 50 0 0 15 29 190 66 24 42 7 158 11 0 8 126 93 50 10 80 0 24 163 76 122 155 40 90 24 27 14 6 14 87 30 249 130 55 39 0 36 0 72 12 42 0 36 29 5 61 99 26 28 0 0 48 0 194 139 16 53 90 60 19 110 32 114 35 27 133 114 0 8 0 36 35 115 0 19 82 54 61 94 28 62 50 92 13 137 142 0 36 38 20 91 38 61 6 0 32 8 60 75 114 93 32 64 0 66 41 72 58 26 79 84 47 86 57 2 95 101 64 47 125 64 77 0 38 64 18 8 57 96 59 123 50 112 53 56 0 21 68 42 56 56 40 42 74 89 33 52 40 69 27 29 18 97 7 100
56 52 138 23 113 52 160 24 6 142 84 67 15 49 102 81 107 140 28 24 87 49 12 51 100 49 33 0 36 71 68 48 46 98 145 34 173 24 18 12 37 31 27 47 77 6 67 67 0 30 7 28 162 58 113 77 0 32 77 38 148 96 27 27 32 86 40 98 24 44 42 13 21 37 124 3 68 106 30 131 12 133 80 31 30 87 48 3 81 87 11 6 87 61 5 32 30 0 3 18 98 128 249 92 71 96 66 35 56 78 47 42 147 0 8 136 136 18 28 101 8 8 149 143 310 100 0 77 9 60 30 0 69 76 79 66 64 12 47 28 21 131 16 152 104 23 84 92 62 32 47 0 27 57 9 54 157 12 93 6 52 61 54 16 101 39 122 0 54 49 90 112 63 145 50 12 110 51 75 144 63 119 116 20 15 125 32 56 82 41 87 0 32 97 80 26 66 55 24 16 73 0 129 79 101 75 99 24 26 0 84 46 30 178 60 60 157 52 63 81 186 69 83 99 95 12 51 148 51 55 64 12 0 71 99 40 137 6 12 105 35 18 65 91 108 120 9 99 72 24 130 60 194 22 9 42
89 87 57 35 7 190 55 25 102 146 74 27 48 83 8 44 10 87 47 37 0 54 64 132 82 0 9 10 46 32 77 22 0 94 57 14 36 68 49 45 63 76 30 5 28 38 16 64 107 89 58 59 32 58 68 52 64 95 104 16 129 85 32 70 26 85 33 139 150 121 148 0 73 102 113 10 40 78 59 9 87 147 51 77 0 5 113 18 119 52 126 64 64 7 84 40 0 8 59 0 53 20 34 33 53 169 113 52 40 0 45 10 41 77 35 23 36 9 24 130 16 51 67 68 51 10 65 112 39 6 0 0 70 114 67 16 114 23 40 70 100 100 22 68 31 52 56 82 173 46 68 71 64 101 402 36 54 21 0 72 153 32 70 89 40 58 70 18 26 32 0 61 72 134 40 0 48 10 20 54 81 16 39 56 35 28 106 100 0 137 77 0 0 114 60 0 9 16 0 84 40 23 101 79 10 104 30 8 203 45 56 122 0 36 92 185 15 47 43 84 42 24 68 49 104 21 0 74 90 63 32 51 70 123 18 81 32 0 55 69 110 74 169 51 18 28 27 67 28 93 110 22 2 42 27 92
0 144 36 111 22 67 135 0 61 52 0 23 12 0 130 15 80 73 80 117 117 56 5 0 85 40 132 151 16 36 101 29 64 45 0 81 44 92 2 4 20 90 16 0 11 58 1 40 64 3 137 60 107 61 108 95 112 229 22 108 2 12 62 14 55 11 20 60 54 52 65 0 117 77 68 45 6 105 5 93 116 19 54 18 69 25 0 123 56 4 91 16 26 72 52 0 79 33 64 32 39 0 47 113 31 101 70 17 25 2 9 18 4 90 36 66 69 0 36 75 51 40 0 14 135 40 49 24 40 221 0 106 78 44 32 107 3 162 15 0 58 18 81 41 0 126 7 73 21 45 42 204 6 0 83 12 48 7 35 66 92 77 0 0 74 12 35 8 0 73 32 0 27 57 0 25 91 53 15 83 88 145 101 20 8 56 68 54 13 20 88 93 57 16 61 82 53 23 0 30 63 4 24 31 66 102 116 64 0 11 8 92 0 32 7 56 40 58 85 8 8 46 38 48 62 137 56 103 86 27 45 0 51 24 57 125 39 34 54 84 66 148 72 51 97 229 55 66 48 16 135 178 114 0 0 52
125 74 15 59 72 39 64 14 142 96 50 3 42 95 56 62 58 144 0 94 75 101 60 0 89 0 47 41 23 87 18 26 24 79 25 6 33 1 35 54 59 158 14 25 0 51 12 69 60 42 40 90 84 0 14 33 8 122 67 12 67 202 40 149 24 101 19 15 33 27 116 18 0 37 78 72 71 140 92 68 73 81 123 7 59 35 30 79 147 26 0 13 36 0 109 17 42 15 10 88 6 59 101 64 5 9 98 49 38 21 0 32 80 17 99 98 30 54 32 42 24 0 100 47 28 48 55 48 25 69 28 66 71 28 61 37 10 35 38 73 67 128 62 48 128 62 88 113 193 45 98 60 42 86 104 104 98 60 75 27 32 44 90 29 65 33 134 98 45 19 36 51 13 73 63 141 143 36 27 66 7 133 69 131 83 13 28 47 8 33 114 42 14 63 31 40 56 42 36 56 76 0 112 36 94 70 32 37 22 83 4 66 20 18 122 68 62 115 105 67 193 18 10 16 22 18 141 7 189 91 31 0 28 7 60 37 147 38 84 35 55 164 70 12 0 63 8 42 8 99 16 40 10 23 47 64
42 22 15 28 26 82 13 0 7 4 0 22 12 25 148 12 42 48 10 101 50 11 135 0 214 12 2 14 84 33 6 35 4 42 10 0 11 0 36 45 55 28 6 12 28 49 43 68 44 93 15 6 14 18 57 16 62 53 16 5 20 25 82 65 46 18 34 35 12 16 68 12 4 71 65 44 85 90 0 63 123 69 24 37 0 40 157 59 62 36 52 142 74 30 2 51 25 35 40 37 131 30 36 92 76 21 39 38 15 32 116 38 182 0 46 79 68 24 121 10 54 44 30 90 8 72 43 81 52 52 0 9 39 0 32 12 0 24 51 23 36 70 30 68 106 91 30 4 70 3 13 30 117 0 18 36 68 82 54 96 115 72 57 6 0 72 30 37 36 115 8 52 24 28 20 29 36 50 33 63 114 0 30 0 26 69 26 0 82 63 80 47 69 44 27 24 36 24 54 0 0 1 0 6 35 41 28 41 51 25 72 28 84 40 35 25 80 56 30 4 43 45 0 23 79 28 46 24 68 32 28 107 63 15 76 39 28 73 36 15 12 43 48 70 24 107 65 3 0 0 38 66 34 23 70 36
63 69 15 139 87 39 0 56 54 86 194 0 54 45 65 0 48 9 38 0 100 51 59 8 42 63 71 14 35 16 90 54 18 0 54 77 16 89 154 0 42 53 0 0 21 0 54 51 0 24 24 46 159 56 99 18 0 87 108 38 77 89 35 88 4 31 32 12 24 72 94 72 22 0 0 56 4 90 44 56 96 3 72 28 0 46 53 114 5 16 45 6 45 52 6 44 68 56 72 42 30 69 93 40 4 0 39 39 0 30 72 64 112 0 64 6 117 0 0 66 161 0 72 14 0 4 49 12 0 112 2 0 55 92 185 54 41 98 9 0 39 46 38 67 102 0 20 0 112 31 56 0 12 31 119 199 56 48 0 114 49 71 135 4 38 66 36 171 92 26 83 25 40 117 0 0 294 18 32 143 45 72 23 4 131 48 43 27 0 0 0 5 15 39 13 105 65 24 96 84 104 76 137 0 162 89 91 97 64 0 9 73 71 27 42 114 100 54 0 72 99 38 77 0 0 6 64 32 20 0 142 32 0 12 83 72 44 42 16 27 152 0 0 81 62 0 92 56 0 0 22 52 99 56 54 119
0 10 100 12 79 108 0 45 56 123 48 152 56 12 38 33 113 2 45 25 49 68 70 77 18 0 31 2 31 72 8 119 42 28 196 0 39 12 22 12 23 93 19 60 12 36 93 69 2 32 36 59 32 27 24 15 87 0 6 21 61 27 105 10 58 0 48 128 41 0 16 44 96 9 127 99 46 44 18 63 72 63 9 40 103 96 85 88 31 54 0 12 48 42 42 92 62 26 128 66 92 6 36 86 59 24 44 71 72 4 11 54 73 75 27 73 48 0 8 48 82 71 68 25 54 95 27 47 82 29 24 13 10 74 96 0 21 32 159 27 69 54 31 136 39 74 71 77 15 0 0 52 63 23 18 111 48 85 142 126 132 33 87 18 12 2 76 28 55 45 61 0 0 81 66 15 48 80 0 5 36 49 68 0 63 32 16 11 85 4 54 0 120 0 0 41 25 52 27 6 102 1 62 48 0 77 28 0 23 39 0 174 8 34 29 99 93 8 96 56 110 54 81 0 42 10 30 42 24 0 74 24 72 56 36 126 112 81 33 80 18 30 53 56 76 70 32 148 26 16 15 89 93 12 126 8
145 59 73 54 30 15 51 78 68 0 103 14 39 72 109 16 123 51 66 18 126 174 30 30 54 18 16 7 63 115 112 108 18 24 6 12 96 33 8 33 4 140 26 4 34 19 29 61 84 88 35 41 28 73 126 32 6 145 80 24 33 104 163 72 49 53 16 54 3 12 62 25 2 5 81 32 20 99 12 42 71 56 21 29 0 34 26 16 82 65 61 71 8 18 63 54 34 36 40 22 116 0 89 9 96 153 67 28 56 15 0 177 100 95 8 13 79 0 6 84 99 12 105 30 21 109 175 38 55 8 7 0 22 25 38 58 25 49 0 131 39 141 36 28 64 133 71 40 55 125 36 3 67 12 37 56 86 20 0 36 30 12 97 9 93 9 35 151 48 0 0 20 27 5 72 5 32 0 9 19 0 0 21 5 22 181 65 99 21 27 92 0 119 36 9 39 0 51 76 24 52 0 44 20 62 82 28 40 27 56 99 8 9 3 36 56 52 114 4 29 56 18 40 69 18 9 56 23 81 15 166 54 63 55 1 20 8 46 18 78 52 10 80 1 74 15 4 15 14 87 11 102 52 88 0 28
95 181 37 42 32 56 40 71 115 67 101 110 0 133 57 0 58 110 90 14 36 83 34 0 16 0 6 6 70 51 48 28 63 0 103 59 25 8 32 58 0 126 0 22 86 23 48 0 65 55 94 68 18 20 58 106 57 42 27 42 56 0 42 78 85 34 40 90 10 16 54 0 189 18 18 143 81 6 36 10 25 84 48 101 60 64 169 0 29 48 6 0 4 84 92 117 68 50 93 24 72 24 0 18 52 96 37 48 78 54 18 77 30 0 105 24 20 36 80 91 66 27 92 21 46 49 0 0 104 64 30 48 145 0 42 62 90 53 70 18 0 135 70 126 44 36 48 81 0 30 63 0 85 12 63 36 40 73 113 110 61 34 97 65 100 5 74 62 0 39 14 64 20 79 18 2 52 68 18 38 0 12 40 16 42 56 66 0 69 6 0 20 28 36 6 15 0 96 109 0 0 0 134 30 81 146 0 8 96 0 20 91 206 8 46 16 26 20 36 45 32 0 20 0 148 0 0 50 40 32 77 64 8 0 118 64 0 52 0 0 0 105 70 25 76 129 24 92 0 8 81 84 140 96 28 0
87 56 49 45 0 82 50 129 0 70 0 0 0 0 56 0 4 18 0 38 0 62 3 15 53 16 0 24 48 49 104 8 21 6 22 0 10 0 16 35 75 0 2 66 4 2 69 4 49 73 120 26 33 31 71 0 72 0 29 27 55 131 43 66 0 66 48 7 6 0 3 25 0 29 63 53 81 83 16 57 10 24 9 6 4 49 10 21 111 14 0 24 20 0 62 8 9 16 0 0 0 12 99 16 40 0 29 0 56 0 68 19 107 5 6 4 3 0 7 157 6 121 18 14 25 24 56 38 0 33 0 18 3 108 62 0 0 86 15 27 10 44 4 137 5 8 36 53 42 28 27 48 44 7 0 110 48 6 25 0 2 4 61 10 0 12 14 76 0 16 8 47 0 34 5 0 43 0 0 22 36 0 6 0 19 59 13 54 14 23 56 42 5 32 10 6 31 1 34 72 88 81 96 8 0 0 32 42 8 74 63 38 34 2 0 0 111 66 48 18 87 0 8 19 54 20 18 11 4 47 14 65 30 42 50 9 0 97 40 0 54 0 62 0 2 25 0 3 24 70 0 12 59 21 9 71
147 113 0 0 44 32 40 62 18 121 76 32 15 28 10 96 77 20 28 12 17 85 0 47 3 15 93 11 67 128 16 4 48 40 87 10 37 63 12 60 35 64 89 51 117 23 36 6 49 40 41 37 87 0 88 14 172 67 26 55 9 16 92 9 181 30 20 48 20 94 16 29 44 79 145 66 176 58 107 43 42 55 49 49 18 63 49 76 126 86 58 0 14 106 60 19 95 63 12 58 37 47 42 61 74 7 85 51 8 48 34 56 28 12 7 27 67 65 40 59 44 54 0 0 106 51 101 76 210 45 194 84 30 4 43 35 163 47 112 55 1 56 5 96 88 25 8 93 14 25 41 20 69 2 66 54 36 6 105 41 51 12 38 153 88 33 42 53 41 6 0 47 32 0 54 43 163 85 22 68 132 48 63 87 63 2 18 106 77 89 37 5 54 126 66 32 0 5 40 32 24 67 73 18 120 96 0 62 84 40 197 28 66 45 38 59 18 60 32 111 64 49 13 11 80 3 61 79 69 12 11 45 39 42 83 40 54 50 27 98 131 126 121 185 35 66 64 81 28 112 55 15 83 0 3 10
134 183 24 81 6 80 0 22 17 30 133 81 30 0 4 56 52 93 12 208 56 12 31 36 114 45 121 0 22 18 163 162 20 34 27 63 145 94 30 98 71 204 121 0 48 71 42 24 81 54 75 52 60 35 114 0 72 101 34 48 61 103 173 70 118 30 12 7 60 232 40 0 194 36 18 8 164 117 25 118 81 9 0 24 24 48 99 72 8 61 67 10 19 76 85 0 81 17 51 18 14 52 12 44 63 126 21 77 35 66 0 34 48 139 0 32 110 12 42 54 72 30 26 56 58 76 40 63 15 152 0 4 38 62 66 65 0 32 5 133 78 175 32 53 54 120 0 100 45 39 0 0 0 23 51 0 63 45 152 75 31 54 6 22 81 26 49 29 113 80 56 0 54 124 23 0 63 94 144 57 159 10 84 41 128 177 99 0 0 66 97 7 81 87 57 69 72 34 93 104 48 135 72 123 35 74 130 33 34 64 0 24 23 121 28 119 82 108 14 124 153 74 42 6 93 63 113 84 114 195 136 67 69 54 30 54 86 28 114 24 50 52 121 0 72 27 34 62 47 30 100 118 98 95 151 86
71 140 28 31 76 3 0 49 86 60 87 84 129 97 9 36 11 179 4 12 63 89 0 42 30 27 63 81 65 51 60 118 118 61 95 21 90 82 18 64 138 152 0 190 82 10 72 9 8 54 99 76 36 56 108 12 29 42 79 26 162 20 82 97 0 89 45 108 42 5 66 111 246 38 99 57 124 0 0 60 30 25 0 49 82 49 49 38 104 40 46 28 80 77 63 112 23 84 119 27 32 0 14 60 73 71 84 64 84 79 29 14 65 161 89 68 72 99 96 98 112 121 24 6 111 36 0 72 9 12 55 34 52 24 133 119 47 75 260 84 14 88 12 100 101 75 18 36 145 89 0 111 72 24 35 188 72 6 24 35 0 89 6 27 54 92 41 148 28 9 33 6 72 121 84 76 108 22 45 61 135 75 39 48 45 21 7 46 88 0 71 63 21 71 45 23 106 41 166 121 35 52 21 22 20 71 0 58 97 64 45 106 80 26 58 28 54 30 70 41 196 87 45 40 83 117 56 77 95 54 155 128 32 107 114 84 116 45 60 103 71 19 130 3 7 77 1 123 0 72 90 18 29 146 66 91
94 0 9 4 7 81 22 21 2 0 24 8 0 0 63 8 45 12 0 0 0 24 9 0 0 6 23 84 28 78 72 0 9 9 12 40 25 27 56 0 7 0 0 18 36 0 0 15 20 10 4 0 17 98 27 38 17 72 9 76 0 2 13 18 0 9 36 28 0 2 18 36 45 0 0 7 0 0 0 0 29 0 43 0 0 0 23 0 40 8 0 0 20 0 72 40 32 69 0 32 8 0 0 0 0 0 0 0 32 2 57 0 0 24 0 0 26 0 5 23 0 12 28 8 0 72 0 0 2 27 0 0 9 21 0 18 0 0 0 27 0 50 8 0 24 1 28 0 0 0 0 0 0 0 40 58 0 18 0 54 0 8 23 0 26 18 0 102 32 24 36 9 20 21 0 0 33 0 6 12 32 0 6 8 21 8 100 0 16 8 1 78 9 72 0 3 70 3 6 27 0 93 12 0 109 5 32 21 86 12 30 20 10 13 2 63 0 73 5 7 40 12 28 72 0 0 0 18 0 71 16 16 8 7 4 27 0 104 30 9 27 88 0 72 41 7 24 19 16 0 0 12 0 0 31 0
87 109 5 42 38 30 38 45 52 145 171 65 68 175 59 48 24 141 16 64 63 92 0 38 80 21 14 56 36 9 76 59 30 42 27 19 99 143 61 81 87 120 78 63 34 26 9 61 62 35 133 3 66 3 113 221 18 162 8 9 77 62 34 165 58 5 37 30 24 0 25 0 58 6 37 18 19 50 24 37 93 88 14 40 33 0 98 0 0 162 0 6 52 9 24 0 102 31 47 9 0 14 59 56 14 75 42 56 24 18 55 150 192 81 193 16 24 9 114 48 234 60 125 39 145 10 47 61 77 0 32 21 0 22 63 39 41 172 9 0 109 115 0 145 16 23 72 63 44 34 5 5 4 0 133 0 80 0 78 23 7 108 9 54 188 72 135 21 0 14 209 6 124 14 112 36 24 72 10 151 57 30 16 36 0 15 56 9 15 101 18 72 51 93 34 93 134 5 52 71 75 23 100 57 69 55 63 22 0 12 99 81 96 119 56 44 10 65 109 130 85 30 54 117 92 77 105 174 39 90 0 35 34 45 136 5 2 18 113 14 19 105 139 69 87 173 32 33 21 41 37 48 74 14 21 64
22 134 60 101 50 67 72 108 78 120 102 41 64 14 41 27 115 3 12 40 18 213 41 28 71 18 59 84 21 84 81 0 54 74 58 48 93 18 69 42 81 56 24 8 44 6 123 156 0 87 115 45 127 41 30 113 54 21 105 132 22 81 29 115 8 0 54 84 30 65 102 159 88 28 75 21 22 59 102 171 142 36 0 66 160 49 231 54 18 40 21 0 56 6 159 38 4 27 64 77 123 0 12 56 67 35 56 40 102 35 103 18 42 35 99 46 130 14 142 186 143 148 0 29 197 86 117 98 28 16 64 53 95 30 81 18 14 94 76 58 26 9 69 106 52 47 62 25 147 35 162 50 46 100 131 70 21 0 18 169 176 54 20 0 93 45 119 121 66 0 7 17 9 90 122 0 146 42 117 24 137 84 8 24 90 46 95 132 87 30 100 162 24 99 30 0 149 108 20 49 92 0 72 130 67 128 59 20 0 56 75 137 68 41 91 36 171 36 89 126 83 14 27 162 133 141 14 18 156 72 83 72 84 103 145 16 0 48 184 24 37 171 0 0 104 35 0 48 32 0 98 63 126 96 17 75
93 55 78 23 80 54 8 0 76 2 42 128 18 24 16 4 74 23 6 57 66 123 48 66 30 8 48 24 68 38 0 121 74 100 90 94 21 20 34 18 89 81 24 0 72 0 22 85 84 46 41 41 34 60 99 24 19 103 8 24 50 108 4 110 55 44 20 86 9 14 66 37 115 14 24 1 24 148 56 97 70 136 18 106 72 12 56 63 97 57 8 73 44 36 7 0 52 97 0 0 112 0 31 84 112 28 74 12 88 81 16 36 234 27 0 65 151 0 127 68 72 32 14 32 85 12 89 92 12 61 12 7 18 48 88 22 6 3 80 46 41 45 112 44 40 16 84 84 155 12 24 4 15 30 56 0 31 34 18 118 112 188 0 41 28 64 170 65 12 0 38 64 57 106 0 100 93 14 10 124 48 28 2 68 4 2 39 64 44 63 27 8 80 128 77 0 25 47 16 90 50 29 0 63 45 178 32 15 16 0 140 4 64 38 21 31 85 66 14 18 69 40 114 39 8 7 9 48 73 79 100 98 127 28 24 14 0 0 44 154 12 15 54 27 42 56 48 110 42 76 5 161 1 20 24 16
136 97 5 42 32 111 19 0 17 44 40 72 80 6 170 24 3 54 72 38 0 50 0 56 75 49 17 85 40 36 10 18 45 90 24 30 52 0 24 80 12 73 34 11 16 52 78 2 54 28 83 72 32 16 48 45 0 10 30 44 45 83 28 29 27 72 10 14 64 16 30 32 128 0 139 8 54 77 156 76 50 20 66 43 45 10 20 2 156 78 114 6 58 105 144 153 36 25 169 16 4 71 193 36 66 0 67 10 20 0 92 22 77 160 56 69 44 0 24 9 107 42 111 77 87 14 16 103 0 39 10 77 62 52 85 19 90 72 75 0 43 47 17 78 83 8 42 45 60 0 32 11 54 109 152 179 140 26 114 60 116 16 147 32 64 75 20 72 38 6 22 127 125 114 53 15 153 8 45 91 62 94 137 71 6 8 174 165 9 24 0 40 2 37 108 92 126 0 62 38 29 0 62 2 52 9 158 0 0 25 69 107 110 0 45 16 73 56 0 63 93 0 109 36 6 8 89 0 108 152 10 37 78 55 132 18 8 57 170 78 69 28 6 58 42 84 47 21 9 152 57 12 54 0 36 0
112 82 8 12 12 140 54 110 36 97 62 91 0 149 136 32 0 134 48 102 72 136 111 10 102 36 159 33 27 0 103 107 0 0 31 60 28 8 45 55 48 18 42 106 130 97 24 72 76 32 63 18 141 28 126 104 35 116 60 45 114 40 70 135 60 109 86 25 59 18 44 206 95 45 43 11 20 47 72 132 79 86 56 67 0 79 222 30 87 28 30 8 38 53 21 4 67 53 48 118 0 76 46 118 7 68 59 8 29 81 107 87 164 98 49 27 140 10 71 24 161 100 155 21 139 30 51 96 8 107 89 106 65 61 0 87 54 98 82 40 173 105 48 78 69 42 74 67 14 7 8 90 8 2 234 68 14 71 61 7 16 30 13 20 0 2 78 96 112 96 73 14 30 63 34 9 124 106 64 87 104 102 53 42 48 30 57 32 71 116 16 120 69 154 7 47 161 0 40 118 22 7 75 50 86 112 75 14 86 50 113 90 189 25 136 48 134 38 0 91 137 52 122 37 92 96 91 71 49 102 112 98 108 0 105 148 117 142 14 15 72 142 78 74 187 123 99 40 24 203 70 140 124 4 0 66
63 71 40 19 0 6 92 56 8 47 69 38 18 14 122 89 49 57 96 142 24 149 153 121 57 4 150 155 52 106 71 89 71 43 52 126 44 0 0 22 16 54 44 86 38 32 138 36 81 48 139 31 63 72 44 60 80 98 92 112 10 90 28 96 67 71 121 74 35 0 64 0 102 0 100 26 64 14 104 18 50 36 56 56 101 64 0 81 126 58 49 50 35 152 0 39 18 63 84 0 24 7 84 48 76 24 88 69 68 0 60 65 30 133 97 24 103 6 36 73 90 63 49 44 96 89 120 0 126 64 0 90 45 60 0 109 109 32 12 70 71 48 90 82 143 52 89 12 3 20 54 83 42 72 26 36 29 144 12 97 47 40 16 39 199 117 0 71 0 38 128 136 107 64 93 0 119 104 102 56 44 113 64 81 0 126 161 141 44 0 104 96 126 56 181 93 75 7 28 45 16 0 20 0 125 141 44 8 57 56 72 80 8 57 151 57 35 72 85 121 88 45 54 104 66 66 18 6 105 63 40 64 127 98 66 0 60 75 54 140 69 124 117 0 12 120 0 83 33 67 6 0 96 124 63 9
85 40 0 56 16 33 6 23 0 15 196 73 72 0 42 34 32 0 94 30 36 0 16 0 30 7 138 35 61 95 64 21 36 108 85 12 47 153 26 62 0 91 46 21 32 54 40 138 28 80 9 14 91 46 80 20 30 160 57 11 68 14 74 99 142 64 45 62 36 0 97 47 20 14 48 0 16 31 89 63 126 136 28 16 30 38 43 49 28 48 0 49 4 3 26 71 24 2 20 6 42 0 32 81 63 51 102 35 45 0 0 68 21 45 0 16 59 13 97 133 94 40 80 0 58 46 14 14 84 93 56 18 76 36 102 88 7 94 24 5 101 90 70 105 90 0 99 0 14 68 0 125 36 140 0 68 59 45 28 48 114 42 15 39 126 66 6 110 32 0 55 131 45 56 111 40 66 66 0 0 91 45 42 65 24 16 28 32 39 141 56 54 49 116 44 17 16 0 18 49 45 24 32 56 140 24 25 59 33 16 188 82 103 0 4 59 15 0 0 115 27 74 118 0 15 9 81 35 68 47 15 66 49 63 34 87 0 91 24 75 117 24 109 18 85 16 64 101 41 72 65 6 12 24 37 63
159 157 99 66 4 115 31 93 91 80 44 39 27 178 100 0 37 192 42 86 82 27 27 22 2 0 58 77 9 7 160 58 21 88 67 89 38 70 39 57 121 44 63 58 12 28 30 86 127 141 181 133 72 59 112 85 10 68 23 0 171 100 18 107 168 11 57 31 16 71 47 55 27 41 42 9 102 102 32 66 6 69 18 32 24 28 128 82 94 175 12 43 221 18 0 46 39 84 0 85 102 72 34 100 7 40 35 160 108 9 181 74 150 99 137 18 12 5 179 111 40 80 228 40 17 109 171 143 29 19 35 45 93 47 43 0 30 83 138 88 77 29 28 97 144 78 50 0 27 75 3 36 24 25 39 29 37 197 108 91 48 24 22 24 30 29 219 146 33 56 29 28 89 110 136 5 4 53 126 58 163 0 26 50 81 97 82 54 26 62 153 23 6 65 79 12 198 100 53 31 112 99 81 36 32 55 48 7 135 0 27 9 85 5 72 24 55 85 66 94 82 30 4 18 96 83 27 157 96 69 118 142 104 14 110 45 64 116 171 36 62 34 16 149 43 126 110 58 32 29 22 121 137 134 15 120
18 52 63 80 48 124 8 42 9 114 20 53 16 24 88 24 43 70 16 92 24 55 102 16 26 150 154 16 68 9 57 13 3 4 69 5 0 42 10 24 2 48 31 95 73 34 2 84 38 28 36 44 59 55 95 33 60 96 59 0 14 2 52 94 4 60 0 54 58 62 121 178 84 16 32 40 94 23 116 0 8 4 48 72 58 10 142 0 99 51 12 92 48 76 24 72 18 113 0 0 37 33 14 81 26 45 33 32 45 118 41 4 63 14 55 15 112 17 56 18 115 108 110 68 68 46 50 33 6 26 99 25 159 77 86 9 63 78 21 0 72 67 30 10 78 12 89 42 37 32 0 19 29 122 96 118 7 95 70 31 7 87 18 14 41 0 90 20 31 90 8 32 15 36 68 34 22 42 66 75 64 48 63 14 8 71 145 118 73 90 17 56 83 48 84 112 117 30 18 45 28 46 0 135 58 171 21 24 74 60 87 63 80 24 96 64 164 89 50 8 79 4 0 103 98 58 100 59 124 11 68 100 4 0 112 18 24 33 127 70 65 83 37 0 14 32 4 92 26 54 88 26 54 52 0 12
35 76 0 0 20 38 32 28 4 79 54 42 69 0 54 7 0 0 42 60 35 28 0 60 10 45 109 82 8 60 10 51 0 49 33 42 0 0 15 36 8 24 0 20 72 18 84 76 115 10 80 106 48 53 30 20 45 36 9 52 88 33 44 43 6 77 21 45 79 32 32 49 86 38 155 44 76 94 53 0 62 42 88 45 32 20 56 32 53 3 115 36 181 12 58 16 175 75 75 44 42 63 74 57 61 25 93 37 68 113 59 29 47 60 102 48 2 25 100 153 106 30 0 53 39 193 39 96 31 28 58 61 43 53 28 62 40 126 28 69 0 102 6 89 43 43 7 38 52 48 70 0 44 56 87 0 118 84 35 48 164 63 0 76 40 47 16 53 40 49 30 72 36 64 56 61 7 0 90 68 56 40 50 19 14 18 36 64 0 7 44 29 28 35 164 22 112 20 0 25 28 11 32 98 45 40 102 40 108 94 20 36 53 91 20 0 24 0 58 25 39 23 136 6 87 36 0 62 28 97 14 20 64 40 172 35 105 136 72 128 10 35 83 32 64 11 15 145 82 10 71 83 44 60 7 24
153 90 66 183 46 68 60 60 27 78 119 221 140 70 102 8 83 49 136 39 65 99 110 40 50 0 15 18 0 8 76 53 40 111 55 100 71 118 76 0 62 254 62 16 33 96 90 136 56 86 103 27 118 40 93 179 40 36 47 68 123 126 128 116 30 15 35 139 64 126 125 80 72 74 119 8 161 113 8 52 119 102 49 96 0 190 55 140 27 214 28 0 42 15 75 87 39 45 32 109 20 71 157 45 60 47 20 106 119 105 133 146 133 104 64 27 6 32 104 79 56 15 0 12 124 86 130 54 77 188 35 97 16 98 237 25 70 68 0 66 57 94 108 101 72 38 172 48 8 10 24 0 42 54 71 100 136 36 103 185 65 57 82 49 167 69 211 47 8 50 76 134 164 41 93 64 76 101 54 51 42 56 0 0 60 77 46 56 35 61 152 29 178 41 40 160 68 70 165 34 118 45 95 73 38 93 42 9 39 15 112 162 62 77 38 116 16 98 169 210 115 0 38 64 21 21 168 155 95 144 206 164 20 0 26 252 90 22 37 99 98 76 134 113 127 12 22 137 40 55 85 43 76 33 196 87
64 50 43 18 142 87 72 6 42 49 12 125 68 65 0 0 99 81 0 32 72 45 10 0 56 5 53 7 45 63 14 0 30 114 78 0 18 5 5 0 1 48 15 65 9 43 62 86 60 30 0 0 0 0 76 30 56 78 63 18 59 106 110 117 0 86 14 0 91 21 9 27 87 21 104 8 97 118 120 0 35 27 30 87 18 0 47 24 74 42 63 56 0 0 17 155 0 0 32 0 21 103 19 0 27 44 70 61 0 36 0 67 82 18 44 60 129 62 6 3 3 0 81 45 81 26 14 0 0 15 0 4 9 12 44 0 42 28 48 0 36 122 35 19 17 43 0 52 27 31 0 24 0 36 6 64 9 14 66 0 28 45 43 111 0 56 43 7 81 66 6 28 1 152 101 73 3 46 115 27 58 99 69 33 51 63 98 9 35 38 84 10 0 13 27 101 23 5 60 0 48 0 6 44 31 54 0 9 67 48 0 0 10 101 0 79 157 54 118 28 194 9 0 60 12 0 116 0 0 0 40 56 0 84 47 66 96 18 131 27 83 49 66 0 0 0 37 58 61 128 35 0 14 64 24 0
125 26 0 0 9 29 14 20 70 30 0 12 38 54 61 62 110 30 32 69 0 36 0 26 0 0 0 12 28 7 47 0 7 51 0 32 10 20 32 56 51 0 34 146 84 0 36 7 34 22 63 0 67 63 150 2 78 39 19 47 0 0 72 0 4 73 20 70 0 18 2 10 109 0 32 24 40 48 29 46 49 23 0 37 10 0 36 77 60 0 84 35 8 8 3 1 34 37 93 30 49 27 18 6 27 0 58 7 21 4 32 89 40 9 96 1 32 16 9 17 75 1 115 37 51 38 104 0 99 0 56 43 0 0 29 0 36 7 0 135 5 80 30 6 45 45 32 19 92 45 40 32 18 0 23 56 4 18 57 23 101 61 32 95 104 116 8 103 28 10 92 6 82 16 0 14 124 62 44 58 14 122 5 58 49 32 36 17 49 19 35 0 8 43 5 0 88 5 23 0 42 29 0 15 106 17 0 32 64 5 20 25 14 62 30 71 32 66 32 57 75 0 0 87 27 64 27 6 12 76 22 29 25 0 14 8 24 40 87 19 124 80 95 124 77 63 0 67 93 45 44 34 0 18 15 68
60 36 6 0 40 49 92 0 16 27 72 57 20 144 18 10 55 21 16 13 36 48 0 20 12 2 18 13 63 79 22 0 54 20 24 28 0 0 0 49 9 100 34 79 75 9 36 8 19 14 60 29 47 50 102 54 20 25 33 49 29 40 130 0 56 45 0 5 12 0 103 18 76 41 99 25 0 0 45 15 0 65 18 1 0 0 40 20 54 71 108 49 34 61 25 13 17 4 55 36 36 43 48 37 21 79 54 22 0 26 8 56 38 45 58 15 23 3 3 72 4 35 21 20 102 10 15 0 8 6 49 14 101 31 0 0 32 0 81 87 20 122 20 122 94 138 0 116 11 0 20 16 127 20 153 0 46 8 36 62 40 42 21 58 65 29 8 42 0 48 0 0 8 68 45 5 63 20 7 124 8 91 72 42 45 68 0 76 76 34 57 0 8 66 57 0 0 0 77 0 28 4 24 41 60 32 30 40 89 20 97 7 42 0 20 45 0 12 20 16 39 0 0 44 72 12 0 30 47 45 35 20 0 0 76 0 27 0 68 9 63 32 69 98 120 96 4 0 6 0 154 5 5 36 0 33
32 35 0 18 56 63 42 42 0 0 98 0 24 93 139 40 14 64 48 90 0 9 232 127 14 34 155 12 49 50 48 36 20 0 36 42 0 60 56 52 0 12 22 80 103 50 41 128 4 84 32 0 136 19 24 60 96 0 88 153 70 54 40 16 0 57 0 90 16 6 30 145 48 0 1 18 120 48 95 24 74 85 64 58 0 0 131 128 137 0 62 138 28 60 0 0 0 0 96 0 65 0 0 160 97 12 107 87 24 54 72 8 29 80 18 46 87 0 63 12 142 88 63 38 56 6 86 8 104 64 68 48 60 71 0 114 198 9 0 57 77 64 14 63 70 9 113 98 14 0 0 54 50 72 63 110 0 80 6 92 95 42 12 28 106 128 80 6 24 14 80 98 22 98 0 0 66 156 58 0 35 112 26 82 6 95 100 90 80 14 55 83 43 155 72 72 150 0 56 45 21 35 6 72 166 0 6 18 0 42 71 43 84 12 177 115 56 50 54 127 8 30 18 67 48 100 24 0 28 91 4 42 64 62 190 76 129 2 0 8 36 160 109 60 67 59 42 24 24 18 103 0 55 64 21 7
35 106 96 159 29 40 167 33 72 103 91 72 6 49 170 0 98 50 65 18 109 180 72 66 35 29 59 26 0 35 215 33 0 66 9 110 5 64 56 78 71 21 18 60 65 28 192 103 152 76 31 62 198 71 12 55 48 159 20 124 73 53 7 75 9 32 12 11 68 81 92 0 70 18 153 56 126 9 52 24 120 20 100 126 45 84 40 29 166 78 72 72 118 10 37 72 166 93 116 144 120 63 128 58 66 73 82 0 119 122 105 6 6 24 20 70 20 70 140 212 0 70 56 153 69 131 112 43 44 162 93 49 92 19 23 73 119 45 33 77 126 114 24 210 35 53 120 239 68 49 63 7 99 56 126 7 116 101 54 45 47 55 0 85 5 23 148 90 93 62 0 145 117 75 236 72 15 78 33 66 24 139 36 42 86 119 26 148 16 103 19 0 18 99 103 53 146 0 57 3 66 147 237 48 63 82 78 27 163 72 21 104 119 94 0 25 152 122 106 54 102 46 75 21 89 36 65 126 93 62 14 39 54 48 70 161 71 62 161 108 48 129 42 41 59 0 71 18 23 63 55 9 177 42 35 85
105 30 138 16 22 48 86 34 29 13 14 38 0 41 20 44 0 0 0 225 45 60 22 120 50 0 33 12 81 18 0 95 111 73 118 89 44 4 72 0 46 68 24 73 39 59 2 0 190 0 47 111 39 63 97 16 62 68 35 69 136 106 24 60 71 46 64 87 27 2 0 139 45 26 70 49 68 107 46 57 40 101 104 9 80 60 140 0 93 53 26 0 71 0 35 162 135 28 15 25 30 35 113 77 46 6 130 111 73 21 15 22 145 32 50 14 72 27 84 170 70 2 159 45 49 58 28 130 10 37 65 93 85 6 80 36 58 98 82 119 54 131 16 113 12 89 84 35 62 3 0 0 26 0 39 40 128 63 35 0 36 108 21 73 45 4 0 59 36 4 0 42 45 55 7 52 27 0 36 73 40 72 81 68 27 8 187 35 0 39 28 52 23 46 50 16 97 16 12 52 44 28 70 55 42 44 28 15 80 0 50 121 39 111 99 7 0 14 46 34 36 72 81 25 146 70 9 69 26 167 88 0 61 136 91 110 52 7 86 74 32 129 8 72 127 15 18 85 0 8 113 130 193 55 0 65
5 51 42 0 30 18 4 2 25 181 73 161 39 58 146 5 11 51 32 54 54 50 78 45 46 42 17 6 12 10 123 69 46 0 0 67 51 46 18 40 102 159 27 8 2 36 161 72 87 119 79 92 9 0 12 2 16 9 42 77 57 33 47 44 3 0 9 72 42 4 108 18 98 95 46 1 128 36 10 89 168 108 74 51 30 69 78 153 46 98 25 94 66 27 32 104 77 39 21 68 90 1 30 58 45 6 10 19 33 46 33 79 110 31 33 37 62 0 0 52 107 50 49 88 57 28 124 112 76 62 25 11 16 64 100 90 35 68 64 90 17 20 53 132 57 32 24 96 118 48 0 52 78 0 30 105 17 62 121 114 22 82 9 47 34 15 35 35 110 36 122 49 167 8 30 35 58 48 22 80 56 54 25 39 4 80 76 110 96 21 80 0 66 8 69 19 84 14 63 8 156 29 69 0 117 42 17 0 13 30 60 0 12 84 78 96 62 13 81 8 75 68 8 9 0 20 58 84 28 77 57 56 55 0 42 164 95 28 63 6 8 0 112 101 0 85 0 40 14 0 0 55 65 47 104 28
25 69 39 56 0 7 0 48 54 52 126 28 32 0 50 12 40 68 84 10 0 25 0 0 6 18 122 0 0 14 98 15 0 18 33 54 102 0 42 70 2 63 27 126 145 73 55 33 27 30 46 79 82 5 6 106 77 8 101 16 89 0 36 66 0 0 15 36 14 0 4 83 123 0 69 0 26 70 42 20 35 0 58 12 81 40 75 100 51 6 59 12 30 35 46 2 112 15 104 14 0 75 15 4 45 68 88 0 58 24 3 116 7 24 70 0 116 1 40 5 62 58 0 22 15 73 0 92 32 31 38 0 0 85 43 6 37 54 57 0 7 124 21 70 59 38 6 0 49 0 0 0 42 14 85 96 56 32 16 92 2 17 39 4 45 0 0 36 63 78 18 33 50 76 50 0 71 36 0 3 24 71 25 45 0 24 14 26 2 7 19 21 131 0 9 46 49 14 23 2 59 1 49 49 72 47 49 3 30 18 39 97 86 16 11 19 56 29 8 0 67 0 46 90 54 2 60 91 97 31 179 76 9 18 78 86 9 45 68 3 21 45 9 0 10 0 0 42 2 40 67 78 114 91 66 0
137 134 97 93 16 134 34 107 38 71 154 36 24 34 200 167 53 0 36 111 36 111 0 24 109 0 144 72 106 72 104 16 62 100 0 0 16 88 9 81 16 162 80 54 82 0 16 21 60 30 81 24 43 80 42 12 6 224 30 119 0 45 207 0 0 12 32 94 28 185 63 31 154 85 32 20 100 144 72 78 63 127 78 21 16 99 88 11 2 25 8 26 0 110 74 73 8 99 36 0 53 98 66 129 72 16 162 40 0 43 48 12 46 53 20 94 162 35 114 111 210 77 43 2 104 50 41 39 22 131 12 39 66 0 117 191 20 146 36 164 45 294 68 182 51 35 110 76 160 88 46 0 44 16 48 147 160 89 12 39 12 0 48 107 42 14 56 94 54 0 133 6 0 132 110 20 41 111 81 62 48 0 0 45 36 11 102 8 32 67 110 46 62 220 128 27 60 16 74 88 64 72 68 56 76 32 76 16 69 27 15 69 98 79 72 183 0 82 64 46 118 45 138 51 167 0 81 128 124 104 79 87 54 0 164 78 42 155 113 12 30 126 61 64 178 42 51 38 16 94 193 44 20 96 45 67
51 170 139 54 15 13 151 24 62 39 53 95 0 48 64 49 84 98 32 99 72 7 63 34 18 9 170 76 22 72 64 25 103 3 13 109 16 16 60 32 61 101 44 78 35 35 116 44 172 68 1 72 233 69 38 38 0 206 27 82 34 69 24 30 80 30 131 56 22 12 47 64 110 26 21 10 76 82 146 8 95 146 108 38 79 96 98 178 67 76 13 96 76 36 0 8 242 3 81 109 0 19 54 0 0 23 66 90 127 25 36 54 36 35 0 119 62 46 87 99 123 0 15 10 55 60 126 190 76 173 68 93 42 15 89 19 21 10 99 65 107 151 56 54 3 133 51 140 130 0 10 28 58 0 31 34 85 85 37 2 4 10 14 66 5 5 121 51 14 38 10 30 55 81 0 112 75 40 45 201 64 114 93 61 15 6 87 12 35 19 16 0 14 76 20 83 101 0 46 41 80 51 85 52 37 26 60 27 184 28 67 41 20 77 59 60 50 28 195 30 66 0 0 19 60 52 0 125 17 99 162 20 51 34 80 80 72 28 46 63 28 5 18 10 82 36 0 20 2 0 44 69 107 119 22 102
105 10 24 0 0 102 104 102 110 9 20 89 87 66 118 6 46 99 75 2 8 60 56 31 32 8 0 86 0 0 106 0 22 74 35 0 32 0 24 0 30 140 19 9 113 40 47 53 27 124 0 81 19 48 0 72 6 0 15 100 30 0 143 25 104 8 32 96 26 78 92 16 58 52 5 0 90 121 28 10 15 30 0 0 112 31 42 60 36 85 29 101 48 121 12 56 0 106 100 6 45 0 83 185 56 81 246 36 85 18 48 58 59 30 49 39 32 16 120 62 20 0 93 0 16 54 7 84 63 76 0 0 36 78 24 63 4 20 72 99 76 15 0 113 2 45 25 47 88 73 90 45 24 26 35 64 24 48 36 108 36 133 14 91 0 31 54 37 18 12 52 0 18 108 18 74 124 0 24 40 0 10 66 139 65 20 25 30 0 129 152 30 30 31 0 72 5 100 145 26 108 3 107 0 40 64 7 0 25 0 60 5 119 4 80 101 0 42 0 17 34 0 33 59 0 0 56 42 18 67 101 0 42 83 75 135 27 76 77 42 19 4 77 230 35 54 48 24 48 78 24 14 69 78 24 78
139 193 144 103 89 174 103 63 107 189 312 99 84 161 290 178 36 98 125 175 19 46 124 126 124 4 159 165 64 57 169 44 43 182 145 18 43 134 20 93 133 147 200 31 82 73 15 0 45 54 53 124 136 104 6 132 70 58 118 87 246 123 119 8 113 81 155 293 107 137 163 6 161 14 257 126 135 128 141 107 39 154 8 93 161 127 63 95 99 104 158 54 105 122 69 118 114 14 153 188 127 93 136 198 44 127 273 90 71 57 88 56 210 102 145 131 94 87 96 163 46 143 225 94 93 155 14 241 51 30 49 49 23 125 142 126 35 53 213 69 68 227 111 192 227 2 60 51 155 129 89 32 26 71 302 228 250 92 6 75 149 43 63 47 72 162 56 119 50 36 26 56 12 180 91 50 151 86 39 234 115 61 103 133 99 16 82 178 106 63 89 126 92 109 213 91 67 76 147 83 72 0 157 98 91 84 192 114 123 9 88 206 84 110 81 128 52 166 60 108 119 56 101 69 54 29 58 144 168 122 156 83 37 152 136 151 35 11 300 103 171 50 77 190 87 17 89 32 60 141 232 138 98 54 68 18
28 131 40 138 52 148 177 40 23 161 49 42 71 54 116 40 68 77 0 72 62 11 156 127 58 21 132 78 67 80 27 0 0 8 82 77 76 102 2 54 56 37 52 122 106 42 89 84 146 5 191 5 160 46 94 28 111 158 12 226 60 0 56 79 63 18 0 91 72 82 90 100 64 84 152 14 156 117 76 80 154 8 165 65 10 26 136 98 74 29 18 79 101 64 31 93 323 95 215 99 155 90 50 132 54 54 131 66 129 54 126 27 87 64 96 10 164 45 39 123 78 12 159 38 1 114 111 83 0 104 20 164 127 103 8 189 157 126 35 56 140 298 34 159 223 30 118 95 123 9 35 0 79 96 99 43 12 152 177 202 119 76 8 60 74 30 152 110 32 126 0 95 8 201 9 56 14 59 63 132 52 36 56 24 40 80 78 178 61 122 23 29 70 144 17 162 89 0 42 38 0 114 143 45 40 35 94 122 151 27 22 129 42 119 53 66 91 46 30 127 30 20 65 0 0 85 72 80 0 102 0 63 136 72 62 0 78 192 101 54 87 15 143 88 44 139 107 0 84 40 171 30 75 99 27 102
111 96 100 0 82 87 110 109 20 144 30 198 51 11 82 11 42 10 0 67 105 66 123 29 17 0 123 46 134 6 115 52 0 93 165 26 56 20 176 71 88 86 28 46 0 70 115 28 76 2 69 36 11 104 37 119 85 132 44 49 8 55 35 57 128 25 63 67 27 55 31 2 96 18 72 66 36 164 4 18 65 4 100 47 59 27 103 27 44 148 39 24 6 16 48 46 212 6 72 78 16 21 93 88 96 87 18 70 50 0 16 18 42 40 33 66 51 4 69 106 95 37 130 0 103 92 81 127 2 8 67 85 6 88 81 16 70 77 115 99 72 212 29 98 0 48 127 85 48 9 18 121 10 24 78 91 80 135 98 29 35 127 212 66 54 37 106 45 13 58 61 108 80 77 39 0 98 14 102 30 8 39 45 174 104 43 67 38 81 8 63 107 30 33 0 75 39 16 85 40 29 77 31 0 19 33 78 126 23 40 44 148 16 59 97 53 103 15 64 106 125 9 173 0 114 108 7 64 55 72 61 87 7 9 7 94 40 34 52 48 69 88 111 55 189 75 63 108 78 32 66 29 173 83 71 23
75 85 54 46 145 51 18 48 71 44 171 45 64 36 17 0 51 18 10 90 2 36 52 25 8 40 72 75 0 94 82 9 24 21 43 44 102 50 90 54 61 40 13 10 61 48 31 42 80 36 0 85 221 24 40 193 12 16 132 148 96 69 101 82 52 55 36 36 81 90 15 155 81 39 56 28 43 102 125 104 129 15 0 0 48 23 116 39 25 114 67 40 18 123 54 24 24 81 94 28 35 84 0 4 72 123 155 128 70 34 75 36 0 40 0 96 65 53 0 0 56 0 12 18 33 8 10 36 5 156 16 4 18 45 99 0 114 0 108 45 74 27 32 116 153 40 5 58 0 9 63 81 26 0 119 106 39 11 0 55 109 40 37 6 143 91 42 32 84 76 0 58 56 120 9 0 129 34 23 68 73 56 135 118 21 73 143 89 14 23 56 127 67 128 16 40 95 40 44 51 34 16 2 24 86 20 24 24 6 100 63 16 28 26 0 172 155 67 32 67 40 7 69 90 14 100 9 102 83 81 78 0 77 103 63 113 27 0 96 6 81 77 61 113 92 67 34 4 5 4 44 38 104 37 113 12
71 43 53 21 88 77 66 38 93 26 76 72 7 46 34 10 54 15 0 186 34 70 7 14 26 36 65 90 86 155 132 0 6 4 88 17 40 48 0 111 0 15 70 15 83 7 20 119 74 24 23 32 49 57 81 70 12 102 10 102 100 27 137 44 11 88 86 47 44 78 30 118 20 35 130 24 137 122 134 8 2 27 41 0 46 29 125 51 36 90 45 24 0 22 99 71 127 46 52 86 105 149 79 84 82 12 159 43 16 45 2 152 16 6 45 6 96 17 122 18 91 100 95 96 40 12 57 40 7 16 115 39 62 13 40 46 140 75 67 14 14 161 3 73 91 88 52 48 80 23 14 32 63 70 101 49 32 77 45 110 6 45 37 48 32 62 16 0 72 54 30 4 15 47 121 27 114 48 159 20 40 54 36 62 111 19 117 0 36 128 14 68 52 35 0 84 91 0 94 64 58 8 31 42 69 15 84 24 32 26 0 89 78 90 19 28 54 34 28 5 54 40 72 138 96 42 148 129 70 27 39 116 7 12 54 67 224 13 182 27 125 134 38 132 142 49 56 10 20 130 23 92 97 21 24 20
67 185 20 180 105 68 85 44 38 63 298 109 96 69 76 88 44 126 78 162 27 142 56 96 51 30 101 96 66 24 112 0 46 67 98 86 108 120 64 87 73 30 127 143 80 10 59 197 9 30 15 56 120 93 36 117 166 61 79 94 22 133 106 249 121 16 66 113 132 166 85 168 105 32 114 46 64 153 236 32 212 66 74 108 68 20 184 40 97 45 63 51 96 97 62 8 87 149 6 81 36 80 72 51 145 35 110 66 0 11 165 83 51 59 45 59 139 0 294 96 88 202 48 28 28 109 8 87 9 48 135 1 21 63 104 145 209 81 36 35 5 64 24 69 211 9 1 49 144 4 0 46 36 0 133 160 63 73 72 32 172 85 78 55 104 182 12 99 42 16 20 38 117 146 77 1 23 72 107 159 222 4 47 107 200 72 16 20 55 213 9 65 90 56 84 85 131 8 102 36 91 56 176 71 121 74 55 113 84 80 94 203 157 165 14 171 90 45 32 88 76 178 75 86 178 54 4 48 144 151 91 124 36 59 47 73 152 75 157 24 102 126 50 140 54 40 191 57 86 163 55 32 237 77 120 60
58 217 57 142 12 21 28 42 107 18 20 145 44 0 8 72 63 134 89 107 0 0 23 100 83 45 122 97 0 21 155 18 56 0 39 80 52 108 48 89 105 121 58 65 16 14 9 74 5 56 0 142 86 27 36 58 42 24 109 63 48 161 32 50 30 83 157 50 57 102 28 36 129 0 35 0 66 6 18 15 99 103 94 6 99 129 28 107 107 127 18 16 26 107 89 73 33 15 42 71 0 103 61 72 31 27 111 74 56 20 47 0 46 106 23 32 75 17 16 40 32 8 131 49 12 73 42 114 58 72 14 0 36 52 51 84 78 56 10 53 156 18 78 85 109 18 15 16 76 0 97 0 96 44 166 8 94 92 53 0 73 27 72 39 139 35 8 8 90 79 88 90 214 81 0 0 81 49 59 58 0 63 160 134 16 21 144 52 89 95 130 0 141 73 78 0 18 20 10 61 63 0 159 44 96 9 109 83 56 30 15 40 0 25 107 74 84 0 80 32 28 0 0 26 58 23 54 63 0 18 12 8 27 48 16 80 36 69 51 30 173 0 103 26 25 126 35 15 26 44 78 8 70 76 87 72
25 16 32 96 28 76 45 3 38 36 4 25 69 0 54 36 95 60 48 162 54 12 0 72 24 36 54 99 0 125 72 50 76 14 32 2 0 0 10 30 66 0 12 81 36 2 42 24 28 48 9 20 144 54 0 90 118 64 61 93 45 21 75 0 57 33 54 100 36 40 66 20 64 42 26 16 8 105 24 72 79 63 24 79 24 0 48 108 0 91 45 30 44 81 81 45 0 34 93 40 16 27 20 48 6 0 116 106 56 30 54 24 0 161 27 56 36 18 28 48 111 94 88 55 51 17 0 0 105 26 15 51 66 85 0 116 0 92 46 24 23 2 117 64 56 88 0 36 126 0 27 64 8 35 12 43 81 0 107 158 0 0 4 36 286 104 24 14 0 0 144 6 81 51 28 0 51 66 13 78 26 0 86 81 16 0 72 27 70 61 21 120 54 171 72 0 163 6 12 0 88 9 0 72 249 42 76 0 4 30 81 0 0 36 62 103 8 50 72 32 37 99 19 153 48 18 27 56 66 63 2 0 9 21 36 45 48 9 34 21 81 93 114 20 60 86 6 86 36 64 41 72 27 66 0 69
132 202 57 100 106 178 0 59 63 104 38 16 0 65 41 48 20 106 60 119 94 136 0 42 132 85 54 36 3 90 80 92 106 40 146 60 81 0 39 14 15 12 36 84 102 63 4 118 9 57 42 112 15 40 79 48 59 134 103 115 21 197 58 102 38 88 14 121 109 211 71 81 180 83 59 71 54 186 7 103 247 129 0 0 13 66 61 36 36 13 132 87 48 120 25 65 37 12 20 8 25 48 45 36 35 35 123 77 55 56 77 68 63 51 113 31 168 60 33 36 8 7 35 52 79 0 37 90 33 122 0 0 70 12 132 59 25 65 35 201 85 39 14 77 33 147 72 30 140 35 72 56 33 36 167 74 149 23 86 62 115 44 40 48 72 54 81 139 96 77 36 15 27 113 56 47 153 0 157 74 66 144 86 39 98 27 44 20 49 74 170 117 0 102 16 51 5 0 59 69 27 2 98 93 54 45 69 18 92 112 0 96 40 42 68 67 112 42 0 148 141 60 64 46 176 44 7 49 133 58 52 25 69 101 43 50 143 21 119 114 72 18 36 74 182 54 85 19 35 70 34 140 205 8 61 45
89 107 81 23 0 104 47 40 43 72 129 49 0 20 42 28 0 24 88 113 36 12 65 70 9 40 79 97 0 0 0 55 53 96 72 100 17 15 0 0 80 55 31 79 28 22 90 0 112 8 14 2 108 35 46 12 34 66 0 54 0 0 2 61 0 0 91 14 36 56 52 27 54 46 0 72 0 18 0 102 91 224 56 17 72 70 63 0 28 90 41 60 24 28 6 115 99 18 120 45 0 0 36 18 0 21 7 0 11 8 55 38 85 28 45 6 28 25 24 69 112 0 73 28 35 47 0 0 112 184 0 21 82 21 127 0 56 15 115 3 57 121 129 96 20 9 87 53 98 24 0 24 6 28 31 66 16 0 99 76 48 36 40 14 147 56 38 0 2 32 56 130 64 36 81 38 123 68 0 127 0 27 40 75 112 0 48 21 56 16 0 0 0 40 20 0 121 0 68 0 57 10 0 0 101 88 20 69 40 59 5 93 0 39 32 9 14 0 21 0 4 134 0 56 0 32 102 70 12 54 106 56 139 7 9 27 0 45 40 27 0 0 72 0 8 88 0 117 77 54 20 2 56 26 32 64
146 126 77 23 0 14 113 116 130 36 7 42 35 25 66 7 48 78 89 45 38 78 43 30 21 6 135 101 28 114 75 32 60 68 6 6 26 65 0 27 74 129 25 34 84 6 78 0 118 91 41 115 78 53 6 16 26 85 65 53 22 48 30 84 63 18 54 24 77 66 10 5 64 32 48 56 66 78 119 27 117 81 32 75 21 18 33 188 144 105 24 24 45 49 54 93 54 81 0 76 54 36 50 122 100 46 122 0 87 36 63 73 46 9 79 54 24 11 122 47 82 98 54 58 78 30 167 32 105 6 27 6 71 84 44 21 64 67 77 28 31 93 6 140 57 0 86 88 64 47 169 62 45 114 50 53 0 44 71 9 69 154 66 115 117 9 37 40 22 16 16 116 54 62 66 32 102 12 50 42 98 120 101 140 114 36 97 36 0 120 56 142 22 6 120 63 55 0 0 81 93 75 105 1 54 122 42 34 59 26 51 18 108 30 98 14 51 23 34 71 89 0 36 22 33 30 37 133 119 0 36 28 58 16 88 50 42 64 123 13 60 66 46 60 93 0 0 72 14 26 8 45 44 41 9 78
31 100 29 0 90 186 69 42 10 29 157 77 40 82 173 76 76 34 48 150 17 130 63 60 5 0 72 5 24 0 180 61 7 69 59 65 89 67 52 28 17 81 32 19 42 0 45 121 58 0 8 108 111 110 122 77 86 141 28 93 36 9 58 121 56 95 69 79 17 35 5 161 111 58 79 13 184 43 175 24 74 108 120 50 80 48 102 29 126 12 23 0 71 117 8 75 67 47 10 21 0 39 45 85 36 47 34 9 76 67 24 120 8 42 71 137 76 12 126 72 67 26 166 61 112 85 56 80 98 227 82 107 14 42 33 72 84 0 37 59 187 245 92 112 8 57 148 143 60 28 0 8 56 32 165 77 87 72 56 14 58 40 49 79 55 49 125 54 111 146 0 72 66 36 21 62 102 0 19 0 28 64 138 55 91 61 13 12 76 63 84 13 0 151 18 91 163 2 152 44 12 134 0 112 51 41 9 88 98 0 34 71 101 109 114 133 74 155 108 120 33 23 36 48 60 89 213 116 12 134 84 78 90 154 137 135 229 59 21 123 160 158 50 99 38 67 6 18 25 128 98 123 28 18 5 7
98 115 36 10 32 54 117 18 9 87 90 15 77 183 65 27 49 11 72 167 27 130 20 54 74 15 114 0 33 18 155 44 58 22 55 69 36 123 24 66 26 122 43 95 9 63 25 23 75 54 79 21 30 0 27 81 178 131 145 12 172 45 72 32 104 20 42 51 84 33 56 68 52 66 89 9 149 4 0 111 71 32 182 72 117 69 5 112 9 1 57 22 66 0 60 152 135 18 8 81 8 0 13 97 74 0 161 49 75 46 91 4 62 122 47 54 127 14 81 70 79 142 45 9 24 36 54 80 82 117 219 179 37 28 48 160 81 35 54 63 62 59 135 122 42 0 52 95 63 71 0 0 18 66 20 148 90 0 42 6 0 29 9 61 73 23 45 0 18 0 163 36 126 36 92 121 27 108 3 77 0 71 31 46 114 16 86 67 190 135 95 55 172 136 145 76 68 24 111 32 48 7 21 57 49 84 71 12 30 12 0 108 4 34 96 58 8 2 238 12 9 54 34 9 183 36 26 63 91 134 74 0 21 9 80 64 202 62 36 62 106 72 89 21 0 57 149 0 24 81 51 62 63 0 0 116
81 106 86 138 20 0 77 120 86 92 102 73 138 77 106 0 0 0 0 48 76 39 69 0 1 18 62 4 42 36 62 18 35 59 60 69 15 18 0 27 25 30 39 27 74 3 128 26 96 91 45 35 37 4 0 96 5 5 57 29 24 43 178 93 42 37 124 28 48 0 97 60 78 62 108 54 40 95 0 33 72 101 4 25 47 28 18 24 0 81 34 42 12 4 12 45 96 16 47 18 72 16 62 146 18 46 54 66 30 46 87 130 77 109 74 18 0 15 39 159 148 92 81 0 87 16 172 55 0 17 24 30 78 109 8 8 30 68 74 64 44 143 6 123 54 108 66 30 0 89 18 72 54 94 98 21 74 116 87 24 41 0 93 18 20 32 16 121 44 62 10 12 0 0 39 0 60 150 6 30 0 36 42 89 82 60 38 90 24 33 171 80 12 54 2 52 29 36 72 24 62 72 49 104 70 54 117 48 64 24 42 114 80 16 0 100 40 9 0 76 0 24 55 56 118 34 34 50 0 31 142 68 7 16 154 73 98 141 6 6 69 14 55 42 139 61 76 105 58 50 146 56 27 8 12 44
12 175 123 33 130 51 97 113 4 124 85 165 163 0 0 76 2 141 10 125 19 35 27 134 12 24 45 88 27 105 28 54 18 29 101 17 85 23 27 9 0 53 127 54 96 8 29 105 39 135 9 24 9 24 99 37 11 16 9 18 95 38 67 76 80 63 0 55 66 105 0 34 86 60 182 25 138 46 98 39 45 101 19 40 39 0 15 47 12 116 55 6 34 157 55 37 42 110 67 3 126 16 81 15 145 2 105 0 58 124 83 42 126 130 81 58 53 12 141 87 70 108 123 92 14 36 48 52 36 16 14 18 24 123 62 121 128 5 144 96 14 84 0 72 162 40 80 79 33 24 80 24 39 149 40 76 8 71 112 125 48 130 9 54 59 32 18 38 0 45 84 50 0 93 0 78 21 84 90 133 77 93 93 40 148 211 100 35 0 147 104 48 45 57 45 126 36 24 10 39 53 45 167 68 45 0 62 6 30 26 107 14 71 97 40 3 47 12 0 54 141 47 86 67 34 38 100 0 113 42 30 93 32 108 208 30 115 97 111 130 77 0 39 83 51 15 0 52 12 78 31 0 52 62 63 6
123 128 48 151 99 51 42 0 40 129 199 109 56 123 42 29 101 79 85 168 80 100 45 54 44 89 104 20 0 63 90 97 76 60 120 151 103 80 84 45 24 81 16 58 74 95 66 170 93 0 53 21 173 35 115 168 110 50 68 148 81 284 145 54 0 63 135 71 116 74 57 117 25 52 170 5 106 181 109 88 136 55 104 14 20 72 102 115 212 60 84 42 75 53 49 149 73 12 56 63 9 84 9 51 0 49 323 245 36 80 93 62 43 66 113 95 75 21 105 67 82 36 47 147 133 44 198 136 36 142 15 43 75 3 144 106 83 130 0 149 92 73 45 138 58 114 136 29 57 72 0 66 78 0 89 163 288 160 0 7 77 136 54 0 117 13 135 69 93 23 42 15 149 107 53 79 54 95 82 19 52 187 30 101 81 4 126 44 40 18 53 105 97 89 30 124 157 10 133 30 106 12 54 145 87 44 37 0 77 141 0 198 61 165 39 20 220 157 173 90 84 49 30 66 92 50 14 99 146 42 0 58 37 64 101 125 21 108 174 96 69 69 58 60 42 143 55 38 44 26 77 109 167 102 36 15
84 65 4 64 72 50 44 8 27 168 237 203 200 54 33 106 173 13 0 103 63 176 30 33 12 32 90 15 84 6 72 21 73 272 90 119 52 101 80 56 45 72 89 23 18 8 135 50 31 0 48 42 304 6 104 145 210 157 50 53 29 110 98 10 43 28 111 64 55 0 69 64 53 45 111 0 79 284 0 159 29 133 65 17 0 27 184 103 56 59 52 68 2 80 69 47 78 27 118 21 66 98 36 96 24 31 142 155 7 10 33 110 128 81 0 55 81 78 16 144 78 0 91 0 188 9 95 73 35 107 87 16 0 59 125 94 29 155 27 59 108 244 73 99 33 64 215 125 54 43 24 8 28 72 77 128 84 65 18 31 0 54 40 89 120 90 77 30 38 79 49 20 79 153 99 65 103 101 103 76 18 106 12 146 85 83 65 60 118 98 64 79 38 81 48 27 55 12 156 0 78 15 0 39 142 24 9 55 28 21 166 20 20 91 66 29 86 85 96 116 98 71 72 34 100 27 81 57 93 50 72 63 63 79 79 98 66 63 132 122 180 82 131 118 21 78 90 84 7 106 26 111 28 22 0 69
112 82 68 44 32 78 139 42 75 216 154 134 46 87 65 59 56 204 29 121 107 49 91 157 140 8 134 212 9 139 213 28 21 23 36 99 59 40 68 8 109 26 51 8 81 102 106 136 81 74 88 31 138 76 81 4 72 200 119 30 84 103 100 164 125 57 35 58 141 108 80 72 120 85 82 0 52 78 63 49 76 88 202 39 182 74 133 78 108 80 40 55 97 130 35 94 139 112 151 56 143 20 77 106 168 103 195 38 107 15 0 58 29 79 123 89 77 0 116 58 160 32 93 15 40 90 70 38 67 72 115 0 8 173 31 230 115 12 120 327 64 191 38 77 93 139 78 25 117 127 136 108 28 72 228 135 64 78 40 156 78 102 8 2 27 32 113 158 46 54 122 38 88 186 154 4 30 115 100 88 41 74 95 66 72 129 53 107 82 123 183 6 68 203 61 72 94 23 129 28 207 135 147 36 14 64 12 25 63 109 31 61 110 136 224 125 137 189 81 19 55 45 76 32 60 26 0 145 68 25 20 44 28 15 129 192 12 173 53 28 52 36 146 118 79 95 0 56 34 42 70 20 147 135 102 42
131 80 54 56 56 79 70 69 86 93 118 46 72 72 130 0 86 130 30 157 36 8 65 33 70 24 89 46 64 81 118 95 37 56 125 63 66 143 34 80 27 100 30 70 36 25 71 96 59 0 27 16 83 152 154 64 68 123 18 42 66 57 17 75 96 52 60 182 0 0 47 141 74 14 117 86 83 45 60 42 84 79 119 32 70 111 116 0 80 8 10 20 121 52 4 53 115 140 46 71 85 34 139 142 96 83 208 122 142 98 70 8 78 101 69 128 20 16 138 57 65 48 48 42 24 106 48 28 0 87 28 111 57 10 66 101 77 90 131 77 147 283 108 131 108 4 112 45 63 25 60 6 16 12 18 73 105 48 106 88 105 14 55 24 69 22 17 0 9 21 84 70 126 0 16 103 18 80 10 48 8 139 104 64 69 0 102 109 81 64 92 56 80 98 86 152 193 97 127 88 0 0 55 160 63 152 24 64 121 0 3 59 28 0 108 46 20 0 60 18 158 0 24 35 88 60 0 26 32 37 34 72 42 106 161 63 75 68 89 57 78 150 126 46 40 44 30 80 20 36 132 113 109 36 40 102
242 45 45 77 70 181 28 90 0 35 108 15 40 113 128 12 0 17 125 48 0 168 81 11 171 85 108 32 9 73 0 33 63 86 178 118 92 6 20 12 72 45 24 0 7 10 66 232 105 22 42 152 156 0 57 84 40 264 34 98 166 165 81 163 49 63 147 0 146 18 28 172 56 31 104 6 98 182 127 83 72 207 127 26 73 130 155 32 179 55 169 22 149 52 0 134 21 71 18 54 4 91 135 274 119 15 110 62 88 75 18 38 53 94 42 132 56 72 85 34 8 27 260 108 56 126 66 119 109 152 10 72 27 22 117 123 21 41 130 122 122 42 73 30 125 104 100 72 58 36 71 42 0 0 123 85 141 198 12 45 67 273 63 54 98 74 57 141 175 31 56 134 117 89 67 20 18 92 248 35 5 27 60 57 0 57 45 197 130 8 117 42 99 217 22 76 151 156 0 6 166 90 5 236 111 192 27 5 56 151 49 0 56 72 153 58 107 219 16 72 95 0 105 75 69 45 95 116 101 129 79 40 59 21 81 234 139 102 0 6 0 81 119 122 99 108 56 43 16 91 71 86 147 144 74 20
34 112 0 28 0 148 215 66 79 80 111 88 51 113 19 60 42 44 25 104 31 80 48 31 30 45 121 126 34 104 82 82 0 20 42 66 86 72 0 30 28 135 46 12 53 66 80 103 0 27 47 24 16 63 17 119 0 99 0 120 24 39 135 18 30 36 37 36 72 95 52 85 46 34 42 13 151 40 32 38 122 31 116 17 36 74 2 15 20 75 102 0 102 0 156 90 141 12 15 139 69 32 0 63 84 62 67 75 0 48 33 48 61 144 50 0 76 0 36 96 68 26 53 71 136 158 167 42 10 18 39 99 44 27 45 85 24 145 60 46 33 200 57 140 96 70 40 14 121 54 4 42 102 34 0 48 113 50 6 108 75 39 0 25 92 44 62 39 113 61 24 84 30 45 144 105 12 18 30 32 89 42 2 40 132 108 69 12 0 28 62 72 48 93 72 107 131 16 80 0 46 99 101 92 163 30 32 61 21 85 48 30 0 80 24 58 27 12 62 28 36 15 15 88 28 123 118 76 8 183 69 72 122 158 56 0 145 24 123 79 73 91 116 39 101 81 81 36 28 66 109 86 102 156 20 18
56 62 17 48 180 25 8 0 5 20 72 63 40 20 20 0 0 153 64 112 24 59 138 199 87 108 59 88 28 38 25 0 8 24 36 0 7 99 41 93 1 48 145 40 84 63 37 99 0 33 58 13 41 150 79 198 42 65 71 9 0 56 28 60 127 87 78 42 45 62 127 0 61 16 32 54 107 14 27 144 177 211 63 214 30 9 4 84 32 60 18 50 20 94 12 4 25 36 117 0 0 0 70 40 53 61 123 7 42 0 117 0 16 36 32 74 18 0 60 65 48 72 56 50 44 18 9 21 67 9 63 5 101 101 56 142 103 8 80 93 61 43 64 127 158 102 76 3 89 16 141 0 48 32 104 61 0 8 72 34 65 8 8 4 26 2 83 114 28 0 0 71 98 90 40 0 88 96 8 29 81 20 54 8 83 100 130 45 96 79 1 53 105 173 112 9 25 0 32 83 0 20 119 108 129 38 8 99 50 135 0 0 0 41 79 0 119 125 86 20 139 57 129 0 99 122 0 108 81 3 71 85 51 79 191 15 46 151 109 108 109 30 25 0 93 184 88 7 46 92 79 40 41 81 1 0
0 65 0 19 82 0 49 0 38 105 76 24 46 42 106 53 7 129 45 85 35 79 99 81 48 27 30 49 175 35 81 0 0 4 0 0 64 72 27 0 119 38 114 21 49 136 52 92 0 8 237 92 41 60 0 38 38 35 36 40 0 54 64 107 63 0 184 125 42 8 60 16 24 100 127 55 0 32 50 56 32 81 135 33 80 54 81 0 9 21 30 63 81 0 0 25 104 133 0 30 126 91 111 229 209 54 11 59 21 0 33 0 108 54 43 123 123 13 140 107 65 60 117 28 34 37 179 48 84 3 81 0 35 63 0 0 0 81 124 42 9 49 74 124 212 182 18 18 18 81 32 30 63 0 16 27 109 0 54 74 64 75 23 0 107 118 60 56 14 28 43 117 45 27 56 0 4 0 42 35 77 2 0 35 35 27 0 164 1 61 100 78 67 223 117 0 77 4 124 36 12 0 129 76 38 16 9 0 73 54 152 60 84 21 36 62 80 25 113 7 93 0 12 24 24 0 21 69 12 35 56 96 0 12 184 42 26 81 66 5 51 32 77 122 6 93 0 6 17 48 161 162 85 3 63 15
6 141 126 97 92 156 45 37 15 266 60 182 61 85 105 0 78 14 51 203 0 66 21 1 111 73 25 75 0 118 99 115 36 118 135 8 28 0 6 9 48 115 30 48 0 81 37 81 28 166 72 48 72 95 22 37 148 58 94 12 67 163 107 125 35 110 36 63 108 102 45 40 0 0 106 69 65 115 72 94 7 48 0 70 0 73 117 198 149 105 21 76 70 16 0 71 99 41 76 126 83 45 45 84 10 73 114 37 98 12 53 32 77 28 18 68 8 9 114 111 48 159 33 88 45 31 93 9 105 58 58 0 54 99 110 89 7 136 75 168 104 133 18 121 57 155 33 54 15 45 108 56 25 121 162 116 46 38 216 21 17 12 75 0 0 0 0 25 35 48 82 45 20 37 119 0 82 1 27 78 0 21 120 15 83 52 52 46 51 157 176 0 72 120 24 0 27 54 37 9 101 28 50 125 36 99 62 31 31 70 24 150 85 24 42 135 30 63 78 4 62 0 13 39 163 30 2 75 86 12 48 18 57 56 60 183 48 90 178 87 0 144 41 0 38 97 0 66 57 18 56 72 113 1 145 54
15 194 84 3 109 45 37 7 72 41 89 185 41 94 106 0 124 78 25 138 30 36 162 24 9 42 204 102 35 6 109 61 51 81 111 103 40 88 28 9 115 10 66 60 0 93 62 148 141 48 16 15 52 35 0 37 0 54 41 4 176 45 106 33 6 9 81 7 0 96 64 18 70 6 41 15 94 141 49 24 42 116 93 25 64 29 189 24 28 105 65 68 3 0 4 1 177 0 31 15 66 36 91 155 136 45 110 45 60 71 34 88 45 64 53 31 66 8 110 41 75 94 99 2 101 85 0 77 9 83 58 90 0 14 47 84 70 23 70 78 113 41 24 131 72 63 28 120 112 102 15 30 0 5 139 13 18 84 35 57 25 34 0 47 2 42 93 8 90 28 64 43 36 126 30 9 55 85 99 111 37 9 12 45 151 75 54 96 44 25 101 4 31 94 6 13 63 0 90 13 33 7 123 0 91 0 77 175 69 58 70 75 44 47 76 99 104 54 57 12 66 6 77 64 80 0 24 88 58 37 106 80 30 0 32 40 97 34 157 94 58 56 58 54 113 92 47 40 108 81 55 23 104 50 64 31
5 109 81 50 0 46 36 46 17 16 54 40 35 30 77 38 39 10 0 104 35 78 79 0 44 57 66 24 0 0 135 45 44 6 26 0 0 93 38 0 30 0 5 101 76 115 15 63 0 5 115 69 125 89 42 0 18 10 25 37 83 153 0 69 0 48 57 54 4 73 119 35 57 9 91 14 18 117 0 15 40 14 108 48 27 0 109 0 92 0 62 44 92 36 48 4 9 49 25 0 22 63 81 34 66 0 13 134 134 45 47 0 6 35 58 16 36 16 86 170 49 15 44 20 16 4 77 101 66 89 14 147 59 28 81 64 65 76 73 147 3 63 51 161 35 54 95 108 54 9 32 0 56 120 45 80 0 64 0 66 0 45 20 48 50 76 92 64 0 28 80 37 67 142 21 14 60 14 162 32 0 7 0 17 101 56 56 73 41 49 66 0 23 24 132 33 224 43 0 123 6 28 156 33 94 4 0 35 172 15 24 89 0 16 96 0 83 63 44 16 76 20 51 69 81 52 43 0 83 0 13 25 59 0 85 74 0 10 111 39 75 48 64 18 73 0 44 44 21 26 18 70 161 37 10 39
0 29 130 0 0 73 66 6 20 199 74 16 15 88 276 27 37 15 0 78 0 123 203 18 111 0 217 9 0 72 16 29 28 79 54 36 48 89 18 35 12 48 111 45 0 0 216 117 153 94 105 82 142 37 58 63 162 55 27 180 45 99 101 37 0 0 0 2 27 12 180 21 55 30 189 28 20 94 72 178 126 207 72 4 11 0 116 101 80 7 35 56 23 37 21 105 138 0 132 90 111 6 129 158 81 18 129 45 45 38 36 27 38 42 99 34 105 66 48 148 90 102 62 114 86 5 18 44 12 126 24 45 25 12 130 141 94 99 32 101 86 120 64 131 166 31 176 148 137 39 99 101 63 68 128 85 66 70 63 61 27 39 18 24 2 0 130 35 115 23 4 60 60 138 110 21 90 154 134 178 24 86 57 33 24 87 190 36 16 7 135 118 71 12 118 0 79 4 18 74 110 0 35 0 37 72 131 72 48 84 5 174 80 102 139 64 30 21 50 177 176 42 7 30 76 51 74 137 186 0 39 45 123 6 10 48 30 183 111 9 34 211 74 7 60 71 55 12 120 26 114 90 33 63 14 45
137 180 36 102 52 105 18 40 0 5 113 20 45 112 224 0 174 88 0 9 21 35 19 56 90 24 20 19 68 48 81 91 72 9 78 0 76 115 0 171 0 55 54 49 56 117 36 20 45 32 200 0 54 68 56 21 0 119 18 49 69 60 108 73 72 24 36 20 9 72 102 102 45 0 10 12 4 35 72 14 49 0 0 18 0 63 103 27 0 16 121 0 19 66 10 45 4 72 66 0 0 66 40 124 72 61 49 16 108 48 116 42 46 152 77 84 64 68 48 91 104 101 153 0 101 31 66 99 0 124 10 153 155 21 9 71 0 92 15 27 69 78 18 53 110 24 54 81 36 15 0 0 0 37 22 75 18 118 43 70 75 100 50 86 95 0 27 157 111 0 198 4 59 64 112 5 65 94 52 54 42 24 48 35 27 0 76 137 91 0 4 12 48 136 0 132 124 54 24 56 54 0 43 76 166 8 48 36 9 0 60 169 149 28 0 137 0 51 30 171 90 65 136 7 40 35 116 63 63 184 24 35 24 7 99 60 44 144 0 48 36 64 42 72 148 111 32 12 5 112 94 36 65 117 52 21
180 183 131 175 81 75 78 9 73 42 80 17 72 178 188 68 136 213 40 170 41 0 52 11 46 32 88 120 115 190 130 84 23 51 6 16 18 193 26 54 165 8 88 209 133 1 54 114 113 100 89 0 72 61 100 75 45 15 51 77 43 98 185 100 0 72 36 136 0 102 34 74 134 73 152 153 0 35 48 41 162 97 0 17 0 43 80 3 4 41 25 68 77 53 9 63 12 119 162 25 67 27 90 216 126 0 63 63 126 6 148 51 230 3 81 27 201 0 129 6 143 124 230 32 18 27 0 56 80 25 0 78 133 7 64 81 47 76 98 59 73 18 25 148 119 77 83 54 98 56 32 22 81 33 48 194 20 96 56 51 82 42 15 45 84 138 85 69 0 0 101 119 97 93 153 0 41 27 58 101 77 50 135 27 77 32 124 0 7 81 8 40 11 55 92 2 131 0 151 24 48 2 95 0 120 87 49 0 127 44 96 36 175 84 39 140 62 103 52 205 143 27 57 94 0 31 78 81 76 102 16 82 26 7 169 57 70 171 175 0 58 0 145 72 68 456 99 24 104 124 67 91 59 99 102 86
10 123 36 72 0 80 72 54 40 63 141 108 42 14 110 30 152 140 48 72 42 102 135 73 5 24 148 86 0 0 57 15 0 93 69 0 29 27 21 54 93 66 37 70 16 18 0 0 2 113 83 60 138 95 164 81 0 303 24 42 78 49 18 30 60 36 18 42 24 96 40 54 57 54 6 59 115 92 101 156 151 42 129 124 144 63 8 152 93 34 84 16 10 47 48 21 122 72 52 54 0 0 127 90 88 37 42 48 158 6 46 36 68 108 105 73 51 61 77 188 63 60 193 0 110 79 225 104 103 103 36 152 17 42 0 24 56 27 40 80 93 66 71 162 44 93 78 111 156 40 156 28 98 121 140 8 48 0 36 74 81 191 35 41 9 21 166 101 111 0 4 39 6 88 12 162 78 101 196 83 130 100 45 66 150 70 64 65 3 137 48 42 20 152 62 64 138 64 122 67 91 84 53 0 0 117 66 18 102 138 67 71 30 75 214 42 59 132 137 27 90 6 24 31 40 175 31 109 9 118 48 105 65 54 71 60 63 42 39 228 99 96 99 6 171 4 12 36 120 16 34 87 105 24 24 129
54 60 30 25 90 75 147 35 127 53 28 65 56 87 99 18 98 73 16 52 6 46 71 40 11 34 35 69 29 18 34 52 75 94 45 9 64 38 40 53 89 32 30 5 10 0 62 59 0 92 70 95 132 70 137 188 42 37 49 15 75 56 39 32 48 27 51 151 118 44 36 70 107 0 49 20 104 84 82 44 18 12 45 68 64 30 89 65 78 40 41 18 60 144 64 63 27 125 121 46 114 64 37 59 128 48 185 110 35 28 18 10 30 42 46 37 90 0 87 15 66 18 138 44 51 10 0 18 0 113 0 58 61 170 77 111 15 20 64 0 16 97 49 93 32 20 29 10 34 0 66 30 53 58 40 48 36 30 47 185 123 50 25 46 95 126 67 70 12 28 20 10 0 95 25 0 110 41 129 116 44 61 89 0 35 30 0 12 33 123 36 56 28 16 11 89 16 88 103 45 63 35 117 62 15 49 27 40 40 3 10 7 91 91 0 76 8 50 38 74 41 0 41 24 49 15 105 45 33 54 77 64 56 48 63 89 8 14 81 69 100 99 42 178 181 30 38 57 0 21 25 49 80 65 29 16
5 32 24 0 96 136 0 84 14 100 84 53 84 0 79 93 67 81 95 66 30 75 30 0 53 30 70 28 100 4 128 68 7 57 107 67 76 76 36 91 0 68 48 79 50 53 24 21 21 21 89 65 48 62 179 75 87 170 102 99 12 35 39 64 46 154 0 39 0 16 2 88 84 32 58 117 53 23 65 88 27 20 10 87 42 8 104 95 55 23 65 45 29 61 126 57 0 2 127 0 23 0 37 20 37 6 106 83 41 61 63 0 18 45 33 105 95 43 69 49 236 91 43 104 106 134 16 61 63 53 49 33 0 93 108 92 62 133 45 9 36 120 91 195 0 36 6 50 9 19 0 119 26 8 103 30 108 82 90 17 30 40 52 42 47 50 0 62 78 63 85 33 18 53 37 26 27 59 45 63 42 168 34 36 88 86 63 6 131 61 45 107 55 157 34 43 132 1 83 49 105 51 6 25 45 5 49 16 51 48 72 90 52 70 12 55 88 82 99 94 138 116 125 40 182 77 60 28 24 21 51 9 5 144 182 57 119 74 9 63 34 184 162 12 191 9 36 103 103 155 117 79 126 77 57 18
113 133 37 29 0 45 66 0 86 61 61 34 28 30 52 4 65 35 0 11 0 85 28 45 66 0 0 72 0 27 24 42 112 0 0 49 20 12 0 38 0 161 34 11 30 37 0 0 0 50 118 110 105 38 52 16 64 112 63 54 107 170 0 0 7 21 79 79 32 41 68 0 65 0 10 0 33 25 44 26 74 1 0 24 9 81 30 57 63 79 72 0 6 132 53 13 45 13 31 36 36 59 21 24 32 24 0 131 52 0 0 36 82 71 9 5 36 15 34 37 40 24 25 12 46 35 108 65 0 0 0 32 0 50 0 21 0 38 32 42 103 144 42 106 22 56 0 42 85 17 48 3 104 34 103 16 51 56 0 64 58 50 20 5 81 42 84 85 42 17 42 0 0 105 0 30 0 12 147 57 78 37 0 28 57 16 112 63 42 21 0 0 0 49 15 17 54 41 0 24 0 0 35 42 67 39 24 45 73 0 56 23 0 10 48 64 0 27 49 0 16 6 72 8 19 12 89 24 45 0 52 24 36 40 33 20 0 21 45 21 68 20 7 0 64 0 41 18 0 0 0 40 0 86 3 8
53 168 9 102 49 45 24 28 213 21 88 10 80 54 40 0 14 24 12 40 24 21 88 64 77 70 89 0 0 39 54 75 101 56 124 47 42 58 36 102 77 74 10 37 129 0 61 89 28 164 45 72 89 0 9 0 75 0 171 0 45 168 65 44 24 60 99 158 90 146 77 12 159 14 19 81 117 51 92 9 60 87 24 63 40 40 51 44 76 26 15 52 63 37 51 34 34 7 12 52 84 6 90 62 0 56 213 161 32 62 48 98 48 36 61 19 59 50 100 64 44 75 26 46 58 95 92 42 76 19 76 0 152 122 105 59 136 48 26 141 26 10 72 123 157 8 3 93 117 35 106 16 18 42 168 53 51 54 70 116 58 3 0 81 119 26 132 40 96 5 32 57 132 135 7 0 142 100 128 145 0 4 14 48 20 140 80 28 52 15 27 0 77 88 30 48 8 0 2 0 80 4 140 11 109 0 16 50 35 57 98 89 79 34 17 89 72 137 84 8 58 0 7 68 130 72 73 147 33 5 125 106 98 0 56 58 97 54 56 136 84 113 101 18 38 82 21 113 4 72 84 0 118 99 48 40
23 137 52 33 95 98 204 36 36 136 66 126 24 162 65 15 115 73 17 25 15 131 33 16 90 0 4 63 95 65 5 40 0 45 30 19 58 48 0 93 33 53 119 22 16 64 28 199 82 48 111 0 4 53 105 50 14 107 30 38 36 47 30 44 15 0 0 19 7 47 153 25 37 0 113 54 172 66 147 47 119 58 0 5 10 150 94 119 7 19 147 0 74 64 27 64 45 27 117 113 5 25 51 76 30 95 50 85 131 60 28 16 58 33 37 72 140 48 70 82 69 133 133 45 43 19 3 37 43 13 62 30 93 51 51 65 93 76 49 48 67 126 97 86 63 20 87 47 150 0 109 72 18 89 187 26 4 77 95 62 0 45 10 32 0 51 142 22 30 36 107 24 28 56 79 48 109 112 37 77 0 107 99 46 151 34 3 47 15 49 154 62 106 23 4 129 99 8 7 92 129 0 67 20 40 35 98 5 26 26 9 118 44 35 90 164 48 17 72 67 122 44 55 54 106 40 173 13 85 61 10 77 3 39 78 127 49 0 102 27 138 212 62 19 196 72 88 66 15 46 102 15 70 51 105 5
35 43 34 31 39 39 1 0 9 8 111 77 107 29 63 3 78 68 23 4 73 83 78 72 18 4 78 48 30 75 4 25 69 25 51 7 69 81 23 24 91 54 0 0 6 4 23 87 0 32 4 42 89 52 31 36 0 35 4 40 33 34 20 73 0 20 22 106 7 65 62 38 45 68 7 6 15 89 45 64 70 53 55 17 0 41 14 63 6 40 45 72 15 48 56 17 75 18 92 66 42 0 45 56 126 40 109 9 28 85 33 6 156 131 99 43 93 0 38 82 24 16 16 60 68 113 75 38 4 42 1 24 63 33 42 48 48 35 14 1 93 63 43 0 143 65 131 71 104 3 72 68 12 64 36 50 88 95 39 123 95 145 5 48 103 32 13 88 53 8 22 52 13 79 8 45 129 4 46 55 76 29 0 77 96 36 49 54 1 15 18 25 19 35 79 28 6 45 4 30 19 0 68 24 86 42 15 56 102 30 66 111 32 76 87 0 41 17 16 133 25 181 120 51 4 69 8 44 42 117 36 25 0 72 55 0 34 21 38 44 171 5 64 7 21 0 71 26 58 25 71 68 12 105 34 159
123 40 42 60 0 81 88 0 0 34 114 94 6 0 48 0 56 40 9 36 35 86 0 32 0 44 6 0 42 0 74 16 30 38 24 24 24 30 36 82 0 22 16 15 0 0 19 125 92 34 97 63 201 30 35 64 36 36 50 45 48 49 64 31 70 5 70 28 0 46 72 81 24 7 46 6 67 64 6 74 40 48 95 12 13 104 85 120 34 126 78 21 133 63 0 7 56 80 15 63 12 87 12 56 18 88 28 24 48 103 12 7 112 78 50 40 44 0 66 78 18 8 28 63 161 14 147 30 133 40 33 0 18 89 27 38 3 54 74 72 0 84 24 111 9 104 55 36 4 20 53 0 54 4 95 16 16 75 45 0 66 57 8 0 67 32 42 54 0 46 80 103 38 5 5 8 28 82 42 48 10 22 0 15 18 36 90 89 49 39 109 42 106 70 63 50 128 28 0 48 63 45 6 136 159 0 0 0 62 50 122 20 40 8 56 40 0 81 36 0 75 0 16 24 36 90 10 0 90 135 48 68 114 78 93 157 14 6 17 24 37 50 52 0 56 45 0 81 16 0 49 140 8 12 87 0
148 73 56 28 21 50 63 0 1 3 103 109 69 72 78 36 28 15 32 115 0 53 91 24 69 0 110 70 80 0 116 92 31 106 48 54 6 72 60 21 49 192 57 16 76 5 61 36 0 18 61 108 116 95 159 166 137 42 94 3 0 53 19 96 90 152 12 15 57 6 11 84 94 24 94 50 124 48 72 75 45 32 24 44 54 33 124 39 26 126 91 53 39 28 138 27 15 27 108 91 19 21 63 56 28 15 106 30 0 56 54 77 137 148 64 6 117 0 0 136 100 72 27 46 27 10 56 67 54 88 4 0 19 83 54 79 65 12 0 65 96 151 33 94 31 28 88 50 12 41 69 21 0 80 145 52 48 34 54 0 54 39 0 107 76 103 12 0 24 0 0 0 54 72 0 3 4 25 14 69 0 112 45 0 48 91 128 58 50 63 35 95 35 153 111 33 46 32 42 99 48 11 35 16 20 64 40 5 5 27 109 0 36 8 155 111 78 46 48 63 6 75 21 24 113 51 48 18 0 192 64 24 56 168 115 111 142 45 72 0 52 93 194 48 76 15 0 5 13 110 51 128 16 42 18 0
194 139 61 55 33 182 63 130 60 96 124 79 110 32 91 2 9 90 76 131 0 129 9 24 180 30 86 72 23 116 96 152 60 0 12 84 101 120 0 46 59 151 21 12 133 12 10 31 24 5 107 109 76 0 172 61 158 186 60 6 115 66 85 91 159 90 88 115 123 90 84 0 233 40 47 1 92 86 69 96 98 245 29 79 88 12 0 93 38 31 167 17 50 22 31 50 38 61 16 0 32 0 26 65 60 103 127 26 104 74 45 46 56 193 106 22 125 4 25 56 104 27 48 60 109 146 91 136 27 38 61 9 10 44 128 129 36 75 54 74 65 97 40 131 78 85 52 30 78 69 60 72 17 79 133 90 104 64 73 65 95 49 0 9 83 72 20 89 18 20 81 74 186 108 91 0 28 107 86 84 104 3 52 37 35 112 154 40 126 95 19 18 70 79 40 15 8 16 124 68 95 85 20 29 48 127 20 24 127 91 73 132 39 65 48 203 42 68 45 19 40 28 15 66 135 35 76 172 60 215 36 0 113 40 11 114 89 34 49 96 80 9 122 26 27 221 83 36 34 133 66 115 104 43 57 124
27 89 21 12 9 83 42 36 9 71 6 33 58 24 16 40 38 47 0 82 0 92 6 12 58 91 35 0 60 21 240 118 30 36 93 99 26 98 38 18 87 32 103 72 16 70 15 66 64 38 107 120 46 6 220 0 60 18 53 0 32 64 35 88 42 138 145 27 79 26 9 37 72 0 52 85 38 60 36 0 111 73 16 6 18 60 60 12 35 45 64 34 60 153 104 24 56 21 14 0 7 67 9 30 42 7 96 16 101 30 0 0 84 32 65 142 14 56 12 64 63 12 51 25 46 60 190 108 30 90 63 12 24 42 78 15 6 153 48 28 142 80 22 178 28 44 13 12 27 28 25 117 69 14 63 81 96 172 137 21 114 142 138 0 3 0 9 116 205 77 0 32 42 0 56 0 49 25 0 6 28 66 130 86 83 102 172 33 89 83 90 90 35 117 40 0 99 61 27 8 0 58 70 113 55 5 40 39 104 139 86 35 9 34 16 56 112 63 76 62 108 36 7 3 107 60 6 49 60 76 56 27 15 106 100 102 39 12 58 27 52 57 153 0 54 138 0 105 56 69 113 42 73 95 77 48
11 110 8 8 6 143 110 49 10 112 28 42 92 22 45 84 16 82 119 70 154 0 52 0 0 0 111 81 72 101 10 0 0 18 66 45 87 0 0 22 76 4 7 0 8 20 52 38 34 100 49 52 56 55 48 74 95 158 46 72 45 7 14 6 30 40 99 86 95 22 90 0 30 77 71 9 43 0 0 41 140 60 83 35 2 49 16 45 81 63 10 86 80 32 72 108 99 14 36 50 103 78 49 56 67 10 106 56 63 22 0 36 72 99 21 16 13 72 0 66 0 45 94 24 131 100 45 76 26 66 4 9 100 12 10 8 9 30 26 66 133 62 108 6 56 52 21 0 116 8 7 130 81 53 47 54 170 72 105 90 6 136 10 69 59 62 6 93 111 39 74 76 114 12 31 58 54 97 125 60 97 45 101 128 20 44 64 0 18 51 96 64 48 170 135 15 124 0 0 0 0 135 48 90 138 29 96 0 77 30 0 18 6 97 105 36 26 72 48 130 79 60 29 100 46 93 4 18 112 84 12 0 20 21 60 39 23 36 38 14 135 66 37 20 95 150 27 47 44 42 81 98 105 76 8 78
102 148 72 5 34 35 99 128 124 71 40 223 81 14 80 0 12 48 5 125 26 34 72 24 0 53 72 21 17 0 40 97 0 16 81 38 14 36 53 47 49 18 24 118 175 12 10 123 138 63 53 0 0 75 81 133 125 103 4 3 81 36 141 112 54 112 56 54 0 0 81 124 150 8 135 72 63 85 34 72 123 68 56 50 56 40 52 180 72 113 0 18 8 0 15 59 32 15 8 107 96 50 63 3 11 83 164 6 50 68 0 104 66 22 73 14 189 12 8 28 16 0 39 111 18 49 10 54 20 33 18 8 81 20 74 3 54 27 2 2 18 194 30 108 15 128 29 4 7 24 0 8 88 18 146 134 18 80 64 34 24 69 8 49 0 1 38 100 65 106 40 16 6 67 0 24 201 8 93 36 6 37 93 79 61 148 63 63 67 33 59 0 103 209 45 15 89 69 24 69 35 47 54 88 18 109 0 0 62 63 0 113 64 35 20 80 10 32 101 36 174 14 47 130 14 43 77 8 8 54 184 19 56 0 34 119 112 101 27 9 30 69 36 25 63 43 16 23 12 107 20 112 57 54 126 2
70 24 174 0 56 225 160 45 0 93 0 0 3 110 50 21 42 39 8 78 43 163 36 0 132 40 16 123 50 95 64 73 2 46 81 111 4 3 0 8 0 18 66 50 16 45 9 116 150 6 72 30 85 40 14 37 42 79 12 63 32 35 145 6 42 36 15 62 73 49 85 48 115 83 48 81 38 77 64 42 104 152 42 30 30 15 68 0 100 0 66 0 69 112 63 93 96 36 90 100 26 0 84 61 30 45 62 25 36 0 68 8 132 0 59 75 220 16 40 58 90 49 81 7 0 36 21 42 56 133 73 62 15 12 54 12 108 46 129 60 54 19 56 214 54 16 117 101 97 25 72 0 8 52 72 99 72 0 108 42 70 18 57 28 35 16 116 51 76 102 8 16 6 141 150 35 72 0 20 101 81 0 74 0 133 36 66 36 63 88 135 68 70 88 50 0 180 4 31 56 47 0 64 48 92 76 36 18 66 102 30 93 42 18 63 100 54 70 52 54 63 49 42 85 80 3 54 111 125 153 104 0 40 54 58 36 80 58 68 52 139 123 44 16 36 32 188 28 8 120 59 9 183 32 60 112
150 132 78 149 102 48 120 96 59 68 99 16 0 64 6 0 81 44 44 113 117 190 37 18 36 133 45 48 66 50 12 148 49 117 99 24 70 87 16 4 12 234 94 48 81 85 76 125 57 75 204 69 152 52 87 33 149 229 59 112 135 136 91 48 56 30 14 106 57 111 125 128 78 22 95 49 24 130 47 55 83 79 36 8 148 78 73 272 76 6 9 102 60 87 22 54 78 64 117 127 54 83 34 52 1 42 135 5 84 0 87 40 110 54 43 63 114 48 16 179 80 77 173 1 54 8 73 15 35 63 0 0 101 119 137 61 27 112 50 20 12 114 102 189 33 92 48 116 58 111 45 93 0 38 30 195 0 2 0 20 58 75 64 8 154 0 78 115 63 4 157 52 6 89 82 48 122 36 112 165 40 54 39 36 14 65 66 81 74 0 40 14 90 98 94 0 35 72 176 0 66 0 61 57 40 0 3 35 72 32 30 129 12 126 41 141 90 73 9 108 0 0 123 36 30 80 113 12 87 0 107 77 28 0 69 220 64 134 0 69 28 3 0 100 64 80 0 81 12 16 53 74 17 5 55 121
73 117 78 0 29 87 65 63 0 72 62 96 25 51 114 50 93 74 91 75 61 145 27 7 94 40 122 74 35 9 194 40 55 30 1 54 88 132 172 0 42 99 118 20 0 85 193 59 49 68 51 117 77 60 209 0 73 53 40 126 89 20 67 19 0 131 85 60 0 76 68 44 62 4 36 15 130 2 69 62 45 8 129 16 25 108 169 0 40 46 94 48 55 64 64 114 70 99 20 0 88 89 19 147 84 28 64 6 121 102 0 32 12 35 48 155 71 0 64 73 99 95 160 61 109 42 47 132 49 251 7 112 69 93 52 61 0 9 50 58 55 136 24 56 32 103 107 126 57 49 6 50 0 41 124 169 0 67 132 0 77 99 55 72 35 92 0 100 104 28 46 107 112 18 100 0 112 34 125 83 18 32 72 81 108 16 117 48 24 63 181 4 124 27 97 32 298 9 16 105 106 180 60 0 60 138 111 80 126 0 83 86 80 94 16 102 0 91 12 148 95 0 63 27 48 16 144 0 146 257 0 148 36 21 57 201 123 77 54 46 0 96 157 10 52 24 9 33 12 189 28 87 54 66 17 36
35 144 8 109 56 44 8 47 76 24 58 25 55 84 70 0 10 92 30 91 25 20 58 7 48 0 54 22 16 32 55 44 18 48 3 49 31 6 60 38 0 74 8 24 18 72 29 34 25 132 61 52 17 53 53 6 32 69 183 59 86 192 76 93 18 149 58 57 42 109 92 58 33 0 95 5 14 78 6 23 37 0 41 70 48 2 148 28 84 0 42 42 59 18 58 81 0 2 0 28 39 15 0 15 34 11 36 147 102 0 181 92 94 122 7 0 9 46 20 32 85 18 91 12 56 69 24 70 32 27 21 109 55 79 119 15 18 27 0 152 56 75 90 63 133 106 0 60 0 38 21 64 67 102 146 73 115 85 72 44 15 12 39 10 119 77 56 155 56 75 64 98 75 31 36 26 29 6 69 168 30 48 30 32 39 47 0 141 95 98 133 0 54 185 71 139 0 33 6 27 16 108 29 115 49 0 16 35 131 0 16 69 15 5 0 24 61 127 0 6 92 5 43 36 90 3 105 20 64 0 53 3 52 8 33 125 72 86 54 50 100 25 40 27 114 65 15 51 38 46 12 24 80 51 3 92
52 76 20 108 16 28 64 29 48 27 8 48 138 0 45 43 8 0 148 81 36 36 24 44 0 0 128 62 60 80 86 20 7 0 0 0 0 0 0 49 0 92 30 48 32 46 111 36 21 179 27 36 70 0 46 63 42 48 136 142 79 85 115 0 58 156 74 124 74 64 24 0 52 8 52 32 91 32 79 0 97 32 24 160 52 4 18 147 67 12 84 120 42 48 63 77 64 34 75 78 24 0 28 0 16 0 126 63 27 24 81 17 38 201 55 28 72 52 36 116 117 141 27 35 12 68 36 32 44 78 21 6 18 131 28 128 24 72 0 9 63 60 109 20 54 0 36 116 68 20 74 72 46 113 56 0 141 27 81 6 56 0 25 68 196 61 24 16 36 0 72 26 99 72 14 36 27 0 3 176 36 15 96 78 0 0 20 56 78 199 63 14 102 173 170 0 0 0 0 0 68 27 122 135 126 16 85 42 84 18 28 0 50 38 28 27 0 28 79 0 0 0 65 0 56 12 36 16 70 63 8 32 0 30 105 4 35 72 73 85 132 49 85 64 72 18 52 35 89 36 28 8 23 0 24 117
71 62 87 128 91 18 25 0 132 18 0 2 0 52 56 24 0 13 70 42 130 50 182 6 48 54 200 18 21 0 70 0 10 0 80 0 103 8 8 10 14 32 2 86 56 4 6 0 5 22 11 0 0 0 89 18 3 26 81 48 0 0 16 48 0 0 10 57 58 76 0 72 79 54 12 81 16 18 0 80 131 0 0 52 0 6 85 24 62 196 2 40 42 28 16 39 90 8 102 18 84 0 0 112 0 32 82 64 20 48 100 0 66 16 0 42 20 48 36 104 152 0 60 92 70 24 104 0 54 54 58 24 124 0 14 24 120 24 26 0 48 12 74 18 133 29 147 0 0 10 0 54 0 114 28 19 0 90 50 32 30 32 10 6 70 48 0 40 88 86 48 24 71 24 116 6 167 102 12 45 24 72 60 72 37 42 111 64 106 42 9 0 51 8 38 70 78 0 0 30 40 0 0 64 84 45 36 40 18 8 29 107 0 65 56 32 48 36 53 48 31 68 134 50 32 90 18 64 46 46 22 0 114 63 65 30 64 48 112 0 1 18 60 26 0 108 25 18 20 30 104 45 12 22 25 2
99 122 2 59 62 72 8 18 14 96 36 0 25 30 12 4 47 69 40 4 0 94 36 64 40 14 2 9 0 32 88 38 35 61 18 45 40 48 63 38 107 119 20 20 0 146 39 51 111 8 197 82 0 14 24 46 33 183 24 123 57 133 34 61 85 0 42 4 21 15 30 0 0 56 56 0 4 16 95 0 24 12 46 0 98 81 10 11 150 18 59 0 18 54 2 45 0 99 8 0 0 117 51 43 66 56 40 0 71 0 0 0 18 134 6 16 36 0 0 146 10 33 0 35 64 108 49 55 24 47 28 54 58 42 29 33 46 71 7 0 46 41 0 9 71 0 12 49 21 40 0 123 8 0 82 18 45 20 9 28 91 74 13 111 72 18 0 162 117 42 126 0 29 40 63 0 50 44 118 27 18 20 12 52 31 9 81 27 62 17 32 24 5 182 0 0 0 0 20 0 0 95 82 0 18 80 15 16 63 28 33 61 63 77 14 80 37 108 42 36 0 0 177 0 0 56 72 18 35 0 0 29 24 74 0 98 0 41 98 20 71 36 12 47 72 0 0 0 24 35 40 0 14 28 15 0
53 154 27 70 49 63 70 0 16 3 86 116 24 0 86 16 52 93 22 72 49 79 18 0 42 7 12 119 49 0 0 35 15 95 41 14 93 0 76 46 0 30 0 0 94 76 32 9 62 125 7 83 63 36 4 71 45 0 64 24 32 28 40 110 45 24 38 49 102 191 49 28 0 18 0 8 40 56 61 15 33 0 28 48 5 16 104 54 70 68 16 15 40 35 105 0 68 108 8 6 5 83 9 24 139 6 131 122 80 8 0 44 72 0 0 27 35 12 95 0 32 5 81 12 52 12 27 56 59 28 0 70 12 85 18 24 7 0 63 72 13 93 38 72 56 12 49 119 64 45 92 5 122 69 98 40 24 42 33 133 0 113 68 9 129 63 86 17 33 8 32 58 80 103 0 57 65 32 102 64 24 36 14 94 0 12 111 36 0 121 5 0 145 6 0 84 18 36 48 24 8 0 27 0 0 16 0 2 9 0 99 55 49 30 4 54 22 57 18 54 43 20 12 32 83 0 14 48 116 72 73 51 89 21 7 134 7 36 32 79 23 112 40 144 0 0 46 56 8 56 21 39 5 24 86 42
62 81 51 65 110 100 0 0 81 0 41 45 0 0 70 12 81 66 52 54 76 87 2 0 92 57 4 0 75 110 86 4 0 0 6 12 32 40 119 0 64 99 8 90 92 81 16 30 41 27 57 27 24 30 105 99 4 69 125 12 9 101 83 54 24 68 72 70 0 141 43 58 57 45 60 0 91 82 85 48 10 24 0 32 4 20 10 9 6 45 98 30 4 18 16 70 42 41 23 135 78 60 55 24 46 153 144 19 37 117 64 28 191 27 36 22 41 29 0 113 150 0 116 76 0 36 85 98 27 93 36 54 57 12 56 5 63 72 57 46 181 41 54 91 129 45 73 40 162 45 0 0 35 21 50 121 25 133 123 88 13 72 36 90 75 52 28 32 98 36 24 0 73 95 9 61 50 14 51 64 31 36 44 0 0 33 46 85 0 14 36 27 27 88 9 165 109 25 12 43 79 20 87 69 27 37 27 45 55 5 52 8 35 86 5 69 154 99 36 102 115 34 80 51 10 50 93 93 36 44 0 67 3 0 72 26 93 48 120 12 152 4 136 64 5 0 0 76 32 146 117 24 128 102 2 0
80 133 53 35 62 45 11 61 45 93 99 95 35 191 74 54 99 27 6 3 0 20 88 2 56 6 84 42 108 76 46 30 119 51 80 36 88 8 111 32 34 45 107 18 113 108 2 81 24 15 95 164 69 3 15 152 167 112 182 0 47 18 31 19 16 88 149 1 15 50 16 52 124 46 30 79 140 47 0 9 13 73 40 51 75 67 28 48 24 198 0 68 10 48 119 153 52 18 27 69 54 9 80 132 51 16 52 12 60 126 40 81 217 113 135 13 59 79 62 97 81 32 145 43 116 82 74 89 35 12 0 0 36 165 26 54 66 20 1 68 96 14 6 27 160 40 84 42 34 0 53 8 0 49 171 6 44 97 66 108 16 69 9 75 27 5 18 95 22 0 48 50 47 32 30 98 0 173 69 90 8 34 29 64 12 152 92 52 52 9 97 188 160 197 45 88 6 24 4 69 46 15 69 16 74 15 32 54 62 27 29 92 96 61 192 48 77 61 64 173 117 80 32 0 212 57 1 130 81 91 112 3 14 24 203 205 31 16 18 0 100 76 38 0 16 93 36 66 36 116 14 54 103 49 54 14
56 110 56 142 88 80 161 95 172 114 9 13 9 136 56 36 87 108 0 64 48 92 72 66 72 41 7 82 0 34 195 18 20 14 53 107 42 132 78 0 16 139 140 12 36 49 51 142 21 122 127 53 45 57 133 42 20 202 23 107 22 63 99 69 111 53 56 87 36 48 52 88 93 50 105 3 69 100 91 152 95 74 22 85 89 32 80 85 70 34 0 61 58 63 0 96 43 38 4 0 93 16 19 133 27 142 152 82 96 70 110 83 72 159 31 20 24 45 63 37 71 80 80 81 113 111 42 59 52 79 0 107 41 80 54 70 9 47 6 88 89 92 60 181 42 197 0 51 99 18 15 21 0 7 100 14 26 96 45 77 116 24 92 9 62 22 206 115 75 56 24 56 35 54 10 72 28 99 0 30 104 87 84 68 48 108 0 104 26 85 176 134 54 122 14 136 55 36 0 0 108 63 0 204 74 75 20 53 49 24 102 53 0 34 19 158 36 150 6 68 134 78 8 31 9 110 161 134 112 9 149 206 50 176 107 25 55 101 76 56 42 40 72 40 65 128 0 101 50 192 90 103 92 70 0 23
197 33 70 66 269 99 70 55 40 108 185 56 103 24 50 3 124 140 0 25 67 102 152 137 49 42 0 46 62 96 106 39 30 70 27 57 72 75 24 20 25 67 71 70 132 50 32 28 101 16 5 73 141 82 45 74 38 114 51 132 50 189 144 216 0 192 71 81 198 38 28 60 30 43 228 63 160 239 232 34 28 162 18 139 56 35 149 76 154 57 63 18 48 0 43 42 8 135 121 21 102 128 61 80 90 38 120 163 58 34 57 21 56 63 57 137 59 48 69 47 41 91 0 104 16 35 3 21 8 32 18 47 87 108 69 103 129 0 72 60 21 101 79 121 157 79 45 16 72 68 43 6 72 28 121 111 64 21 114 84 115 18 0 18 120 93 50 81 14 46 24 18 21 32 40 39 21 32 133 119 25 64 42 32 55 36 63 92 95 67 89 67 187 76 98 87 0 60 238 45 84 44 6 88 54 8 42 30 38 88 33 34 0 98 31 134 113 172 9 52 151 22 65 37 33 0 51 68 63 148 65 108 35 48 135 68 142 83 135 107 21 39 72 131 78 154 52 7 10 145 64 16 128 82 136 54
177 107 61 46 45 81 9 72 160 61 60 101 101 87 113 0 89 140 28 121 28 98 28 34 12 0 36 14 27 60 7 64 95 40 63 90 54 44 15 44 35 200 68 22 105 0 36 90 132 10 218 102 62 65 91 71 3 54 84 15 154 214 102 60 67 93 43 61 35 54 122 54 20 0 148 60 90 119 123 56 18 2 0 3 15 71 35 206 117 81 161 53 60 92 35 27 63 34 94 85 53 21 104 56 12 165 154 36 117 37 0 91 123 175 86 8 27 4 46 104 0 58 196 28 32 8 108 120 53 99 18 47 80 62 77 0 21 36 63 109 54 58 60 174 45 45 59 145 45 102 67 38 6 60 203 61 92 62 105 4 64 48 0 12 137 26 77 30 39 76 56 6 0 72 0 0 63 49 32 165 110 64 73 63 43 117 24 205 55 3 154 0 56 39 56 0 31 28 62 71 188 0 97 73 67 24 78 77 35 48 107 5 42 0 56 3 104 172 60 32 23 7 0 84 6 43 88 149 87 141 195 31 28 0 53 101 44 41 99 96 91 64 76 149 198 49 52 21 32 24 136 55 69 108 105 15
73 63 24 51 0 63 22 42 27 32 23 8 45 84 27 15 120 87 68 16 48 40 0 9 14 0 9 52 56 106 80 12 203 24 34 3 31 5 0 21 21 174 2 54 52 81 31 18 25 108 18 82 55 57 132 66 15 58 82 24 83 40 86 9 51 69 8 107 0 27 11 32 97 27 7 0 28 91 0 27 64 15 99 47 9 83 0 46 16 49 74 15 12 132 2 61 27 36 10 44 75 21 85 24 115 117 222 47 105 14 60 7 82 124 0 21 7 0 0 112 122 80 48 36 38 48 38 72 24 233 14 89 36 12 1 61 0 44 7 1 110 78 62 27 75 16 57 97 38 48 3 64 34 72 71 6 2 23 28 15 26 0 36 63 201 21 0 47 0 52 88 51 36 0 0 10 21 0 18 28 12 21 63 33 59 21 44 66 85 93 67 80 32 100 119 4 52 45 0 2 0 57 27 60 82 53 27 37 19 0 71 88 3 8 2 68 2 0 36 64 66 72 12 94 32 18 6 62 190 123 32 7 27 83 28 21 62 14 59 40 54 57 120 23 2 31 3 54 16 7 9 0 62 10 2 48
56 41 123 97 0 66 155 7 38 191 42 123 30 134 36 20 42 54 30 216 24 97 105 4 137 93 111 141 16 0 18 32 28 0 54 5 0 50 0 60 43 18 31 90 0 60 105 107 4 54 109 21 186 81 33 10 163 55 14 4 127 129 164 16 55 188 45 11 55 67 63 0 10 10 151 7 50 87 64 49 98 185 65 59 14 13 51 137 68 36 0 27 26 0 48 27 45 4 28 18 105 63 63 128 4 84 242 56 8 79 27 6 23 34 36 42 12 4 48 101 28 23 121 122 72 125 0 75 0 146 54 0 34 34 40 127 46 88 9 125 105 131 96 235 24 56 88 206 113 87 137 82 38 42 30 50 36 62 42 0 28 37 45 22 0 16 144 9 48 45 6 149 87 206 27 51 54 58 55 57 122 14 42 95 88 69 103 162 59 86 72 6 151 0 86 42 62 38 37 71 52 7 127 44 90 10 44 27 45 3 8 106 0 21 69 64 118 123 48 18 44 12 6 9 75 16 119 122 12 6 4 61 18 4 23 146 62 169 131 32 98 82 4 70 3 133 22 26 60 233 65 70 103 2 0 31
19 173 168 0 17 126 0 86 35 92 0 145 54 10 67 0 19 28 70 28 111 32 18 28 23 0 74 74 40 75 116 63 49 70 90 133 48 32 81 53 112 43 42 110 32 6 14 0 124 113 36 55 24 48 41 12 62 76 108 44 93 29 10 21 236 76 9 24 48 59 63 87 168 58 0 86 102 95 48 73 193 92 48 45 28 0 126 0 48 26 0 48 95 3 15 95 92 75 98 0 8 0 54 111 44 138 129 60 6 64 0 0 65 51 83 77 0 58 179 99 71 6 154 0 72 21 0 42 6 205 25 130 140 35 43 96 27 52 135 116 160 9 48 98 29 15 46 74 30 14 21 157 12 87 75 102 84 101 80 39 10 106 94 18 20 23 148 46 47 38 0 126 64 153 43 78 87 0 89 73 34 56 88 112 41 103 48 25 90 117 143 62 0 97 0 35 131 18 18 49 52 25 23 62 94 53 86 28 60 16 30 58 104 18 135 23 56 80 66 104 0 38 12 0 80 208 54 124 158 36 36 140 69 56 94 40 0 54 92 97 35 21 132 24 6 88 0 39 58 63 32 56 123 36 24 183
30 9 16 42 89 41 3 18 172 78 56 20 21 0 65 18 117 21 3 35 98 12 38 0 8 0 81 19 0 0 155 48 0 34 0 20 54 14 18 63 42 40 12 68 12 57 45 24 30 22 76 0 18 12 0 63 54 81 45 66 16 48 112 0 115 36 0 55 36 53 10 0 81 54 90 0 15 86 108 51 49 36 78 55 73 0 88 48 120 99 9 0 9 0 7 73 138 81 60 9 123 63 20 89 36 52 101 36 41 12 40 37 0 51 89 51 28 0 64 53 65 30 23 64 16 100 152 92 27 0 10 44 90 117 22 7 36 103 0 63 11 73 21 7 0 0 60 56 0 10 15 0 0 0 115 0 101 80 89 91 111 4 22 0 63 28 100 131 117 29 28 18 10 141 153 5 0 40 108 45 115 14 36 52 0 89 49 50 23 83 0 30 42 48 21 58 27 28 66 10 78 43 0 83 27 121 69 40 28 4 0 0 63 91 8 3 0 155 79 0 0 0 9 24 24 115 37 120 91 24 20 151 38 12 81 0 63 41 153 27 9 6 81 45 16 56 39 51 62 67 45 49 64 36 21 0
78 107 0 50 0 31 63 27 59 123 128 42 96 90 56 0 20 80 32 13 62 202 117 5 6 0 85 63 0 0 33 7 40 48 42 0 24 16 0 146 70 25 0 44 0 54 155 63 98 75 250 63 48 28 12 118 63 83 0 22 38 62 126 21 64 0 61 0 54 43 56 0 68 27 105 39 0 6 47 52 67 36 28 35 130 108 73 66 82 9 10 24 103 170 42 0 72 55 54 0 0 117 102 4 93 16 130 4 69 30 48 72 42 30 0 66 104 0 0 89 109 24 60 14 188 51 72 13 70 48 28 18 93 51 101 63 28 48 48 48 0 0 0 174 39 111 81 21 81 0 35 195 0 35 15 64 34 60 0 0 100 57 0 88 0 57 69 84 18 31 24 63 72 54 0 0 154 68 82 111 96 74 95 52 0 28 64 148 42 7 70 0 100 68 150 0 56 72 99 35 16 0 93 0 87 0 42 0 8 75 55 107 108 43 36 10 15 49 45 0 70 0 75 0 9 123 35 14 18 85 72 60 79 42 111 129 0 87 0 0 87 35 4 21 48 130 0 77 18 114 64 77 12 172 3 18
128 7 45 0 97 90 25 0 12 107 36 109 44 96 70 6 45 68 59 39 60 60 93 35 48 0 159 24 0 39 123 30 49 27 68 0 30 107 87 0 35 47 49 42 36 0 128 132 14 48 115 97 40 76 0 15 87 25 9 99 12 15 131 164 238 66 41 55 51 3 77 58 72 0 19 15 177 15 72 111 56 188 0 40 78 12 138 45 72 0 0 27 114 32 0 56 40 121 27 36 56 0 6 48 6 82 28 133 152 64 54 0 14 24 48 20 24 97 66 121 84 111 0 5 5 42 63 107 58 72 79 62 10 16 0 178 45 89 61 74 159 0 27 58 131 4 38 113 7 0 16 0 24 0 45 45 6 152 83 94 16 0 31 63 6 13 142 27 121 15 92 42 22 33 160 24 0 0 36 48 0 51 21 0 9 3 75 0 40 0 42 3 30 0 33 3 76 8 37 0 104 0 12 0 109 116 20 66 12 6 48 42 52 51 126 84 74 2 4 0 112 48 39 27 55 24 0 24 35 36 57 81 63 49 13 90 98 153 73 90 84 138 6 194 89 185 115 21 36 54 3 6 32 0 27 0
0 64 47 18 0 45 57 14 53 68 164 20 0 35 70 125 49 0 54 56 35 78 0 36 11 0 65 66 56 73 127 44 18 8 0 36 41 98 69 18 38 17 56 16 80 52 0 9 5 60 56 71 7 68 155 0 0 74 88 10 74 114 0 75 27 0 56 48 35 21 49 0 35 0 64 25 53 55 51 10 124 4 46 6 0 59 73 0 0 40 3 10 75 55 35 0 35 84 28 0 77 63 25 26 38 0 63 38 44 15 0 128 48 33 63 105 25 0 53 106 45 53 77 15 20 10 116 112 68 14 36 0 8 42 60 83 96 0 32 144 76 160 116 73 90 44 66 35 17 12 0 18 49 114 83 20 112 78 0 49 13 85 25 51 0 72 0 61 28 28 29 56 63 10 0 0 56 107 42 16 63 8 23 7 61 55 30 18 0 85 62 6 44 149 202 55 92 0 64 18 46 21 144 45 28 64 56 12 16 0 54 5 0 81 25 15 45 71 42 114 16 59 41 8 28 0 0 31 106 63 70 15 0 54 102 7 38 0 36 146 24 5 182 0 20 10 21 31 0 56 42 101 36 14 72 40
36 86 36 113 81 27 63 38 14 42 21 172 75 111 132 84 53 135 81 1 57 168 165 23 72 25 130 165 6 76 56 24 0 35 1 72 21 30 47 9 27 37 82 63 8 26 16 138 0 26 49 9 53 76 158 81 89 60 45 119 103 54 94 74 0 19 27 50 38 120 57 4 109 8 54 64 102 39 82 13 119 69 92 154 27 77 148 178 0 94 112 9 7 45 79 32 125 27 87 144 12 30 37 36 70 0 18 42 86 18 106 0 91 36 0 31 93 0 44 2 106 0 0 0 40 39 69 76 36 64 132 46 21 102 89 194 116 126 25 83 46 24 59 155 159 3 43 44 84 18 0 198 33 28 62 92 9 61 154 76 40 4 22 45 27 78 137 47 19 85 74 28 127 156 6 9 79 142 72 128 0 56 47 63 100 14 50 0 96 219 179 42 112 72 42 0 2 22 45 51 118 146 74 45 35 15 0 36 59 42 14 96 0 132 120 77 90 48 95 54 68 90 43 9 63 39 0 21 7 97 28 42 39 21 65 202 41 100 26 47 4 211 42 33 212 131 162 45 9 117 100 0 60 89 123 72
111 136 9 117 72 81 83 35 126 104 32 0 111 0 0 27 54 108 0 20 54 28 0 53 0 28 36 114 0 0 38 0 0 45 0 9 18 35 0 0 0 63 81 53 49 36 56 9 27 53 14 0 24 9 54 56 99 0 25 0 0 0 63 126 0 108 24 24 9 57 33 18 18 0 15 84 118 42 19 27 72 81 0 0 9 85 38 23 77 49 27 0 0 158 0 52 0 6 119 55 54 0 51 9 21 50 39 81 64 64 25 14 43 63 0 0 104 126 21 26 97 64 27 15 27 0 47 50 32 18 16 0 14 18 0 112 133 56 27 16 30 35 66 0 87 0 22 12 56 16 80 0 9 0 69 42 45 39 0 36 86 12 18 0 28 14 24 24 21 36 32 20 82 27 27 57 98 76 43 24 33 112 66 31 78 0 82 0 0 78 63 0 93 81 24 81 64 56 49 18 15 0 68 12 16 81 127 0 32 20 0 8 98 36 0 90 16 116 12 87 145 25 4 30 12 5 83 49 107 72 21 78 27 9 91 56 138 102 15 4 158 41 0 58 54 133 32 45 42 109 35 15 0 0 63 12
70 65 35 63 24 8 16 36 45 14 94 138 29 56 154 82 47 12 11 62 2 15 40 28 21 0 4 50 56 23 156 42 15 32 5 3 16 81 72 41 65 60 6 99 32 72 58 0 17 103 10 48 1 72 92 0 75 64 27 75 3 21 45 4 82 40 32 58 18 61 22 22 139 0 29 44 194 49 60 28 142 53 0 0 28 36 0 3 42 88 4 28 0 120 87 106 3 98 24 20 39 0 46 3 22 37 69 25 41 56 48 120 54 21 32 140 93 36 83 101 72 44 16 48 48 24 100 63 0 131 0 0 11 49 0 108 25 118 0 50 153 58 39 63 60 20 5 55 46 0 4 24 45 28 43 16 72 43 75 3 6 92 21 104 0 41 0 87 143 30 32 24 42 111 37 71 0 78 20 0 3 12 28 21 0 63 153 0 17 117 15 49 0 136 26 128 83 24 21 36 21 34 83 52 40 32 0 36 0 21 0 10 53 23 40 126 80 46 0 5 41 0 6 15 71 12 10 38 71 146 69 18 0 33 172 48 61 79 91 49 69 6 82 78 29 39 35 15 64 70 39 36 3 8 55 32
46 76 45 86 111 10 28 0 28 74 85 145 81 35 18 62 28 155 8 92 56 45 70 66 0 42 70 53 0 0 74 21 110 120 37 31 59 72 12 63 14 83 94 18 45 51 90 20 66 16 76 32 50 16 29 14 22 26 65 26 42 152 98 24 50 78 166 111 78 114 123 66 42 8 28 83 30 40 18 0 96 145 131 14 72 31 23 84 37 64 16 33 0 0 75 36 32 15 6 0 3 88 42 12 30 78 105 38 26 2 0 145 124 42 0 62 16 0 14 142 52 15 68 18 20 40 26 14 50 54 42 0 89 36 85 28 20 9 2 0 36 52 110 44 65 143 36 27 157 0 0 74 78 2 151 154 16 53 27 26 10 27 63 54 8 85 24 12 68 24 0 4 45 67 0 23 72 28 0 20 70 20 8 138 0 12 28 81 27 50 59 24 19 24 109 4 14 16 98 66 14 3 16 46 58 25 16 28 49 52 48 113 58 105 53 32 50 22 73 94 15 111 95 41 32 32 32 72 15 101 118 122 40 53 38 124 128 70 40 27 120 4 89 14 0 3 44 90 22 189 81 70 24 32 45 68
0 0 20 5 78 4 0 23 0 10 103 66 0 40 15 0 65 24 25 2 100 80 133 0 24 10 2 17 0 125 2 16 0 0 0 0 19 32 0 10 52 0 20 17 2 0 0 0 18 77 24 36 7 16 23 30 32 0 51 129 63 81 57 9 18 155 24 2 30 63 107 50 0 28 0 17 35 0 104 8 108 84 35 2 0 14 15 63 40 19 0 26 61 9 22 45 0 21 32 4 7 48 0 28 14 6 91 72 34 30 0 23 14 0 14 50 0 2 0 80 20 32 86 33 12 30 104 21 44 8 0 0 24 0 66 16 72 46 24 34 87 33 80 14 87 12 1 35 46 0 15 168 7 85 19 24 8 20 0 76 0 9 5 0 20 0 30 21 13 12 0 50 21 64 20 0 3 104 66 4 2 0 52 35 44 13 30 4 24 77 139 114 18 45 29 52 32 22 175 18 8 41 18 63 19 0 4 12 0 76 0 62 7 16 28 66 28 54 0 147 28 36 4 9 21 0 14 23 56 0 61 0 0 0 11 23 18 0 12 73 10 79 45 0 4 99 56 55 0 19 39 35 68 60 55 135
18 190 151 140 42 46 93 0 41 145 185 297 124 0 163 67 111 0 72 148 5 94 0 12 27 45 166 201 2 143 166 24 13 95 10 94 1 63 159 43 14 0 50 97 55 53 108 43 61 42 6 24 123 118 38 311 12 101 198 112 74 118 137 0 56 131 42 0 54 25 20 133 51 31 102 0 16 98 52 11 7 85 46 232 0 48 85 86 31 116 21 21 32 42 143 10 7 54 113 171 136 108 0 84 30 33 159 69 95 171 81 156 101 21 63 100 153 0 86 80 222 112 16 99 46 54 46 83 8 98 43 74 7 69 56 169 78 34 14 24 45 134 18 95 120 107 48 64 21 49 3 20 83 82 133 66 62 109 32 182 21 104 3 143 9 155 117 66 42 54 46 91 42 154 21 78 150 102 190 94 18 119 9 18 14 11 202 52 109 61 35 105 89 137 60 95 189 87 66 15 27 67 68 40 45 143 60 67 51 0 0 24 120 180 0 41 159 71 123 138 90 26 128 132 72 24 73 7 167 0 16 56 0 0 193 89 150 18 177 114 19 135 86 7 92 20 4 86 18 121 21 58 9 48 81 4
42 185 46 126 66 106 194 64 53 175 111 211 49 54 139 32 108 70 12 218 36 22 59 88 107 36 42 55 18 45 153 49 85 95 42 0 25 55 0 80 31 87 7 92 90 147 74 6 66 192 77 78 185 29 18 95 81 137 34 86 149 91 75 90 89 76 112 86 32 63 86 52 142 23 76 0 62 170 151 94 133 92 41 97 0 6 60 172 143 119 27 80 24 120 42 18 101 63 177 44 35 53 32 21 14 107 26 143 87 34 72 100 81 74 6 46 29 32 100 36 120 30 71 52 90 87 84 0 158 79 39 85 46 84 20 200 46 142 9 52 106 272 100 125 101 114 29 64 42 80 45 0 103 99 219 18 50 85 52 97 12 24 4 25 121 64 146 14 106 100 112 67 54 106 113 61 79 43 104 83 24 28 110 78 54 24 83 81 37 111 20 5 41 60 46 35 79 137 99 68 46 10 126 73 155 136 44 9 126 12 32 52 178 22 28 184 55 109 84 39 36 10 96 94 93 95 150 63 0 46 6 0 91 27 90 194 75 102 134 99 35 67 116 8 36 114 9 57 46 81 23 125 0 138 0 24
135 82 126 0 121 75 141 2 8 77 30 47 0 54 51 40 24 9 15 0 15 72 36 15 22 6 11 72 77 65 10 18 1 45 130 27 24 5 12 0 24 111 82 160 8 0 14 102 53 0 63 8 83 6 28 42 72 7 52 0 28 28 0 0 108 82 5 32 11 27 10 0 39 5 11 22 74 42 134 1 21 30 8 19 30 49 0 37 104 81 45 42 1 40 63 122 23 40 0 24 45 0 133 42 54 45 113 10 84 41 35 51 148 72 46 20 177 40 114 98 4 132 103 0 45 4 109 131 72 44 0 121 5 15 0 0 42 40 82 29 85 7 12 225 31 54 48 110 136 24 88 21 2 0 96 95 65 39 79 0 82 77 8 99 27 67 23 86 3 81 5 32 8 87 36 0 41 0 54 45 39 55 5 72 120 0 45 63 0 42 0 0 13 0 21 0 174 36 0 4 0 9 60 119 50 68 70 2 57 45 94 8 176 18 40 30 65 76 0 72 53 16 40 64 20 12 72 0 38 184 72 119 9 0 135 63 47 56 43 30 106 102 0 43 14 86 131 44 58 82 0 43 102 6 18 57
49 146 10 68 40 256 0 30 25 95 106 89 0 117 145 8 14 61 153 18 0 42 25 97 54 6 12 127 0 81 109 36 57 6 15 35 12 100 48 42 15 66 6 45 56 25 66 0 44 16 70 38 24 37 22 36 48 0 115 193 20 0 34 53 81 70 32 21 128 29 20 40 13 1 2 7 149 107 132 75 48 18 32 37 39 73 45 30 216 64 21 45 72 9 105 194 36 15 28 36 19 43 72 105 8 49 105 111 98 23 0 34 42 24 8 48 16 11 83 29 68 12 170 21 10 0 0 63 40 107 27 113 126 37 30 95 102 12 2 107 71 112 65 153 73 24 54 0 43 66 0 0 28 66 95 217 48 129 42 163 56 56 54 42 35 0 148 45 14 2 12 40 0 70 5 0 70 20 36 32 34 28 9 22 0 8 76 0 72 71 18 111 0 48 36 0 161 30 121 0 72 0 0 0 48 143 85 5 45 36 55 52 143 0 8 106 52 42 0 142 92 28 11 118 8 4 85 133 3 90 49 56 70 6 29 43 65 63 42 15 22 83 0 105 51 79 102 57 34 134 43 5 46 123 0 6
129 123 72 71 116 149 0 84 74 103 63 120 51 84 67 141 53 138 9 14 66 109 23 24 112 11 99 18 66 71 70 38 126 54 36 29 26 0 45 134 15 183 117 84 8 83 48 154 44 59 234 206 63 96 57 52 113 88 140 45 32 112 91 35 118 21 91 46 40 107 91 5 81 13 45 52 168 107 134 8 96 5 24 29 116 113 104 159 143 160 86 0 100 95 73 75 87 180 30 103 116 159 78 16 118 35 118 12 116 30 0 135 249 110 54 111 152 85 92 220 99 80 133 12 111 47 130 56 63 91 7 45 77 98 55 113 50 158 84 162 98 132 12 157 79 20 133 80 258 18 83 62 56 36 129 114 81 118 135 92 20 120 34 56 132 6 84 46 220 62 123 0 100 63 143 133 96 112 84 122 13 0 16 79 34 83 29 92 33 86 227 42 111 54 123 101 162 59 45 123 97 75 139 80 115 119 48 75 28 0 70 105 159 106 124 31 129 64 120 176 358 72 116 43 76 25 171 49 141 57 260 78 7 32 84 204 24 61 71 105 164 84 51 29 137 55 18 88 102 94 62 230 87 228 129 45
18 119 79 106 25 36 71 35 91 151 81 82 42 128 64 78 71 53 54 17 64 8 112 40 35 35 203 80 0 72 192 40 125 47 31 87 157 177 111 24 106 216 109 30 33 39 0 67 60 126 32 82 69 74 19 50 74 57 62 82 107 61 62 102 75 27 54 111 34 80 57 38 108 65 115 10 132 148 228 46 172 15 138 85 55 101 120 118 10 87 9 79 165 37 64 48 109 62 0 0 15 45 119 78 103 49 105 74 247 39 42 62 15 54 38 100 107 5 222 147 25 97 96 109 87 10 151 72 54 117 52 73 71 36 123 52 39 41 42 40 5 190 140 53 75 41 0 61 36 16 41 87 0 35 158 16 83 83 75 60 33 48 112 57 43 20 216 45 78 59 30 146 103 40 50 24 64 89 116 58 49 36 65 65 83 65 20 49 28 7 162 93 56 52 139 32 92 10 40 34 68 89 25 46 142 18 109 51 66 49 81 110 24 170 16 154 47 45 0 97 123 101 123 83 58 61 86 105 116 144 111 158 24 40 158 117 177 47 78 9 0 143 177 51 116 82 11 57 93 57 101 54 92 82 8 48
28 30 50 41 12 28 9 55 118 20 9 137 115 6 27 52 30 18 34 8 25 159 30 95 12 63 71 48 18 0 90 20 63 84 117 29 8 20 54 18 40 168 35 101 48 15 27 24 0 14 124 125 15 22 40 53 104 12 104 0 40 197 24 46 0 168 48 48 90 0 0 0 96 1 133 6 52 34 75 0 45 54 101 8 0 0 5 108 167 56 69 24 44 4 105 117 30 4 66 43 30 10 28 20 0 17 162 7 0 56 0 81 96 67 182 27 63 27 70 135 48 28 20 87 58 37 56 23 12 45 4 0 80 70 2 14 46 74 15 18 8 27 10 159 35 43 7 41 36 14 55 3 12 102 68 67 84 37 47 26 100 40 43 54 144 123 8 125 47 42 8 85 0 52 47 14 74 48 0 128 0 41 42 82 41 15 28 137 27 40 27 0 128 65 35 26 0 5 0 57 24 37 135 18 36 0 62 50 54 16 87 164 59 4 34 70 52 67 48 105 83 5 5 49 87 0 117 0 27 124 4 28 0 41 53 45 51 72 120 40 36 54 0 55 15 0 0 24 6 80 94 0 33 12 15 0
110 75 20 98 24 116 16 30 69 84 44 40 56 50 60 0 58 45 15 51 44 68 22 24 13 61 0 3 0 88 193 67 39 8 192 57 16 26 34 0 49 27 12 17 56 38 74 96 123 45 162 101 27 108 36 8 0 9 60 16 67 75 152 95 48 8 98 66 59 50 130 86 46 8 82 110 46 34 0 19 0 139 16 46 16 64 33 57 56 27 80 55 136 27 15 95 89 116 55 71 33 129 75 24 40 139 168 86 46 68 104 0 152 16 30 1 30 0 20 154 63 0 0 0 12 32 113 14 38 30 12 56 30 38 76 117 67 130 80 106 98 35 54 99 142 10 53 24 27 24 0 0 40 30 115 100 39 139 153 114 6 48 69 57 20 36 58 36 105 42 72 68 20 14 72 10 99 48 99 0 6 0 32 6 102 83 126 121 97 18 69 6 40 52 54 58 66 38 77 33 35 9 74 116 52 113 55 0 75 63 74 146 42 52 20 110 45 9 103 46 112 2 51 63 0 37 56 94 30 32 99 63 47 42 30 125 6 140 100 0 32 31 12 205 162 74 48 68 12 4 108 53 42 30 168 8
65 78 38 45 18 10 116 8 4 85 155 70 79 17 86 64 113 105 12 109 108 108 80 9 8 9 93 89 24 121 75 55 7 121 15 10 70 35 72 35 66 94 39 156 20 61 12 0 43 64 121 125 88 58 0 56 54 107 109 109 0 207 36 68 79 0 58 14 84 168 91 18 68 102 101 11 92 127 73 158 154 84 195 0 50 20 63 112 10 33 29 0 110 50 29 15 142 67 25 56 8 142 46 76 121 54 92 114 69 35 69 99 66 6 51 65 16 36 105 202 131 10 91 23 0 34 215 174 203 48 106 77 59 57 139 73 62 23 137 175 123 172 88 0 72 45 40 40 56 12 75 97 62 0 69 75 0 12 73 73 0 21 53 83 80 120 44 80 106 35 40 18 21 210 87 36 47 70 130 53 88 22 114 96 79 47 6 112 70 105 118 80 0 38 101 259 185 14 132 62 26 110 8 39 47 21 14 80 115 48 28 45 63 36 38 40 0 99 65 117 16 42 9 40 42 68 110 60 10 12 56 73 82 48 49 24 52 63 68 87 6 54 102 138 98 0 11 98 27 0 113 80 120 58 38 49
0 38 12 6 0 58 66 124 12 5 14 27 47 26 13 0 30 12 0 60 0 0 12 33 6 0 0 0 64 0 32 97 21 40 38 0 36 42 20 0 4 12 27 0 0 0 5 57 0 32 17 30 36 10 56 24 84 30 59 33 55 25 20 35 60 77 24 14 21 30 36 88 63 13 0 40 24 25 0 2 0 19 0 27 90 0 49 10 0 22 14 56 39 18 67 51 0 0 12 0 9 0 55 6 0 69 0 0 10 6 20 30 91 63 47 34 81 0 9 21 0 9 5 3 92 92 81 32 0 68 0 0 54 79 89 0 0 2 0 6 14 4 45 60 43 0 0 97 8 0 0 11 30 25 41 46 0 0 18 19 15 2 15 27 0 0 54 88 15 44 0 72 7 74 75 6 12 37 56 40 93 28 36 0 36 235 0 63 54 20 10 65 82 36 22 0 20 35 18 30 50 25 59 78 21 32 0 0 29 24 82 21 0 10 0 0 79 73 85 61 67 36 0 47 72 26 0 99 54 35 60 34 93 61 43 0 0 4 27 0 0 55 24 0 18 25 4 36 30 63 38 0 44 18 0 0
53 75 21 30 25 123 48 61 18 212 12 114 104 108 77 40 8 67 99 16 56 61 24 88 10 0 78 31 0 19 106 123 82 93 174 45 107 57 93 49 138 90 4 18 34 9 54 45 150 34 46 68 75 12 27 41 17 54 27 42 68 85 117 24 4 80 0 26 42 74 201 72 45 59 174 145 24 16 72 54 66 35 191 15 0 36 0 72 112 0 80 0 61 42 120 107 59 74 36 27 25 40 102 49 54 26 33 33 138 51 22 57 40 102 155 19 4 17 88 111 50 46 38 102 100 59 84 12 2 23 0 20 148 16 171 78 69 72 87 38 10 138 86 130 49 20 18 24 141 15 57 6 83 48 214 104 115 56 157 15 140 183 120 48 137 54 102 75 40 37 10 0 138 18 0 45 90 18 5 64 8 9 102 86 145 32 81 100 97 5 10 2 0 109 40 96 111 32 106 68 44 33 16 0 43 48 101 32 124 6 64 119 31 72 36 93 23 28 58 112 36 43 115 75 18 14 15 58 71 125 95 95 60 78 71 62 17 74 111 111 9 64 131 54 78 35 18 77 77 31 131 80 109 12 112 86
9 122 117 32 63 86 66 105 30 81 36 171 101 0 38 36 54 80 35 105 75 152 110 40 6 83 36 20 4 0 56 27 126 149 56 75 94 24 18 9 88 89 53 88 92 42 0 21 12 99 41 98 112 57 0 91 45 121 101 36 97 188 12 15 34 71 14 186 133 62 85 12 90 74 78 18 76 25 133 126 56 127 40 153 15 0 45 123 57 118 0 54 8 99 0 119 62 91 135 62 147 8 30 9 0 54 21 63 128 28 91 34 70 33 58 99 90 18 143 4 121 75 149 163 131 97 111 120 81 98 20 89 115 181 63 119 0 14 28 36 30 57 92 141 57 32 88 24 66 0 0 61 16 44 112 91 67 2 119 81 78 39 0 25 189 72 138 151 80 16 76 28 0 76 57 0 39 32 72 54 24 0 35 16 32 102 12 48 59 49 72 74 141 60 63 8 131 134 49 0 0 36 76 75 115 0 45 0 28 27 113 32 133 72 28 20 225 144 4 192 52 63 62 72 68 34 126 8 40 36 66 89 94 0 160 91 18 137 32 54 0 0 101 6 175 42 0 52 134 209 8 82 24 117 0 16
0 90 54 80 81 0 7 78 95 94 80 64 117 4 0 8 0 61 22 29 71 64 51 4 12 0 27 25 0 56 0 15 0 24 0 48 24 6 63 60 126 39 32 178 0 22 0 83 126 55 12 9 21 0 163 71 12 23 27 16 15 0 36 45 32 54 18 49 24 97 60 18 4 72 81 125 90 6 8 59 131 95 12 6 17 129 42 136 0 20 30 0 10 14 7 23 63 24 0 56 2 28 63 0 45 7 41 39 90 41 32 0 93 52 21 16 7 7 0 48 114 89 0 0 6 27 35 28 38 27 0 14 16 44 84 7 49 24 58 31 57 31 92 74 20 65 48 40 12 36 28 6 0 6 10 9 51 0 82 27 87 23 22 0 30 19 8 150 12 78 92 24 27 24 44 0 0 1 63 47 0 24 0 54 0 9 86 36 8 0 100 5 97 85 31 28 83 16 131 128 131 146 0 66 30 81 121 56 48 72 20 18 64 30 36 79 24 42 37 72 120 0 6 0 0 51 55 45 19 61 91 16 54 9 29 88 0 88 32 21 63 0 3 6 59 66 2 56 55 27 9 0 0 18 119 149
119 19 19 6 0 0 9 136 1 97 110 0 0 38 77 12 31 42 18 0 35 96 36 27 42 44 18 49 4 50 80 20 42 55 47 21 55 37 56 38 103 30 0 114 0 6 72 24 14 60 102 89 61 28 189 144 30 0 18 62 69 76 80 39 18 21 0 12 33 45 52 84 95 0 18 50 97 68 8 111 53 34 63 0 48 88 35 51 18 66 6 0 27 137 0 51 41 14 52 24 0 50 69 46 36 28 0 75 80 14 92 80 153 15 24 43 21 42 40 145 49 99 38 14 112 32 16 3 3 131 44 0 39 51 126 76 49 30 28 39 24 51 46 39 38 0 108 18 56 26 0 80 0 0 73 202 59 42 2 4 35 34 98 12 65 55 86 145 54 30 18 42 60 57 47 6 187 15 73 74 100 0 133 5 55 8 53 139 137 4 18 21 0 0 24 0 63 103 146 144 82 112 32 81 61 54 51 100 65 34 75 49 78 36 3 50 8 71 100 114 171 49 30 85 0 7 7 141 44 0 84 79 21 18 32 112 0 0 45 6 113 0 20 36 0 118 3 56 16 82 0 4 31 30 32 107
100 108 36 62 102 26 33 0 110 65 84 39 18 134 125 0 120 176 0 36 38 59 123 54 44 30 88 119 0 40 103 3 62 106 52 8 104 8 24 4 81 43 41 106 36 8 45 61 78 77 28 18 170 122 0 84 92 101 23 69 83 52 70 126 54 80 159 49 12 43 50 125 102 80 68 0 9 80 78 89 22 158 98 71 64 0 108 50 42 140 3 139 76 0 0 0 69 54 21 0 53 6 50 80 74 7 146 73 40 69 79 56 60 65 63 14 72 42 132 113 10 16 43 65 74 18 81 0 15 153 12 0 30 6 71 0 0 16 13 129 103 117 11 89 117 114 69 30 23 15 36 45 36 33 191 78 19 48 65 48 33 12 24 24 0 0 68 46 0 130 24 38 87 68 86 109 0 87 30 34 0 128 37 27 40 28 55 86 40 63 153 45 51 25 50 56 23 18 71 0 13 0 0 71 33 27 24 88 96 55 0 113 68 0 33 145 30 74 42 52 141 7 67 88 40 18 72 10 8 24 40 1 106 27 73 12 63 192 87 84 24 63 50 48 31 73 0 18 80 65 65 56 14 83 30 130
134 92 86 125 0 59 65 0 45 38 99 40 70 160 143 0 19 24 60 71 21 189 0 40 56 70 76 30 0 63 174 19 54 24 13 88 35 84 63 31 14 83 102 0 22 9 65 105 28 60 84 66 0 82 32 96 66 105 7 30 147 85 126 47 38 68 14 63 144 21 54 32 45 1 42 61 21 0 0 14 99 24 48 39 117 0 87 5 0 71 197 9 64 74 88 36 126 18 60 69 9 45 50 100 57 0 96 46 32 71 6 216 34 80 138 77 53 64 36 56 202 50 44 42 70 38 64 129 0 0 87 9 28 96 100 0 99 134 79 36 97 130 37 55 53 78 16 138 186 31 0 21 49 28 134 90 139 51 86 134 100 100 101 27 46 71 24 21 193 31 32 37 45 82 106 0 64 93 47 122 75 0 66 25 111 62 135 87 39 130 19 58 42 120 38 158 0 68 16 64 56 3 99 116 118 90 102 0 54 93 53 69 0 9 104 21 39 45 44 44 25 67 41 14 57 45 107 81 120 175 149 36 0 84 64 64 24 35 84 20 33 39 56 0 25 69 101 1 29 90 98 164 105 90 66 16
18 37 32 16 62 0 56 40 27 6 90 36 0 61 33 39 0 9 60 20 0 9 128 71 91 15 73 9 48 107 40 16 0 0 119 54 63 101 42 6 43 0 29 55 52 93 46 101 93 37 6 10 30 0 18 20 151 109 8 69 43 106 125 101 115 24 84 47 60 25 187 60 15 65 51 9 60 43 38 92 148 86 101 50 20 33 24 24 18 54 0 16 63 0 21 7 0 20 12 64 17 0 57 89 58 24 83 0 13 58 15 76 55 47 8 36 71 3 42 69 51 65 90 28 6 0 36 48 138 40 10 72 21 49 0 83 54 60 132 67 200 37 69 48 141 46 16 56 0 24 0 81 47 0 36 33 76 59 81 104 47 45 20 108 35 10 21 45 21 0 0 75 63 129 0 70 33 123 99 24 54 15 112 25 0 17 87 12 8 18 195 69 72 98 42 40 58 2 9 47 28 0 166 43 90 151 43 52 70 69 4 36 0 18 169 72 37 0 36 124 37 33 67 0 9 60 0 20 6 27 93 24 9 32 77 42 84 9 15 45 170 117 103 101 9 40 110 21 0 10 31 22 104 83 0 78
5 62 48 46 58 72 7 56 72 41 28 45 41 80 43 68 122 140 0 52 98 27 0 12 8 12 8 21 65 21 32 51 96 49 28 46 8 70 0 39 112 96 199 161 44 87 33 46 75 10 154 74 90 45 242 54 34 99 68 12 15 81 0 36 54 18 86 60 37 50 104 70 52 87 68 76 132 55 54 38 105 159 0 8 63 84 96 81 95 100 93 45 74 56 5 87 31 75 109 36 28 46 27 6 149 8 5 80 72 54 67 27 192 44 41 37 84 25 6 62 65 119 80 45 45 23 0 24 49 63 12 55 27 23 55 44 37 22 55 38 6 48 122 75 147 0 36 45 152 6 42 99 0 64 69 0 0 10 80 85 0 53 32 30 183 76 81 73 41 36 80 8 57 31 10 34 43 135 5 158 46 80 20 28 69 144 8 42 48 68 11 74 28 104 0 32 88 0 52 76 130 59 75 0 124 7 12 101 66 99 146 143 20 51 74 36 8 8 45 56 107 232 0 66 0 49 170 34 115 0 121 153 25 91 26 4 8 5 14 70 115 74 211 16 81 72 18 85 47 64 36 1 12 26 42 144
0 48 8 13 25 34 72 94 21 127 7 56 7 94 127 7 84 37 0 52 27 58 112 0 0 0 56 7 21 17 9 57 0 69 62 0 40 3 49 111 83 76 0 74 8 55 56 36 56 204 64 5 20 20 32 16 54 132 130 30 15 32 51 8 35 0 0 42 0 20 0 15 119 104 52 23 50 27 68 65 172 67 90 38 17 25 22 38 2 50 28 2 4 4 35 31 44 12 24 0 54 16 59 71 92 20 8 96 0 13 83 39 50 38 0 81 24 30 3 30 37 50 45 77 63 47 0 21 0 23 51 48 82 100 0 48 42 27 56 118 55 128 77 40 31 53 29 84 35 7 0 51 100 21 84 92 78 60 0 7 58 49 27 1 0 14 160 12 55 34 9 24 5 128 65 93 7 27 92 39 7 50 25 101 48 224 61 3 41 6 83 1 4 0 41 32 39 4 0 5 42 2 7 22 60 30 4 20 45 35 22 40 16 38 86 134 162 58 177 7 91 35 16 5 0 93 72 0 35 15 54 111 0 7 54 88 87 48 80 37 46 68 80 8 36 12 0 6 48 9 24 56 40 42 68 33
104 140 66 0 82 36 85 80 169 40 139 54 49 92 52 0 79 141 98 27 24 182 72 30 57 0 0 12 0 43 11 20 77 0 28 7 21 103 39 54 22 30 8 32 121 21 49 29 30 82 43 32 83 8 36 32 24 62 25 114 32 9 60 6 9 56 78 110 8 9 92 39 32 4 121 72 49 92 102 22 105 24 0 18 14 26 0 86 47 111 53 18 0 9 38 77 126 46 9 79 36 14 91 58 72 95 175 125 69 32 4 78 11 82 48 68 28 6 44 49 4 6 26 46 4 55 152 75 8 17 72 0 63 11 3 0 164 4 8 63 132 128 18 48 50 79 35 16 81 3 74 0 112 22 94 83 53 88 71 35 30 54 24 92 0 10 83 77 31 42 8 63 12 22 0 18 116 0 51 0 20 36 64 134 82 44 88 9 15 85 41 40 8 63 33 23 87 42 89 17 43 38 12 62 37 120 34 0 83 10 8 0 34 0 64 40 29 3 131 0 132 48 16 50 62 28 29 38 62 56 184 0 0 15 58 44 0 32 101 3 50 104 12 44 35 21 121 39 10 132 21 70 157 118 21 8
81 63 16 5 0 12 72 0 0 100 27 13 12 68 27 0 0 65 0 32 70 28 18 40 53 9 59 28 0 72 0 43 0 115 64 64 29 38 51 7 32 25 28 25 8 0 200 61 174 41 11 112 104 64 42 52 14 45 41 164 89 15 12 26 30 0 28 48 43 60 111 86 23 21 32 9 17 27 24 55 21 135 72 38 0 40 76 18 42 36 54 125 45 0 8 96 104 10 87 81 89 0 112 43 74 130 118 37 81 6 39 52 96 18 0 0 0 45 18 120 83 56 39 33 74 28 36 72 46 119 4 20 85 29 30 45 0 86 30 50 92 100 18 28 56 0 80 129 81 77 0 18 6 32 107 31 32 51 0 21 24 34 20 91 30 12 69 6 77 32 4 102 43 9 72 32 0 51 5 64 0 64 29 16 36 33 42 83 0 0 0 0 0 24 36 24 88 35 16 12 93 10 0 71 38 99 12 0 129 43 3 0 0 96 88 30 16 39 35 16 74 31 45 39 50 61 7 46 34 27 28 104 75 68 27 119 40 1 8 39 0 53 14 64 68 63 28 63 12 0 6 0 0 24 0 84
40 125 21 185 112 31 93 109 18 149 57 143 6 58 83 49 44 98 6 220 0 29 32 45 87 103 26 202 27 37 181 117 52 121 96 62 72 40 48 49 58 139 67 8 28 67 153 70 54 127 0 0 171 75 66 56 148 85 72 28 161 21 89 17 8 56 5 24 0 41 19 78 163 57 16 0 147 224 64 159 123 70 72 38 6 114 106 114 54 63 28 0 40 91 41 64 45 50 20 0 24 61 18 42 0 21 138 14 88 70 103 39 96 44 0 146 180 35 106 14 8 129 88 81 89 35 103 80 7 160 45 0 15 122 56 83 36 89 102 99 4 105 14 114 42 80 84 86 91 32 157 68 36 9 56 147 153 86 58 7 25 122 9 7 27 67 106 53 54 8 70 40 114 83 0 104 115 172 80 30 40 132 0 8 63 69 80 79 8 30 79 0 32 106 33 40 168 0 40 9 56 7 97 96 0 64 76 1 0 24 47 7 44 150 36 170 226 30 104 161 95 63 55 6 6 27 15 40 159 61 5 144 7 0 147 232 130 143 67 125 46 2 150 156 128 56 46 105 53 7 63 130 0 18 107 16
24 74 61 28 76 20 106 45 97 29 126 82 120 117 70 63 69 126 89 55 144 66 117 121 10 3 71 123 42 64 127 68 135 70 0 27 33 46 9 0 2 143 24 29 21 109 35 67 9 164 54 94 13 67 212 33 18 99 122 69 63 64 197 49 0 0 0 91 73 69 25 34 86 65 25 17 70 7 83 71 60 135 41 77 0 0 22 62 32 81 100 81 19 86 6 144 2 66 66 0 98 49 109 28 78 0 27 0 140 37 3 131 72 66 102 25 66 27 109 0 73 48 39 38 80 92 101 49 16 98 12 48 58 90 63 15 68 54 41 88 85 109 22 67 63 152 42 54 41 54 24 55 21 22 51 48 21 114 133 134 2 113 24 77 72 122 54 144 23 18 57 33 81 27 82 24 133 13 105 88 9 112 110 87 42 30 74 24 36 47 115 0 109 49 102 72 166 0 81 35 57 101 54 29 72 106 96 61 18 0 45 133 74 81 0 18 88 0 4 127 16 51 0 21 114 27 3 28 230 114 76 0 33 62 65 47 33 24 45 120 8 26 80 42 61 87 0 22 15 0 78 59 41 27 102 21
46 24 92 80 58 5 40 40 36 35 56 72 15 0 109 28 41 141 76 100 178 5 69 108 3 45 62 26 11 0 158 59 68 61 48 28 130 10 58 45 72 13 56 73 20 6 97 104 132 45 3 60 101 86 110 81 38 71 75 71 24 52 127 61 40 75 20 20 60 16 108 83 49 135 50 26 8 83 120 94 63 100 77 129 89 0 75 138 43 50 41 45 56 77 0 64 62 117 84 0 51 0 80 76 17 19 75 32 72 35 111 107 10 81 92 103 85 99 151 134 109 183 54 97 5 64 36 32 7 180 0 30 96 131 8 128 74 70 35 23 54 68 62 89 0 48 65 60 81 59 18 70 0 3 26 92 61 104 92 119 27 48 75 52 67 34 48 67 147 0 25 26 16 0 4 47 75 74 121 86 120 40 90 40 41 0 17 60 72 94 146 69 7 112 44 9 93 47 35 60 32 43 42 73 42 0 47 35 133 91 35 58 59 166 70 35 40 27 129 100 97 182 102 56 191 16 8 0 16 76 56 137 12 65 50 213 132 56 0 42 32 116 42 76 38 72 16 86 64 40 63 130 61 64 20 36
24 88 50 49 0 3 9 75 101 65 41 79 99 84 3 10 2 17 0 0 8 35 0 32 53 10 16 27 52 74 105 35 34 36 6 28 63 76 5 54 33 115 46 12 149 0 21 10 33 38 88 40 0 56 119 69 6 107 46 21 123 72 99 89 6 0 30 33 18 20 24 6 71 16 64 4 19 60 0 6 21 49 0 75 12 10 58 58 9 104 54 55 7 45 6 57 41 116 54 16 117 0 7 42 0 49 48 29 56 3 44 94 81 70 155 10 0 23 60 67 92 28 43 26 14 1 63 60 0 14 27 0 20 0 72 119 63 108 131 126 56 141 28 83 88 69 77 75 4 42 0 0 59 56 0 124 8 38 6 70 0 57 26 36 9 0 118 71 0 0 50 28 0 8 108 44 42 12 0 75 54 40 32 67 59 100 29 45 31 25 45 39 24 84 7 18 85 10 59 42 81 42 74 0 6 49 38 26 16 0 50 57 44 0 6 6 74 35 58 100 71 0 36 42 62 5 44 128 63 54 88 80 10 8 42 69 36 0 124 6 0 95 28 4 76 39 0 12 20 0 21 7 86 21 54 37
36 134 73 107 120 6 4 12 28 0 0 116 74 6 48 52 95 111 8 46 0 12 70 114 66 17 16 50 42 63 45 48 21 8 66 0 8 3 77 90 51 10 108 88 32 106 2 77 18 43 52 3 76 24 36 24 45 72 0 59 14 18 70 3 135 0 93 32 6 46 86 75 18 10 7 64 4 16 25 36 127 85 96 4 33 64 28 108 19 26 84 0 22 55 23 66 16 39 62 86 38 18 133 98 77 82 98 0 54 5 21 9 68 16 40 30 124 0 38 64 0 78 18 75 33 26 57 0 116 32 111 32 112 77 27 45 0 49 36 24 14 41 15 29 126 129 28 16 120 0 61 0 66 59 87 64 19 104 82 44 35 114 50 55 0 40 92 121 38 12 65 44 68 86 42 16 166 110 60 15 75 30 130 61 90 87 0 84 47 128 111 54 87 164 26 0 121 0 27 53 79 0 92 55 18 79 4 24 31 116 53 94 25 62 121 86 5 24 125 0 85 42 42 0 0 73 12 63 69 0 77 105 0 0 43 90 44 90 58 3 80 48 14 48 10 48 33 65 0 0 111 36 55 62 115 53
132 106 69 115 67 36 60 54 115 21 107 127 81 24 28 73 24 37 8 114 88 46 110 8 18 40 126 123 0 85 302 23 128 87 0 0 12 5 58 28 20 4 34 90 35 27 101 66 93 8 96 135 87 164 32 16 56 60 76 84 143 103 132 90 66 168 155 81 108 123 32 180 149 48 0 16 106 47 95 15 58 16 0 48 174 8 177 60 96 102 45 34 116 62 6 97 81 63 68 34 102 113 63 56 0 61 24 112 15 63 47 255 156 57 49 17 80 85 22 143 109 59 39 44 39 16 122 113 31 45 68 8 53 122 53 64 148 150 127 82 14 63 44 97 144 86 112 202 208 36 24 0 0 64 131 43 3 164 117 153 70 82 28 153 3 210 89 27 180 67 7 32 114 202 91 48 232 26 130 87 77 32 94 80 28 114 120 69 106 120 116 12 55 36 179 27 145 25 44 118 96 0 205 117 96 71 48 4 106 0 82 150 48 57 135 0 83 80 63 69 47 86 48 49 12 157 104 154 73 15 154 84 52 18 57 92 152 6 61 142 58 70 74 82 12 62 106 80 0 112 43 166 157 95 81 48
72 137 93 111 220 0 110 8 31 158 141 50 12 56 67 56 9 99 7 111 78 146 94 42 80 0 126 101 39 43 74 29 72 35 35 154 123 191 66 0 19 237 118 40 44 28 44 128 72 49 250 43 73 0 83 103 11 137 63 155 77 95 32 136 87 123 32 70 37 27 102 21 34 28 56 96 117 22 152 57 82 74 0 84 57 118 54 135 114 117 27 65 40 135 64 31 109 59 18 20 75 14 36 66 6 74 112 119 243 91 19 38 114 72 58 130 78 97 64 90 49 44 65 5 128 59 124 115 44 93 15 79 21 46 48 109 98 8 8 83 52 58 49 257 128 84 132 111 43 52 54 8 0 35 161 12 135 28 7 14 31 118 10 20 122 0 99 69 57 0 118 53 85 68 70 96 9 56 0 79 83 120 6 144 45 3 69 156 80 109 102 143 47 40 12 68 106 5 70 0 0 0 126 57 168 50 40 100 22 4 175 62 46 84 31 24 4 74 138 114 132 126 136 50 35 56 56 55 43 96 36 39 72 174 179 90 106 20 82 123 95 150 79 20 48 139 132 81 0 112 50 41 181 32 6 12
168 57 74 165 0 137 158 0 92 118 115 161 78 9 56 0 81 69 117 106 30 53 161 61 0 28 114 99 0 127 32 12 49 73 27 120 106 90 36 0 0 116 137 27 6 67 82 16 85 0 92 79 83 36 18 86 60 143 63 128 0 96 28 81 194 4 90 54 33 18 70 0 0 57 165 0 126 70 81 35 60 61 0 121 16 108 122 114 54 166 8 81 214 78 0 24 87 141 32 24 36 57 86 70 78 36 0 57 133 32 15 118 41 77 8 52 70 30 101 128 24 56 39 79 115 27 87 42 144 94 21 121 0 39 0 87 0 56 24 52 73 10 63 17 144 155 40 24 42 18 123 72 24 27 168 0 0 101 108 186 9 22 0 23 88 2 107 0 0 142 0 153 0 76 15 0 20 180 96 72 157 30 90 27 171 93 41 66 0 82 159 93 49 4 83 129 138 48 45 44 37 10 86 73 0 106 136 97 45 56 28 92 0 26 12 53 38 74 66 72 196 36 76 33 0 0 56 139 150 64 105 139 63 8 139 65 1 56 64 63 78 134 48 113 0 126 120 80 84 54 108 130 105 80 56 0
50 8 145 0 33 21 28 0 6 54 193 24 28 52 42 12 18 24 30 49 0 33 63 19 8 0 94 0 0 56 0 4 54 64 76 48 77 135 55 30 62 102 63 19 32 72 1 65 52 14 48 30 74 79 0 52 28 46 18 86 151 156 12 54 15 12 32 57 47 28 155 14 64 79 64 9 24 20 43 187 137 118 32 69 10 0 64 12 27 0 10 40 9 54 0 40 0 6 49 64 15 0 59 65 0 49 40 28 1 0 3 0 24 0 14 0 65 0 12 126 21 31 3 79 24 24 18 63 0 72 0 6 31 0 145 48 30 26 134 36 94 121 48 126 109 0 68 126 90 27 35 63 30 0 110 48 69 3 24 78 58 36 29 53 16 49 2 24 79 0 0 28 0 179 112 0 0 63 87 28 12 10 24 0 29 12 126 79 42 6 56 42 3 40 22 8 17 0 6 61 24 0 106 50 97 41 16 56 105 89 48 63 0 54 44 84 55 18 49 119 32 95 56 3 30 75 81 21 80 0 6 0 56 51 24 0 8 68 73 91 144 88 84 60 61 3 64 57 83 6 45 90 91 106 0 15
154 131 24 18 74 71 215 24 58 106 73 72 18 84 5 20 12 91 91 87 8 72 172 16 12 102 156 237 50 69 79 52 43 0 54 75 36 74 6 8 51 36 54 50 24 0 33 138 57 80 0 12 58 5 111 17 12 107 5 137 99 39 37 35 40 40 97 20 44 102 0 72 51 13 71 56 151 66 151 56 32 44 42 55 144 66 18 54 22 27 29 20 63 88 35 113 105 31 36 12 4 30 86 93 92 32 119 90 131 78 65 179 65 27 96 148 128 77 209 54 147 103 131 54 20 50 22 48 72 9 58 45 7 52 87 63 194 0 92 22 18 43 57 73 31 157 71 59 44 0 129 25 32 122 112 11 52 34 66 0 64 104 0 82 23 6 0 25 99 38 59 74 123 96 60 8 191 19 135 82 174 56 121 60 101 77 110 69 83 79 37 39 37 38 108 147 106 10 56 79 139 18 129 32 53 65 39 64 72 4 78 92 117 88 83 60 0 73 97 58 14 70 22 80 18 71 74 87 70 45 24 63 57 9 138 46 108 20 16 61 95 46 33 135 4 103 28 2 31 107 6 25 137 52 0 27
83 87 48 67 39 45 42 30 34 85 81 40 0 108 120 20 0 61 64 64 0 49 176 0 58 46 124 118 6 103 105 63 42 82 61 93 16 14 96 32 75 50 78 23 47 0 91 111 252 44 5 4 139 40 22 98 57 125 88 60 77 172 126 136 48 0 0 63 8 18 33 74 0 36 152 45 18 79 106 12 18 91 74 181 54 0 111 68 162 50 2 0 40 0 50 67 72 9 56 0 1 0 72 98 121 42 64 137 102 10 119 24 102 42 18 53 63 24 116 23 174 116 66 32 73 87 6 0 12 52 24 108 2 14 0 144 0 21 12 71 73 21 24 167 66 58 28 130 23 38 0 54 56 56 144 116 32 137 65 114 14 56 54 46 8 16 165 77 115 47 0 133 142 136 36 7 64 54 144 46 76 107 88 47 40 79 83 50 94 31 77 72 9 139 159 10 129 24 69 0 105 71 16 0 35 24 41 6 79 178 47 93 84 124 94 44 100 157 146 72 119 4 32 21 130 66 18 40 75 30 80 87 75 0 127 217 74 53 63 23 39 289 50 0 8 80 12 19 14 0 42 25 82 124 56 40
77 140 72 98 24 45 0 18 11 162 36 75 60 7 14 41 0 40 129 49 107 8 49 3 16 15 103 2 0 31 125 10 8 42 7 61 16 30 63 117 11 119 56 17 15 30 44 80 45 34 105 82 86 44 121 30 28 48 4 55 2 117 34 59 21 0 21 1 144 31 39 34 119 48 102 38 99 41 21 28 123 69 90 106 21 67 53 27 179 108 75 6 99 81 81 94 82 62 63 0 94 131 25 25 44 8 87 34 105 85 36 18 60 0 56 52 3 12 136 64 153 16 69 36 108 14 39 30 48 210 131 20 144 42 12 39 42 63 66 99 43 49 32 70 58 12 91 8 48 30 0 72 77 94 66 55 93 71 170 21 30 81 81 52 0 18 22 65 57 49 15 18 128 8 66 66 163 65 84 64 24 160 101 118 24 21 24 12 84 39 77 1 8 34 89 0 132 54 0 87 27 19 62 78 61 31 49 49 90 59 18 30 32 21 45 26 54 51 61 48 49 23 84 0 38 82 0 15 69 50 3 17 60 42 155 116 78 36 93 63 130 18 48 111 10 72 0 85 0 33 51 113 16 10 0 0
20 117 15 35 2 40 0 0 60 33 132 43 34 87 94 0 14 65 38 71 50 102 120 25 4 5 120 35 56 63 15 23 1 69 36 0 4 18 0 46 120 96 24 9 25 0 94 45 71 114 79 78 25 6 39 85 40 35 13 20 18 16 196 22 12 0 0 16 9 70 93 0 0 36 54 37 9 0 31 0 36 120 20 12 54 73 94 6 38 3 5 15 32 73 2 30 28 50 49 32 62 21 114 170 37 16 48 40 57 32 44 0 10 21 81 24 72 0 40 52 76 9 128 22 26 40 63 0 117 53 36 0 97 10 6 132 47 96 30 25 102 31 24 95 127 15 30 93 0 121 8 2 27 19 3 24 60 91 21 10 9 18 20 68 21 18 90 5 19 8 0 50 26 0 15 0 87 79 80 38 0 22 63 64 127 0 101 60 8 0 79 17 69 24 32 0 56 6 98 0 0 10 101 0 25 0 7 56 52 53 8 8 53 77 85 4 0 9 25 59 53 0 79 24 8 1 93 24 38 0 24 0 28 78 87 61 40 24 104 0 12 93 27 48 8 224 0 81 56 60 18 0 1 63 2 27
137 117 53 36 63 61 12 28 26 63 25 20 70 84 15 20 72 66 0 35 9 194 126 69 56 54 0 36 0 16 107 0 87 0 48 51 60 52 39 72 63 56 12 68 4 69 21 116 66 6 239 54 79 28 108 20 72 71 15 108 61 167 16 25 1 47 70 45 48 41 40 12 54 52 71 6 46 71 53 120 55 108 128 52 0 71 66 64 48 24 43 4 23 44 36 49 63 0 47 0 52 102 21 36 64 30 147 87 88 32 40 4 80 85 66 87 76 15 54 56 50 21 116 64 52 0 85 60 24 99 0 56 68 92 21 11 117 71 40 66 56 43 70 79 27 32 79 63 116 4 64 0 44 36 38 56 28 92 36 69 77 24 60 42 24 24 118 164 80 0 103 54 94 64 0 6 164 32 76 77 48 0 56 57 64 0 48 28 31 0 56 49 99 93 21 0 27 4 30 104 28 28 70 44 47 0 4 16 59 0 28 175 43 48 60 12 63 51 42 41 148 31 76 0 40 24 11 48 145 0 46 15 119 32 25 36 8 79 52 43 0 16 16 32 68 118 30 29 20 43 36 40 74 54 4 18
25 49 21 91 172 107 6 8 44 95 118 40 0 102 101 28 33 23 16 61 0 56 40 57 102 83 35 93 0 70 65 83 80 20 20 51 5 69 57 70 37 10 38 109 0 32 78 53 72 81 52 99 8 46 48 40 0 29 86 185 79 0 77 36 108 91 55 66 63 66 62 17 110 0 24 40 141 73 78 60 143 134 0 28 44 28 51 95 88 19 147 110 151 59 8 128 54 4 74 15 53 9 12 8 0 79 115 104 24 28 34 23 94 66 66 57 180 18 61 71 86 50 96 36 1 88 41 77 40 20 0 5 24 141 91 114 100 84 20 38 35 73 20 127 25 18 9 91 28 6 70 17 4 15 59 21 20 144 75 118 29 0 12 49 46 40 58 62 40 65 45 76 102 134 20 4 154 28 19 90 45 36 64 83 0 82 84 70 66 88 14 65 8 46 10 41 46 10 60 15 151 7 130 176 94 34 28 35 0 77 8 30 86 42 0 103 33 0 16 32 73 50 25 42 111 72 0 49 15 42 44 96 75 20 72 35 22 0 37 29 45 40 19 153 56 106 187 36 20 39 31 24 108 44 21 6
10 48 42 26 157 8 65 53 24 14 81 45 27 6 16 28 82 84 51 2 0 144 78 134 0 102 20 148 45 133 0 70 44 80 51 8 25 30 16 24 55 68 0 75 106 63 26 18 18 58 77 24 31 34 52 77 137 60 6 33 65 35 91 26 76 79 81 68 42 48 56 35 24 4 62 23 88 56 11 7 42 72 86 30 84 25 34 89 81 4 34 66 54 0 49 21 125 16 99 6 25 0 76 105 46 54 135 28 110 62 55 67 14 0 8 48 0 25 77 39 104 92 6 81 80 70 15 24 84 34 91 0 91 59 6 20 54 24 0 0 25 90 34 134 51 214 40 65 26 12 8 16 14 23 13 110 71 12 20 0 43 61 10 60 39 52 69 40 16 49 0 68 0 76 67 0 26 34 62 76 27 32 98 56 23 8 30 61 9 69 27 0 106 42 41 16 58 14 32 50 40 25 12 154 51 75 2 2 16 81 83 91 40 71 46 117 77 74 101 115 29 0 62 30 36 12 42 110 0 103 10 61 0 24 144 42 78 142 72 73 5 125 24 44 36 105 24 70 0 60 114 32 7 37 2 9
22 112 72 58 21 56 4 13 93 116 94 72 59 53 109 0 50 25 32 68 48 75 9 0 53 72 84 40 83 5 0 18 0 73 60 0 59 85 130 9 95 205 72 55 71 15 68 16 77 37 85 144 0 61 65 83 46 127 92 25 91 119 93 20 40 48 24 73 0 56 156 20 0 54 95 73 74 4 44 60 40 20 35 1 45 23 8 36 89 70 17 50 14 20 0 73 84 60 0 102 55 0 115 28 22 42 89 44 38 32 31 75 69 36 25 23 16 24 21 103 138 22 47 28 42 20 0 56 47 16 66 39 136 18 25 20 64 21 37 53 145 71 92 63 85 5 119 0 37 63 90 58 9 57 90 153 100 8 44 6 23 0 72 48 166 28 124 58 108 6 43 28 36 36 31 0 51 84 22 36 30 1 63 16 45 87 80 94 12 42 10 39 50 124 94 92 111 24 44 26 47 19 27 32 16 99 82 129 18 8 5 0 28 47 62 33 169 40 157 26 55 28 0 30 16 12 163 99 44 33 31 143 0 59 35 0 2 90 55 25 174 42 48 20 1 18 18 22 124 58 56 32 0 2 0 20
64 24 68 93 66 103 59 0 34 72 105 44 3 16 44 78 37 24 40 142 83 50 58 0 67 0 118 63 0 27 182 24 65 43 24 15 1 77 32 0 0 83 64 4 9 132 0 79 93 6 20 59 63 0 65 7 36 92 183 18 24 115 111 0 0 31 0 0 52 9 87 0 63 82 10 3 52 32 106 33 49 89 70 65 40 8 45 3 84 15 0 0 2 33 13 45 9 0 39 12 5 33 12 61 0 40 75 57 16 28 72 41 18 0 73 148 104 81 62 6 24 49 0 0 61 28 52 20 40 70 29 14 22 179 168 9 46 10 8 22 12 91 73 6 124 3 56 60 24 21 16 111 0 8 56 45 8 72 47 16 44 105 37 30 5 97 68 83 85 16 9 0 33 39 0 25 130 22 9 141 56 39 47 40 20 36 91 0 10 87 57 26 154 48 107 88 104 16 18 16 0 4 0 4 26 197 18 9 63 0 25 22 25 76 26 71 45 64 76 88 17 0 75 24 76 18 56 40 241 53 63 51 21 0 22 162 79 0 76 105 40 52 97 25 24 35 52 13 46 72 70 49 78 56 109 20
114 81 0 112 32 76 40 40 45 116 173 53 104 106 63 8 43 163 186 47 96 190 0 0 24 0 114 107 0 3 93 43 87 312 78 10 27 45 18 76 60 153 112 60 64 6 68 65 81 54 138 37 93 27 84 191 177 115 83 32 137 138 106 7 0 10 101 258 60 50 26 0 153 90 155 70 108 115 44 72 58 189 194 105 93 105 88 166 178 40 3 65 26 147 18 51 58 44 93 57 32 115 124 14 108 73 241 85 24 22 166 128 102 123 12 12 78 24 36 155 126 94 72 98 208 61 39 108 115 214 89 1 58 18 48 144 80 69 18 75 62 182 130 149 115 106 95 24 45 75 0 66 25 8 48 162 85 58 55 0 26 57 24 48 124 54 158 93 21 22 72 134 161 67 99 82 167 130 5 44 0 201 110 89 0 78 0 48 92 16 77 76 188 236 308 31 19 9 0 0 8 6 24 81 137 29 119 28 76 80 25 151 0 80 36 27 0 89 80 6 92 49 109 74 101 48 136 42 154 63 106 62 114 86 81 167 75 125 116 28 192 92 62 20 110 54 8 127 45 0 132 44 49 24 45 101
174 44 41 54 81 13 140 30 48 129 141 105 5 85 160 0 66 9 26 100 12 71 69 39 97 9 34 0 101 2 89 18 8 27 6 36 30 64 144 74 135 18 0 29 74 102 66 102 56 79 28 39 122 80 58 110 48 62 137 12 9 136 59 189 18 0 130 0 80 14 67 92 54 40 62 48 84 94 128 48 98 48 4 27 3 48 187 12 29 38 40 67 64 31 0 115 7 127 63 166 120 58 27 75 137 40 48 67 0 67 122 12 224 0 25 18 162 14 181 40 132 126 63 92 29 3 55 29 24 6 56 0 0 0 78 69 102 96 81 46 155 109 69 158 132 68 30 0 56 16 24 17 36 4 132 163 48 32 0 17 110 105 50 39 95 153 12 29 40 8 69 45 68 45 116 0 70 12 20 126 45 50 6 9 27 28 120 8 0 0 7 80 88 45 14 111 81 0 12 46 50 12 145 27 65 26 81 10 0 0 81 129 187 33 19 166 131 37 0 0 136 0 48 39 95 0 17 25 109 79 23 58 0 21 54 7 36 79 96 6 158 122 147 159 108 33 84 13 0 6 36 55 183 25 101 18
0 75 0 4 21 0 0 63 12 54 23 39 62 24 99 64 21 12 73 0 0 47 27 0 32 0 11 1 56 40 22 7 0 42 0 46 0 0 110 0 31 51 64 28 57 0 118 0 54 0 0 36 56 64 96 24 8 20 4 50 2 35 91 0 0 27 0 120 0 0 52 48 54 32 129 75 32 0 12 16 22 15 133 45 0 0 46 0 48 24 0 0 0 42 16 65 0 0 26 0 28 9 64 32 54 0 8 9 0 6 18 6 28 0 8 123 40 0 49 20 77 28 0 18 116 20 32 28 8 109 0 0 109 63 66 21 0 60 72 0 5 60 28 119 88 40 4 54 0 0 0 6 76 42 33 188 56 72 60 0 20 8 45 24 46 74 36 91 28 0 0 102 123 12 60 1 84 0 0 48 0 74 82 18 127 0 10 36 7 3 4 0 0 132 110 44 57 33 87 81 39 102 78 49 32 44 18 0 114 0 27 31 25 91 0 35 8 70 36 8 140 0 8 0 0 0 0 0 69 58 67 45 54 0 156 170 52 7 0 14 0 31 67 16 7 102 0 28 7 11 86 26 3 0 25 0
72 177 66 144 83 204 40 54 86 35 100 12 21 25 62 38 77 62 66 112 88 37 72 27 15 24 145 24 41 18 51 0 60 97 62 35 0 119 3 4 41 134 40 30 36 53 44 130 12 56 67 47 59 38 125 9 24 102 0 62 60 53 94 48 35 5 28 62 111 156 84 0 47 47 54 35 100 96 72 46 163 79 21 82 20 10 38 101 42 22 41 48 5 60 13 92 36 12 67 24 27 36 60 42 58 79 87 19 35 77 0 5 75 25 17 56 85 0 32 64 56 35 91 54 107 66 27 24 41 63 22 0 39 84 89 120 1 93 0 55 72 29 47 105 44 75 19 100 88 45 18 84 30 50 75 48 32 0 152 75 0 107 33 65 24 8 12 41 67 88 0 40 21 131 49 0 91 25 0 99 8 98 125 70 77 16 49 52 26 116 15 0 79 20 16 101 36 0 65 30 115 7 64 129 129 32 62 104 35 24 56 2 0 27 12 29 5 132 75 27 8 39 46 16 53 84 137 57 170 64 67 8 45 54 31 81 4 39 86 84 159 83 25 21 68 63 91 67 50 102 133 123 20 71 68 8
109 31 130 42 16 26 70 0 0 44 220 99 45 56 38 33 104 31 24 69 110 250 40 108 0 13 38 49 69 21 6 30 72 193 92 98 57 6 64 52 52 40 136 66 18 4 8 25 174 9 150 151 91 18 42 120 74 36 63 36 145 34 0 64 128 12 40 64 62 0 25 70 73 6 33 4 18 30 27 6 86 86 50 50 122 16 96 42 80 42 21 0 52 67 14 65 217 55 111 66 25 42 75 45 21 0 49 6 119 4 72 61 111 26 81 24 78 24 39 199 59 56 174 56 159 110 84 12 48 8 0 12 69 10 23 66 88 41 127 28 78 180 64 66 131 19 184 54 70 0 32 57 4 12 46 32 17 60 54 8 30 118 55 58 96 10 127 80 25 18 56 16 42 131 108 17 56 75 27 193 82 36 62 21 108 186 121 21 32 59 18 66 24 100 61 14 104 81 116 8 40 54 70 101 49 40 11 18 52 24 60 147 22 167 88 8 48 99 112 72 124 75 153 70 68 12 56 128 90 82 137 122 40 90 87 71 19 16 69 108 50 91 7 36 0 83 21 45 76 18 64 35 58 36 0 91
116 57 10 6 6 45 6 0 48 108 42 45 7 0 82 86 1 32 0 27 24 203 91 16 95 35 111 63 63 18 186 44 57 6 0 45 73 117 78 10 102 96 49 0 66 87 112 52 102 55 78 36 46 0 83 4 21 44 118 12 33 56 30 52 23 24 39 42 9 20 36 0 15 36 133 20 31 92 73 65 81 29 147 48 5 47 78 60 138 24 0 24 9 28 84 0 97 0 28 96 6 0 55 62 112 6 44 0 183 71 95 75 106 5 60 53 123 0 54 30 24 0 62 50 83 22 73 57 34 4 7 11 11 41 49 6 120 38 89 54 40 159 90 145 79 70 197 0 116 3 90 60 51 97 21 81 85 48 24 20 64 36 41 38 176 59 117 82 48 36 6 100 185 3 0 4 197 32 14 56 53 73 95 76 59 69 170 163 28 68 103 72 77 40 132 15 81 0 0 135 0 0 58 28 67 72 64 30 93 6 66 30 0 64 130 3 62 48 0 154 191 24 26 0 0 55 36 7 145 120 25 25 168 43 121 7 5 41 32 42 142 120 204 82 24 49 0 0 10 91 15 88 96 9 54 33
66 16 27 47 99 34 28 9 81 67 2 22 26 9 5 2 0 56 12 53 63 51 135 64 9 0 14 9 38 36 0 72 49 14 106 52 98 74 65 10 0 30 56 40 0 9 37 59 53 29 100 119 27 89 86 96 45 6 5 8 106 69 6 121 51 13 49 40 53 0 30 103 43 58 6 21 79 61 73 87 34 52 8 105 3 12 162 31 92 36 0 54 208 0 1 41 67 91 35 0 8 63 53 14 7 0 65 36 116 4 32 30 56 62 41 0 46 0 138 71 43 48 101 78 63 22 35 0 21 18 69 24 38 15 4 8 0 107 74 42 74 58 0 66 0 50 57 21 127 15 0 0 18 64 136 25 40 45 95 25 3 104 14 20 25 29 4 15 21 137 0 0 97 22 55 40 79 18 72 15 74 1 16 55 69 24 97 0 11 13 44 0 37 0 74 5 109 1 52 16 86 4 24 89 41 20 15 42 24 0 28 70 20 46 36 8 10 25 20 45 44 36 98 48 43 39 9 118 78 40 78 95 12 64 102 14 16 22 35 165 15 85 68 74 159 57 43 62 12 0 8 73 127 64 0 33
89 66 20 64 27 59 0 73 72 12 24 15 6 109 99 30 61 26 108 17 21 45 105 21 7 6 60 14 42 31 12 11 44 0 30 20 0 33 39 76 96 9 12 0 106 10 61 100 19 106 0 7 115 65 16 3 6 35 54 59 88 77 63 41 12 0 61 69 39 10 0 0 78 12 0 51 50 30 48 0 109 39 35 153 0 61 12 96 3 17 26 106 32 5 30 128 42 63 29 54 105 3 0 123 57 112 92 15 46 38 48 10 38 18 72 31 57 8 138 0 2 36 23 72 30 48 63 36 47 84 49 2 6 6 109 24 45 6 0 15 99 42 116 35 42 36 61 50 93 0 114 0 104 49 42 18 54 69 8 23 95 187 28 116 50 64 86 45 43 28 15 118 9 18 40 0 170 69 1 82 44 5 0 52 96 75 5 21 8 43 0 7 12 46 96 51 79 0 0 8 77 35 36 61 84 181 35 31 65 0 66 27 102 18 78 9 66 31 108 44 20 0 15 24 0 1 18 42 8 0 162 85 0 35 83 30 42 24 44 31 70 105 38 16 9 9 0 70 1 21 35 16 79 114 36 84
0 53 33 42 89 43 26 74 77 100 54 1 31 33 107 12 28 82 8 30 35 46 114 53 0 36 92 14 0 0 104 13 0 6 142 24 160 28 73 4 102 0 94 35 32 0 23 77 56 17 0 54 42 40 4 123 32 72 44 51 14 37 5 38 48 0 18 5 59 88 35 96 91 70 59 85 96 24 84 80 65 3 72 27 48 18 0 89 52 56 0 22 17 185 29 14 12 9 88 0 0 15 144 174 79 45 8 6 15 65 18 125 10 18 75 5 48 0 88 0 32 58 106 69 7 24 99 6 3 132 6 0 76 9 21 74 189 35 0 102 35 38 23 76 52 8 80 45 112 19 0 16 32 64 201 58 151 26 99 14 78 81 16 45 3 18 45 15 74 76 0 63 33 49 5 0 24 54 214 16 59 35 148 45 0 113 129 72 16 16 63 66 34 38 71 78 36 78 123 66 0 22 107 136 24 54 21 43 9 18 15 0 71 90 156 164 83 100 0 137 6 63 8 56 16 107 9 59 4 27 94 24 18 54 170 72 89 21 35 72 70 0 32 19 87 65 20 73 51 31 108 84 112 108 25 35
33 176 7 88 133 50 44 70 22 30 28 140 141 105 76 84 86 174 28 74 193 155 105 68 27 46 83 30 90 21 153 23 31 273 36 6 18 10 29 60 77 192 59 51 32 156 104 146 12 119 158 16 99 6 25 58 24 88 6 0 15 218 120 113 37 184 108 56 63 117 24 31 133 61 64 39 117 69 77 60 38 121 86 100 78 7 35 69 120 65 81 57 75 81 206 9 78 16 218 118 51 36 77 84 125 105 121 24 30 63 99 90 109 158 68 102 52 48 82 158 44 145 76 96 73 65 120 19 105 41 28 12 15 149 7 210 54 138 139 112 168 26 83 121 38 191 91 144 75 110 50 119 36 46 172 122 131 127 9 52 143 36 61 72 73 149 51 130 25 0 7 71 6 15 108 47 10 45 5 74 62 98 50 140 10 31 37 219 27 55 157 12 6 110 101 9 25 4 34 78 16 34 103 43 118 0 57 12 65 43 156 92 48 103 144 45 166 160 114 87 184 38 150 0 72 24 0 29 27 163 8 124 66 130 215 253 142 126 229 78 164 186 111 118 0 73 3 21 32 106 116 68 89 94 46 32
60 39 40 15 0 92 18 6 3 14 167 58 70 0 14 4 72 56 40 36 12 95 9 34 1 48 26 74 0 20 107 20 41 8 116 79 8 54 45 28 15 57 3 25 7 0 10 48 9 24 16 51 52 47 126 0 121 95 22 27 40 21 0 89 133 5 18 60 4 0 51 56 88 8 0 7 34 54 34 54 100 23 109 45 16 33 61 6 35 95 30 3 38 0 14 74 80 53 36 0 0 2 22 0 10 35 21 8 52 29 45 62 83 100 6 0 3 0 59 118 109 32 103 0 84 95 66 56 95 36 105 112 48 29 38 36 101 171 69 44 24 60 50 27 42 12 8 104 75 0 0 27 30 0 84 3 6 132 81 73 56 56 49 81 27 39 102 81 117 31 28 109 172 91 23 55 93 78 44 60 62 31 56 44 16 55 104 0 14 34 11 18 0 93 29 36 5 0 67 0 12 113 66 0 102 78 7 42 66 23 47 22 13 60 47 6 18 128 60 9 40 45 30 26 20 97 57 90 51 87 56 128 72 38 48 0 50 39 42 118 56 27 13 60 59 78 48 53 14 0 18 51 72 83 0 6
1 135 75 32 81 92 103 0 80 103 57 88 45 0 96 40 8 109 63 231 0 15 56 60 91 56 195 0 144 2 19 32 16 2 11 40 32 119 21 0 48 40 152 9 39 0 8 57 158 38 1 30 66 25 64 24 79 69 39 36 75 99 99 96 102 13 45 2 113 64 81 34 6 63 112 15 40 94 19 110 90 44 78 0 0 9 29 72 35 30 55 0 167 66 0 3 84 0 38 20 67 0 44 69 27 0 141 40 45 35 32 95 52 0 107 196 109 12 42 49 34 100 7 32 15 44 27 72 81 14 15 50 7 64 56 106 0 32 0 16 17 0 0 70 76 32 0 50 54 49 54 9 42 28 107 26 108 48 112 19 63 4 1 39 53 8 18 24 78 31 43 96 2 9 74 52 41 97 22 128 193 8 1 45 162 106 89 0 8 32 84 0 72 20 63 63 131 0 42 18 51 22 127 73 24 156 81 153 3 76 0 0 4 52 12 1 46 50 108 96 94 73 51 16 7 18 37 167 139 58 89 64 25 95 117 38 110 49 151 66 33 4 115 8 84 26 92 110 165 54 92 83 80 55 14 36
174 86 195 78 10 9 87 10 43 123 47 229 74 6 122 5 62 0 20 143 69 59 40 53 1 0 68 30 7 42 115 78 61 36 0 69 26 85 20 46 69 33 90 32 106 132 69 64 103 57 88 69 79 60 166 115 32 7 81 42 36 166 59 46 89 7 123 72 77 81 57 18 147 9 49 9 271 132 15 27 147 61 9 83 55 8 133 172 104 182 24 81 60 243 24 86 129 63 117 86 84 51 26 12 38 33 81 118 95 94 40 46 98 117 136 82 6 30 76 117 83 26 9 93 84 32 141 94 90 63 28 79 30 95 104 126 81 14 84 167 119 211 99 125 107 134 63 42 20 17 26 48 44 90 66 31 0 84 105 87 52 24 70 41 71 18 32 73 36 26 15 30 18 51 15 0 67 54 40 174 42 32 124 78 122 84 21 0 40 91 36 120 3 38 9 43 8 116 122 12 62 54 182 131 181 1 88 96 30 0 77 28 84 12 6 72 72 87 0 159 147 27 55 0 135 0 15 84 161 6 160 54 37 44 132 88 56 44 185 45 225 48 139 79 132 36 18 112 54 14 81 33 171 55 45 86
82 77 34 0 54 130 143 122 114 152 102 67 93 91 72 16 121 72 33 212 82 150 86 36 145 17 92 4 100 30 115 72 70 43 71 78 42 20 71 38 199 85 42 90 180 132 107 88 12 24 104 167 12 5 185 82 57 40 115 61 62 106 42 176 108 61 199 201 84 99 168 82 117 56 229 110 87 105 72 101 80 155 32 0 170 148 154 0 170 74 61 35 24 54 0 118 88 95 0 122 187 28 16 141 144 87 14 78 82 63 94 56 263 60 74 6 135 21 127 185 113 163 125 44 104 141 123 168 36 39 94 26 68 111 72 21 118 116 74 36 15 234 111 179 146 34 58 47 18 84 35 72 54 55 193 30 151 8 67 81 180 70 87 18 84 60 24 112 127 39 48 95 129 64 126 22 26 50 64 57 101 86 41 140 158 45 86 200 161 151 56 144 99 198 92 82 89 76 131 144 116 136 111 135 96 341 16 131 158 59 139 88 103 16 23 90 62 63 66 6 108 40 6 121 135 44 23 138 90 88 92 76 95 38 97 99 58 0 103 79 102 46 66 58 146 140 78 140 99 158 80 214 80 40 39 136
113 47 39 30 18 15 20 30 15 67 107 18 59 0 56 6 53 29 48 65 132 12 66 17 9 0 70 18 6 42 112 58 8 45 54 10 98 81 20 30 72 67 19 0 57 8 25 54 0 42 46 24 58 50 76 10 6 74 90 69 95 50 56 75 0 31 0 97 59 61 45 3 80 93 56 17 3 43 116 97 45 48 118 9 25 12 21 135 32 69 12 0 11 4 18 27 143 0 42 8 20 18 120 81 17 48 54 28 201 100 45 59 124 10 56 12 84 0 105 12 40 41 6 2 60 109 135 135 0 18 4 9 48 40 138 21 53 11 74 0 22 155 62 54 54 0 20 24 41 39 0 35 0 43 52 53 0 10 21 108 6 11 6 0 42 33 76 72 6 12 0 6 52 36 75 0 14 3 45 56 40 8 11 4 32 54 52 109 0 12 30 21 39 63 0 45 88 37 108 116 20 0 27 47 15 75 14 0 105 17 32 23 0 14 18 15 48 0 8 54 57 0 0 63 23 15 2 15 51 48 72 10 100 0 65 13 55 12 40 0 30 14 54 39 62 9 6 24 48 23 0 69 88 48 45 50
98 50 0 117 169 99 27 42 150 221 220 66 24 103 109 0 84 123 0 0 91 71 25 0 18 56 3 45 32 22 70 75 16 156 20 104 28 36 177 24 10 181 12 17 36 36 153 60 54 23 42 137 180 81 108 221 42 132 63 0 72 105 0 142 47 92 84 12 63 15 18 44 24 28 41 51 43 179 44 60 24 48 82 4 43 96 106 66 72 90 108 0 110 18 0 27 57 63 84 81 69 65 131 16 73 24 26 142 66 130 17 163 129 0 93 108 64 42 70 24 87 0 82 2 9 85 72 31 36 184 8 1 19 146 104 60 12 138 0 72 171 173 30 111 118 12 160 8 73 76 27 82 0 108 26 66 85 82 66 67 35 9 30 146 143 119 0 47 90 109 85 75 98 18 54 96 124 175 0 113 48 167 5 3 122 92 24 40 10 83 49 1 107 72 21 191 28 24 48 54 154 42 148 44 67 38 9 45 55 0 0 48 32 69 69 117 31 74 58 48 155 66 63 6 11 78 227 38 85 153 80 12 55 85 139 117 160 52 56 67 71 66 50 100 75 72 86 159 3 104 66 18 21 66 111 42
0 48 4 10 0 75 64 93 3 38 105 9 19 25 61 48 0 42 35 46 25 49 0 3 57 15 72 57 0 0 81 54 72 56 38 49 24 108 11 18 13 88 40 0 0 0 54 5 19 45 96 102 139 20 0 24 36 40 37 62 45 63 60 15 43 62 15 89 7 48 100 4 3 34 102 40 54 14 64 110 52 59 120 20 21 32 36 15 0 0 26 57 64 63 42 18 49 128 45 65 58 69 103 20 96 5 8 0 72 66 60 0 64 42 54 16 30 25 84 99 54 60 96 21 46 60 124 70 43 125 0 96 19 25 61 42 0 50 96 114 76 191 36 109 8 0 116 87 39 15 49 0 10 5 74 71 43 0 36 21 10 57 9 45 0 24 33 37 17 25 0 88 27 20 90 0 3 6 55 35 14 0 9 5 30 54 0 84 42 5 96 38 75 63 147 6 241 5 35 45 16 54 0 15 28 78 7 12 130 39 159 0 56 74 32 6 34 36 16 82 68 0 0 16 15 37 156 0 28 48 1 79 145 7 160 0 0 155 2 35 0 11 17 20 8 31 0 37 0 175 79 72 8 11 0 30
54 85 15 0 134 72 28 33 6 45 105 56 0 40 81 0 31 14 0 3 0 90 0 84 24 22 31 126 59 45 116 29 15 31 0 0 26 89 25 26 31 45 6 22 71 0 12 80 12 28 21 40 64 35 24 160 78 0 52 15 14 0 8 66 0 55 80 47 114 47 12 82 136 24 40 16 205 119 103 47 84 0 16 33 67 0 72 24 75 16 34 54 38 27 38 81 20 123 27 0 39 56 6 67 146 9 34 56 0 135 33 0 60 15 22 63 66 5 97 37 70 24 72 70 34 26 0 16 4 31 21 0 0 15 14 69 66 71 18 67 24 25 0 147 108 27 0 63 19 66 35 43 34 81 18 103 36 25 112 45 57 80 0 40 64 144 35 33 9 58 20 117 39 37 24 25 8 0 40 20 25 43 37 3 0 17 0 27 56 26 5 15 96 94 49 46 56 22 63 24 0 20 75 16 52 40 18 16 39 24 45 34 62 28 0 177 40 42 8 76 27 21 46 14 24 39 93 57 72 76 18 30 27 66 105 56 75 48 42 80 102 14 85 92 5 58 20 48 0 53 54 0 8 10 78 28
69 5 67 0 70 17 64 0 28 133 103 0 40 118 75 33 20 36 0 8 0 5 48 59 91 9 125 12 0 0 54 2 50 30 42 5 92 32 0 67 162 2 81 72 20 7 7 21 27 48 51 24 67 26 0 117 0 17 16 104 0 6 78 56 64 80 151 24 24 5 49 8 122 87 54 0 8 71 79 69 76 172 144 10 24 23 0 0 63 7 30 16 62 12 21 5 54 28 0 0 7 6 10 116 5 20 111 99 4 5 24 2 24 7 115 81 100 4 9 37 0 16 37 43 49 62 152 110 7 16 7 2 4 14 56 28 72 14 0 15 0 91 0 33 0 18 0 0 59 4 40 64 0 4 72 11 14 27 25 58 76 24 82 27 51 0 28 123 13 57 27 54 104 9 0 0 37 0 17 57 44 46 0 109 0 25 60 78 87 14 3 167 0 18 7 0 27 0 63 4 41 73 65 13 81 6 24 0 35 6 0 8 57 41 4 33 32 32 6 28 86 8 36 63 77 0 8 72 0 58 72 0 0 49 4 58 48 45 21 51 4 4 37 86 116 93 78 78 2 8 18 19 154 81 12 24
45 80 78 28 78 146 63 25 12 135 50 95 35 187 91 36 60 28 30 65 27 141 0 59 0 0 68 28 60 0 76 58 6 93 45 30 106 72 18 15 12 150 30 19 0 10 179 57 124 127 94 0 7 38 156 117 8 105 96 71 60 64 203 61 0 96 21 12 24 84 27 18 64 57 164 131 92 40 140 85 50 87 36 20 16 33 5 67 123 115 136 42 75 59 140 106 81 11 129 138 39 18 107 65 72 18 63 68 42 66 50 160 41 111 176 56 50 20 30 32 28 32 118 130 88 96 36 6 60 45 93 10 20 38 39 159 126 94 74 106 32 36 120 175 157 132 15 61 10 54 32 48 0 56 222 90 167 11 109 13 81 80 35 63 69 24 23 141 132 63 33 72 78 0 32 4 36 53 76 161 88 106 138 148 102 44 95 187 92 123 79 45 30 98 99 46 38 56 93 3 136 58 78 27 53 57 69 0 57 0 47 43 99 125 54 35 87 148 172 130 110 110 64 62 126 36 74 135 5 244 69 72 139 42 127 237 91 51 124 54 72 202 77 40 81 87 102 30 61 120 95 79 155 72 73 27
