4844 4772 4490 4780 4756 4704 5299 4846 4834 4934 4998 4893 4887 5083 5120 4885 4547 4998 5004 4979 4708 5217 5020 5014 5096 5134 4661 4830 5024 4807 5044 5258 5070 5008 5403 4893 5020 4892 5001 5564 4812 4993 4781 4809 4985 4793 4923 5106 5099 4680 5132 4950 5252 5055 5111 5177 4686 5052 4532 4832 4811 5159 5218 4873 4746 4813 4699 5227 5271 5125 4760 4973 4895 4949 5179 4757 5032 4916 5013 5098 4975 4556 4962 4934 5388 5016 4919 5052 4789 4757 4862 4730 5208 5293 5049 4832 4574 5313 5024 4918 4920 4412 4542 5097 4924 4726 4954 4938 4931 5057 4633 4400 5010 5475 5021 4693 4667 4923 4619 4697 4900 4978 5058 4652 4770 5176 5050 5078 4836 4812 4803 4592 5105 4685 4884 5303 5616 5171 5342 5224 4975 4914 4743 4984 5027 4839 4858 5363 5406 4722 4942 5051 4896 4568 4921 4815 5055 5073 5189 5207 4915 4922 4843 4753 5034 5046 4918 4845 4920 5038 4877 5171 4839 5397 4990 4788 4734 5465 5400 4545 5293 5257 5084 4734 4864 5076 4903 5396 4399 5034 5270 4625 4945 4742 4748 5572 4993 4997 5054 5309 5101 5183 4824 5140 4330 5086 4940 5005 4971 4761 5112 4626 4940 5022 4895 5079 5009 4725 5369 5319 4977 4578 5013 4992 4819 5109 4917 4866 4768 4688 5158 4873 4997 4889 4664 4735 4953 4934 4911 4786 4744 4959 5027 4922 4777 4754 4903 5614 5053 4661 5006 4989 4522 4878 5033 4709
5187 4945 4753 5106 5086 5379 5672 5104 4965 5199 5448 5174 5145 5377 5511 5217 4734 5116 5339 4936 4871 5446 5289 4939 5329 5358 5155 5190 5089 5050 5264 5419 4978 5145 5584 5390 5372 5294 5276 5847 5050 5424 5074 5179 5268 5090 5236 5217 5039 5312 5498 5070 5545 4998 5344 5174 4883 5360 4744 5385 4970 5445 5571 4970 5225 4960 4920 5332 5522 5073 4917 5530 5355 4815 5140 5191 5234 5229 5403 5217 5275 4848 4840 5281 5396 5007 5170 5378 5050 5110 5325 5152 5696 5470 5016 5034 5043 5454 5434 5050 5268 4914 5054 5330 5177 5093 5268 5177 5278 5481 5024 4799 5322 5827 5197 5503 4848 5151 4991 5066 5306 5339 5253 4937 5030 5410 5163 5360 5110 5139 4973 4831 5547 5181 5102 5600 5889 5565 5316 5682 5290 5029 5082 5350 5329 4981 5224 5506 5751 4765 5146 5435 5107 5276 5244 5059 5664 5202 5396 5043 5159 4987 5127 5360 5733 5180 5096 4943 5380 5247 5380 5341 5079 5183 5530 5070 5163 5293 5586 4877 5569 5527 5162 5089 5331 5599 5105 5605 4977 5208 5489 5142 4970 5324 5231 5925 5287 5443 5123 5077 5478 5291 5108 5589 4535 5281 5306 5287 5269 4925 5032 5059 5372 5641 5341 5638 5381 5236 5474 5460 5109 5103 5669 5344 5055 5191 5200 5229 5198 5213 5478 4968 5492 4869 4959 5125 5035 5116 5129 5218 5105 5279 4917 5108 5255 4853 5180 5762 5406 4924 5232 5447 5304 5311 5422 4687
4939 4773 4554 4839 4707 4899 5183 4928 4737 4763 5171 4979 4619 4991 5254 4761 4412 5007 5156 5073 4613 5127 4970 4828 5136 5418 4649 4890 4977 4615 4928 5067 4923 5136 5519 4886 5115 5057 4970 5516 4885 5344 4912 4713 5153 4993 5157 4880 4822 5186 4981 5094 5291 4976 4952 4829 4858 5192 4681 5028 4628 5149 5288 5088 4848 4903 4840 4974 5374 4800 4889 5142 4775 4648 5023 4755 4580 5108 5069 4916 5249 4794 4889 5245 5218 4633 4729 5322 4741 5045 5033 5182 5275 5300 5047 5027 4866 5360 5175 4783 4805 4363 4552 5066 4876 4731 4632 4882 5038 5490 4491 4486 5040 5504 4943 5188 4769 4971 4823 4776 4877 5034 5091 4852 4921 5421 4887 4843 4938 4932 4782 4913 5078 4839 4844 5259 5595 5144 5330 5545 5121 4638 4952 5039 4941 4694 4995 5257 5655 4718 5390 5120 4847 5326 4890 5344 5536 5096 5011 5086 5014 4759 4620 4957 5641 4855 4840 4888 5142 4952 5022 5322 4702 5150 5233 4870 4745 5048 5305 4564 5015 5313 4773 4770 5159 4958 5065 5351 4689 4887 5166 4893 4766 5279 4800 5608 4981 5339 5007 5230 5116 5185 4981 5277 4293 5020 5060 4867 4947 4806 5062 4675 5090 5123 4999 5232 5306 4863 5436 5208 4874 4923 5397 5046 4853 4918 5073 4870 5077 4791 5128 4901 5003 4807 4741 4886 4979 4923 4707 4943 4974 4827 4787 5090 5175 4918 4971 5270 5196 4902 4820 5232 4968 4751 5048 4622
4422 4946 4338 5021 4940 5068 5454 4673 4674 4887 4999 4919 4697 5067 5246 4707 4413 4779 5051 5122 4669 5174 4576 4975 5099 5240 4451 4960 5128 4556 4987 4972 4779 4979 5017 5048 5034 4976 5081 5535 5144 5315 5092 4738 4990 4768 5148 5023 4858 4880 4890 4895 5458 5133 5019 4777 4643 4756 4512 4981 4434 5274 5104 5036 4982 4575 4754 4808 5256 4814 4910 5044 4875 4742 5040 5071 4851 4987 5129 4987 5334 4760 4681 5218 5149 4913 4858 5206 4659 4590 4965 4805 5101 5228 5015 4871 4952 5234 5167 4731 4727 4539 4918 4747 5035 4560 5031 4942 5001 5131 4474 4555 4954 5458 5046 5035 4680 4856 4896 4413 4969 4769 5045 4456 4890 5441 5004 4952 4964 4833 4563 4533 5168 4833 4819 5388 5236 5165 5300 5098 4928 4811 4778 4877 4886 4905 5068 5346 5566 4681 4779 5201 5129 4982 5015 5054 5306 5180 5222 5008 5025 4703 4744 5291 5452 4813 4557 4937 5011 4843 4832 5250 5015 5170 5191 4634 4807 5237 5199 4746 5066 5325 4890 4626 5161 5190 4878 5170 4963 5085 5386 4664 4820 4954 5030 5531 5135 4953 4849 4877 5280 4850 4892 5243 4320 4647 5070 5070 4999 4920 4691 4570 4915 5089 5123 5248 5186 4637 5158 4991 4846 5008 5372 4847 4770 5177 4877 4849 4813 4823 5023 4866 5049 4639 4508 4562 4932 4983 4771 4968 4959 5205 4694 4725 5162 4779 5218 5582 4884 4527 5293 5114 4752 4738 5247 4565
5162 4442 4477 5209 4905 5236 5396 5214 5004 4938 5068 5011 4794 5200 5259 4918 4449 5177 5227 5094 4922 5428 4786 4862 4995 5329 4564 4865 5087 4885 5142 5289 4984 5199 5442 5297 5058 5109 4973 5427 4994 5036 5102 4841 5261 5042 5114 5003 4818 4992 4988 5080 5359 4852 5282 5273 4848 5024 4761 5355 4559 5190 5669 4955 5381 4734 4848 5084 5260 4992 4895 5268 4907 4556 4974 5113 4960 5168 5264 5176 5149 4815 4932 5101 5301 4935 4808 5533 4992 5342 4946 5021 5615 5307 5002 4962 4906 5329 5309 5107 4980 4659 4864 5277 5012 4614 5007 4969 5151 5301 4726 4939 4982 5623 5254 5366 4778 4975 5084 4749 5468 4927 5162 4634 4950 5322 5074 5335 5034 5030 4950 4763 5307 5211 4920 5117 5435 5494 5403 5585 5032 4829 5108 5201 5274 5012 5104 5452 5840 4978 4978 5324 5067 5309 5300 5086 5241 5294 5083 5088 4990 5057 5076 5186 5377 5055 4980 4988 5210 5231 5088 5354 5101 4975 5232 5019 5097 5413 5582 4730 5473 5395 4993 5055 5143 5413 5089 5496 4553 5136 5286 4672 4591 5328 5029 5651 5336 5251 5277 5066 5217 5337 5264 5314 4671 5200 4889 5164 5179 5053 5106 4793 5357 5288 5090 5589 5339 4787 5426 5299 5203 5095 5711 5101 4952 5159 5046 5132 5153 4962 5261 5026 5100 4848 4999 4908 5025 5014 4682 4884 5184 5229 5043 4866 5230 4556 4828 5587 5133 5065 5435 5390 4736 4934 5453 4685
4968 5108 4586 5444 5437 5388 5506 5285 5031 4850 5401 5235 5091 5363 5484 4905 4638 5065 5476 5171 4916 5711 5367 4813 5246 5493 5006 5340 5190 5188 5364 5382 5219 5242 5443 5322 5229 5222 4984 5845 5122 5536 5397 5211 5260 5176 5309 5308 5532 5218 5101 5211 5561 5515 5084 5348 5082 5386 5031 5412 5031 5539 5473 5186 5457 5217 5251 5499 5768 5145 5086 5308 5219 4866 5292 5077 5144 5268 5315 5446 5194 4915 5068 5227 5482 5261 5116 5415 4975 5151 5517 5197 5840 5835 5207 5283 5217 5534 5328 5295 5226 4827 4979 5475 5019 4937 5609 5041 5172 5931 5027 4723 5119 5748 5322 5362 5085 5475 5091 5205 5424 5434 5068 4973 5260 5892 5154 5471 5290 5029 5101 4992 5251 5099 5199 5517 6150 5438 5593 5485 5476 5062 5247 5351 5268 4946 5466 5880 5679 5001 5342 5434 5245 5391 5147 5255 5613 5349 5073 5214 5262 4913 4767 5334 5680 5296 5017 5278 5364 4989 5616 5305 4997 5646 5483 5120 5088 5445 5434 4798 5566 5316 5081 4971 5417 5443 5225 5481 4863 5253 5727 5247 5144 5455 5060 5753 5537 5362 5095 5254 5415 5437 4827 5331 4710 5409 5465 5338 5253 5151 5222 4915 5678 5615 5280 5821 5627 5110 5568 5630 5100 5060 5489 5237 5017 5361 5659 5346 5571 5105 5434 5127 5513 5012 4819 4682 5053 5203 4943 5264 5571 5370 5037 5031 5442 5071 5275 6048 5067 5255 5330 5541 4921 4860 5426 4878
4958 4713 4402 4787 4841 4959 5192 4970 4701 4693 4912 4982 4886 4951 5278 4729 4295 5066 5380 5034 4740 5013 4857 4576 4960 5412 4589 4734 4964 4718 4765 5076 5073 4998 5258 5107 4827 4720 5228 5590 5094 5351 4753 4540 5090 4618 5120 5280 5171 4829 5005 5031 5344 5067 4872 5017 4766 5052 4532 5017 4574 4922 4820 4753 4771 4667 4511 5352 5083 4886 4665 4960 4876 4749 5237 5089 4667 5029 5018 5108 5049 4557 4910 4868 4882 4988 4669 4970 4855 4808 4900 4844 5281 5036 5092 4644 4974 5221 5023 4886 4731 4467 4613 5001 4848 4937 4943 4895 5151 5443 4805 4355 4795 5317 4894 5193 4723 5050 4754 4963 5006 4916 4895 4928 4853 5298 5005 5165 4903 4730 4802 4733 5366 5112 4796 5098 5489 5198 5186 5204 5062 5151 4656 5253 5019 4616 4748 5259 5413 4855 4999 5090 4812 4912 4864 4877 5496 5097 5046 5124 4874 4975 4887 5018 5324 4790 4940 5074 5008 5007 5080 5228 4966 5044 5030 4923 4884 5255 5125 4834 5055 5347 4915 4825 5208 5004 4884 5421 4859 5107 5333 4492 4538 4875 4728 5620 5264 5258 5138 4974 4946 5281 4892 5224 4501 5197 4975 5012 4901 4824 5141 4436 4943 4979 5127 5519 5187 4663 5117 5227 4934 4591 5291 5029 4913 4982 4912 4625 5049 4713 5232 4933 4964 4755 4804 4700 5070 4784 4653 4880 5078 4840 4983 4876 5129 4979 4823 5421 4993 4726 5050 5073 4850 4868 5261 4573
4569 4588 4476 4971 5121 4937 5266 4863 4688 5053 5001 5045 4834 5023 4982 4736 4454 4780 4808 4946 4661 5338 4591 4650 4927 4788 4623 4938 4695 4559 4844 4933 4874 4973 5145 5077 4737 4689 4917 5432 4704 5028 4640 4750 4805 4975 5085 4654 4762 4772 4951 4631 5183 4930 4923 4998 4518 4810 4583 4907 4773 5205 5410 4843 4764 4757 4714 4950 5373 4860 4693 4845 4747 4707 4980 4806 4821 4955 4960 5213 4906 4645 4591 4843 5179 4974 4742 5131 4703 4698 4738 4698 5386 5021 4853 4744 4692 5179 5258 4992 4870 4665 4689 4745 5023 4731 5093 4891 4640 5102 4721 4379 4976 5232 5018 5061 4565 5018 4618 4811 5218 4835 4757 4411 4767 5000 5014 5140 4947 4635 4575 4787 4980 4922 4633 5145 5502 5187 5191 5117 4909 4759 4620 4889 5046 4784 4796 5345 5499 4590 4876 5086 4983 4822 4934 4839 4997 4925 5054 5075 4945 4748 4808 5202 5340 4898 4703 4778 5098 4848 4899 5143 4939 5213 5300 4675 4814 5162 5254 4643 4924 5087 4809 4699 5049 5201 4918 5181 4320 4920 5012 4879 4829 4959 4783 5556 5178 5117 5067 4863 4981 5244 4790 5122 4315 5139 4954 4865 4733 4741 5044 4493 5067 5010 4751 5202 4977 4688 5133 4877 4918 4820 5270 4986 4854 4974 4923 4951 5236 4557 5221 4854 4790 4589 4769 4682 4630 4970 4703 4989 4937 5251 4834 4762 5178 4821 4858 5553 4894 4862 4870 5067 4560 4581 5266 4510
5110 4913 4792 5353 5219 5397 5641 5220 5009 4964 5505 5258 5126 5296 5395 5019 4768 5392 5365 5381 4863 5366 5322 4796 5426 5626 5090 5281 5237 5226 5389 5726 5108 5463 5713 5250 5346 5145 5264 5750 5098 5533 5466 5247 5327 4918 5095 5307 5198 5411 5599 5336 5451 5027 5236 5289 5321 5146 5063 5322 4926 5661 5480 5534 5094 5139 5134 5261 5573 5246 5294 5357 5486 5111 5523 5474 5312 5603 5459 5419 5272 4961 5005 5613 5742 5206 4817 5603 5173 5130 5160 5048 5779 5625 4938 4894 5459 5332 5407 5284 5368 4709 5082 5391 5109 4948 5418 5185 5389 5658 4740 4814 5432 5975 5315 5399 5488 5279 5270 5133 5374 5338 5342 5102 5365 5750 5322 5741 5257 5268 5112 4941 5489 5249 5281 5863 6063 5544 5749 5821 5339 5181 5366 5245 5696 4728 5339 5517 5913 5230 5538 5702 5095 5512 5434 5146 5995 5275 5472 5245 5288 5137 4824 5289 5726 5167 4941 5220 5233 5363 5388 5519 5312 5370 5858 5218 5243 5748 5483 5002 5595 5937 5110 5018 5349 5658 5055 5791 5066 5537 5524 4942 4887 5500 5035 5855 5557 5673 5372 5571 5523 5631 5270 5708 4519 5280 5166 5378 5314 5184 5300 4997 5290 5665 5418 5886 5288 5061 5527 5615 5366 5374 5601 5153 5197 5327 5237 5103 5574 4986 5407 5176 5414 4798 5204 5002 5310 5112 5116 5296 5248 5638 5147 5015 5421 5141 5439 5419 5362 5193 5227 5627 4867 5253 5534 4649
4849 4826 4602 5043 4641 4780 5337 5030 4555 4735 5125 5071 4590 5037 5329 4958 4539 5115 4900 4812 4848 5295 4807 4742 5276 5142 4678 5068 4665 4714 5180 5112 4983 5072 5554 4851 5113 4946 5138 5267 4986 5120 4887 4955 4869 4797 5211 4970 4906 5019 5001 5294 5541 5094 4777 4851 4696 4627 4516 4934 4723 5010 5264 5226 4872 4746 4953 5020 5274 4863 4880 5088 5098 4559 5015 5027 4854 5336 4948 4960 5143 4698 4979 5399 5321 4916 4833 4961 4836 4584 4962 5014 5339 5252 4821 4972 5018 5156 5006 4784 5133 4433 4819 5081 4958 4451 5095 5088 4919 5296 4684 4759 5112 5346 4976 5117 5003 5013 4876 4819 5062 4895 4788 4828 5020 5360 4836 5091 5182 5093 4858 4876 5064 5143 4760 5197 5625 5578 5261 5391 5183 4776 5025 5029 5139 4749 5035 5131 5535 4664 4991 5149 5157 5050 4816 5115 5104 5307 5153 5014 4936 5172 4932 4939 5460 4844 4550 4963 4902 4732 5096 5136 4931 5129 5345 4634 4961 5415 5294 4594 5359 5487 4942 4769 5303 4919 4808 5371 4463 5030 5220 4670 4733 5227 4759 5460 5007 5310 5056 4958 5051 5010 4874 5157 4605 5056 4888 5009 4975 4875 5097 4701 5120 4912 4883 5423 5160 4931 5159 5352 4939 5025 5346 4846 4954 5068 5179 4862 4783 4727 5134 5006 5151 4862 4446 4847 4835 4913 4324 4970 4808 5010 4696 4852 5277 4818 4828 5239 4969 4793 5066 5033 4534 5004 5345 4360
5110 4888 4512 4897 4928 5045 5371 5012 4793 4837 5145 5159 4580 5031 5148 4809 4442 5065 5055 4988 4747 5291 4939 4801 5190 5391 4845 5120 4775 4981 5074 5140 4810 5092 5386 4957 5379 4921 4952 5607 4828 5258 5224 4950 5037 5023 4825 5031 4943 4938 4956 4956 5458 4919 5087 5124 4662 4995 4776 5194 4787 5625 5134 5144 5121 5025 4612 4993 5415 4927 4873 5248 5119 4793 5055 5046 5121 4953 5442 4988 5135 4474 4954 5244 5018 4861 4818 5107 4799 4711 4979 4929 5457 5374 4825 5027 5069 5425 5036 4941 4981 4632 5014 5059 5058 4802 5132 4827 5004 5445 4995 4340 5065 5441 4950 5116 4757 4882 4824 4798 5006 5067 5347 4723 4861 5257 4897 5184 5168 4840 4538 4818 5214 4902 4855 5454 5775 5213 5395 5625 4958 4981 5010 4850 5081 4681 4898 5275 5624 4802 4971 5411 4859 5094 4904 4885 5350 4934 5120 5110 4888 4614 4711 4877 5511 5099 5126 4733 5065 5010 5091 5259 4871 5242 5377 5130 4975 5369 5390 4707 5268 5316 4807 4712 5109 5337 5146 5535 4919 5021 5178 5122 4851 5040 5143 5435 5282 5355 5056 5051 5083 5339 4931 5141 4269 4855 5099 5235 5199 4955 4999 5001 5112 5459 5222 5511 5194 4847 5485 5300 5073 5024 5395 5219 4916 5008 5018 4913 5144 4877 5182 4925 5037 4722 4788 4932 4924 4668 4919 4863 5097 5102 4696 5039 5189 4821 5033 5500 5314 4744 4987 5404 4716 4820 5067 4447
5434 5324 4586 5207 5467 5365 5724 5518 5237 4956 5263 5057 4728 5442 5412 5225 5015 5301 5281 5332 5067 5849 5336 4995 5362 5432 5124 5337 5251 5171 5494 5506 5269 5334 5754 5274 5582 5461 5431 5558 5345 5542 5135 5190 5499 4997 5449 5298 5080 5362 5295 5381 5796 5387 5351 5271 4969 5322 4953 5470 5096 5567 5805 5253 5421 5060 4991 5256 5622 5187 5518 5337 5229 4906 5423 5252 5212 5323 5555 5107 5503 4593 5269 5539 5606 5332 5162 5443 5053 5112 5143 5449 5575 5619 5345 5316 5303 5692 5460 5136 5375 4913 5212 5621 5372 5110 5472 5283 5361 5743 5007 4787 5349 5999 5321 5838 5343 5291 5080 5138 5363 5100 5347 5143 5225 5681 5025 5475 5296 5249 4999 5195 5534 5194 5352 5705 6021 5582 5635 5697 5427 5236 5199 5392 5332 5013 5388 5627 5848 4912 5423 5564 5322 5440 5160 5261 5681 5729 5660 5405 5262 5172 5124 5313 5784 5375 5081 5276 5497 5407 5386 5739 5212 5613 5371 5223 5293 5723 5808 4897 5664 5628 5217 5077 5662 5455 5277 5938 5377 5281 5248 4971 5301 5665 5110 5987 5688 5693 5121 5591 5394 5618 5272 5456 4602 5357 5067 5373 5171 5289 5493 4901 5553 5549 5446 5795 5433 4812 5537 5537 4982 5386 5570 5320 5139 5348 5390 5513 5478 5161 5336 5175 5628 5136 5047 5341 5402 5212 5299 5212 5362 5422 5281 5355 5479 5118 5215 5956 5396 4983 5126 5561 4909 5407 5351 5082
5347 5103 4692 5269 4955 5478 5802 5336 5049 5269 5408 5196 5135 5424 5611 5034 4870 5045 5796 5250 5059 5761 5178 5261 5545 5782 4991 5384 4963 5027 5312 5561 5032 5491 5655 5286 5286 5412 5461 5827 5161 5402 5257 5126 5363 5179 5457 5611 5183 5291 5302 5392 5833 5533 4970 5017 5005 5349 5051 5371 4732 5765 5705 5489 5531 5041 5182 5654 5591 5234 5115 5273 5237 5013 5609 5409 5445 5431 5712 5518 5515 5018 5211 5511 5538 5253 5231 5682 5095 5313 5599 5088 5864 5604 5225 5470 5181 5795 5547 5160 5452 4830 5140 5488 5451 5026 5596 5200 5413 5600 5189 4808 5290 5773 5038 5356 4999 5314 5232 5191 5285 5285 5388 4994 5185 5632 5346 5354 5311 5273 5009 5199 5375 5162 4986 5364 5887 5626 5377 5525 5500 5298 4907 5424 5652 5019 5396 5708 5914 5150 5288 5573 5388 5561 5206 5060 5630 5474 5543 5496 5123 5241 5064 5143 5730 5271 5284 5081 5326 5350 5340 5453 5304 5432 5606 5286 5226 5505 5704 4887 5491 5513 5087 4945 5521 5438 5538 5770 5037 5274 5564 5254 5309 5422 5099 5913 5393 5420 5288 5396 5634 5631 5100 5532 4739 5259 5321 5354 5348 5058 5362 5025 5477 5597 5289 5715 5449 5389 5625 5720 5172 5244 5634 5586 5176 5206 5381 5291 5473 5287 5541 5358 5210 5153 5003 5028 5378 5474 5277 5217 5306 5437 5089 5226 5548 4965 5323 5993 5401 5301 5630 5743 4972 5163 5811 5021
4974 5143 4505 5098 5100 5081 5574 4739 4992 4780 5265 5343 5202 5245 5507 4802 4627 5137 5411 5291 4972 5358 5135 4760 5276 5319 4950 5485 5047 4826 5097 5424 5053 5005 5544 5132 5615 5086 5400 5471 5072 5625 5023 4943 5473 4910 5484 4982 4882 5023 5319 5552 5366 5085 5198 5196 4824 5083 4599 5186 4915 5274 5304 5330 5053 4706 5021 5309 5432 5204 4997 5029 5098 4687 5100 5189 4963 4974 5106 5144 5030 4664 4786 5423 5433 4874 5197 5333 4953 4838 5123 5272 5672 5485 5016 4801 4897 5339 5346 5173 5084 4767 4843 5480 5098 4829 5298 5152 5017 5563 4836 4824 5437 5911 5175 5320 4890 5000 4826 4919 5234 5200 5143 4943 5088 5516 4976 5398 5254 5187 5005 4901 5217 5220 5179 5231 5821 5403 5432 5536 5431 4891 4954 5305 5154 4936 5145 5454 5760 4952 5282 5461 5243 5142 5364 5120 5369 5308 5478 5388 5170 4961 5058 5202 5447 5141 4885 5192 5300 5159 5493 5537 5032 5402 5428 4928 5274 5388 5454 4698 5403 5406 5211 5044 5251 5230 5171 5367 5039 4914 5561 4919 5093 5296 5244 5730 5280 5103 5204 5189 5395 5311 5185 5380 4609 5159 5347 5278 5055 4925 5111 4699 5279 5313 5249 5717 5252 5216 5533 5319 5054 4827 5275 5453 5113 5052 5089 5169 5084 5154 5391 5078 5145 4991 4712 5115 4922 4804 4913 4992 5212 5218 5152 5358 5167 5032 5274 5747 5166 4835 5051 5584 4874 4970 5507 4698
5146 4796 4519 5100 4955 5224 5405 5138 4694 5108 5190 5144 4927 5307 5454 4964 4408 5177 5381 5280 4884 5544 5064 5002 5345 5209 4855 5236 4916 4575 5400 5153 5051 5012 5237 5210 5297 4992 5231 5682 4926 5185 4929 5091 5124 5095 5562 5083 5105 4942 5137 5265 5451 4882 5270 5216 4783 5232 4583 5114 4788 5252 5538 5004 5137 5383 5233 5406 5451 5006 5086 4994 5124 4877 5033 5153 4809 5113 5485 5161 5312 4850 5044 5158 5156 5308 5136 5345 4946 5011 5020 4913 5538 5211 5008 4816 4924 5138 5273 5095 5064 4941 4974 5162 5107 4942 5306 4887 5217 5587 5224 4619 5383 5563 5024 5283 4763 5302 4921 4834 5211 4975 5101 4929 5027 5320 5137 5214 4822 5056 4888 4997 5134 5008 4954 5160 5649 5366 5543 5597 5155 5149 4666 5307 5039 4957 5135 5601 6080 4909 5090 5334 5235 5214 5060 5085 5462 5512 5235 5241 5377 5083 4994 5406 5572 5072 4934 5076 5339 5129 5294 5268 4966 5203 5535 4847 4980 5189 5383 4945 5323 5385 5012 4811 5323 5471 5331 5445 4583 5065 5383 4859 4900 5050 5009 5834 5190 5207 5206 5300 5252 5306 4975 5106 4462 5377 5161 5339 4850 5125 5021 4969 5171 5312 5051 5445 5285 5112 5701 5106 5041 4918 5210 5261 5069 5301 5007 5146 5294 4822 5211 5084 5131 5198 4946 4941 5154 4811 5183 5176 5141 5317 5080 4976 5080 4967 5199 5613 5044 5251 5219 5554 4792 5183 5219 4777
4666 5037 4425 5109 5045 5170 5079 5045 4785 4880 5072 5199 4802 4951 5351 5022 4409 5064 5006 5039 4579 5340 4848 4728 5162 5095 4671 5124 5156 4674 5167 5216 4870 5083 5349 4964 5233 4669 5114 5324 4766 4928 4943 4709 4946 4695 5151 4983 4877 5084 5280 5031 5404 5140 4954 5225 4847 4931 4893 5137 4734 5445 5258 5035 5039 4696 4870 5127 5186 4950 4910 5119 5040 4785 5042 5354 4966 5029 5180 4873 5015 4793 4835 5025 5249 4914 4793 5069 4816 5037 5077 4926 5398 5381 4648 4877 4988 5270 5276 4975 4950 4824 4721 5163 5013 4534 5007 4865 5173 5380 4747 4543 5048 5487 5143 5059 4653 5137 4801 4673 5073 4911 4898 4947 5043 5357 4944 5365 5354 4943 4675 4823 5097 4685 4917 5214 5714 5397 5289 5326 4897 4839 5099 4910 5049 4617 5165 5419 5696 4688 5048 5216 5035 4950 5035 5254 5383 5075 5192 5202 5215 4812 4946 5059 5417 5307 4832 4862 5010 5223 5001 5471 5108 5468 4992 4996 4993 5125 5495 4782 5323 5443 5007 4783 5028 5305 4874 5508 4698 5203 5288 4700 5207 5228 4983 5630 5030 5097 5104 4964 5410 5226 5095 5169 4671 5109 4748 5170 5187 4853 5063 4636 5089 5248 5085 5405 5295 4810 5222 5233 5063 4944 5425 4777 5011 5060 4660 4722 5108 4816 4882 4967 5003 4790 4682 4938 4904 4821 4807 5088 4953 5088 4822 4697 5048 4784 5150 5671 4892 4663 5196 5284 4761 5004 5245 4815
5077 5222 4943 5258 5317 5302 5695 5277 5406 5463 5533 5382 5513 5471 5695 5383 5019 5473 5442 5162 4973 5651 5252 5187 5500 5390 5130 5490 5339 5025 5448 5713 5427 5331 5606 5443 5322 5507 5337 6069 5469 5995 5498 5383 5555 5289 5615 5132 5454 5576 5360 5471 5752 5687 5484 5493 5239 5492 5262 5258 5034 5503 5581 5456 5040 5336 5124 5663 5603 5449 5462 5300 5216 5181 5549 5151 5329 5450 5586 5579 5510 5109 4883 5199 5778 5418 5287 5484 5221 5258 5333 5308 6030 5826 5403 5403 5345 5784 5508 5249 5332 4916 5110 5483 5605 5159 5317 5331 5318 5730 4990 4934 5623 6064 5463 5515 5436 5500 5199 5284 5581 5423 5554 4893 5133 5685 5575 5631 5176 5666 5030 5376 5660 5124 5335 5788 6022 5833 6058 5761 5341 5405 5411 5488 5486 5243 5425 5695 6122 5303 5550 5674 5413 5321 5261 5202 5466 5402 5524 5315 5308 5228 5208 5419 5653 5458 5319 5402 5397 5214 5401 5675 5289 5552 5551 5099 5327 5705 5627 5015 5466 5523 5357 5272 5356 5516 5283 5769 5122 5288 5543 5224 5081 5534 5274 5771 5602 5563 5365 5613 5624 5403 5302 5829 4790 5514 5383 5348 5511 5364 5359 5052 5408 5590 5248 5595 5464 4887 5687 5473 5357 5276 5518 5300 5031 5416 5459 5426 5897 4850 5701 5076 5560 5167 5417 5138 5377 5333 5031 5298 5340 5557 5234 5447 5731 5367 5293 5947 5352 5009 5235 5901 5160 5325 5512 4974
4838 4901 4357 4858 4811 4880 5344 4841 4527 4518 4933 4692 4529 4981 5021 4782 4451 4706 5101 4764 4808 5225 4821 4711 4877 4977 4699 4709 4652 4590 4893 5003 4532 4925 5260 4854 5024 4882 5025 5357 4656 5033 4797 4640 5248 4881 5200 4777 4741 5052 4842 4795 5238 4924 5070 4998 4558 4849 4382 4855 4618 4940 5225 4840 5032 4533 4764 4778 5068 4740 4677 4953 4913 4401 4842 5018 4717 4862 4964 4701 4974 4634 4375 5018 5021 4900 4677 4945 4854 4633 4798 4923 5255 5402 4979 4535 4734 5150 4987 4519 4973 4712 4866 4994 4915 4702 5151 4841 4817 5449 4774 4492 4867 5429 4735 5135 4581 4627 4733 4450 4844 4729 5055 4556 4701 5073 4818 5144 4792 4635 4807 4648 4967 4915 4775 4941 5334 5216 5058 5199 4844 4849 4706 5033 4881 4561 5026 5366 5342 4588 4708 5155 4727 4985 4613 4904 5294 5248 5000 4985 4913 4659 4837 4847 5218 4763 4820 4737 4909 4829 5100 5044 4862 5137 5084 4914 4805 4988 5395 4497 5065 5039 4755 4665 4842 4859 4863 5180 4769 4905 5083 4747 4922 4958 4875 5615 5163 4962 4951 4601 5213 5113 5040 5059 4296 4736 4971 5037 4859 4795 4865 4798 5138 5307 5089 5153 4936 4661 5031 4986 4867 4618 5126 4844 4641 4858 4945 4869 5182 4626 5122 4686 4863 4727 4715 4798 4706 4765 4713 4699 4647 4749 4904 4521 5118 4806 4843 5093 4881 4720 5124 5029 4464 4804 5167 4380
5060 4942 4454 5017 5075 4980 5096 4843 4907 4738 4849 5022 4671 5052 5016 4843 4280 4942 5083 4786 4658 5028 4552 4699 4797 5063 4355 4930 4984 4684 4907 4978 4652 5109 5196 5096 5097 4861 4686 5413 4777 4877 5038 4657 4821 4972 5100 4971 4835 4692 4915 4909 5150 5035 4935 5009 4887 4851 4432 4905 4464 4946 5242 4706 5119 4850 4758 4930 5187 4904 4950 4864 4842 4650 4768 4920 4757 5012 4939 5110 5055 4669 4902 4914 5165 4835 4779 4836 4590 4884 4960 5030 5349 5122 4695 4786 5055 5304 5249 4892 5236 4447 4893 5130 4841 4571 4895 4819 4665 5314 4583 4634 4816 5237 4830 5005 4752 4910 4727 4708 4851 4684 4964 4804 4830 5422 4949 5056 4929 4803 4764 4822 4919 4621 4649 5138 5463 5205 5580 5293 5109 4873 4600 5075 4884 4531 4986 5065 5585 4568 5146 5039 4885 5078 4967 5035 5128 4968 4878 4798 4937 4789 4531 4995 5396 4935 4737 5048 4956 5157 5250 5242 4762 5107 4992 4589 4716 4953 5185 4709 4993 5000 4748 4788 5138 4999 4992 5346 4575 4857 4962 4833 4914 5060 4787 5517 5180 5171 4925 4816 5211 5070 4884 5103 4550 5074 4676 4950 4835 4911 4985 4426 5224 4970 4710 5633 5309 4622 5138 5005 4771 4788 5242 4871 4730 4913 4657 4902 5272 4566 5088 4909 4976 4830 4623 4611 4790 4964 4867 4715 5037 5035 4685 4767 5244 4729 4762 5394 4815 4911 4907 5016 4769 4850 5398 4543
5251 5083 4792 5372 5582 5444 5535 5351 5218 5139 5487 5282 5119 5542 5536 5052 4884 5417 5602 5222 5075 5552 5449 5158 5333 5429 5010 5491 5219 5054 5539 5771 5346 5456 5492 5491 5589 5185 5807 5946 5144 5387 5233 5056 5488 5432 5520 5256 5345 5464 5638 5727 5650 5481 5260 5863 5070 5418 5102 5273 5068 5525 5919 5296 5230 5045 5380 5561 5689 5322 5409 5474 5284 5184 5288 5415 5021 5530 5424 5376 5568 4727 5293 5367 5723 5402 5373 5411 5072 5241 5254 5314 5823 5575 5068 5202 5640 5613 5475 5580 5666 5022 5487 5341 5535 5193 5720 5428 5381 5973 5070 4982 5365 6124 5141 5441 5260 5489 5443 5325 5634 5536 5115 5260 5329 5888 5355 5616 5443 5138 5143 5275 5708 5521 5312 5441 6002 5830 5872 5953 5474 5508 5203 5526 5599 5282 5751 5951 6034 5407 5378 5511 5268 5453 5053 5498 5713 5921 5608 5273 5511 5031 5302 5419 5859 5535 5106 5266 5476 5871 5650 5787 5382 5357 5382 5055 5243 5771 5787 5217 5552 5549 4936 5239 5457 5789 5542 5944 4985 5363 5563 4998 5037 5657 5332 6174 5531 5638 5455 5409 5563 5518 5229 5548 4923 5693 5412 5717 5203 5494 5480 5083 5564 5520 5494 5940 5601 5276 5721 5654 5103 5113 5638 5529 5196 5450 5299 5818 5482 5272 5628 5297 5431 5249 5126 5520 5207 5343 5314 5341 5260 5619 5453 5064 5771 5055 5357 6105 5128 5077 5524 5614 5119 5480 5544 4792
4971 4847 4601 4804 5004 4912 5710 4839 4722 4702 5100 5083 4841 4995 5047 4820 4488 5041 4984 4966 4918 5101 5053 4641 4901 5269 4930 4948 5013 4664 5078 5139 4928 4997 5348 4634 5172 4970 5003 5430 4961 5240 4934 4748 5120 4887 5601 4853 4767 5003 5039 4995 5351 5101 4966 4967 4500 4966 4582 4808 4929 5404 5390 4965 5045 4788 4969 4981 5294 4669 5044 4781 4899 4494 4844 5094 4736 5068 5002 5087 5143 4725 5007 5071 5045 4823 4904 5120 4701 4566 4996 5007 5389 5265 4975 4783 4868 5133 5255 4917 4850 4421 4952 4924 4871 4773 5098 4953 5095 5175 5003 4545 5036 5512 4988 5039 4686 5149 4756 4753 5065 4929 5092 4645 4896 5251 4837 4908 4931 4923 4788 4947 5154 4798 4834 5207 5385 5295 5296 5176 5221 4633 5050 4900 4972 4986 4899 5298 5452 4785 5047 5007 5187 5037 4945 4945 5299 5028 5073 5092 4945 4748 4887 5258 5539 4965 4873 4970 5013 4800 5192 5186 4838 5159 5238 4887 4898 5187 5341 4527 5208 5134 4691 4722 5282 4992 5137 5295 4691 5030 5222 4757 5053 5052 4817 5572 5336 5182 4951 4956 4993 5101 4945 5623 4552 5099 4831 5075 5130 4788 5282 4873 4953 5028 4903 5465 5164 4824 5299 5042 4974 5115 5248 4960 4875 5030 5064 4617 5241 4941 5135 4919 5044 5013 4761 4679 4703 4965 4815 4847 5000 5123 4948 4948 5164 4813 5009 5412 4961 4969 4981 5340 4698 4585 5076 4637
5439 5085 5100 5173 5422 5577 5890 5481 5229 5258 5502 5563 5120 5438 5735 5279 4835 5652 5293 5251 5177 5449 5479 4953 5395 5436 4900 5271 5240 5214 5451 5599 5395 5520 5866 5213 5429 5555 5553 5945 5441 5549 5290 5432 5523 5104 5568 5226 5309 5618 5447 5416 5865 5444 5390 5601 5132 5475 4989 5221 5372 5766 5678 5526 5306 5260 5158 5289 5707 5240 5620 5428 5606 5254 5525 5590 5311 5443 5550 5429 5644 5000 5307 5391 5430 5283 4969 5352 5266 5252 5359 5346 5809 5608 5339 5463 5445 5730 5798 5112 5212 5000 5274 5401 5412 5113 5565 5106 5669 5803 4966 5001 5362 6114 5343 5396 5260 5280 5294 5087 5669 5322 5378 4946 5548 6098 5409 5322 5256 5185 5350 5498 5613 5317 5263 5446 5968 5680 5814 5678 5758 5420 5262 5580 5498 5328 5433 5647 6177 5274 5518 5598 5258 5441 5323 5395 5793 5292 5413 5254 5229 5328 5283 5442 5764 5491 5209 5539 5626 5477 5439 5686 5412 5650 5531 5199 5114 5620 5790 5001 5680 5798 5202 5154 5500 5520 5512 5952 4927 5399 5742 5116 5151 5731 5467 5992 5751 5583 5324 5480 5427 5360 5120 5727 4714 5290 5282 5559 5334 5456 5531 5046 5677 5670 5419 5987 5540 5121 6059 5669 5407 5500 5616 5302 5260 5211 5306 5493 5747 5249 5605 5347 5612 5354 5367 5108 5249 5256 5221 5302 5268 5359 5378 5068 5736 5151 5457 5928 5544 5037 5674 5902 5203 4908 5523 5166
5245 5152 4947 5310 5615 5423 5685 5330 5205 5215 5587 5504 5359 5525 5405 5269 4919 5309 5326 5180 5021 5596 5132 5041 5485 5592 5126 5401 5171 4677 5398 5536 5478 5491 5925 5572 5509 5161 5375 5892 5314 5618 5450 5339 5644 5322 5343 5265 5364 5641 5590 5481 5963 5429 5302 5420 5017 5290 4794 5258 4943 5700 5622 5387 5505 5201 5098 5342 5828 5426 5328 5505 5491 5149 5667 5423 5069 5548 5606 5469 5498 4987 5165 5633 5882 5375 5207 5476 5263 5168 5385 5400 5824 5693 5438 5157 5288 5732 5711 5252 5235 5004 5025 5302 5540 4963 5445 5577 5511 5796 5046 5053 5417 5904 5423 5734 5149 5322 5120 4984 5417 5531 5400 5162 5243 5746 5212 5419 5474 5281 5057 5041 5670 5161 5246 5692 5849 5692 5781 5899 5398 5126 5312 5722 5534 5384 5269 5840 5829 5069 5248 5422 5542 5468 5586 5446 5970 5479 5626 5272 5342 5306 5121 5630 5878 5246 5088 5313 5311 5334 5445 5629 5274 5486 5578 4983 5292 5396 5905 5069 5374 5726 5374 5171 5625 5766 5342 5691 5061 5236 5595 5127 5461 5490 5358 5927 5706 5636 5544 5237 5634 5538 5292 5596 4732 5554 5372 5533 5346 5329 5202 5047 5477 5401 5540 5861 5504 5223 5486 5616 5225 5139 5910 5523 5191 5283 5239 5486 5543 5341 5498 5195 5234 5277 5240 5064 5189 5296 5324 5382 5445 5361 5187 5106 5800 5303 5483 5937 5458 5049 5608 5664 5223 5215 5850 4957
5264 5013 4264 5291 5624 5581 5414 5178 4986 4993 5384 5264 5244 5248 5413 5099 4801 5181 5122 5269 4954 5310 5422 4883 5449 5246 4728 5363 5031 5127 5477 5286 5223 5363 5314 5336 5597 5308 5368 5776 5505 5672 5293 5163 5372 5053 5297 5318 5091 5521 5326 5418 5648 5286 5363 5260 4969 5637 4958 5517 5129 5618 5663 5257 5222 5130 5177 5317 5460 5128 5101 5308 5125 5037 5255 5513 5169 5426 5360 4939 5215 4953 4952 5343 5354 5335 5000 5363 5080 5288 5257 5166 5959 5769 4952 5209 5217 5629 5481 5231 5307 4905 5326 5560 5231 4850 5351 5177 5292 5560 4945 4919 5678 6084 5194 5323 4877 5342 5209 5056 5486 5293 5355 5109 5166 5671 5174 5475 5197 5042 5157 5114 5692 5530 5214 5626 5605 5574 5803 5837 5361 5114 5308 5538 5173 4946 5208 5926 5669 5126 5080 5285 4988 5438 5236 5252 5732 5494 5440 5295 5575 4904 5162 5322 5575 5113 4966 5342 5324 5357 5414 5733 5035 5561 5463 5269 5385 5752 5645 4873 5629 5496 5089 5244 5302 5757 5281 5682 5026 5420 5737 4977 5425 5415 5634 5851 5454 5497 4916 5341 5619 5456 5221 5393 4719 5046 5384 5743 5472 5536 5320 4858 5390 5707 5378 5863 5500 5064 5486 5487 5327 5285 5496 5227 5225 5447 5216 5307 5394 5162 5327 5171 5634 5198 4934 5074 4991 5324 4927 5145 5094 5541 5128 4833 5310 5033 5150 5874 5305 5053 5447 5786 5124 5312 5461 4720
4803 5072 4613 5120 4981 5173 5341 5174 4659 5045 5440 5225 4783 5054 5541 5013 4631 5252 5057 5070 4615 5286 5000 5160 5355 5142 4758 5224 5001 4812 5173 5444 5264 5291 5132 5077 5183 5144 5114 5636 4909 4932 4955 5104 5333 5105 5498 4885 4968 4975 5139 5228 5344 5230 5110 5188 4984 5055 4807 5040 4709 5251 5579 5045 5013 5225 5135 5216 5642 5123 5262 5064 4991 5008 5043 5300 5102 5349 5588 5338 5393 4767 5086 5367 5369 5077 4887 5376 4805 4988 4989 5149 5512 5467 5003 5092 5251 5136 5096 5121 5300 4703 5098 5297 5132 4782 5173 5246 5206 5332 4694 4790 5250 5378 5307 5196 5039 5124 5046 4996 5042 5326 5095 4834 4782 5318 5325 5436 4955 5115 4951 5101 5259 5005 5043 5357 5452 5658 5551 5520 5105 4932 5002 5046 5233 5020 5202 5408 5615 4758 5150 5465 5138 5137 5248 5326 5440 5435 5119 5199 5057 5025 5070 5189 5489 5038 5091 5068 5352 4982 5542 5219 4936 5269 5393 4782 5037 5402 5552 4994 5409 5235 4877 5031 5379 5140 5182 5869 4855 5189 5310 5004 4785 5024 4999 5781 5249 5344 5110 5305 5226 5150 5141 5488 4517 5393 4664 5034 5112 5290 5118 4600 5226 5339 5160 5507 5162 4811 5338 5548 4959 5465 5461 5167 4879 5198 5113 5237 5229 4822 5470 5206 5352 4921 4969 4754 5204 5099 4944 4977 5021 5385 4926 4971 5145 4753 5013 5646 5063 5108 5282 5411 4753 5141 5567 4812
5595 5337 5036 5427 5530 5541 5970 5585 5529 5382 5644 5708 5611 5733 5807 5333 5164 5820 5718 5408 5245 5834 5548 5269 5678 5972 5284 5851 5648 5357 5676 5820 5546 5805 6199 5633 5628 5361 5588 6066 5440 6006 5609 5484 5675 5446 5722 5501 5306 5986 5805 5772 5946 5731 5458 5810 5499 5555 5103 5604 5289 6059 5751 5586 5536 5685 5357 5770 5954 5559 5268 5693 5524 5335 5649 5736 5496 5771 5767 5670 5872 5320 5681 5644 6104 5725 5509 5748 5546 5456 5629 5488 6193 5530 5392 5455 5801 6024 5878 5325 5835 5110 5213 5822 5884 5218 5829 5492 5699 6193 5379 5181 5704 6233 5551 5772 5645 5562 5261 5484 5668 5666 5921 5529 5452 5929 5406 5902 5784 5618 5424 5650 5745 5310 5190 5883 6307 5909 6084 5868 5824 5443 5470 5496 5600 5357 5741 5925 6299 5627 5805 5817 5564 5921 5336 5575 5963 5686 5866 5576 5615 5695 5521 5635 6129 5398 5467 5578 5510 5906 5426 6120 5371 5538 5980 5267 5494 6039 5930 5045 5816 6266 5562 5495 5743 5656 5572 6059 5206 5947 5485 5287 5516 5880 5360 6553 5881 6182 5618 5898 5803 5862 5804 5941 5070 5603 5562 5685 5566 5592 5673 5083 5686 5755 5713 6017 5859 5425 5961 6049 5673 5565 5755 5513 5492 5815 5814 5619 5981 4984 5893 5420 5712 5624 5245 5353 5702 5674 5133 5451 5649 5720 5464 5399 5704 5356 5809 6374 5736 5581 5745 6204 5208 5412 5678 5060
4813 4814 4479 5093 5023 5148 5458 4801 5032 4941 5200 5067 5066 5113 5347 4940 4641 5074 5081 5176 4710 5295 5116 5060 5271 5326 4735 5124 4870 4727 4961 5270 5045 4974 5470 5025 4977 5121 5327 5546 4849 5190 5040 4798 5156 5155 5543 5027 5003 5315 5041 4934 5452 5286 5012 5363 4914 5276 4808 4932 4916 5281 5531 5096 5175 5000 5049 4888 5321 4958 5066 5214 4924 4506 5342 4842 5112 5032 5109 5103 5175 4909 4973 5231 5442 5057 5061 5321 4911 5093 5100 5270 5510 5544 5106 5084 5058 5475 5253 4869 5205 4738 4883 5350 5175 5102 5223 5212 5158 5224 4972 4542 5055 5688 5121 5264 4862 5049 4899 5138 5120 4961 5061 4814 5035 5201 4895 5195 4943 4850 4695 4806 5244 5092 4768 5434 5696 5089 5558 5291 5168 4958 4921 5263 5200 4646 5089 5311 5738 4742 5228 5506 5203 5019 5017 4984 5430 5138 5138 5146 4972 5045 4499 5248 5433 4803 4834 4929 5024 5010 5383 5342 5048 5406 5587 5070 4976 5263 5508 4868 5351 5263 5120 4705 5290 5115 4814 5325 4689 4907 5300 5003 4957 5369 5072 5386 5250 5277 5180 5268 5360 5407 4894 5442 4462 5253 5079 5072 5013 4890 5183 4549 5221 5357 4996 5616 4939 4879 5419 5082 4955 5199 5432 5251 4596 5000 5200 5031 5470 4662 5619 4989 5275 4814 4991 4754 5083 5199 4869 4991 5185 5291 4888 4920 5542 4896 5130 5744 5259 5206 4985 5308 4981 4887 5280 4637
4868 4600 4323 4796 4847 4724 5051 4732 4642 4803 5025 4702 4785 4927 4910 4658 4356 4727 4816 4693 4614 5072 4923 4621 4781 5070 4497 4837 4878 4568 4876 4924 4795 4801 5157 4754 5102 4871 4905 5382 4870 5012 4653 4665 4787 4517 4876 4995 4924 5006 5193 5002 5139 5010 4769 4877 4310 4679 4455 4696 4635 5178 5216 4607 4935 4789 4544 4999 5192 4800 4648 4916 5133 4560 4911 5069 4713 5084 4890 4815 4955 4449 4713 4781 5140 4778 4664 4868 4564 4714 4859 4843 5330 5065 4791 4636 4724 5192 4801 4776 5053 4421 4691 4954 4882 4652 4961 4992 4740 5098 4508 4624 5025 5439 5050 5298 4514 4754 4631 4561 4999 5004 5057 4527 4732 5066 4775 5101 4883 4568 4742 4835 5037 4659 4673 4979 5425 5094 5070 5272 5206 4556 4603 4930 5086 4915 4697 5164 5240 4766 4901 4759 4650 4785 4971 4879 5162 4941 4945 4812 4829 4928 4956 4765 5427 4899 4732 4489 4743 5046 4897 5082 4581 5051 4869 4608 4821 5171 5091 4499 5249 4999 4921 4830 4999 4935 4879 5215 4476 4927 5076 4678 4865 4988 4744 5359 5223 5067 4709 4716 5192 5173 4877 5104 4403 4790 4910 5098 4788 4751 5007 4366 4965 4982 4765 4993 4919 4704 5108 5018 5029 4593 5113 4921 4674 4769 4926 4965 5048 4774 4946 4640 4738 4831 4551 4520 4578 4772 4616 4754 4617 4940 4703 4599 4835 4636 4842 5381 4959 4614 4809 5206 4689 4659 5091 4548
4621 4643 4501 5011 4846 4945 5183 4847 4742 4679 5060 4874 4586 4917 4994 4764 4417 4987 4835 4805 4839 5332 4844 4643 5217 5045 4773 4818 4799 4424 5131 5029 4936 5001 5421 4637 5102 4856 5144 5273 4581 5128 4764 4634 4884 4950 4927 4865 4765 4872 4965 4668 5141 5093 4857 5054 4517 4837 4678 4976 4661 5247 5285 4882 5121 4772 4714 4811 5336 4891 4887 5149 4991 4770 4804 4981 4871 4749 5055 4549 4736 4473 4795 5065 5324 5028 4696 4849 4768 4833 4685 4981 5295 5140 4917 4770 4544 5187 4885 4817 4992 4708 4788 5023 4781 4408 4913 4929 4894 5169 4771 4455 5061 5305 5037 5070 4767 5053 4910 4531 4950 5042 4815 4682 4686 5188 4768 5223 5079 4817 4653 4655 5033 4894 4744 4905 5582 4717 5294 5309 4641 4536 4761 4883 5238 4889 4799 5151 5528 4608 4905 4851 4986 4720 4928 5006 5074 5141 5115 5062 4866 4944 4860 4984 5588 4927 4696 4492 4825 4920 5166 4997 4992 5137 5048 4718 4683 5391 5324 4631 5075 5258 4982 4497 4817 4807 4700 5271 4574 4883 5077 4716 4766 5079 4879 5443 5105 5045 5159 4984 5003 5176 4891 5033 4510 4910 4799 5046 4933 4642 5022 4743 4917 5128 4897 5129 4774 4790 5002 5205 4967 4929 5148 4963 4621 4952 4936 4914 4940 4465 5222 4769 5052 4673 4698 4894 4801 5085 4805 4727 4786 5400 4545 4834 5188 4668 4724 5202 5097 4636 4880 5003 4575 4976 5139 4662
4994 4946 4737 5424 5340 5503 5671 5188 4935 5101 5693 5370 5104 5491 5515 5387 4540 5299 5342 5165 5099 5793 5003 5335 5367 5459 5067 5391 5177 4899 5489 5420 5247 5238 5745 5219 5616 5238 5384 5769 4997 5471 5487 5104 5380 5206 5375 5189 5404 5340 5307 5483 5557 5269 5300 5574 5270 5205 4992 5241 5068 5652 5682 5226 5186 5163 5084 5280 5808 5162 5282 5386 5533 5227 5302 5247 5394 5539 5456 5192 5466 4773 5330 5676 5761 5293 5255 5265 4980 4902 5497 5339 5588 5487 5245 5208 5361 5537 5352 5204 5727 4801 5346 5505 5571 5105 5607 5205 5273 5846 5172 4766 5443 5996 5336 5347 4953 5289 5160 5144 5250 5327 5398 5082 5280 5560 5160 5444 5250 5351 5142 4983 5316 5108 5278 5670 5941 5478 6059 5891 5355 5194 5084 5345 5468 5124 5291 5810 5969 5139 5266 5673 5262 5303 5120 5243 5687 5652 5349 5548 5374 5210 5138 5265 5715 5356 5343 5207 5299 5477 5392 5488 5368 5562 5449 5179 5157 5604 5910 5018 5441 5646 5297 4859 5178 5384 5250 5436 5036 5442 5654 5177 5296 5409 5247 5870 5539 5514 5401 5263 5537 5305 5182 5486 4644 5534 5288 5294 5225 5167 5233 5040 5747 5597 5277 5704 5318 5262 5707 5544 5327 5105 5733 5318 5105 5481 5522 5359 5539 4999 5526 5206 5392 5362 4956 5242 5159 5336 5209 5216 5428 5560 4942 5166 5580 5233 5527 5836 5438 5196 5598 5765 5016 5132 5536 4898
5496 5407 4763 5591 5632 5676 5793 5302 5361 5297 5803 5410 5302 5358 6031 5309 4828 5233 5373 5378 5085 5792 5558 5055 5814 5438 5139 5499 5290 5397 5547 5539 5174 5554 5772 5535 5812 5398 5571 6010 5107 5620 5388 5445 5788 5391 5702 5382 5263 5517 5710 5563 5712 5508 5358 5354 4939 5621 4904 5451 5087 5609 5846 5561 5620 5320 5161 5642 5862 5336 5590 5456 5501 5238 5602 5528 5277 5393 5795 5540 5556 5097 5499 5568 5660 5382 5333 5721 5354 5250 5369 5148 5768 5853 5474 5327 5320 5641 5642 5391 5423 4952 5531 5622 5667 5093 5636 5344 5520 5913 5563 4890 5630 5881 5618 5472 5441 5513 5439 5191 5495 5396 5531 5251 5388 6030 5302 5395 5337 5706 5357 5370 5523 5436 5277 5779 6096 5812 5772 5698 5627 5311 5376 5692 5736 5129 5810 5916 5865 5132 5474 5670 5531 5552 5345 5453 5916 5555 5458 5513 5591 5131 5210 5759 5958 5355 5380 5320 5581 5326 5480 5707 5143 5799 5676 5348 5504 5706 5700 5024 5685 5776 5414 5037 5385 5908 5492 5806 5343 5494 5847 5438 5495 5677 5539 6072 5527 5764 5572 5605 5539 5801 5090 5549 4876 5653 5311 5836 5714 5504 5430 5350 5568 5681 5459 6214 5681 5336 5734 5681 4940 5416 5816 5318 5174 5405 5520 5719 5661 5315 5513 5340 5812 5276 5098 5236 5336 5446 5405 5408 5427 5641 5258 5245 5547 5490 5333 5948 5704 5095 5885 5922 5085 5279 5794 5012
4799 4884 4569 5106 4875 4979 5348 5116 4733 4835 5191 5183 4970 5026 5231 5024 4383 5114 4919 5044 4938 5525 5099 4732 5268 5259 4892 5126 4943 4736 5022 4997 4880 4859 5557 4720 5223 4940 5223 5513 5051 5254 4890 4807 5069 4986 5066 4948 5172 5359 5118 5207 5440 5228 5168 4829 4706 5098 4582 4930 5024 5506 5390 5072 5110 4908 5042 5097 5485 4999 4810 4879 5212 4615 5116 5292 4835 5043 5028 5233 5107 4814 4951 5114 5327 5205 4983 4993 4955 4984 5099 5096 5628 5259 4843 5062 4995 5408 5317 5007 5189 4642 4723 5210 5368 4675 5380 5124 4874 5391 5044 4672 5189 5500 4992 5189 4791 5062 4725 5069 5078 5153 5036 4624 5017 5235 5126 5517 5168 5010 4930 4903 4961 5182 4765 5334 5842 5319 5419 5692 4990 4757 4813 5041 5140 4734 5025 5543 5818 4885 5156 5473 5261 5534 4995 4997 5431 5186 5293 5259 4886 5062 4895 5070 5603 4985 4839 4771 4983 5199 5100 5215 5158 5274 5346 4753 5054 5258 5231 4767 5127 5608 5049 5031 5063 5104 5021 5479 4913 5358 5380 4848 4905 5094 5010 5857 5621 5288 5047 5185 5075 5200 4817 5393 4394 5232 4980 5073 5183 4800 5220 4618 5133 5188 5243 5554 5174 5000 5598 5151 4992 5146 5226 5078 5025 5183 4999 4883 5097 4843 5169 5074 5100 4849 4558 4873 4890 5018 4817 4900 5115 5267 4995 5166 5114 5103 5235 5593 5082 4983 4998 5320 4824 5003 5247 4682
5235 5122 4692 5034 4966 5297 5338 5102 4726 4794 5214 5204 5023 5213 5528 4811 4659 5101 4964 5198 4685 5284 5007 5009 5546 5398 4529 5130 4894 4796 5190 5496 5018 5299 5428 5089 5261 5203 5341 5768 5042 5124 5056 4915 5238 5237 5358 5328 5106 5082 5164 5192 5421 5451 5242 5069 4997 5310 4687 5019 4940 5417 5412 5273 5007 5094 5078 5182 5475 5156 5061 5251 5185 4794 5178 4978 5057 5295 5428 5301 5524 4770 5122 5247 5168 5156 5137 5402 4752 5150 5038 5078 5568 5468 5239 5012 5222 5446 5291 5271 5133 5003 5073 5117 5159 4883 5146 5194 5234 5547 5033 4840 5268 5531 5147 5205 4990 5134 5002 5054 5284 5284 5078 4781 5057 5339 5231 5253 5180 5523 5097 4973 5264 5200 5096 5231 5552 5452 5380 5480 5270 5031 5131 5192 5190 5004 5085 5397 5731 4769 4935 5272 5221 5135 4861 4964 5316 5212 5454 5179 4685 4943 4922 4930 5721 4956 4991 4991 5296 5026 5239 5252 5100 5327 5311 5067 4968 5478 5485 4903 5281 5269 4862 4941 5341 5172 5139 5663 4963 5107 5233 5155 4776 5173 5268 5672 5525 5072 5143 5121 5125 5080 4965 5503 4589 5385 5145 5405 5227 4917 5396 4799 5250 5374 5163 5383 5455 4755 5645 5342 4959 4854 5395 5056 5036 5059 5250 5120 5174 5002 5207 5016 5352 5041 4911 4811 5063 5132 4840 5133 5054 5518 4989 5068 5298 4867 5146 5614 5108 4831 5286 5376 4895 5030 5273 4528
5460 5409 5006 5212 5243 5517 5847 4958 5176 4942 5332 5547 5167 5455 5640 5231 4840 5167 5439 5419 5081 5822 5290 5398 5343 5676 4893 5530 5142 4840 5429 5725 5481 5205 5812 5233 5609 5196 5618 5977 5314 5660 5491 4973 5286 5235 5497 5284 5062 5371 5545 5661 5677 5420 5328 5442 5026 5466 5021 5430 5036 5697 5425 5251 5365 4990 5219 5316 5812 5117 5217 5423 5340 5004 5544 5424 5233 5135 5600 5373 5536 5182 5099 5521 5547 5336 5383 5289 4960 5274 5288 5605 5854 5619 5528 5294 5120 5891 5651 5369 5510 4797 5120 5499 5368 5162 5319 5444 5349 5819 5290 4793 5168 5983 5474 5367 5253 5277 5421 5189 5441 5096 5412 5081 5123 5822 5312 5635 5681 5518 5187 5214 5613 5571 5046 5750 6267 5629 5719 5555 5595 5223 5072 5622 5490 5112 5481 5740 6250 5296 5353 5765 5278 5771 5258 5406 5652 5618 5530 5468 5353 5289 5131 5316 5876 5434 5203 5107 5413 5313 5251 5648 5419 5459 5722 5114 5320 5624 5556 4896 5684 5987 5090 5258 5462 5474 5273 5655 5138 5399 5476 5325 5339 5499 5388 6207 5579 5458 5424 5603 5550 5249 5372 5880 4788 5454 5422 5239 5222 5249 5414 5045 5702 5591 5425 5880 5358 5168 5924 5535 5268 5349 5770 5425 5170 5435 5520 5466 5344 5061 5444 5417 5303 5373 5171 4837 5516 5262 5172 5092 5490 5549 5202 5234 5619 5097 5464 5905 5634 5194 5370 5492 5133 5468 5569 5137
5590 5490 5004 5963 5654 5436 6077 5591 5584 5440 6170 5849 5676 5686 5971 5575 5347 5893 5673 5795 5372 5956 5871 5534 6025 5825 5380 5682 5859 5534 5750 5872 5520 5709 6041 5678 6014 5548 5877 6535 5331 6066 5791 5519 5903 5575 5886 5617 5939 5643 5900 5728 6351 5953 5747 5714 5487 5554 5388 5602 5573 6339 6162 5626 5888 5584 5594 5799 6004 5416 5795 5628 5796 5338 5854 5677 5906 5870 5731 5866 5694 5310 5542 5831 6050 5660 5637 6002 5552 5760 5651 5706 6147 6261 5798 5672 5772 6280 5800 5685 5844 5178 5497 5612 5960 5531 5990 5878 5837 6006 5519 4996 5855 6343 5882 5782 5634 5674 5499 5800 5781 5677 5792 5477 5696 6111 5526 5901 5967 5618 5458 5674 5848 5583 5530 6047 6389 6027 6357 6368 5800 5584 5509 5721 6080 5491 5683 5940 6317 5573 5893 6049 5916 5802 5457 5805 6171 5782 5942 5764 5720 5499 5423 5831 6050 5664 5597 5472 5715 5887 5840 6032 5536 5958 6069 5644 5451 5880 6216 5421 5852 6188 5560 5401 5812 6007 5618 6345 5445 5780 6121 5473 5661 5897 5777 6321 6136 6042 5584 5828 6140 5954 5661 6148 5027 6123 5651 5866 5788 5573 5676 5199 5671 5954 5874 6358 5716 5708 6264 6292 5777 5719 6103 5591 5662 5505 5846 6065 5749 5525 5973 5869 5650 5406 5378 5457 5627 5651 5372 5528 5746 5591 5478 5589 6117 5709 5834 6099 5811 5538 5932 5924 5379 5431 6029 5201
5066 5139 4575 5316 4959 5472 5493 5188 4931 5063 5510 5283 5023 5224 5436 5154 4575 5355 5231 5256 5099 5467 5240 5117 5303 5595 5019 5112 5044 5010 5309 5464 5238 5237 5482 5343 5190 5194 5165 5722 5179 5529 5210 5154 5418 5015 5577 5026 5211 5007 4980 5234 5722 5375 5282 5188 4951 5084 4934 5371 5002 5406 5575 5167 5575 5061 5280 5323 5260 4826 5385 5176 5024 4875 5518 5347 5029 5182 5506 5323 5341 4851 4953 5139 5301 5443 5009 5551 4776 5021 5450 5186 5531 5717 5188 5064 5018 5279 5492 5113 5125 4820 5081 5255 5377 4967 5223 5178 5492 5613 5085 4718 5085 5736 4896 5443 5301 5088 4902 5122 5048 5127 5350 4742 4914 5632 5177 5457 5324 4897 4849 4908 5366 5049 5230 5406 5848 5547 5423 5616 5097 5002 5075 5417 5367 5199 5262 5673 5807 5144 5285 5355 5449 5433 4899 5107 5688 5582 5266 5372 5321 4963 5114 5127 5583 5547 5179 5087 5471 4934 5337 5351 5257 5487 5585 5194 5017 5663 5559 4878 5156 5615 5020 5246 5292 5473 5072 5659 5043 5273 5289 5097 5124 5304 5236 5765 5801 5383 5152 5220 5149 5458 4972 5611 4771 5415 5401 5353 5210 5110 5178 4833 5362 5327 5192 5624 5070 4831 5362 5373 5195 5063 5363 5236 5265 5284 5246 5300 5333 4970 5193 4996 5413 5306 4956 4808 5067 5162 5234 5070 5402 5280 4930 5086 5351 5045 5253 5604 5416 4961 5322 5365 4895 5086 5499 4900
4851 5067 4640 5069 4848 5100 5611 4954 4998 4868 5301 4973 5088 5041 5413 5138 4560 5358 5257 5298 4956 5350 5020 5110 5296 5357 4832 4920 5150 4848 5188 5259 4943 4962 5565 5414 5247 5177 5201 5719 4937 5232 4840 4801 5282 5285 5591 5172 5007 5136 5395 5084 5527 5147 4995 5151 4859 4993 4766 4987 4878 5439 5423 5166 5134 5215 5021 5127 5326 4992 4750 5033 5085 4775 5357 5166 5064 5089 5521 5253 5291 5103 4914 5364 5522 5168 4875 5385 4994 5127 5072 5169 5543 5320 5161 4937 5110 5317 5618 5068 5185 4776 5097 5033 5204 5089 5341 5011 5310 5474 4887 4594 5458 5624 5168 5408 4986 5067 5012 5062 5098 5004 5346 4906 5116 5353 5277 5336 4983 5098 4808 5092 5385 5060 4807 5681 5804 5205 5412 5414 4998 5037 5151 5270 5430 4909 5075 5518 5819 5014 5236 5442 5246 5337 5151 5285 5601 5572 5279 5232 5291 5107 5350 5252 5595 5007 5009 5105 5289 5217 5524 5202 5198 5258 5686 4873 5101 5614 5726 4751 5150 5365 5164 5040 5438 5320 4999 5734 4888 5053 5242 5066 5004 5159 5029 5665 5462 5444 5389 4985 5300 5287 5316 5339 4337 5542 5284 5425 5120 4781 5261 4690 5141 5333 5302 5536 5146 4872 5291 5268 5208 5056 5345 5177 4968 5170 4837 4979 5281 4684 5675 4764 5146 5130 5035 4868 4952 5201 5266 5111 5343 5499 5044 4843 5469 4915 5199 5587 5112 4823 5338 5602 4951 4935 5527 4653
5064 4831 4425 5194 5117 5127 4993 4902 4823 4839 5185 5266 4665 5046 5325 4754 4459 5007 4918 5033 4887 5339 5132 4721 5440 4951 4611 5369 5001 4609 4928 5145 5015 4955 5273 5002 5128 4913 5038 5386 5004 5283 4960 4822 4863 4900 5115 5196 4731 5119 5171 4987 5451 5179 4873 5143 4832 5098 4890 5043 4954 5254 5301 5127 5016 4819 4766 5332 5233 5212 5145 4934 5101 4854 5283 5000 4955 5285 5293 5331 5029 4709 4774 5365 5358 5099 4829 5304 4829 4826 5051 5067 5481 5597 4900 5156 5269 5373 5416 4967 5179 4971 4661 5343 5341 4736 5037 4957 5036 5135 4702 4530 4978 5512 5170 5239 4847 4889 4799 5095 5077 4998 5275 4968 4895 5335 5216 5213 5100 5005 4919 5135 5356 5106 4940 5283 5654 5255 5526 5290 5287 5115 4922 5258 5319 4845 5161 5452 5512 4986 5289 5189 4930 5188 4793 5004 5258 5049 5404 5037 5052 4951 5014 4889 5535 5197 4790 4967 5538 5102 5147 5286 5044 5076 5462 4850 5230 5174 5415 5105 5171 5547 4869 5060 5055 5094 4881 5395 4857 5298 5268 4579 5018 5156 5226 5565 5247 5389 5005 5374 5240 5070 5293 5330 4479 4995 4965 5334 4889 5177 5310 4740 5067 5205 4987 5433 5266 4636 5177 5137 4981 5174 5456 4813 4951 5027 5122 5061 5116 4654 5295 4739 4977 4881 4864 4840 5116 5042 4896 4743 5192 5075 4854 5090 5276 4966 5161 5499 4968 4816 4986 5306 4885 4803 5409 4752
5007 4787 4681 4916 5161 4969 5326 4745 4591 4882 5133 5196 4853 4963 5135 5001 4401 4812 4746 5011 4639 5267 4932 4858 4936 5041 4820 5006 5069 4788 5062 5155 4810 4902 5237 4999 5078 5051 5106 5481 4937 4940 5047 4797 5005 5086 5184 4959 4969 5063 4979 4847 5303 5044 4830 4862 4787 4786 4555 4567 4754 5305 5240 4991 4996 4731 4707 4999 5110 4795 4970 4981 5035 4544 5086 5193 4814 4935 5181 4838 4884 4677 4681 5161 5194 4751 4760 5036 4630 4765 5084 4993 5252 5196 4911 4883 4996 5408 5039 4792 4903 4449 4825 4945 4992 4676 4956 5044 4934 5073 4519 4414 4870 5373 4982 5114 4784 4746 4888 4724 5104 5065 4906 4716 4763 5231 4826 4976 4891 4729 4695 4830 5007 4676 4647 5290 5489 5077 5252 5587 5092 4816 4808 5112 5154 4749 4963 5247 5773 4926 4877 5228 4842 4991 4758 5027 5160 5135 4983 4811 4859 4868 4515 4951 5491 4913 4850 4819 4723 4866 5069 5335 4865 5062 5149 5020 4767 5249 5158 4590 5047 5095 4624 4771 5117 5161 4803 5257 4505 4898 5309 4833 4788 5160 4985 5516 5114 5114 4826 4671 5052 4874 4797 5301 4345 5120 5076 4971 4744 4838 4970 4454 5196 5001 4817 5534 5006 4816 5166 4960 4807 5011 5076 4734 4598 5047 4953 5481 5138 4886 5243 4912 5133 4901 4649 4578 4891 5019 4721 4881 4844 5191 4698 4712 5040 4907 4944 5265 4956 4704 5124 5514 4686 5021 5209 4615
4674 4725 4214 4918 4934 4768 5094 4682 4799 4376 4834 4659 4929 4979 5017 4717 4393 4796 4894 4848 4715 5134 4622 4512 4941 5174 4437 4946 4647 4624 4925 5083 4801 4834 4966 4929 4805 4971 4728 5146 4625 5134 4539 4782 4838 4776 5047 4782 4455 4822 4797 4872 5320 4793 4709 5022 4684 4781 4463 4819 4603 5354 4922 4837 4933 4618 4412 4818 4935 4771 4763 4885 4667 4844 5033 4799 4722 4835 4975 5043 4945 4477 4736 5089 4983 4670 4679 5192 4744 5063 4626 4945 5178 5096 4636 4820 4782 5119 5159 5005 4716 4407 4647 4875 4686 4602 4925 4917 4811 5260 4589 4169 4753 5096 5017 5140 4468 4821 4709 4691 4863 4784 4767 4472 4487 5215 4763 5146 4788 4721 4629 4626 5120 4437 4692 5089 5421 5032 5284 5028 4908 4702 4888 4782 4886 4603 5150 5152 5519 4573 4815 5010 4913 4854 4739 4709 5128 4905 4833 4841 4926 4920 4440 4792 5034 4707 4499 4832 4835 4922 4981 5051 4915 4746 5060 4483 4864 5139 5078 4524 5087 5157 4810 4577 4869 5121 4884 5150 4509 4760 4940 4589 4689 4943 4684 5567 5027 5182 4876 5093 5060 5024 4834 4859 4307 4855 4686 4968 4713 4695 4916 4412 5107 5074 4899 5275 4999 4841 4974 5167 4630 4766 5087 5167 4606 4817 4828 4740 4855 4455 5088 4741 4839 4622 4528 4488 4994 4553 4713 4943 4972 4953 4714 4557 4940 4691 4836 5698 4864 4565 4905 4944 4445 4550 5214 4583
5092 5048 4391 5144 5281 5182 5368 4917 4675 4817 5171 5052 4897 5397 5503 5135 4469 5112 5123 4957 4754 5471 5010 4960 5364 5084 4771 5161 4850 5221 5197 5450 5257 5138 5405 4960 5194 5077 5193 5652 5099 5322 5310 4817 5212 4953 5358 5183 5086 5136 5070 5158 5395 5111 5177 4988 4829 5114 4722 5240 4819 5406 5282 4962 4999 4866 5003 5215 5350 5072 4997 4875 4906 4712 5277 5322 4935 5252 5358 4974 5480 4712 4817 5460 4931 4793 4902 5297 4541 5222 5222 5151 5450 5451 4833 5010 4945 5331 5156 5298 5139 4599 4998 4876 4995 5047 5153 4991 5091 5470 4945 4548 5131 5441 5088 5289 4439 4985 4992 4901 5083 5201 5073 4950 5021 5508 5111 5227 5220 5077 4973 4754 5299 4949 4973 5681 5721 5416 5415 5438 5200 5073 5279 4997 5171 4798 5192 5721 5636 4799 4991 5096 4998 5316 4999 5043 5479 5237 5267 5239 5223 4800 4733 5234 5743 5064 4838 5133 5107 5151 5432 5428 5096 5502 5496 4885 5038 5435 5307 4661 5343 5408 4791 4694 5349 5122 5185 5543 4937 4993 5542 4770 4950 5215 4889 5707 5388 5417 4989 5219 5411 5197 4928 5146 4724 5126 5262 5270 5149 5210 5351 4815 5132 5441 4999 5486 5338 4868 5274 5304 5039 4963 5250 5351 5007 5063 4970 4827 5356 5043 5155 5191 5221 5082 4686 4872 4825 5200 4970 5150 5252 5151 4969 4844 5324 5003 5277 5489 5335 5025 5336 5295 4998 5009 5488 4516
4605 4394 4072 4729 4677 4722 4804 4326 4610 4787 4875 4636 4632 4703 4960 4777 4089 4486 4610 4572 4431 4860 4707 4346 4658 4728 4100 4758 4487 4306 4656 4725 4640 4549 4796 4516 4800 4586 4762 5063 4467 4765 4536 4325 4638 4616 4766 4627 4412 4865 4655 4606 4775 4883 4711 4494 4332 4432 4353 4502 4436 5225 4919 4815 4923 4448 4462 4644 4685 4367 4414 4552 4528 4410 4435 4697 4535 4610 4883 4640 4674 4231 4269 4762 4885 4670 4728 4638 4729 4377 4365 4690 5107 4966 4224 4594 4358 4812 4653 4809 4689 4297 4299 4725 4877 4446 4969 4666 4571 4960 4405 4026 4638 5177 4692 4744 4353 4528 4444 4467 4613 4535 4990 4357 4527 4973 4599 4694 4526 4312 4341 4501 4798 4730 4450 4780 5360 4778 4941 5214 4594 4639 4553 4624 4693 4382 4832 5023 5490 4693 4717 4791 4695 4563 4774 4638 5121 4845 4531 4744 4631 4682 4260 4927 4874 4739 4580 4433 4599 4614 4713 4701 4618 4849 4740 4127 4496 4894 4651 4418 4684 4911 4540 4587 4863 4709 4581 4957 4424 4614 4928 4467 4441 4653 4582 5269 4737 4810 4595 4523 4811 4958 4546 5058 3953 4726 4736 4887 4700 4571 4642 4306 4613 4811 4831 4930 4851 4548 5030 4873 4670 4806 4776 4835 4568 4584 4737 4700 4637 4195 4723 4434 4535 4710 4552 4396 4500 4545 4553 4722 4547 4814 4406 4577 4943 4718 4990 5139 5003 4570 4616 5042 4313 4494 4897 4256
5159 5026 4569 4948 4913 5108 5293 5121 4736 4662 5048 5191 4856 4969 5288 4792 4547 5223 5127 4818 4793 5492 4806 4658 4968 5072 4901 4966 4860 4846 5206 5143 4932 5076 5276 5194 5209 4882 4820 5548 4980 5134 4854 4626 4994 4842 5260 5300 5148 5004 5007 5157 5471 5058 4942 5132 5100 4973 4437 5181 4460 5186 5241 4903 4963 4907 4980 5171 5518 4936 5164 4887 5006 4785 5140 4923 4927 5306 5049 5042 5053 4671 5001 5461 5417 5098 4941 4898 4984 4638 5053 4800 5476 5116 4881 4748 4971 5481 5212 5130 5045 4499 4716 5137 5235 4669 5246 4851 4827 5436 4767 4478 5307 5609 5167 4828 5061 5079 4826 4912 4925 5266 5070 4613 4856 5401 4862 5063 5155 5037 4929 4802 4967 5184 4904 5085 5592 5228 5347 5413 5271 5039 4690 5213 4909 4829 5163 5343 5503 4921 5016 5351 4834 5225 4672 4971 5457 5233 5080 5207 5006 4926 4901 5114 5642 5062 4831 4906 5008 5164 5113 5282 4759 5283 5376 4559 4985 5194 5448 4834 5112 5276 4911 4710 5211 5183 5197 5254 4832 5099 5182 4969 4835 5140 4900 5413 5435 5298 5123 5137 5164 5397 4904 5208 4595 4894 5069 4891 5047 4793 5094 4671 4870 5006 5064 5609 5101 4929 5247 5385 5045 4788 5511 5100 4989 4842 5154 5022 4997 4910 5135 4984 5025 4828 4957 4815 4977 5096 4900 4900 5315 5096 4955 4886 5072 4820 5373 5604 5227 4908 5130 5098 4705 5048 5198 4562
5361 5060 4848 5225 5247 5260 5699 5224 5081 5009 5386 5331 4896 5364 5528 5073 4934 5463 5358 5234 4875 5573 5472 5299 5525 5675 5030 5125 5322 4904 5389 5357 5232 5463 5802 5228 5591 5121 5473 5874 5272 5528 5360 5222 5274 5320 5559 5289 5219 5364 5492 5214 5537 5493 5294 5403 5157 5382 4861 5278 5152 5698 5615 5085 5391 5205 5069 5600 5353 5131 5320 5213 5383 4895 5268 5221 5179 5240 5593 5119 5728 5088 5221 5318 5394 5271 5304 5736 5265 5200 5281 5185 5843 5578 5395 5140 5073 5661 5543 5018 5312 4737 4855 5470 5142 5083 5311 5342 5273 5756 5084 4753 5367 5721 5183 5265 5078 5534 5103 5266 5175 5383 5208 4848 5204 5620 5108 5377 5329 5211 4881 5284 5670 5306 5239 5406 6084 5659 5627 5701 5209 4928 5262 5216 5207 4987 5614 5527 5828 4799 5515 5526 5410 5394 5106 5668 5689 5491 5472 5477 5177 5053 5061 5351 5794 5451 5049 5106 5217 5005 5504 5495 5042 5513 5535 5191 4996 5459 5663 4940 5606 5498 5174 5209 5437 5411 5446 5919 4759 5251 5546 5256 5102 5398 5133 6001 5419 5491 5391 5603 5603 5466 5324 5827 4579 5435 5170 5430 5301 5038 5407 4965 5226 5490 5474 5752 5372 5115 5811 5609 5220 5259 5528 5349 5317 5265 5209 5450 5434 5192 5663 5539 5465 5101 4970 4920 5227 5109 4814 5075 5386 5499 5248 5020 5683 4963 5370 5940 5323 5086 5461 5594 4964 5246 5430 4917
5087 4552 4229 4776 4989 4999 5367 5027 4539 4758 4937 5101 5003 5044 5137 4884 4310 5011 4847 4989 4438 5174 4827 4759 5177 5500 4659 4985 5032 4806 5001 5023 5070 4811 5279 4827 5232 4846 5099 5549 4807 5120 5066 4896 5324 4824 5008 4945 4896 5029 5140 5172 5370 5101 5045 5226 4721 4833 4520 4914 4645 5308 5124 4929 4849 4800 4954 4830 5214 4828 4944 5157 5034 4560 4931 4981 4982 5095 5222 4674 5123 4530 4873 5133 5216 5024 4670 5025 4703 4871 4877 4926 5130 4878 4853 4978 5330 5371 4941 4828 4807 4695 4765 5169 4860 4700 5214 5037 5120 5242 4630 4613 5169 5775 5223 5167 4974 4610 4812 4540 4980 5338 5223 4748 4815 5090 4846 5308 4902 4821 4653 4838 4951 4869 4822 5439 5392 5141 5326 5247 5184 4847 4661 5199 5204 4705 4936 5395 5640 4723 5005 5350 4693 4940 4921 4763 5303 5174 5145 4909 5069 4872 4922 5150 5188 4936 4889 4893 4901 4902 5126 5309 4774 5144 5240 4729 4805 5446 5217 4594 5193 5242 4838 4816 5010 5000 5206 5486 4521 5138 5068 4844 4903 5033 4941 5658 4987 5466 4885 5354 4925 5165 5039 5451 4536 5207 5005 5051 5129 4627 5114 4866 5075 5199 4881 5377 4948 4916 5170 5270 4839 4768 5216 4850 4955 4745 5156 4946 5035 4982 5176 4893 5109 5181 4634 4821 4788 4890 4754 4931 5003 4892 4592 4946 5026 4541 5197 5531 5137 4786 5105 5327 4451 4852 5196 4495
5273 4911 4408 5123 5267 5384 5449 4933 4760 5000 5350 5219 4702 5248 5455 4897 4756 5004 5412 5171 4983 5275 5076 5015 5104 5541 4951 5222 4991 4756 5154 5289 4776 5345 5475 4900 5184 5107 5328 5667 5040 5214 5112 4931 5375 5031 5296 5246 4984 5074 5317 5100 5523 5403 5080 5222 4907 5062 4780 5057 4920 5642 5608 5217 5320 4871 4860 5251 5543 5082 5187 5195 5214 4703 5323 5229 4879 5277 5154 5163 5229 4898 4917 5357 5655 5354 5151 5483 4988 5148 5155 4902 5598 5489 4952 5024 5097 5480 5397 5027 5398 4741 4921 5185 5363 4640 5150 5016 5013 5383 5079 4511 5038 5695 5300 5185 4743 5392 4764 4911 5123 5097 5313 4804 4907 5544 5121 5353 4910 5334 5003 4754 5263 5103 4959 5414 5903 5273 5160 5514 5219 4968 4855 5073 5153 5035 5342 5500 5841 4793 5070 5412 5111 5276 4965 4994 5537 5436 5106 5121 5040 4980 4784 5215 5737 5172 4800 4898 4965 5286 5288 5367 4756 5436 5303 5119 4953 5419 5404 4757 5447 5419 5006 4923 5281 5217 5336 5433 4949 5138 5423 5183 4924 5416 4856 5912 5433 5528 5061 4968 5510 5447 5121 5271 4458 5288 4908 5342 5232 4946 5044 4731 5096 5128 5216 5627 5635 4850 5378 5160 4736 5269 5448 5273 5161 5369 5039 5205 5137 5065 5258 5233 5138 4981 4772 4740 4877 4969 4840 5188 5165 5239 5143 5025 5314 5042 5098 5476 5212 4996 5374 5652 4896 4908 5436 4758
5198 5177 4590 5406 5363 5487 5614 5132 5141 5122 5653 5536 5081 5284 5636 5064 4808 5422 5477 5415 5120 5619 5077 4868 5680 5437 5279 5501 5083 5232 5201 5596 5553 5637 5482 5370 5328 5091 5661 5784 5390 5833 4973 5316 5458 5253 5677 5457 5222 5135 5165 5567 5512 5590 5344 5309 5115 5357 5148 5501 4777 5542 5617 5358 5587 5312 5228 5528 5460 5458 5136 5347 5345 4965 5421 5411 5038 5358 5696 5394 5218 5055 5040 5216 5695 5529 5120 5475 5288 5138 5335 5269 5786 5631 5049 5247 5310 5345 5409 5552 5409 4748 4917 5359 5242 5126 5515 5268 5694 5799 5066 4644 5382 5836 5463 5528 5269 5425 5182 5141 5377 5128 5559 4872 5094 5776 5493 5639 5298 5279 5048 4919 5724 5425 4978 5405 6109 5458 5665 5664 5394 5348 5367 5361 5429 4936 5495 5632 5763 4785 5290 5450 5219 5253 5146 5433 5987 5385 5477 5336 5331 5241 5272 5411 5669 5506 5237 5381 5397 5524 5749 5664 5217 5513 5324 5322 5338 5607 5433 5022 5370 5652 5557 5218 5454 5303 5319 5596 5073 5461 5663 5139 4873 5489 5509 5934 5790 5463 5226 5337 5449 5579 5325 5593 4790 5402 5431 5592 5639 5276 5331 4978 5516 5562 5619 5868 5324 4980 5422 5493 5156 5584 5685 5341 5185 5311 5266 5382 5377 4919 5512 5033 5578 4972 4949 5151 5352 5188 5106 5416 5496 5517 5045 5176 5465 5302 5372 5892 5369 5116 5325 5687 4948 4989 5662 4933
4664 4653 4348 4740 5068 5247 5377 4825 4677 4663 5137 4888 4705 4775 4910 4908 4505 4941 4692 4921 4627 5249 4700 4836 4910 4849 4611 4965 4630 4585 4986 5013 5024 4889 5213 4739 4986 4853 5027 5217 4745 4986 4825 4852 4898 5045 4860 4664 4880 4971 5142 4829 5143 4856 4930 4989 4784 5011 4651 4728 4558 5340 5035 4787 5183 4706 4588 4826 5272 4817 4831 4875 4929 4713 4836 5042 4685 4845 5094 4831 5094 4466 4728 4934 4900 4950 4666 5222 4468 4852 4843 4996 5361 5219 4880 4916 4695 5038 5172 4974 5045 4831 4830 4880 4916 4551 4995 4966 4933 5067 4723 4462 4875 5514 4970 5031 4650 4897 4804 4661 5127 4854 4727 4863 4678 5213 4769 4956 4886 4898 4663 4707 4997 4760 4774 5003 5330 5293 5065 5204 4974 4745 4820 4762 4777 4613 5055 5160 5521 4638 5060 5114 4954 5249 4969 5108 5183 5169 4974 4734 4703 4729 4521 5018 5205 4828 4873 4776 4899 4800 5079 4996 5011 4979 5024 4676 4643 5145 5279 4572 5123 5180 4591 4806 5100 5082 4969 5284 4485 4727 4725 4765 4696 5009 4846 5316 5014 5352 4846 5020 4829 5001 4863 5196 4621 4797 4950 5008 4876 4985 4708 4455 5158 5204 4699 5205 4958 4467 5347 5188 4825 4951 5086 5231 4825 4979 5084 4868 5089 4684 5144 4865 4869 4802 4697 4609 4740 5045 4970 4482 4914 5264 4613 4816 5138 4939 4915 5325 4914 4737 5279 5197 4597 4457 5123 4760
5237 4963 4697 5251 4911 5293 5576 5223 4693 4962 5246 5114 4888 5131 5382 4880 4791 5205 5190 5153 4743 5449 5099 4805 5053 5285 4919 5089 4985 4712 5385 5379 4817 5006 5568 5265 5154 4993 5101 5582 5033 5295 5045 4935 5270 4857 5406 5006 4953 5043 5215 5309 5439 5312 4892 5125 5088 4921 4685 4978 4943 5478 5419 4854 5226 4988 4837 5306 5448 5126 5139 5237 5079 4813 5142 5037 4920 5094 5206 5280 4993 4619 5183 5241 5408 5012 4999 5513 5059 5096 5159 4938 5570 5511 5194 4916 4733 5375 5385 5015 5176 4704 4902 5286 5193 4866 5241 5122 5402 5693 5176 4635 5415 5508 5270 5252 4792 5247 4845 4953 5209 5232 5268 4835 5059 5608 4986 5158 5219 5051 4739 4870 5191 5026 5054 5258 5894 5433 5555 5505 5181 4761 5118 5180 5256 4735 5160 5554 5654 4721 5275 5406 5220 5403 5121 5075 5528 5238 5513 5181 5097 4906 5086 5236 5583 5191 4926 5214 5441 5012 5141 5520 5004 5260 5375 5110 4776 5283 5496 4426 5172 5404 5038 4789 5452 5229 5451 5784 5076 4873 5076 4820 4957 5103 4888 5586 5363 5299 5265 4973 5344 5532 5083 5202 4556 5162 5240 5316 4974 4871 5162 4917 5086 5142 5173 5706 5341 4948 5295 5462 5104 5094 5591 5133 5116 5117 5138 5092 5368 4887 5105 5061 5170 4904 5115 4948 4821 4863 5250 5261 5301 5202 5172 5104 5215 5240 5169 5576 5176 4895 5113 5448 4834 4754 5292 4736
5316 5434 5054 5491 5285 5380 5806 5391 5256 5388 5676 5795 5606 5634 5853 5261 4802 5640 5479 5275 5408 5819 5158 5276 5311 5683 5071 5632 5529 5107 5643 5441 5707 5429 5697 5375 5711 5352 5589 6046 5488 5769 5259 5263 5492 5420 5719 5181 5569 5516 5461 5565 6103 5537 5430 5515 5071 5348 5226 5533 5285 5767 5825 5482 5461 5536 5257 5486 5922 5404 5487 5666 5575 5041 5641 5524 5383 5398 5596 5628 5574 5174 5400 5561 5679 5554 5542 5492 5364 5164 5476 5555 5981 5603 5381 5402 5267 5788 5539 5141 5132 4966 5291 5555 5637 5275 5579 5514 5626 5860 5398 4856 5776 6124 5280 5476 5290 5493 5303 5218 5784 5611 5418 5222 5571 5881 5553 5668 5425 5325 4939 5276 5808 5450 5410 5404 5922 5760 5979 5560 5274 5274 5440 5532 5553 5386 5601 5769 6099 5147 5548 5741 5477 5465 5523 5353 6087 5496 5769 5776 5693 5507 5451 5436 5875 5447 5229 5454 5466 5500 5699 5675 5486 5848 5698 5192 5418 5778 6083 5095 5676 6016 5577 5239 5572 5590 5336 5729 5357 5443 5595 5140 5326 5617 5379 5921 5729 5750 5635 5651 5699 5499 5332 5788 5065 5429 5426 5685 5655 5290 5436 5110 5461 5530 5429 5900 5424 5432 5807 5993 5521 5095 5630 5664 5354 5423 5557 5564 5737 5429 5802 5473 5626 5134 5199 5281 5442 5226 5190 5459 5455 5531 5264 5354 5752 5250 5530 6138 5493 5075 5397 5644 5183 5441 5674 5018
4661 4759 4471 4980 4949 4836 5151 4583 4769 4560 4822 5062 4853 4870 5007 4633 4502 5037 4882 4783 4685 5022 4689 4719 4695 5058 4388 5045 4800 4798 4921 4935 4972 4741 5315 4758 4979 4490 4944 5299 4576 5114 4799 4727 4857 4890 5063 4778 4902 4724 5023 4893 5340 5009 4677 4999 4552 4885 4566 4851 4612 5138 5203 4971 5007 4433 4796 4874 5212 4826 5083 5000 5061 4514 4901 4932 4843 4861 4903 4725 4809 4354 4587 4919 4997 4819 4630 4744 4571 4647 4817 4881 5153 5319 4660 4724 4758 4987 4935 4611 4952 4411 4603 4759 4755 4532 4940 5029 4892 5230 4584 4403 5066 5276 4911 4765 4877 4980 4662 4623 4928 4739 4746 4690 4578 5534 4775 4971 4909 4503 4676 4844 5111 4748 4548 4892 5430 4995 5181 5078 4882 4421 4684 4911 4852 4462 4904 5070 5289 4528 5024 5031 4740 4837 4682 5106 5026 4916 4961 4814 4608 4693 4558 4937 5239 4870 4416 4801 4703 4724 4940 5280 4631 5037 4935 4728 4494 4868 5078 4445 5016 5256 5134 4389 5022 5109 4920 5103 4644 4732 4968 4462 4674 5089 4796 5496 4887 4810 5021 4844 5046 4952 4803 4999 4496 4986 4857 4815 4830 4559 4585 4434 5128 4791 4601 5320 4881 4666 5057 4968 4737 4797 5137 4742 4753 4802 4987 5055 4997 4690 4847 4710 4940 4726 4397 4517 4754 4826 4572 4889 4818 4895 4886 4569 5048 4724 5003 5410 4884 4605 4805 5095 4307 4588 5031 4435
5083 5125 4759 5423 5340 5328 5924 5297 4945 5339 5308 5250 4997 5685 5620 5075 4817 5253 5454 5569 4801 5562 4943 5165 5353 5538 4920 5383 5109 5015 5439 5585 5124 5499 5461 5423 5266 5002 5468 5897 5152 5437 5157 5127 5508 5395 5359 5186 5320 5296 5339 5387 5566 5285 5426 5185 5180 5146 4901 5237 5046 5447 5441 5431 5224 5195 5409 5402 5546 5229 5096 5416 5457 4851 5280 5323 5333 5193 5143 5449 5420 5043 5180 5326 5702 5211 5044 5464 5066 5084 5090 5218 5673 5489 5060 5366 5448 5649 5647 5262 5546 4871 4962 5271 5224 5051 5637 5340 5305 5608 4797 4862 5286 5951 5136 5284 5235 5179 5176 5209 5221 5392 5448 4844 5151 5601 5337 5612 5152 5201 4997 5125 5111 5278 4990 5595 5977 5435 5706 5859 5318 5243 5193 5234 5326 5169 5111 5531 5669 5063 5214 5520 5160 5476 5196 5364 5812 5545 5526 5397 5396 5146 5166 5407 5878 5393 5157 5130 5250 5457 5409 5360 5466 5513 5593 5024 5330 5675 5631 5064 5601 5603 5061 4824 5275 5352 5377 5819 5100 5266 5245 5241 5347 5293 5301 5941 5437 5509 5455 5321 5466 5676 5174 5720 4830 5237 5340 5512 5488 5222 5283 4993 5223 5492 5439 5681 5516 5180 5515 5380 5395 5368 5719 5379 5046 5267 5196 5131 5591 4943 5649 5158 5284 5158 5177 4921 5212 5205 5157 5296 5246 5456 4948 5203 5464 5091 5499 5690 5374 5098 5518 5363 4740 5395 5687 4782
5477 5330 5060 5479 5523 5673 6101 5581 5330 5295 5687 5676 5594 5614 5645 5096 5031 5502 5471 5561 5416 5746 5354 5328 5562 5792 5374 5542 5517 5388 5724 5891 5379 5535 6136 5441 5629 5544 5660 6072 5428 5661 5716 5137 5603 5365 5829 5578 5323 5608 5876 5666 5994 5800 5320 5655 5016 5300 5219 5495 5401 5815 5874 5651 5556 5462 5441 5301 5767 5520 5231 5479 5649 5443 5855 5600 5416 5515 5709 5766 5890 5338 5440 5532 5804 5778 5585 5545 5263 5134 5717 5533 6236 5611 5517 5616 5529 5864 5845 5393 5375 5263 5385 5518 5576 5131 5574 5522 5508 5922 5478 5244 5653 6046 5528 5618 5446 5410 5278 5475 5762 5543 5496 5163 5412 5716 5487 5693 5649 5452 5186 5509 5543 5510 5386 5910 5920 5641 6001 5729 5600 5374 5490 5702 5700 5258 5426 6009 6053 5134 5545 5737 5630 5682 5520 5572 5807 5740 5838 5553 5452 5475 5416 5416 5900 5411 5301 5689 5491 5457 5531 5776 5539 5821 5898 5158 5294 5892 5909 5191 5702 6021 5443 5459 5846 6040 5557 6104 5101 5610 5658 5328 5344 5616 5301 6430 6042 5870 5529 5488 5654 5551 5567 5863 5000 5771 5524 5721 5714 5250 5718 5102 5752 5593 5253 5917 5537 5234 5929 5817 5560 5502 5877 5543 5426 5803 5291 5467 5759 5419 5639 5474 5427 5440 5409 5147 5644 5414 5231 5731 5746 6010 5453 5070 5764 5132 5695 6200 5580 5300 5570 6004 5240 5245 5918 5108
4740 4817 4568 4812 4792 5190 5317 5060 4623 4617 5066 4975 4799 5010 5110 4825 4550 4505 5030 4815 4743 5402 4896 5010 5246 5210 4518 5038 4940 4637 4939 5115 4697 4785 5352 4921 5133 4947 5048 5630 4810 5120 4966 4627 4945 4804 5018 4988 4760 4837 5040 5042 5317 4969 4828 5147 4548 4943 4560 4951 4764 5253 5157 4915 5090 4745 4806 4720 5386 4782 4870 4860 5092 4969 5223 5046 4803 4913 5121 5104 4911 4656 5009 5059 4896 4873 4691 5401 4985 4965 5120 4635 5332 5533 5039 4682 4877 5338 5003 4854 4864 4831 4860 4950 4987 4677 4971 5014 5041 5273 4935 4623 5169 5525 5020 5037 4545 4917 4991 4611 4926 5054 5159 4778 4865 5472 4975 4806 5006 4903 4701 4730 5144 5040 4985 5024 5465 5281 5545 5186 4928 4911 4816 5184 4974 4782 4943 5314 5606 4704 5174 5342 5155 4988 5079 4797 5208 5022 5059 5033 5094 4986 4618 5105 5548 4890 4711 4782 4904 4726 4955 5294 4784 5354 5289 5042 4848 5078 5307 4424 5022 4959 4547 4925 4894 5328 5019 5130 4686 4908 5293 4868 4942 4965 4943 5451 5103 5042 4797 4990 5036 4851 4953 5052 4190 5037 5125 5022 4972 4868 4961 4439 5197 5310 4952 5271 5014 4824 4974 5075 4823 4895 5411 5129 4731 5019 4793 5138 5039 4897 5165 4967 5056 4767 4634 4879 4808 4939 4971 4793 4988 5105 4825 4856 5003 4746 4758 5468 5080 4653 4969 5260 4636 4812 5410 4528
5480 5490 4940 5599 5352 5568 5962 5505 5262 5117 5655 5667 5293 5502 5753 5219 4877 5286 5473 5334 5275 5869 5601 5089 5602 5621 5411 5489 5241 5162 5442 5643 5554 5734 5995 5720 5528 5733 5631 6111 5403 5817 5452 5445 5584 5332 5804 5395 5500 5538 5685 5691 5942 5600 5557 5346 5380 5512 5034 5756 5356 5624 5674 5581 5623 5304 5376 5693 5818 5444 5517 5594 5505 5368 5752 5467 5257 5631 5618 5298 5562 5291 5443 5732 5736 5285 5411 5644 5228 5323 5563 5395 6031 5929 5645 5608 5558 5846 5848 5488 5527 5003 5173 5593 5498 4970 5512 5659 5711 5769 5250 5080 5510 6155 5526 5552 5446 5548 5181 5414 5578 5693 5541 5334 5063 6105 5561 5658 5421 5253 5550 5295 5357 5455 5430 5675 6045 5795 5844 5824 5751 5418 5260 5866 5823 5195 5593 5960 5973 5152 5525 5717 5543 5780 5260 5375 5980 5754 5769 5555 5472 5295 5432 5764 5897 5491 5483 5263 5699 5308 5570 5657 5512 6040 5853 5425 5268 5700 5925 5060 5827 5680 5362 5198 5501 5654 5548 5772 5113 5520 5667 5359 5558 5405 5559 6309 5656 5677 5312 5497 5787 5581 5403 5846 4888 5504 5594 5666 5543 5353 5480 5146 5685 5690 5524 6021 5676 5333 5836 5464 5495 5347 5843 5511 5539 5473 5491 5615 5822 5402 5679 5402 5525 5351 5327 5400 5414 5393 5463 5473 5443 5651 5393 5378 5862 5116 5341 5922 5724 5276 5551 5869 5357 5405 6116 5093
5131 4921 4572 5320 5141 5110 5497 5134 5165 4933 5345 5246 5168 5250 5535 5050 4656 5131 5156 5208 5103 5469 5061 4664 5167 5284 4851 5089 5130 4842 5306 5402 5287 5048 5655 4967 5536 5329 5360 5600 5172 5412 5124 4977 5453 5030 5343 5128 5261 5294 5198 5271 5568 5556 5280 5312 4993 5251 4843 5041 4989 5220 5431 5162 5251 4917 5006 5401 5566 5131 5211 5220 5273 4700 5188 5445 5203 5413 5309 5454 5350 4779 5057 5422 5640 5215 5100 5190 4946 5117 5050 5295 5726 5548 5473 5266 5277 5565 5413 5200 5427 4867 4877 5363 5558 4806 5514 5230 5145 5277 5023 4996 5357 5823 5161 4990 5220 5308 4977 5358 5338 5356 5140 4786 5315 5508 4910 5297 5296 5095 5019 5295 5435 5413 5192 5369 5779 5520 5752 5473 5400 5117 4940 5435 5485 4815 5284 5694 5887 5120 5212 5361 5254 5641 5122 5251 5596 5549 5497 5251 4980 5132 4759 5483 5510 5249 5207 5149 5398 5247 5243 5805 5436 5308 5624 4841 5332 5452 5499 5182 5377 5682 5038 5090 5300 5351 5311 5762 4891 5202 5574 4628 5145 5227 5246 5841 5423 5526 5349 5219 5247 5561 5136 5517 4801 5351 5089 5310 5422 5126 5318 4793 5361 5233 5216 5765 5244 5168 5505 5565 5392 5217 5538 5245 4900 4987 5400 5366 5328 4876 5203 5085 5400 4904 4962 5122 5141 5379 4941 4950 5212 5512 4973 5154 5385 5179 5243 5828 5309 4857 5245 5480 4978 5370 5446 4970
4975 4971 4416 4975 5066 5304 5417 4992 5135 5227 5207 5164 4932 5280 5546 4960 4664 5512 5130 5028 4781 5375 4969 4645 5172 5392 4971 5218 5020 5015 5392 5154 5111 5193 5713 5152 5249 4997 5333 5740 5194 5466 5335 5100 5242 4994 5438 5418 5123 5219 5329 5213 5457 5326 5017 5080 4921 5263 4685 5247 4925 5764 5301 5091 5017 4890 5083 5488 5672 5059 4788 4934 5382 4776 5357 5441 5122 5243 5265 5187 5267 4876 5147 5466 5362 5321 4784 5146 5015 5170 5215 5074 5915 5499 5169 5135 5092 5281 5455 5046 5105 4819 4970 5125 5197 4932 5430 5034 5204 5542 5012 4746 5176 5628 5152 5045 4793 5266 4853 4930 5273 5297 5099 4879 4854 5860 4990 5467 4761 5121 5118 4842 5541 5162 5023 5524 5797 5449 5656 5692 5374 5060 4945 5408 5215 4881 5272 5773 5366 4898 5439 5534 5228 5288 5130 5113 5562 5337 5564 5346 4808 4844 4881 5051 5584 5265 4954 5083 5117 5252 5410 5345 5076 5433 5383 5228 5022 5445 5254 4792 5329 5597 5347 5067 5247 5542 5030 5425 4966 5185 5505 4786 5276 5150 5136 5660 5324 5379 5129 5213 5255 5454 5061 5180 4761 5442 5325 5318 5177 4906 5169 4896 5158 5550 5059 5622 5082 5047 5532 5469 5146 5166 5376 5191 5339 5358 5169 4850 5178 4865 5345 5309 5454 4971 4432 4962 4907 5376 5120 5186 5332 5315 5060 5009 5444 5047 5184 5736 5397 4995 5294 5489 4941 4975 5502 4714
4834 4828 4485 4953 5072 5123 5274 4730 4859 4708 5291 5230 4865 5102 5102 4752 4402 4999 5068 5032 4663 5338 5130 4908 4940 5180 4771 4943 5099 4476 4910 5320 4973 4967 5243 4969 5268 4857 4963 5449 4969 5122 5096 4957 5320 4684 5060 5166 4898 4926 5238 5166 5286 4969 5128 4931 4945 4822 4438 5232 5074 5268 5221 5104 5213 4945 4680 4909 5673 4906 4876 5001 4834 4896 5005 5225 4641 4848 5199 4978 5056 4668 4844 5362 5374 5157 5090 5054 4787 4797 5146 5040 5414 5058 4951 4852 5009 5225 5341 4924 5230 4690 4927 5058 4918 4629 5133 5076 5076 5468 4935 4689 5304 5627 5170 5250 4751 4965 4935 4756 5214 4893 5032 4952 4921 5275 5067 5237 5057 5039 4848 4961 5242 4834 4823 5549 5541 5049 5343 5479 5323 5146 4867 5193 5184 4905 5070 5500 5793 4831 5077 5096 5019 5073 5104 5041 5402 5240 5196 5076 5253 4975 5124 4975 5495 4925 4733 5003 5095 5264 5243 5402 4833 4991 5361 4644 4899 5208 5640 4519 5104 5578 4933 4758 5238 5314 5073 5507 4653 5240 5380 4540 4816 5168 4846 6008 5554 5397 5179 4795 5187 5307 5126 5200 4427 5230 4907 5173 5047 4972 5135 4669 5341 5070 5078 5529 5185 4900 5325 5291 4928 4964 5160 4993 4969 5192 5338 5358 5165 4973 5286 4789 4961 5026 4817 4926 5076 4784 4909 4789 5181 5136 4869 4672 5159 4900 5047 5551 5139 4851 5123 5404 4730 4849 5128 4555
5673 5549 4872 5357 5778 5883 5811 5670 5472 5507 5553 5220 5294 5521 5984 5553 4798 5659 5897 5436 5329 5791 5457 5318 5433 5831 5173 5726 5551 5306 5722 5651 5752 5622 6038 5617 5828 5482 5455 5954 5646 5738 5692 5221 5676 5370 5770 5940 5830 5674 5679 5530 5669 5679 5621 5494 5277 5410 5349 5421 5289 6031 5847 5430 5660 5521 5600 5669 5949 5531 5593 5557 5750 5337 5676 5658 5253 5553 5924 5614 5614 4993 5465 5439 5664 5664 5475 5447 5401 5356 5559 5627 6156 5639 5329 5435 5391 5847 5787 5487 5762 5150 5496 5588 5739 5232 5888 5663 5442 5978 5221 5402 5530 6237 5608 5756 5494 5556 5304 5226 5747 5461 5310 5347 5270 5874 5516 5696 5308 5481 5392 5145 5643 5444 5537 6084 6292 5831 5893 6051 5772 5541 5396 5624 5975 5311 5506 6007 6246 5211 5788 5823 5480 5789 5631 5593 6233 5818 5598 5468 5431 5428 5144 5534 5874 5572 5343 5432 5601 5546 5597 5582 5512 5653 5737 5375 5558 5998 6014 5331 5700 5896 5498 5455 5979 5837 5472 5790 5356 5582 5900 5462 5398 5748 5260 6104 5913 5660 5604 5316 5710 5769 5469 5886 4957 5809 5492 5823 5634 5258 5679 5109 5600 5683 5652 6121 5560 5409 5819 5856 5384 5358 5979 5728 5274 5427 5490 5417 5809 5534 5680 5446 5366 5350 5292 5260 5458 5640 5397 5811 5600 5818 5389 5322 5826 5539 5597 5869 5856 5474 5673 5846 5474 5468 5862 5100
4743 4714 4142 4673 4846 4515 5232 4665 4435 4662 5040 4777 4637 4742 4736 4459 4263 4736 4646 4842 4243 4797 4631 4559 4709 4559 4416 4920 4502 4564 4614 4851 4770 4819 4812 4802 4973 4602 4848 5333 4380 4789 4765 4702 4619 4588 4706 4594 4801 4508 4799 4996 5153 4888 4740 4738 4302 4642 4255 4892 4319 5141 5166 4752 4909 4284 4746 4550 5185 4878 4545 4892 4782 4378 4659 4670 4822 4770 4699 4753 4764 4341 4781 5005 4938 4492 4487 4704 4565 4376 4661 4669 4865 5072 4441 4482 4730 4778 4903 4826 4882 4248 4630 4685 4653 4352 4791 4798 4545 5260 4517 4130 4736 5127 4748 4662 4589 4677 4550 4682 4643 4828 4771 4460 4733 5112 4485 4772 4760 4528 4335 4593 4669 4756 4577 4732 5236 5056 5123 5455 4640 4624 4707 4900 4732 4423 4798 5220 5269 4428 4733 4898 4797 4791 4876 4875 4989 4785 4862 4831 4679 4553 4546 4852 4904 4849 4727 4751 4736 4734 4800 4985 4677 5181 5072 4594 4605 4879 4912 4379 4791 4861 4529 4423 5033 4976 4797 5101 4719 4478 4908 4639 4559 4616 4758 5256 4832 4703 4732 4849 5012 5103 4813 4906 4223 4546 4929 4631 4681 4485 4633 4392 4979 5004 4696 5427 4852 4686 5105 5090 5014 4496 5096 4752 4485 4691 4697 4805 4951 4689 4739 4645 4797 4460 4585 4648 4486 4528 4332 4704 4872 4840 4394 4804 4920 4633 4683 5304 4645 4503 4780 5053 4226 4757 4966 4422
4876 4859 4522 4837 4782 4992 5256 4893 4670 4742 5011 4845 4858 5211 5196 4771 4251 5097 4978 4736 4650 5244 5082 4786 5027 5381 4826 4858 4975 4450 4882 5200 4837 4875 5335 4675 5119 4870 5174 5344 4876 5104 4984 4786 4997 4747 5158 4758 4921 4911 5007 5136 5363 5133 4788 5107 4730 4872 4506 5061 4365 5326 5146 4848 5051 4919 4772 4923 5502 5030 4964 4906 4922 4500 4993 5271 4991 5021 4905 4927 4966 4782 5055 5036 5246 5158 4951 5240 4909 4882 4952 4893 5083 4911 5070 4609 5060 5281 5081 4790 4887 4543 4708 5257 4841 4844 4960 5036 5028 5443 4892 4455 4819 5469 4913 5037 4957 4952 4885 4970 4979 4951 4794 4932 4654 5403 4936 5094 5261 4977 4502 4786 5008 5071 4822 5176 5521 5334 5433 5151 5014 4816 4683 5114 5176 4690 4928 5321 5412 4582 5106 5385 5382 5036 5061 4736 5192 5298 5143 5090 5096 4843 4785 5089 5428 4961 4790 4751 4876 5118 5238 5257 5013 5320 5202 4841 4789 5208 5423 4587 5062 5407 5313 4971 4992 5142 4740 5207 4680 4898 5037 4844 5009 5053 4691 5532 5195 5205 4980 4825 5027 5153 4834 5371 4321 5019 4947 4898 4704 4628 5104 4423 5048 5116 4951 5326 4937 4564 5323 5121 4578 4722 5087 4882 4930 5209 5226 4933 5195 4941 5217 4882 5057 4730 4645 4612 4741 4837 4819 4867 5060 5259 4823 4794 5256 4818 5093 5517 5173 4857 5147 4970 4467 4930 5105 4601
5259 5028 4667 5217 5350 5357 5523 5378 5169 5130 5345 5472 5199 5278 5517 5165 4797 5166 5295 5493 4958 5478 5303 5084 5257 5563 5142 5480 5249 4964 5434 5464 5252 5475 5866 5254 5776 5410 5370 5791 5253 5290 5534 4990 5582 5253 5538 5184 5188 5459 5637 5479 6055 5502 5314 5348 4967 5165 4905 5302 4888 5771 5713 5687 5643 5219 5309 5460 5735 5244 5453 5484 5345 4862 5706 5530 5201 5493 5368 5145 5533 4841 5184 5640 5698 5341 5176 5679 5201 5270 5460 5372 6012 5712 5276 5038 5528 5466 5624 5356 5373 4821 5042 5447 5398 5061 5728 5156 5280 5807 5132 4975 5441 6008 5443 5558 5093 5356 5394 5139 5488 5338 5417 4914 5208 5397 5432 5284 5315 5248 5099 5281 5336 5382 5248 5651 5886 5500 5741 5746 5325 5156 5038 5641 5750 5059 5393 5689 5794 5116 5473 5702 5261 5332 5509 5372 5629 5484 5438 5447 5227 5120 5193 5267 5664 5416 5332 5131 5367 5446 5674 5724 5468 5647 5610 5333 5108 5627 5737 5136 5603 5503 5248 5221 5469 5602 5341 5834 5025 5438 5433 5277 5132 5687 5386 6255 5769 5825 5306 5187 5581 5661 5390 5570 4653 5388 5217 5531 5339 5383 5601 4905 5550 5180 5289 5769 5455 5091 5733 5515 5311 5182 5678 5371 5241 5246 5273 5435 5645 5064 5591 5375 5537 5177 5284 5214 5453 5441 5272 5308 5414 5503 4834 4881 5686 5069 5331 5918 5433 5143 5454 5840 5200 5092 5602 4939
5495 5603 4953 5584 5727 5767 5907 5758 5560 5350 5564 5605 5179 5713 5773 5472 5043 5564 5542 5609 5342 6012 5456 5345 5593 5832 5203 5519 5556 5515 5840 5978 5577 5307 6113 5607 5754 5431 5686 6147 5590 5799 5800 5438 5802 5400 5812 5762 5650 5807 5766 5618 6007 5662 5462 5640 5478 5675 5232 5576 5250 6013 5954 5434 5612 5344 5482 5624 5945 5542 5428 5672 5527 5151 5745 5613 5466 5661 5709 5721 5810 5248 5342 5613 5915 5611 5461 5975 5369 5568 5638 5639 6255 5785 5515 5526 5842 5910 5947 5631 5767 5027 5286 5773 5516 5440 5818 5561 5553 5966 5318 5098 5594 6340 5547 5709 5512 5561 5546 5517 5788 5616 5838 5271 5460 5989 5545 6083 5524 5641 5163 5224 5862 5494 5697 5957 6350 5868 5987 6187 5783 5351 5441 5782 5779 5164 5783 6172 6215 5341 5759 5868 5389 5913 5595 5533 5953 5737 5647 5701 5588 5425 5374 5600 5935 5453 5403 5358 5764 5637 5625 5776 5701 5768 6083 5482 5518 6022 6011 5066 5931 6058 5321 5436 5796 5885 5426 6017 5177 5746 5753 5562 5537 5819 5427 6373 5914 5906 5536 5820 6103 5958 5480 5918 4931 5686 5678 5792 5751 5568 5705 5303 5594 5856 5541 6074 5648 5502 5821 5722 5703 5616 5976 5739 5570 5624 5585 5620 5719 5321 5625 5325 5783 5319 5337 5279 5348 5519 5437 5586 5722 6022 5399 5271 5786 5661 5831 6248 5796 5494 5573 6017 5279 5658 5767 5258
5221 5161 4307 4884 5175 5298 5456 5174 4958 5106 5170 5131 5023 5477 5203 5166 4631 5052 5277 5398 5026 5421 4877 5105 5337 5457 4815 5308 5270 4781 5249 5527 5107 5287 5517 4986 5283 5069 5122 6026 5251 5439 5325 4753 5287 5090 5404 5271 5308 5066 5261 5379 5350 5113 5209 5302 4962 4986 4812 5246 4955 5477 5399 5352 5353 5048 4995 5311 5410 4877 5166 5231 5109 4804 5326 5483 5059 5157 5237 5392 5413 4556 5112 5346 5351 5064 5001 5580 4934 4960 5126 5236 5263 5631 5109 5295 5275 5662 5399 5149 5056 4607 4955 5330 5238 4646 5282 5121 5251 5556 4946 5022 5087 5894 5233 5378 5152 5145 5227 4886 5220 5125 5423 4876 5002 5515 5143 5261 5307 4996 4722 5056 5266 5178 5168 5507 5639 5222 5817 5359 5283 5169 5051 5483 5157 4914 5026 5581 5674 5003 5320 5567 5206 5285 5227 5326 5466 5477 5518 5268 5252 5142 5063 5134 5772 4989 4917 5129 5211 5096 5375 5613 4804 5327 5381 4899 5070 5598 5500 4837 5373 5576 5153 5107 5307 5334 5273 5619 4930 5005 5272 4904 5016 5342 5066 5728 5335 5319 5207 5249 5367 5050 5073 5355 4687 5233 5099 5350 5127 5105 5408 4636 5474 5305 5454 5500 5342 5028 5348 5486 5134 5007 5673 5408 5073 5198 5042 5355 5341 5056 5231 5277 5493 5079 4814 4904 5200 5345 5090 5187 5323 5293 4995 5120 5287 4933 5107 5518 5264 5092 5516 5157 4959 5006 5687 4978
5175 5152 4771 5088 5153 5179 5618 5127 4923 4750 5289 5097 4870 5123 5277 5001 4691 4933 5332 5250 5027 5342 4921 4635 5125 5130 4699 5093 4931 4689 5168 5143 4985 4916 5714 4840 5219 5060 5076 5662 4995 5374 5019 4914 5011 4904 5047 5215 5278 5134 5198 4890 5402 5033 5106 5023 4783 4948 4739 4898 4906 5303 5251 5030 5083 4759 4764 5331 5406 5047 4867 5083 5304 4566 5160 5024 4799 5023 5059 5224 4967 4757 4852 5249 5088 5006 5034 5234 4807 4812 4955 5053 5545 5503 5129 4952 4776 5313 5441 4864 5218 4987 4871 5123 4937 4751 5335 4996 5089 5222 4864 4584 5016 5704 5347 5274 4771 5011 4881 4879 5103 5104 4914 4809 5124 5610 5024 5339 4935 5027 4803 4748 5055 5068 4922 5250 5700 5390 5308 5516 4970 4719 5084 5223 5167 4764 5099 5417 5765 4757 5306 5351 5226 5139 4934 5123 5301 5144 5339 5136 4844 5104 4900 4903 5467 5156 4816 4880 5333 5041 5083 5214 5221 5459 5537 5133 5191 5185 5442 4734 5355 5279 4722 5005 5112 5404 4849 5487 4665 5071 5144 4802 5106 5086 4888 5658 5376 5137 5256 5089 5305 5122 5101 5436 4541 5008 4968 5204 4956 4839 5329 4892 5067 5094 4887 5208 5131 4819 5260 5058 5119 5075 5207 5242 5005 4914 4850 5011 4962 5022 5274 4832 5193 4946 4679 4687 4844 4911 4853 4905 5031 5213 5054 5070 5140 4833 5021 5269 5057 4937 5116 5420 4772 4815 5346 4831
4783 5082 4354 4869 4870 5095 5281 4724 4928 5039 5237 5043 4851 5047 5135 4911 4262 5019 4881 4837 4556 5558 4960 4902 5087 5213 4697 5152 5239 4718 5060 5241 4870 4915 5320 5110 4970 4794 4871 5399 4811 5139 5141 4565 5052 4801 5023 5039 5055 5274 5245 5063 5269 5166 5156 4885 4638 4851 4577 5052 4626 5006 5378 5008 5074 4872 5002 5112 5254 5117 4889 4967 4991 4733 4978 5343 4662 5050 5070 4798 5376 4547 5078 5002 5210 4915 4997 5000 4776 4796 5176 4963 5305 4969 5024 5174 5042 5547 5048 4888 4959 4611 4798 5055 5203 4650 5123 5013 5017 5397 4778 4663 4936 5724 5045 5074 4850 4848 4906 4763 4935 4875 5137 4555 4619 5482 4663 5134 4909 4842 4886 4833 5050 4824 4851 5362 5582 5356 5334 5367 5097 4783 5158 5044 5048 4772 5052 5393 5326 4823 5084 5143 4946 5165 4747 4995 5326 5397 5213 5052 4930 4960 4765 5007 5359 4924 5061 4972 4869 4984 4886 5406 4839 5109 5190 4624 4844 5344 5196 4484 4930 5445 4814 4647 5300 4889 4887 5294 4712 4923 5594 4629 4775 4992 4828 5726 5333 5190 5035 4992 5090 5191 4829 5308 4377 5069 4893 4978 5088 5132 4832 4603 4830 5252 4964 5515 5305 4871 5445 5550 5189 4768 5030 5067 4909 5172 5116 4818 5286 4870 5026 4872 5080 5027 4438 4862 4838 5086 4923 4814 5017 5065 4586 4948 5253 4792 5167 5523 5057 4779 5232 5332 4743 4997 5038 4568
5166 4832 4456 5120 5055 5220 5212 4863 4882 4825 5166 4983 5077 4952 5353 5027 4583 5043 5094 5313 4865 5235 5135 4838 5161 5404 4593 5297 4852 4916 5104 5333 5277 5097 5401 5063 5255 5183 5076 5862 5098 5360 5041 4996 5161 4895 5370 4639 5178 5217 5156 5307 5524 5340 5169 5241 4748 5017 4858 4955 4972 5532 5312 4959 5153 5021 5026 5131 5610 5104 5310 5202 5349 5049 5258 5068 4754 5138 5032 5353 5352 4486 5047 5263 5152 5118 5053 5087 5100 4974 5154 5008 5651 5545 4902 5170 5097 5353 5284 5125 5473 4722 4977 5293 5261 4842 5268 5007 4959 5578 4918 4545 5116 5544 5197 5211 4944 5200 4952 5030 5023 4974 5235 4758 4913 5539 5143 5272 5011 4965 4962 5062 5153 5150 5157 5559 5758 5448 5646 5432 5170 5026 5017 5183 5002 4698 5088 5553 5817 4862 5344 5377 5122 5421 5348 5026 5507 5330 5250 5202 5392 4995 4871 5102 5489 5034 4700 5345 5089 5261 5252 5361 4868 5510 5450 5011 5085 5361 5428 5031 5504 5573 5084 4938 5241 5190 5071 5575 4995 5099 5290 5011 5110 4978 4995 5652 5474 5330 5361 5389 5168 5168 5222 5166 4862 5126 4935 5129 5035 5155 5096 4806 5179 5346 5091 5615 5355 4811 5448 5379 5066 4912 5364 5053 4895 5228 5108 5111 5535 4938 5274 5149 5462 4913 4977 4625 5118 4877 4802 4914 5217 5104 5075 4769 5048 5241 5139 5601 5209 5001 5130 5170 4866 4851 5234 4678
4823 4819 4539 4901 5104 5252 5337 5133 4812 4986 5109 5024 4920 5125 5433 4927 4620 5054 5245 4927 4743 5469 5350 4908 5119 4986 4771 5330 4760 4714 5286 5317 5235 4822 5632 4639 5321 4964 5015 5378 4797 5158 5219 4702 5087 5141 5203 5149 5138 5481 5278 5017 5372 5169 5224 5140 4834 5042 4800 4890 4509 5586 5333 5177 4959 4710 4686 5055 5378 5189 4975 5278 4950 4783 5140 5272 5189 4935 4968 5095 5103 4572 4731 5370 5119 4843 4865 5426 4993 4966 5139 5193 5485 5202 4852 4938 5189 5376 5126 5182 5131 4591 4753 5287 5092 4625 5476 4876 5155 5304 5035 4622 5268 5831 5130 5393 4835 5053 5333 4967 5155 5056 5110 4801 4899 5329 5127 5138 5125 4912 4978 4972 5178 5069 4882 5218 5584 5352 5574 5242 5505 5061 4889 5160 5408 4819 5045 5653 5764 5014 5284 5433 4857 5098 5187 5089 5383 5014 5397 5186 5195 5084 4929 5161 5438 5121 4985 4862 5209 5036 5271 5146 4938 5107 5528 4821 5110 5403 5257 4885 5372 5476 4829 4796 5151 5110 5094 5393 4718 5114 5276 4903 5005 5355 4908 5777 5247 5459 5303 5237 5055 5522 5039 5128 4480 5130 5109 5067 5122 5199 5111 4962 5194 5336 5321 5634 5042 4872 5346 5383 5276 5241 5338 5397 4933 4928 5330 5190 5244 4793 5479 4736 5118 4997 5028 5017 4987 4985 4909 5050 5307 5253 4719 4811 5435 5046 5074 5584 5164 5106 5251 5286 4868 4904 5405 4523
4795 4904 4235 4797 4962 5018 5143 4726 4772 4755 4937 4752 4777 5025 4982 4925 4293 4994 5267 4985 4785 5183 4974 4605 4841 5089 4539 4751 4667 4722 5049 5076 4766 5028 5210 4944 5151 4823 5057 5406 4869 5128 4780 4815 4878 4769 5221 4859 4835 4832 5134 5108 5269 4937 4932 5143 4600 4995 4724 5077 4586 5259 5150 4869 5056 4601 4939 5172 5323 4846 4936 4947 4829 4928 5137 5224 4701 5082 5030 4893 5046 4746 4883 4997 5214 4818 4716 4938 4784 4685 4965 5060 5371 5399 4525 4908 4971 5072 5321 5031 5105 4659 4803 5105 5153 4692 5157 4852 4821 5306 4704 4301 5013 5396 4901 4984 4859 5055 5030 4812 4795 4815 5127 4580 4696 5069 4957 5265 4870 4678 4701 4749 5154 4857 4800 5370 5543 5141 5186 5119 5060 4856 4708 5158 4956 4693 4750 5427 5466 4867 5003 5142 4705 4738 5011 4847 5306 5307 4889 4943 5158 4589 4801 4857 5290 5156 4911 4763 5131 5346 5030 5184 5043 5205 4975 4760 5080 5605 5241 4789 5274 5246 4981 4680 5078 5287 5012 5401 4793 5128 5161 4856 4800 4996 5027 5666 5180 4983 5194 5227 5053 5512 4821 5178 4378 5084 4891 4968 5048 5009 4986 4574 5368 5489 5099 5432 5023 4861 5218 5135 4713 4838 5229 5305 4860 4921 4886 4648 5156 4609 5026 4772 4946 4474 4706 4617 5064 4900 5015 4912 5011 5039 4853 4613 5009 4740 4994 5602 5264 4912 4981 5100 4543 4934 5074 4411
4915 4964 4495 5105 5057 5055 5135 4920 4917 4773 5282 5011 4665 4898 5165 4880 4350 4871 5007 4852 4755 5246 4880 4657 5069 5039 4780 5130 4916 4741 4962 4954 4803 4842 5348 5005 5319 4880 4883 5441 4765 4989 5120 4706 5042 5048 5255 4985 4918 4945 5068 4648 5223 5018 4933 5078 4996 4927 4837 4992 4724 5534 5358 4874 4956 5006 4752 5172 5094 4944 5030 4987 5204 4554 5020 5082 4818 5052 5339 5101 5108 4774 4858 5133 5470 5019 5001 5183 4731 4986 4995 4823 5571 5358 4545 4822 5017 5271 5218 4815 5106 4441 4832 5038 5011 4653 5131 4901 5121 5176 4696 4512 5156 5711 5068 4871 4920 5107 4904 4571 5168 5005 4960 4441 5046 5436 5186 5338 4746 5137 4685 4674 5133 4940 4905 5160 5704 5116 5369 5236 5070 4780 4745 4981 5159 4588 5104 5289 5557 4684 5315 5166 4808 5065 4931 4931 5507 4999 4984 4938 5015 4739 4774 4963 5347 4971 4826 4862 5150 5165 5365 5103 5003 5206 5245 4544 5007 5210 5637 4602 5277 5452 4808 4860 4860 4952 4854 5326 4765 5102 5216 4903 5124 5016 4935 5453 5175 5089 5156 5136 5437 5023 4939 5207 4716 4793 4737 5286 5048 5118 4916 4737 4989 5151 5207 5448 5235 4904 5208 5092 5142 4860 5129 4984 5174 4714 5061 4833 5122 4714 5103 5075 5051 4806 4761 5007 4330 4832 4782 4936 4963 5170 4953 4945 5262 5107 5068 5403 4817 5010 4825 5316 4881 4648 5296 4537
5051 4814 4462 5403 5516 5271 5786 5354 5089 4911 5589 5198 5162 5698 5538 4901 4618 5163 5407 5218 4869 5487 5087 5098 5478 5704 5013 5143 5301 4989 5361 5478 5082 5230 5489 5367 5355 4911 5504 5874 5126 5490 5246 5192 5615 4971 5442 5236 5161 5276 5543 5228 5456 5381 5462 5397 5128 5326 4822 5191 4989 5868 5546 5241 5343 5185 5145 5234 5561 5185 5321 5338 5177 4919 5186 5215 5202 5250 5409 5334 5515 4893 5350 5354 5526 5198 5205 5261 5051 5144 4950 5172 5626 5173 4995 4863 5231 5336 5380 5071 5219 4776 5195 5570 5310 5065 5325 5311 5342 5648 5143 4436 5468 5807 5554 5208 5144 5228 5164 4980 5261 5021 5374 4887 5143 5648 5220 5644 5251 5322 4942 5134 5344 5157 5174 5603 5795 5313 5838 5662 5117 4978 4931 5185 5168 5184 5284 5504 5801 4913 5219 5330 5406 5156 5246 5280 5777 5613 5449 5252 5164 5109 5053 5405 5531 5076 5073 5198 5187 5211 5766 5616 5217 5411 5394 4977 4931 5487 5566 4852 5450 5738 5285 4894 5475 5443 5252 5589 5164 5481 5485 5045 5015 5420 5229 5938 5380 5355 5347 5099 5516 5542 5135 5762 4704 5461 4946 5294 5362 5038 5279 4795 5318 5491 5286 5665 5579 5031 5690 5400 5331 5264 5403 5093 5089 5197 5259 5166 5608 4939 5281 5192 5531 5271 4952 5082 5101 5020 4986 5195 5380 5601 4994 5129 5526 5050 5316 5951 5218 5080 5384 5804 5086 5044 5775 4920
5235 5096 4722 5292 5463 5411 5670 5192 5423 5246 5478 5437 5248 5264 5500 5161 4703 5608 5367 5284 4903 5501 4944 5063 5386 5176 5008 5442 5276 4874 5312 5106 5124 5508 5715 5358 5667 5141 5321 5587 5288 5534 5085 4849 5239 5281 5535 5281 5138 5375 5493 5426 5582 5267 5114 5809 5063 5249 4878 5302 4884 5537 5577 5215 5232 5184 5309 5249 5513 5279 5568 5286 5365 5142 5408 5322 5297 5507 5487 5370 5480 4980 5306 5430 5652 5517 5252 5370 5181 5261 5291 5213 5590 5526 5110 5143 5535 5537 5646 5168 5395 4891 5260 5280 5580 4625 5229 5389 5288 5724 4913 4861 5400 5964 5448 5306 5251 5310 5187 5034 5301 5312 5454 5218 5406 5747 5156 5272 5166 5379 5111 5088 5371 5430 5115 5554 5846 5792 5745 5560 5408 5321 5411 5279 5319 4922 5549 5660 6015 5044 5529 5343 5279 5484 5201 5493 5586 5462 5429 5422 5253 5364 5143 5528 5874 5599 5201 5514 5393 5460 5430 5660 5142 5420 5506 4891 5656 5619 5562 5445 5444 5545 5218 5161 5377 5411 5182 5587 5028 5394 5439 4767 5085 5472 5322 5819 5508 5588 5397 5577 5263 5365 5502 5731 4804 5430 5311 5567 5312 5213 5315 5038 5276 5379 5473 6035 5450 5103 5560 5564 5233 5344 5640 5304 5166 5202 5147 5288 5500 5191 5639 5317 5371 5079 5124 5302 5272 5081 4991 5082 5185 5531 5128 5218 5569 4997 5491 5893 5333 5131 5528 5593 4975 5185 5815 4857
5058 5217 4669 5156 5164 5153 5541 4887 4882 5088 5357 5034 4893 5153 5521 4972 4652 5284 5471 5122 5071 5679 4951 5004 5253 5164 5105 5256 4944 4753 5370 5166 5095 5102 5459 5150 5224 5196 5121 5803 5129 5401 5067 4860 5315 5051 5411 5141 5286 5285 5242 5287 5608 5197 5165 5285 4935 5088 4740 5226 4848 5234 5420 4979 5307 4943 5063 5192 5601 4830 4865 5138 5015 4843 5134 5240 5132 5129 5396 5096 5026 4728 4843 5272 5634 5153 5420 5194 5173 5133 5272 5316 5537 5360 5051 5214 5204 5543 5295 5013 5234 4941 5073 5313 5136 4919 5267 5244 5087 5449 5040 4681 5140 5753 5285 5395 5067 5044 5046 4998 5039 5250 5468 4789 5063 5472 5061 5403 5038 4980 4730 4875 5363 5133 4840 5493 5773 5391 5477 5637 5239 5245 4873 5470 5298 5058 5028 5352 5818 4887 5391 5296 5133 5036 5122 5180 5451 5468 5303 5314 5258 5070 5020 5274 5761 5256 5029 4797 5298 5157 5294 5218 4898 5407 5491 4820 4943 5262 5389 4829 5529 5515 5408 4831 5152 5539 5208 5140 5020 5322 5513 4730 4834 5248 5062 5633 5552 5570 5123 5019 5224 5553 5048 5419 4390 5248 5261 5237 5176 4932 5287 4891 5242 5407 5323 5728 5229 5186 5428 5179 4990 5117 5531 5276 5126 5219 5381 5139 5300 4847 5298 4682 5249 4847 4930 4981 5237 5168 5175 5096 5367 5194 4916 5032 5293 5051 5349 5353 5319 5123 5170 5408 4972 5140 5356 4755
4837 4840 4806 4953 4938 5408 5314 4890 4550 4735 5257 5291 4861 5187 5482 5159 4567 5148 5199 5204 4871 5515 4837 4981 5230 5367 4810 5151 4747 4593 5151 5236 5144 5312 5450 4943 4892 4914 5272 5658 4956 5228 5004 4955 5328 4783 5126 4750 4951 4950 5228 5298 5641 5199 5174 5403 4842 5144 4660 5063 4834 5145 5237 5074 5252 5142 5150 5126 5563 5171 4999 5248 5172 4756 5293 5227 4955 5160 5109 5172 5295 4750 4917 5223 5165 5200 4947 5083 4838 5199 4793 5198 5643 5295 5063 4819 5084 5334 5298 4851 5452 4767 5162 5330 5049 4803 5214 5033 5126 5460 4805 4723 5140 5601 5148 5237 4629 5017 4909 5035 5068 4916 4991 4631 4991 5230 5083 5341 5211 5070 4657 5023 4999 5327 4907 5541 5525 5531 5547 5279 5024 5091 5071 5169 5274 4823 5041 5381 5979 4804 4997 5122 5089 5309 5017 5091 5331 5287 5179 5301 4922 5095 5001 4878 5615 5045 4662 5007 4962 5238 5505 5366 5030 5394 5562 4616 5006 5261 5704 4990 5291 5240 5105 4993 5349 5176 5101 5566 4750 5123 5399 4982 4999 5361 5032 5751 5182 5315 5199 5128 5469 5077 5083 5267 4623 5221 4725 5058 5312 5054 5203 4583 5265 5024 5056 5423 5060 4704 5429 5420 4945 5181 5541 5068 4788 4880 4967 5225 5246 4956 5394 5102 5201 4886 5030 4769 4804 4912 4607 5085 5058 5074 4942 4949 5323 4511 4998 5490 5177 5036 5205 5408 4707 5048 5516 4993
5076 4973 4739 5161 5035 5256 5817 5136 5113 4870 5355 5197 5085 5366 5362 5121 4971 5002 5351 5418 5065 5674 5017 5212 5418 5468 4849 5266 5354 4840 5479 5465 5140 5400 5444 5333 5446 5002 5354 5937 4900 5501 5007 5148 5387 5093 5381 5121 5294 5136 5485 5207 5823 5370 5282 5642 4847 5005 4899 5375 5212 5571 5282 5092 5349 5167 5240 5222 5656 4999 5290 5355 5380 5185 5434 5261 5162 5231 5229 5483 5201 4945 5214 5164 5465 5450 5128 5220 5205 4921 5148 4870 5846 5535 5290 5100 5413 5477 5526 5033 5512 4865 5326 5410 5473 5044 5406 5249 5472 5521 5023 4746 5278 5944 5551 5177 5159 5291 5062 5129 5259 5176 5239 5098 5471 5666 5290 5292 5303 4986 4799 5166 5398 5381 4997 5593 5822 5602 5773 5314 5350 5114 5265 5248 5164 5295 5371 5695 5984 5363 5361 5450 5434 5366 5205 5415 5731 5538 5501 5364 5395 5245 5190 5343 5755 5200 4853 5303 5510 5327 5410 5827 5329 5525 5677 4929 5081 5287 5625 4882 5666 5729 5175 5149 5499 5501 5540 5486 4957 5523 5192 4921 5366 5392 5478 5730 5614 5488 5256 5435 5401 5450 5130 5566 4983 5310 5061 5385 5357 5243 5334 4639 5596 5248 5153 5830 5089 5000 5456 5411 5344 5180 5668 4977 4986 5206 5332 5637 5476 4832 5524 5111 5535 4990 5024 4934 5177 5284 5289 5088 5137 5593 4979 5181 5295 4792 5171 5855 5226 5009 5312 5568 5077 5247 5699 5111
5187 5028 4958 5405 5294 5310 5864 5301 4943 5093 5646 5482 5201 5451 5544 5136 4966 5369 5535 5584 5036 5586 5346 5238 5684 5474 5092 5216 5303 4924 5272 5487 5259 5453 5638 5560 5245 5291 5582 6100 5252 5646 5316 5161 5721 5302 5741 5366 5165 5361 5422 5687 5790 5466 5308 5476 5217 5396 4941 5553 5079 5665 5822 5499 5516 5410 5693 5566 5791 5194 5264 5260 5156 5038 5364 5446 5203 5357 5763 5588 5547 5114 4966 5428 5658 5691 5364 5483 5085 5338 5325 5432 5985 5677 5370 5205 5490 5636 5405 5385 5588 5085 5333 5318 5380 5202 5455 5439 5490 5737 5314 4814 5634 5775 5397 5302 5136 5211 5292 5443 5621 5202 5532 5232 5069 5627 5584 5697 5595 5245 5009 5232 5337 5519 5100 5777 5997 5643 5932 5791 5540 5205 5105 5601 5600 4985 5211 5742 6053 4983 5230 5735 5612 5497 5350 5436 5919 5660 5413 5445 5321 5268 5382 5394 5800 5491 5271 5452 5165 5640 5839 5688 5242 5589 5651 5227 5242 5683 5768 5226 5633 5742 5488 5319 5527 5741 5402 5887 5169 5465 5860 5438 5060 5572 5308 5947 5864 5589 5369 5285 5746 5514 5515 5600 4767 5728 5259 5466 5507 5197 5455 4690 5476 5480 5477 6040 5452 5164 5680 5702 5280 5425 5833 5404 5226 5127 5309 5377 5524 5288 5578 5474 5187 5385 5144 5223 5410 5456 5236 5367 5526 5591 5000 5313 5719 5244 4891 5779 5515 5231 5646 5747 5128 5234 5580 4945
5212 5172 4710 5002 5133 5495 5455 5418 5037 5182 5248 5269 4996 5120 5466 5349 4697 5344 5344 5276 5148 5497 5043 5061 5315 5520 4781 5361 5262 4991 5363 5507 5019 5163 5546 5147 5470 4961 5177 6077 5014 5389 5471 5105 5213 5180 5191 5195 5259 5457 5469 5278 5767 5162 5303 5661 5101 5275 4819 5270 4970 5524 5259 5146 5504 5006 5090 5393 5560 5292 5119 5334 5504 5251 5335 5279 5196 5279 5354 5438 5145 4950 5048 5450 5561 5281 5068 5572 5116 5206 5281 5180 5983 5408 5150 5200 5416 5655 5518 5354 5362 4977 5081 5396 5408 5136 5597 5177 5409 5772 5150 4871 5480 6036 5287 5358 5127 5306 5068 4997 5415 5211 5476 4952 5130 5599 5246 5519 5126 5443 5041 5076 5381 5305 5148 5444 5873 5392 5664 5559 5170 5569 5258 5232 5318 5033 5037 5689 5835 5093 5572 5513 5113 5600 5237 5142 5621 5526 5367 5260 5520 5194 5146 5401 5914 5269 5101 5377 5451 5384 5669 5367 5366 5519 5764 4956 5249 5661 5681 5093 5302 5613 5048 5210 5560 5733 5375 5727 5068 5168 5405 4950 5046 5198 5231 5898 5549 5533 5381 5444 5448 5621 5386 5403 4722 5393 5261 5461 5314 5162 5270 5119 5589 5469 5466 5477 5414 4692 5530 5734 5102 5038 5687 5281 5141 5246 5364 5184 5261 4840 5610 5164 5594 4979 5124 5071 5032 5403 5291 5083 5271 5219 5108 4964 5383 5132 5470 5586 5172 5314 5614 5545 4939 5106 5676 4745
4867 5012 4313 4803 4875 5276 5298 4785 4797 4564 5165 4899 4760 5099 5065 4887 4369 4841 5117 4801 4681 5415 4668 4761 4646 5157 4663 4944 4780 4864 5052 5171 4827 4953 5051 4996 5002 5123 4861 5418 5212 5089 4992 4700 5102 4750 5141 4800 4842 4964 4938 4825 5137 4846 5018 4905 4869 4839 4574 4857 4739 5339 5284 5063 4860 4700 4679 5002 5145 4898 4833 4954 4947 4525 4981 5012 4814 4815 5247 4982 5095 4902 4760 4997 4815 4789 4924 5160 4816 4831 5257 4944 5383 5083 4730 4698 4663 5529 5399 5036 5083 4311 4635 5212 4735 4848 5108 4905 4962 5398 4704 4530 4890 5292 4925 5015 4705 4946 4924 4734 5126 4595 4805 4650 4859 5355 5049 5053 5039 4729 4768 4672 5130 5004 4720 5502 5516 4948 5333 5270 5055 4843 4934 4964 4990 4395 5045 5265 5621 4749 5098 5262 4645 5151 4981 4927 5210 4945 4921 5039 5181 4712 4947 5086 5180 4981 4811 5130 5085 5062 5208 5337 4905 5055 5190 4742 4798 5097 5276 4342 5285 5531 5085 4767 4990 5107 4990 5297 4586 4893 5274 4813 4791 4827 4865 5659 5295 5194 4926 5080 5051 5212 4871 4996 4627 5140 4962 5054 4986 4726 5073 4699 5158 5057 4948 5391 5155 4863 5433 5274 4992 4786 5345 5328 4970 5036 5181 4924 5083 4868 5309 5119 5136 4935 4741 4547 4935 4738 5026 4885 5146 5273 4663 4752 5119 5043 4796 5564 4962 4729 4888 5294 4780 4582 5188 4634
4773 4677 4429 5080 4711 5012 5156 4880 4816 5009 5110 5170 4796 4870 5146 4999 4719 5066 5093 5075 4420 5286 4767 5078 5367 5247 4494 5256 4902 4488 5037 5252 4740 5015 5335 4888 5146 4786 5017 5294 4948 5109 4956 4650 5195 5019 5247 5050 4744 4875 5092 5003 5398 4952 4676 5118 4856 4818 4798 5060 4709 5492 5386 4977 5070 4979 4956 5215 5317 4707 5049 4937 4794 4475 5266 5104 5080 5112 5243 4981 5055 4503 5118 5344 5104 5059 4896 5221 4759 4855 5014 4848 5417 5440 4761 5079 4902 5269 5205 4890 4931 4580 4656 4950 5236 4725 5222 4831 5050 5367 4593 4541 5269 5637 4974 5113 4826 4992 4852 4911 5102 4890 5188 4783 5003 5238 4843 5257 4986 4984 4924 5071 5173 4801 4915 5256 5554 5290 5324 5177 5046 4977 4830 5070 5198 4861 5267 5433 5701 5025 5068 5263 5073 5246 5004 5190 5130 5225 5401 5015 5056 4920 4806 5153 5462 5028 4747 4968 5102 4965 4912 5288 4997 5272 5266 4921 4834 5387 5432 4678 5183 5199 5078 4852 5263 5302 4910 5482 4712 4943 5168 4657 5000 5068 4916 5404 4977 5104 5183 5153 5227 5278 5118 4987 4460 5057 5035 5256 5048 4978 4677 4365 5153 5188 4959 5425 5089 4740 5035 5284 4982 4978 5295 5087 5012 5242 5007 5027 5063 4785 5073 5019 4999 4819 4736 4783 5001 4896 4971 4934 5118 5198 5187 4666 5257 4876 5160 5770 5185 4674 5243 5407 4394 5009 5324 4787
5075 5090 4591 5352 5186 5037 5511 5174 5023 5182 5347 5153 5238 5445 5317 4792 4672 4907 5287 5247 4740 5554 5087 4849 5272 5339 4575 4939 5242 5070 5101 5303 5405 5064 5493 5006 5134 5339 5160 5951 5021 5233 5051 4971 5249 5134 5291 5115 5218 5260 5300 5193 5801 5363 5372 5224 4893 5199 4821 5173 4640 5509 5467 5058 5198 4696 5023 5563 5377 5298 5063 5340 5184 4784 5340 5334 5043 5359 5174 5614 5304 4956 4837 5310 5298 5321 5143 5325 5133 5018 5161 5022 5351 5419 5307 5221 5182 5537 5452 5020 5289 4755 4944 5383 5372 4987 5392 5343 5126 5457 4870 4600 5096 5827 5195 5029 5229 5098 4825 5078 5215 5062 5284 4968 5241 5511 5165 5509 5320 5097 4977 4820 5261 5131 5000 5643 5909 5763 5618 5420 5335 5064 5054 5207 5112 4814 5262 5593 5971 5034 5181 5493 5396 5070 5066 5110 5720 5448 5142 5327 5175 5218 4903 5284 5403 5078 5083 5158 5072 5225 5225 5538 5153 5461 5460 5015 5118 5612 5709 4801 5528 5439 5012 5103 5407 5398 4997 5497 5151 5203 5342 4984 4977 5465 5060 5943 5425 5294 5271 5026 5278 5439 5361 5661 4724 5158 5235 5120 5227 5034 5160 4804 5435 5311 5132 5591 5327 4836 5602 5053 5116 5095 5269 5424 4944 5171 5391 5195 5343 4959 5527 4984 5105 5134 5003 5044 5177 5159 4931 4959 5213 5304 5140 5068 5369 5232 4959 5915 5281 4856 5527 5524 4663 5141 5704 4784
4836 4706 4506 4933 4756 4893 5209 4952 4505 4699 5127 5088 4649 5023 5207 4784 4174 4810 4962 4921 4643 5305 4899 4695 4727 5005 4588 4839 4835 4515 5402 5096 4768 5243 5049 5041 5126 4741 5211 5543 4654 5058 4874 4693 5158 4725 5283 4704 4807 4657 5125 5050 5142 5114 4751 4861 4507 4907 4640 5135 4510 5083 4832 4699 4784 4669 4625 4993 5101 4548 4836 5032 4687 4694 4977 5164 4713 4988 5000 4887 5171 4932 4649 4656 5310 4850 4724 4942 4556 4668 4938 4882 5061 4917 4849 4635 4932 5319 5134 4685 5089 4408 4985 4822 4878 4636 5115 4836 4988 5470 4642 4332 4978 5336 4743 4832 4908 4938 4603 4757 4970 4892 4859 4691 4582 5122 4991 5037 4982 4873 4727 4688 5059 4993 4733 5187 5355 5208 5278 5295 4930 5077 4466 4968 4991 4688 4913 5316 5412 5024 4924 5161 4772 5053 4513 4983 5481 5273 4884 5133 5061 4478 5104 4947 5370 4841 4856 4921 5006 5050 4933 5054 4931 5072 5365 4488 4752 4985 5323 4606 4741 5356 4818 4781 5094 4900 5035 5380 4876 5025 5062 4838 4834 4916 4757 5561 5144 4988 4674 4845 5224 4885 4879 5278 4570 4980 4828 4910 4831 4769 4888 4484 4892 5182 4969 5481 4585 4722 5271 5110 4970 4833 5195 4803 4955 5125 4856 5064 5212 4619 4962 4858 4828 4724 4628 4882 4635 4684 4703 4797 4852 5200 4593 4604 5248 4705 5116 5432 4816 4653 4869 5100 4693 4847 5126 4568
5110 5222 4955 5508 5339 5414 5764 5393 5259 5008 5359 5271 5243 5575 5515 5268 4901 5378 5031 5325 4957 5544 5162 4842 5544 5557 4827 5313 5208 5271 5244 5431 5197 5363 5765 5272 5444 5151 5485 5657 5065 5338 5121 5136 5393 5199 5388 5333 5152 5431 5489 5475 5906 5420 5088 5241 5214 5031 4902 4968 5029 5728 5504 5391 5535 5270 5073 5224 5472 5251 5336 5239 5386 4972 5617 5439 5107 5347 5349 5516 5438 5239 5409 5446 5554 5177 5184 5260 5135 5138 5322 5342 5877 5705 5145 5169 5197 5741 5728 5262 5744 4880 4992 5692 5230 4951 5480 5360 5540 5508 4995 4937 5612 5663 5381 5261 5057 5154 5045 5139 5241 5242 5431 4966 5063 5843 5437 5368 5179 5293 4898 4966 5363 5274 5146 5596 5910 5582 6003 5757 5364 5057 5048 5307 5408 5073 5111 5665 6128 4821 5406 5466 5475 5470 5097 5464 5836 5486 5392 5347 5345 5230 5218 5310 5897 5441 4964 5025 5189 5375 5620 5716 5332 5735 5674 4749 5142 5328 5576 5075 5397 5838 5203 4978 5521 5484 5101 5794 5040 5221 5403 5170 5233 5394 5246 6015 5801 5406 5310 5689 5719 5584 5298 5540 4818 5193 5097 5241 5368 5006 5423 5031 5185 5150 5238 5844 5496 5033 5437 5519 5307 5393 5523 5220 5161 5291 5290 5198 5302 5059 5536 5283 5586 5197 5224 5238 5087 4976 5129 5284 5408 5315 5240 5319 5644 5350 5373 5887 5462 5363 5246 5380 4799 5220 5559 5084
5399 5215 4789 5263 5536 5800 5892 5365 4934 5266 5631 5800 5387 5359 5469 5188 4818 5556 5434 5106 4898 6048 5107 5158 5300 5706 5213 5806 5119 4945 5469 5468 5240 5493 5703 5293 5316 5295 5574 6074 5210 5833 5572 5447 5651 5101 5556 5389 5083 5435 5612 5522 5669 5513 5448 5357 4950 5682 4937 5581 5063 5991 5803 5425 5305 5101 5315 5351 5792 5295 5372 5316 5383 4917 5575 5596 5226 5358 5455 5381 5333 4888 5286 5573 5738 5549 5451 5607 5181 5511 5370 5335 5906 5350 5366 5335 5250 5759 5673 5525 5538 5142 5189 5639 5545 5141 5677 5500 5518 5614 5291 5087 5546 6118 5587 5561 5162 5245 5059 5232 5788 5431 5482 4966 5392 5645 5175 5490 5434 5297 5292 5315 5649 5545 5213 5707 5816 5646 5821 5823 5688 5292 5082 5550 5447 5204 5531 5850 6147 5083 5393 5704 5523 5700 5601 5159 5771 5395 5620 5478 5182 5297 5226 5579 5836 5425 5136 5338 5338 5384 5493 5689 5249 5529 5861 5300 5120 5429 5582 4983 5586 5880 5488 5320 5514 5729 5590 5814 5117 5628 5459 5001 5231 5387 5161 6039 5396 5878 5207 5631 5482 5568 5424 5783 4605 5491 5331 5632 5567 5198 5252 5176 5694 5579 5379 5794 5297 5246 5939 5485 5482 5481 5648 5364 5411 5502 5469 5584 5630 5325 5489 5356 5476 4955 5056 5393 5289 5231 5308 5355 5599 5659 5338 5468 5477 5187 5597 6136 5789 5385 5247 5823 4878 5047 5866 4959
5111 5050 4857 5231 5191 5312 5679 5219 5064 4882 5706 5465 5263 5438 5318 5162 4685 5142 5494 5473 5090 5929 5170 5333 5529 5449 4875 5047 5078 5046 5285 5343 5273 5216 5599 5236 5460 5447 5407 6010 5297 5616 5320 5096 5525 5215 5553 5005 5187 5194 5239 5455 5770 5260 5626 5355 5306 5259 5096 5304 4941 5645 5487 5437 5416 5117 5189 5472 5443 5354 5354 5207 5236 5127 5258 5290 5114 5301 5357 5446 5502 5178 5021 5689 5276 5480 5147 5515 5235 5246 5255 5266 5761 5648 5151 5108 5388 5713 5226 5351 5369 4909 5319 5202 5390 5130 5603 5448 5458 5627 4985 4653 5335 5915 5347 5273 5252 5501 5174 5241 5171 5214 5451 5120 5184 5701 5355 5698 5498 5223 5029 5112 5421 5229 5040 5792 6099 5768 5776 5752 5610 5232 5189 5298 5272 5185 5273 5540 6195 5086 5425 5536 5268 5542 5372 5382 5688 5675 5556 5308 5518 5085 5287 5355 5776 5223 5497 5283 5260 5364 5530 5759 5367 5637 5656 4994 5190 5609 5651 4681 5544 5855 5026 5255 5450 5311 5384 5693 5135 5576 5795 5253 5327 5595 5216 5914 5588 5427 5382 5393 5540 5477 5260 5802 4995 5179 5455 5325 5482 5169 5266 4728 5357 5612 5404 5771 5465 5243 5614 5406 5375 5096 5355 5356 5194 5425 5454 5442 5547 4955 5582 5231 5106 4962 5066 4958 5396 5310 4985 5026 5365 5247 5123 5521 5436 5195 5212 5605 5299 5237 5427 5942 5028 5185 5478 4704
5166 5014 4729 5174 4993 5270 5508 5264 5144 4964 5185 5090 5202 5389 5315 5111 4628 5074 5190 5099 4914 5453 4876 4981 5080 5449 4997 5169 4961 4969 5124 5564 5135 4970 5445 5351 5433 4964 5250 5598 5129 5546 5079 4909 5449 5206 5298 5354 5031 5104 5106 5213 5617 5411 5240 5235 4881 5293 4805 5058 4890 5405 5292 5125 5285 5065 5063 5230 5422 5032 5199 5064 5095 4870 5224 5176 5115 5040 5317 5195 5180 4814 4745 5451 5476 5150 5364 5200 4970 5086 5161 5106 5535 5534 5292 4971 5217 5355 5225 5064 5199 4627 4989 5164 5288 5113 5277 5281 4953 5465 4919 4460 5449 5846 5342 5062 4857 5018 4977 4951 5442 4936 5371 5022 4934 5600 5060 5285 5326 5334 5167 4864 5739 5063 5012 5313 5788 5572 5402 5711 5183 4977 5182 5171 5445 4953 5257 5508 5895 5049 5212 5149 5245 5461 4966 5031 5684 5479 5371 5173 5103 4931 5053 5362 5597 5053 5250 4909 5061 5264 5250 5375 5155 5228 5599 4950 4941 5574 5701 4657 5251 5627 4995 4898 5284 5377 5183 5512 4889 5151 5329 5223 4834 5177 5329 5722 5415 5488 5268 4998 5550 5433 5244 5443 4517 5228 5020 5213 5141 4869 5033 4713 5239 5348 5314 5666 5291 5011 5436 5411 4955 5031 5511 5194 5010 5136 5326 5323 5412 4749 5237 4846 5162 5247 5123 4885 5242 5087 5104 5013 5126 5217 5085 5114 5225 5222 5194 5696 5335 4843 5271 5576 5027 5248 5351 4759
5059 4984 5030 5254 5431 5343 5755 5274 5262 5344 5453 5051 5184 5363 5381 5497 4781 5217 5381 5091 5173 5591 5244 5150 5364 5401 4929 5205 5066 5151 5368 5601 5165 5191 5693 5286 5706 5510 5587 5875 5284 5467 5144 5103 5532 5088 5666 5345 5034 5354 5267 5440 5789 5503 5175 5496 5129 5323 5037 5214 5026 5679 5522 5403 5205 5216 4994 5402 5632 5094 5272 5126 5391 5133 5498 5447 5321 5382 5778 5483 5415 4946 5264 5326 5663 5298 5203 5276 5043 5273 5170 5191 5868 5731 5341 5206 5061 5566 5763 5451 5361 4846 5458 5376 5385 5019 5452 5375 5501 5505 4860 4653 5485 5771 5168 5262 5232 5421 5258 5021 5462 5150 5311 5034 5104 5663 5414 5336 5416 5386 5157 5116 5534 5302 4907 5798 5876 5495 5927 5682 5488 5512 5116 5495 5541 5045 5210 5688 6089 5245 5455 5472 5363 5196 5484 5310 5521 5370 5368 5409 5474 5384 5215 5359 5882 5271 5459 5074 5376 5520 5290 5493 5367 5427 5414 5040 5029 5711 5591 4914 5594 5717 5394 5070 5125 5622 5480 5902 5124 5398 5549 5049 5435 5416 5502 6032 5517 5486 5344 5432 5685 5574 5304 5670 4662 5498 5133 5398 5400 5143 5531 5042 5391 5695 5376 5785 5490 4985 5639 5309 4996 5203 5580 5579 5257 5361 5137 5348 5533 5094 5486 5291 5214 5215 5368 5161 5412 5371 5247 5353 5164 5747 5283 5220 5397 5174 5148 5862 5488 5064 5224 5749 5105 5368 5604 4977
4940 4795 4576 4837 4919 5077 5471 4886 4975 4844 5176 4896 4896 5116 5368 4923 4632 5050 5098 5169 4770 5385 5118 5212 5398 5288 4781 5448 4972 4893 5144 5346 4964 5208 5533 4943 5230 4941 5337 5529 4650 5000 5014 4926 5139 5134 5156 5288 4992 5037 5512 4859 5541 5254 4991 5260 4885 5039 4650 5015 4614 5610 5229 4994 5208 4964 4700 4920 5593 5136 4798 4990 5134 4810 5156 5403 4982 5062 5112 5431 5417 4922 4877 5098 5314 5096 4964 5328 4977 4878 4980 5130 5343 5254 5066 4870 5421 5523 5074 4785 5266 4469 4958 5088 5218 4813 5155 5127 5114 5434 4822 4566 4978 5692 5285 5105 5145 5018 4984 4923 4861 4960 5238 4776 4668 5531 4983 5256 4984 5148 4518 4901 5264 4796 4968 5278 5724 5544 5131 5448 5256 4980 4926 4823 5059 4628 5228 5388 5711 4737 5175 5418 5126 5127 4815 5049 5301 5374 5084 5197 4698 4857 4907 5173 5507 4779 4962 4615 5161 5249 4827 5213 4743 5137 5579 4763 4747 5228 5408 4681 5362 5515 4822 4947 5314 5321 4984 5257 4912 5138 5170 5181 4992 5260 4851 5878 5272 5426 5171 5063 5327 5404 5053 5408 4563 5137 4838 4971 5311 4960 5102 4876 4822 5465 5215 5431 5383 4733 5341 5261 5030 5154 5357 5071 4786 5304 5400 5139 5128 4722 5308 4885 5139 5034 4674 4796 4866 5062 4775 4960 5088 5296 4721 5108 5077 5053 5070 5754 4996 5034 5183 5341 4745 4998 5286 4845
4969 4680 4426 5307 5116 5002 5453 4834 4865 4899 5057 4894 4751 5161 5280 4823 4525 5026 5195 5014 4811 5345 4846 4896 5209 5144 4681 4833 4908 4901 4820 5224 4885 5209 5553 4849 5432 4896 5305 5486 4779 5284 4886 4953 5224 4955 5328 5152 5085 4948 5103 4920 5442 5033 5063 5158 4811 4792 4663 4913 4673 5353 5289 4832 5216 4742 4632 5358 5148 5003 4929 5226 5033 4499 5073 4984 4918 5320 5086 4860 5155 4792 4904 5166 5385 5102 5117 5179 4634 5039 4854 5133 5286 5433 4936 4957 5016 5238 5078 5006 5197 4581 4735 5007 4990 4898 5336 5036 5029 5203 4796 4746 5013 5588 4987 5206 5035 4945 4992 5029 5099 5089 5133 4427 4910 5194 4964 5178 5017 5110 4635 4483 5292 4951 4755 5207 5688 5139 5104 5449 5083 5122 4694 5008 5195 4875 4783 5337 5572 4682 4899 5148 4983 4961 4691 5061 5193 5296 4989 5172 5016 4908 4633 5057 5372 5050 4873 4712 4860 5096 5322 5244 4937 5345 5179 4748 4934 5437 5469 4526 5322 5515 4946 4798 5393 5182 5090 5269 4607 5185 5150 4866 4840 5255 4613 5538 5277 5117 4877 5056 5203 5376 4906 5414 4648 5125 5078 5100 5365 4889 5113 4964 5142 5053 5063 5425 5165 4739 5468 5160 4799 4833 5193 5088 4702 4964 5035 5230 4902 4701 5320 4857 5167 4770 4780 4868 4824 4878 4697 4905 4963 5227 4836 4981 5242 4725 5028 5555 5309 4845 4964 5247 4623 4964 5309 4533
5148 5171 4479 5092 4912 5064 5737 5048 4942 4936 5241 5178 5004 5298 5382 5085 4550 5067 5168 5176 5012 5615 4994 4952 5077 5466 4677 5098 5136 5033 5376 5246 4880 5027 5317 5185 5095 5296 5230 5757 4903 4980 5144 4947 5125 5207 5203 5301 5278 4969 5091 5290 5480 5397 4993 5213 4929 5302 4708 5348 4665 5557 5601 4942 5225 4666 5057 5212 5517 5080 5025 5298 5104 4849 5209 5199 5056 5220 5306 5130 5498 4871 5191 5146 5409 5055 4988 5279 4914 4964 5416 5095 5371 5267 5064 5085 4996 5469 5330 5048 5001 4682 4918 5217 5331 4882 5324 5225 5366 5353 4716 4853 5065 5685 4898 5015 5101 5405 5076 4931 5258 5119 5319 4864 5189 5497 4934 5095 5064 4935 4903 5027 5432 5053 5147 5367 5518 5410 5589 5277 5158 4899 5216 5310 5063 4950 5224 5668 5734 4922 5361 5484 4949 5469 5102 5021 5706 5421 5252 5016 5049 5026 4785 5124 5434 5004 5233 5282 5167 5335 5105 5661 5025 5141 5337 4957 5099 5566 5378 4644 5347 5804 4986 4997 5168 5388 5414 5516 4850 5099 5401 4770 5065 5264 4995 5623 5354 5247 5410 5160 5298 5281 4930 5206 4539 5202 5236 5166 5102 4980 5120 5034 5549 5471 5156 5527 5212 5157 5563 5354 5006 4916 5427 5247 4926 5262 5308 5284 5321 4837 5216 5026 5324 4991 4610 5163 5150 5301 4980 4952 5171 5370 4937 4817 5366 4986 5095 5709 5072 4897 5318 5416 4945 4846 5364 4586
5095 5098 4649 5117 5167 5340 5718 5200 5074 5072 5096 5321 5123 5290 5303 5155 4696 5087 5417 5168 5209 5796 5327 4953 5539 5543 4986 5317 5330 5148 5126 5473 5099 5337 5741 5030 5194 5404 5256 5845 4942 5657 5207 4973 5289 5302 5456 5379 5110 5319 5492 5189 5791 5269 5308 5464 4992 5254 5021 5384 5118 5562 5628 5268 5516 4788 5191 5308 5757 5288 5216 5181 5477 5000 5231 5228 4969 5027 5381 5443 5303 4773 5340 5432 5420 5211 5041 5502 4962 4923 5367 5050 5696 5489 5061 5199 5130 5608 5520 5163 5423 4925 5128 5391 5135 4983 5130 5390 5412 5617 5219 4718 5190 5823 5272 5323 4813 5532 5354 5000 5422 4837 5465 4833 5128 5703 5159 5435 5379 5229 5166 5307 5454 5140 5248 5538 5909 5697 5467 5357 5500 5165 5263 5339 5418 4957 5345 5654 5986 4878 5533 5390 5164 5543 5271 5382 5576 5318 5489 5245 5085 4971 5087 5324 5897 5072 4964 5085 5497 5338 5261 5657 5208 5383 5435 5234 5159 5675 5764 4755 5463 5498 4967 5090 5475 5642 5331 5488 5049 5314 5766 5072 5252 5485 5178 5908 5567 5437 5487 5454 5610 5513 5302 5467 4932 5149 5143 5448 5222 5228 5312 4979 5650 5428 5030 5858 5486 5165 5611 5348 5204 5273 5562 5188 5063 5501 5309 5241 5612 4873 5333 5273 5259 4880 4755 5440 5063 5261 5013 5087 5291 5353 5298 5269 5652 4937 4995 5832 5183 5007 5430 5522 5124 5175 5429 4824
5011 4831 4457 4921 4886 5195 5135 4842 4831 4768 5007 4943 4798 5302 5250 4896 4617 5113 5171 4866 4622 5450 4998 4716 4936 5269 4764 4851 5004 4724 5310 5393 4935 5168 5368 4889 5204 4863 4960 5538 4978 5328 4985 4886 5024 5089 5340 5126 5026 4940 4810 5175 5437 5101 5019 5030 4851 4958 4943 4867 4803 5461 5398 4959 4939 4761 5008 5483 5281 4875 5128 5059 5079 4896 5084 5068 4809 5258 5112 5187 5077 4739 4741 4920 5175 5179 5058 5116 4918 4865 5254 4910 5393 5324 5101 5055 5074 5367 5181 5079 5166 4534 4871 5110 5224 4712 5371 4835 5000 5199 4935 4398 5018 5626 4863 5055 4631 5358 4999 4934 5129 4945 4947 4835 4993 5373 4989 5351 5158 4939 4770 4849 5305 4947 5085 5408 5703 5379 5247 5431 5285 4977 5072 5210 5142 4697 5105 5491 5731 4843 5393 5312 4840 5179 4792 5041 5341 5226 5434 5049 5067 4652 5059 4896 5516 5074 4941 5116 5063 5257 4987 5152 4666 5212 5143 4909 4897 5243 5306 4764 5139 5232 4932 4645 5312 5308 5100 5437 4562 5005 5318 4878 4789 5300 4918 5533 5224 5128 5251 5134 5206 5218 5029 5104 4406 5375 4886 5028 4956 4841 5058 5093 5218 5372 4862 5253 5116 4813 5327 5187 4748 4916 5278 5176 4711 5028 5138 5232 5211 4823 5178 5081 4989 4764 4645 4854 5051 4992 4872 4999 5041 5097 5131 4674 5193 5066 5015 5352 5298 4850 5254 5212 4783 5093 5135 4365
5482 5172 4636 5367 5334 5720 5622 5350 5346 5360 5320 5420 5453 5721 5645 5412 4813 5303 5632 5349 5309 5949 5342 5160 5498 5576 4802 5532 5397 5026 5723 5927 5510 5414 5925 5429 5551 5435 5397 6006 5434 5661 5517 5124 5529 5400 5564 5482 5217 5545 5504 5418 5890 5574 5427 5499 5240 5433 5039 5433 5083 5772 5956 5480 5566 5243 5223 5645 5681 5579 5355 5529 5314 4780 5313 5605 5427 5434 5378 5697 5466 5099 5154 5519 5743 5370 5502 5833 5370 5448 5455 5388 5833 5905 5136 5354 5348 5964 5829 5333 5686 5073 5141 5807 5424 5166 5732 5437 5270 5907 5394 4918 5544 6210 5390 5518 5159 5439 5279 5341 5426 5406 5515 5221 5306 5698 5439 5829 5581 5366 4976 5236 5669 5551 5250 5548 6125 5732 5872 6006 5421 5382 5224 5384 5771 4922 5395 5687 6174 5127 5730 6025 5466 5499 5368 5401 5928 5722 5667 5619 5577 4871 5069 5465 5938 5233 5275 5325 5511 5668 5701 5816 5149 5601 5826 5191 5232 5759 5999 4846 5492 5784 5145 5343 5502 5650 5351 5769 5194 5387 5622 5210 5401 5549 5278 6139 5930 5661 5573 5317 5571 5797 5387 5636 4935 5632 5290 5619 5443 5374 5560 5060 5539 5430 5533 5683 5496 5359 5729 5791 5357 5434 5699 5498 5400 5498 5378 5612 5753 5150 5707 5350 5617 5195 5149 5255 5226 5481 5166 5394 5529 5583 5120 5372 5594 5186 5438 6077 5239 5363 5464 5630 5078 5469 5558 5106
5416 4922 4592 5237 5077 5187 5722 5108 5013 5159 5352 5435 5269 5347 5458 5196 4557 5298 5116 5201 4951 5607 5237 4989 5392 5419 4721 5184 5481 4941 5193 5301 5346 5209 5625 5046 5359 5212 5360 5822 5071 5540 5087 4998 5209 4951 5563 5004 4952 5282 5218 5217 5464 5032 5105 5212 4984 5141 4896 5331 4988 5642 5421 4975 5167 5051 4932 5546 5453 5066 5174 5282 5226 4739 5333 5346 4936 5281 5226 5544 5221 4910 4936 5279 5476 5046 5248 5536 5159 4979 5281 5187 5698 5463 5082 5436 5207 5674 5232 5273 5243 4692 4767 5204 5241 4951 5423 5331 5439 5399 4886 4793 5554 5870 5337 5269 4935 5230 5156 4953 5205 5196 5472 4945 5030 5550 5142 5507 5162 5469 4705 4928 5614 5100 5221 5601 5898 5556 5516 5631 5367 5070 5205 5069 5270 4821 5002 5556 5557 4888 5468 5393 5253 5647 5268 5103 5706 5315 5366 5432 5173 5036 5077 5638 5792 5400 5151 5227 5211 5447 5434 5413 5066 5532 5450 4788 5269 5717 5779 4867 5405 5508 5145 5179 5408 5402 4982 5499 5167 5221 5547 4991 5249 5469 5236 5479 5628 5572 5131 5203 5205 5312 5386 5614 4808 5372 5154 5464 5603 5246 5345 5068 5002 5574 5288 5593 5282 4997 5452 5569 5065 5312 5428 5257 5048 5322 5203 5060 5232 5040 5432 5160 5228 5044 4781 5096 5009 5262 5015 4990 5340 5341 5144 5137 5462 5165 5187 5856 5427 4957 5448 5429 4881 4987 5573 4755
4923 4865 4343 5101 5094 5057 5196 4933 5020 4923 5319 5089 4993 5182 5041 4696 4560 5053 4944 4987 4815 5403 4935 4685 5141 5100 5059 5274 4979 4563 4981 5225 4965 4999 5383 5019 5130 4881 5068 5571 4647 5103 5053 4895 5138 4890 5125 4915 4898 4909 5324 4996 5546 5093 4929 5030 4692 5118 4675 5000 4932 5412 5224 5052 4895 5151 4761 5142 5501 4700 5065 5016 4681 5017 5181 5159 4681 4887 5310 5104 5287 4500 4918 5098 5276 4805 5157 5026 4770 4787 5088 5038 5463 5215 4911 4898 5027 5117 5145 4893 4999 4666 4796 5135 5238 4876 5197 4757 5075 5241 5052 4411 5330 5539 5146 5093 4708 5186 4810 4873 5108 5144 5068 4897 4674 5364 5049 5239 4928 4796 4633 4968 5115 4797 4853 5290 5440 5140 5407 5365 5239 5003 4763 5263 5002 4722 4994 5471 5522 4822 5110 5372 4903 5105 4788 5120 5408 5238 5332 5219 5036 4721 5033 5094 5546 5071 4737 4913 5089 5109 5117 5163 4903 5456 5374 4529 4771 5036 5449 4786 5078 5404 4781 4936 5283 5337 5151 5444 4813 4854 5125 4941 4890 4957 5101 5588 5236 5275 5184 5199 5201 5205 5147 5110 4314 5239 4989 4863 4797 4858 5008 4819 5146 5196 4913 5431 5032 4937 5333 5040 5231 4896 5111 5239 5154 5294 5014 5083 5018 4712 5335 4831 5130 5019 4859 5022 4881 4804 5023 5047 5210 5301 4827 4765 5159 4842 5177 5788 5206 4941 5032 5240 4742 4845 5234 4598
5511 4981 4497 5266 5384 5353 5731 4949 5093 5248 5412 5348 5153 5353 5523 5195 4649 5381 5365 5426 5314 5564 5039 5045 5299 5607 4747 5205 5455 4986 5539 5568 5422 5236 5852 5350 5506 5052 5445 5909 5151 5701 5360 5035 5540 5069 5522 5055 5311 5396 5311 5172 5486 5246 4986 5355 5054 5340 4907 5335 5153 5700 5584 5086 5491 5001 5034 5611 5242 5097 5191 5443 5338 5063 5259 5289 5035 5420 5372 5386 5416 5046 4846 5335 5482 5279 5194 5473 5147 5080 5331 5200 5812 5650 5203 5364 5266 5465 5592 5139 5540 4775 5083 5280 5390 5030 5660 5196 5381 5609 4931 4681 5289 5937 5367 5279 5168 5187 4962 5105 5238 5130 5627 5026 5167 5704 5338 5455 4978 5118 4964 5009 5409 5126 5024 5599 6135 5440 5820 5860 5493 4906 5266 5208 5168 4917 5431 5659 5996 5223 5432 5449 5546 5511 5100 5225 5735 5449 5359 5358 5376 5017 4890 5517 5481 5300 5154 5226 5486 5284 5393 5491 5361 5237 5665 5104 5084 5409 5570 5092 5522 5672 5122 5094 5345 5382 5206 5460 4905 5426 5347 5110 5305 5444 5235 5660 5570 5640 5148 5078 5504 5514 5294 5506 4959 5220 5217 5481 5356 5102 5367 5022 5401 5397 5395 5700 5508 5115 5568 5475 5304 5384 5393 5446 5105 5081 5334 5347 5368 5040 5523 5039 5205 5103 4816 4849 5085 5269 4975 4930 5398 5296 5074 5113 5475 5336 5365 5594 5437 5044 5542 5578 5030 5008 5764 4931
5010 4633 4401 5005 4969 4961 5363 5013 4782 4684 4936 4983 4461 5097 5145 4916 4564 5007 4945 4937 4904 5128 4953 4615 4838 5092 4582 4980 4826 4742 5088 4952 4878 4875 4990 4926 5218 4774 5222 5372 5113 5079 4825 4965 5097 5234 5148 4760 4701 5233 5013 4842 5362 5051 4847 5094 4819 4873 4599 4992 4729 5175 5325 5083 5083 4841 4777 5083 4976 4934 5113 4948 4891 4448 4967 5089 4734 5169 5249 4873 5164 4363 4776 4805 5150 4869 4850 5103 4740 4996 4976 5038 5502 5323 4718 4822 4974 5189 5268 4876 4910 4610 4718 5089 5113 4587 5176 4891 4882 5431 4818 4576 5186 5643 4834 5171 4733 4930 4755 4918 5064 5069 4677 4491 4814 5009 4710 5057 4756 4964 4840 4932 5245 4979 4845 4964 5615 5299 5455 5376 5190 4833 4975 5005 4796 4748 5050 5379 5183 4735 5078 5256 4772 5014 4795 5009 5227 5189 5224 5076 4896 4832 4698 4770 5522 5012 4859 4964 5110 4945 5336 5376 4921 5004 5067 4697 4959 5235 5241 4710 5249 5035 4719 4803 5091 5007 5034 5344 4619 4751 4906 4491 4718 5377 5071 5554 5133 5086 5097 5222 5033 5045 4757 5073 4450 4928 4803 5134 4910 5047 5232 4563 4901 4936 4922 5253 5112 4505 5420 5154 4857 4883 4998 5115 4865 4689 5109 5017 4999 4632 5090 4948 5095 4851 4727 4931 4838 4909 4749 4812 5026 5113 4564 4756 5305 4884 5061 5357 5046 4825 4951 5303 4688 4864 5333 4511
5189 5219 4891 5425 5393 5516 5802 5262 5364 5368 5518 5293 5254 5536 5782 5388 4916 5377 5460 5545 4962 5635 5401 5262 5560 5651 4963 5474 5121 5120 5533 5666 5110 5686 5712 5536 5550 5228 5662 6035 5145 5635 5488 5292 5593 5511 5625 5253 5389 5387 5618 5624 5666 5439 5242 5346 5260 5635 5001 5385 4886 5942 5841 5642 5213 5421 5350 5513 5695 5334 5393 5228 5446 5117 5511 5725 5255 5493 5621 5559 5590 5087 5324 5612 5678 5561 5134 5604 5008 5389 5417 5216 5732 5902 5334 5119 5250 5492 5751 5393 5617 4843 5484 5367 5752 5121 5786 5486 5560 5693 5312 4800 5581 5901 5231 5465 5141 5527 5401 5297 5570 5449 5473 5065 5572 5851 5629 5789 5425 5137 5358 5213 5516 5495 5171 5727 5997 5670 6036 5814 5578 5378 5195 5643 5601 5116 5330 5984 5966 5292 5586 5753 5578 5246 5503 5494 6072 5449 5626 5670 5444 5311 5345 5239 5893 5415 5220 5459 5509 5586 5552 5722 5268 5700 5669 5509 5351 5702 5752 4939 5549 5618 5542 5008 5113 5652 5476 6103 5258 5541 5656 5296 5369 5675 5428 6184 5547 5528 5657 5526 5640 5754 5384 5813 4889 5506 5245 5736 5411 5533 5466 5098 5510 5612 5439 5978 5467 5258 5662 5486 5445 5367 5788 5616 5274 5309 5233 5345 5612 5066 5593 5569 5719 5481 5124 5239 5291 5676 5190 5437 5411 5509 5357 5119 5680 5381 5403 5918 5574 5262 5510 5675 4986 5169 5784 4920
5339 4912 4646 5292 5117 5455 5463 5152 5136 5016 5247 5251 5243 5370 5656 4999 4686 5356 5127 5167 5107 5591 5137 5029 5253 5333 4862 5331 5124 5049 5400 5295 5365 5129 5465 5421 5200 5008 5397 5706 5112 5404 5159 5183 5459 5077 5629 5089 5042 5106 5122 5251 5362 5304 5252 5122 4879 5087 4930 4892 5134 5831 5552 5098 5244 4941 4934 5208 5420 5038 5231 5010 5173 5070 5453 5333 4901 5088 5605 5543 5425 4514 5103 5152 5194 5338 5065 5384 5195 5138 5227 5071 5598 5383 5070 5182 5092 5511 5280 5199 5202 4768 4931 5220 5096 5007 5297 5327 5439 5682 5047 4620 5302 5755 5152 5448 5086 5191 4787 5052 5099 5298 5345 4785 5154 5606 5294 5462 5268 4804 4953 5117 5634 4955 5190 5475 5746 5521 5556 5638 5390 5146 5160 5319 5335 5199 5520 5616 5729 5033 5265 5383 5146 5203 4979 5314 5570 5368 5491 5589 4862 5153 5360 5447 5604 5374 5022 5048 5439 5225 5333 5235 5101 5383 5395 4954 5122 5445 5387 4829 5343 5533 5224 5119 5389 5390 5226 5748 4965 5178 5440 4838 4970 5347 5321 5945 5441 5387 5301 5528 5209 5502 4974 5395 4740 5585 5175 5543 5238 5111 5459 4970 5159 5567 5263 5687 5396 5098 5345 5457 5320 5108 5350 5070 5165 5210 5259 5537 5423 5065 5423 5524 5594 5194 4892 5127 4822 5079 5166 5126 5162 5310 5185 5049 5288 4940 5296 5814 5297 4937 5199 5455 4915 4945 5568 5040
5076 4994 4740 5175 4875 4809 5693 5094 4769 4824 5245 5208 4948 5232 5310 4965 4485 5146 5151 5234 5023 5444 5208 4793 5192 5368 5036 5051 4933 4865 5390 5301 4833 4982 5410 5229 5384 4855 5044 5493 4627 5399 5073 4834 5347 5119 5310 5094 5171 5129 5333 5149 5672 5023 5275 5286 4779 5227 4881 5183 4698 5598 5346 5110 5159 5077 5218 5286 5403 5115 4912 5109 5195 4949 5174 5316 4932 5321 5096 5305 5167 4898 4804 5169 5289 5161 5055 5322 5301 5030 5199 5023 5621 5365 4957 5046 5058 5515 5369 5315 5032 4552 4790 5213 5345 4878 5437 5192 5385 5470 5013 4490 5142 5693 5262 5413 4867 5236 4887 5099 5112 5163 5164 4760 5216 5370 5082 5372 5184 5057 4926 4973 5288 4975 4718 5448 5653 5606 5473 5448 5334 4973 5003 5111 5061 4938 5147 5495 5583 4836 5255 5208 5332 5272 5095 5231 5739 5228 5178 5175 5092 5017 5015 5191 5736 5015 5104 5054 5222 5487 5417 5217 5280 5343 5468 4648 5136 5000 5348 4829 5604 5346 5126 4629 5377 5285 5194 5512 4697 5228 5393 4838 4849 5422 5006 5696 5354 5502 5117 5000 5201 5469 5159 5182 4546 5113 5046 5251 5346 4931 5197 5039 5258 5472 5296 5625 5178 4904 5692 5291 5060 4924 5285 5187 4893 4894 4974 5028 5364 4913 5272 5003 5022 4798 4926 4872 5261 5104 4995 5041 5216 5125 5033 4878 5124 5025 5240 5400 5024 5229 5173 5340 4851 5097 5556 4663
4654 4588 4288 4807 4600 4750 5035 4625 4550 4467 4460 4379 4681 4868 5007 4322 4427 4766 4707 4545 4338 5214 4419 4405 4926 4886 4092 4513 4629 4581 4672 4904 4445 4763 5056 4804 4830 4643 4604 5235 4581 5121 4598 4628 4862 4537 4493 4637 4729 4668 4566 4858 5067 4765 4456 4774 4467 4575 4197 4767 4258 4750 4911 4649 4489 4465 4597 4994 5099 4718 4504 4704 4602 4391 4962 4608 4387 4770 4670 4743 4859 4030 4723 4978 4918 4802 4648 4717 4355 4648 4719 4527 4812 5006 4590 4784 4855 5021 4791 4589 4690 4250 4433 4779 4679 4585 5108 4763 4528 4923 4385 4215 4757 5193 4754 4857 4781 4657 4544 4792 4685 4855 4523 4476 4790 5100 4440 4693 4588 4379 4571 4691 4548 4559 4571 5103 5181 5000 5058 5273 4853 4590 4596 4640 4791 4387 4795 5167 5141 4478 4693 4789 4779 4940 4522 4988 4870 4992 4723 4687 4691 4567 4772 4802 5176 4786 4322 4780 4518 4967 4782 4828 4570 5042 4783 4429 4637 5082 4975 4306 4878 5187 4539 4483 4798 5255 4660 5073 4696 4741 5173 4618 4652 4987 4647 5347 5067 4868 4772 4888 4671 4928 4619 4820 4111 4777 4898 4709 4916 4691 4769 4411 4864 4791 4644 5150 4982 4407 4775 5033 4660 4418 4932 4668 4535 4772 4938 4889 4773 4731 4879 4732 4940 4662 4382 4662 4490 4794 4524 4692 4899 4881 4628 4614 4652 4572 4635 5255 4956 4439 5144 4923 4315 4638 4852 4240
5232 5415 4938 5634 5405 5631 5758 5524 5407 5087 5709 5719 5345 5444 5589 5280 4901 5440 5679 5437 5216 5683 5360 5250 5640 5815 5025 5418 5667 5258 5455 5589 5408 5572 5914 5311 5524 5646 5577 5982 5373 5778 5415 5200 5756 5542 6003 5505 5211 5513 5599 5420 5951 5582 5434 5722 5149 5625 5175 5618 5031 5902 5764 5367 5574 5548 5440 5497 5718 5268 5512 5558 5381 5172 5681 5522 5501 5488 5803 5389 5599 5010 4949 5338 5787 5487 5216 5664 5032 5415 5594 5396 5730 5725 5378 5337 5606 5709 5648 5190 5443 5212 5289 5569 5586 5124 5436 5482 5394 5770 5132 5061 5623 6072 5313 5556 5314 5401 5099 5164 5619 5517 5394 5464 5393 5923 5251 5765 5528 5468 5374 5375 5594 5184 5368 5620 6123 5774 5635 5662 5712 5100 5354 5372 5607 5169 5677 5632 6162 5365 5663 5764 5299 5591 5289 5365 5769 5518 5651 5393 5384 5276 5152 5534 6180 5116 5219 5295 5568 5540 5440 5822 5366 5752 5624 5251 5368 5738 5987 4929 5811 5864 5565 5559 5567 5397 5046 5952 5094 5609 5531 5409 5453 5997 5329 6075 5478 5824 5378 5611 5738 5524 5347 5560 5054 5673 5527 5682 5435 5242 5561 4982 5504 5811 5470 5772 5529 5298 5838 5590 5515 5435 5806 5329 5403 5438 5577 5444 5626 5003 5779 5359 5222 5308 5079 5373 5176 5439 5220 5261 5307 5786 5168 5449 5724 5323 5658 6151 5482 5088 5586 5883 5306 5273 5605 5014
5348 5175 5042 5364 5323 5488 5597 5038 4996 5241 5454 5572 5115 5370 5675 5176 4847 5261 5356 5223 5071 5534 5447 5274 5545 5410 4912 5551 5238 4999 5494 5552 5532 5356 5887 5315 5564 5061 5471 5787 5374 5637 5258 5189 5189 5308 5490 5425 5174 5418 5310 5485 5921 5531 5283 5026 5140 5413 5022 5551 5240 5726 5645 5243 5398 4879 5187 5170 5772 5203 5238 5418 5506 5201 5370 5390 5233 5487 5459 5603 5473 5054 5452 5640 5437 5277 5324 5530 5186 5156 5396 5267 5962 5640 5361 5367 5365 5677 5701 5438 5627 4857 5086 5538 5379 4844 5539 5508 5297 5973 5265 4939 5527 5870 5486 5240 5119 5337 5301 5448 5265 5349 5285 5076 5395 5898 5470 5462 5430 5337 5410 5180 5442 5603 5252 5472 5966 5777 5575 5706 5385 5230 5333 5307 5353 5211 5854 5770 6081 4961 5703 5638 5411 5536 5218 5541 5828 5311 5680 5510 5355 5332 5297 5335 5831 5208 5268 5360 5569 5474 5334 5522 5117 5698 5566 5048 5101 5481 5480 4865 5544 5855 5190 5229 5534 5343 5151 5810 5281 5454 5469 5197 5362 5438 5309 6116 5781 5744 5556 5297 5486 5482 5240 5816 5073 5457 5317 5492 5536 5279 5302 5000 5504 5641 5499 5869 5619 5076 5779 5421 5513 5535 5585 5425 5468 5467 5577 5195 5536 5288 5700 5514 5623 5255 4951 5161 5112 5255 4950 5190 5447 5551 5299 5304 5823 5198 5345 5647 5347 5457 5385 5442 5064 5060 5765 4856
5408 5144 4781 5158 5547 5420 5761 5368 5103 5156 5454 5417 5208 5413 5621 5156 4990 5472 5175 5280 5147 5337 4958 5089 5368 5358 5074 5590 5129 4966 5362 5757 5443 5488 5669 5352 5767 5250 5541 5860 5219 5247 5059 5434 5415 5271 5200 5309 5203 5270 5570 5460 5906 5555 5539 5495 5219 5375 4854 5253 5143 5921 5729 5433 5634 4913 4889 5642 5436 5358 5441 5663 5075 5238 5440 5398 5161 5372 5625 5507 5204 4955 5293 5431 5972 5273 5239 5430 5239 5454 5242 5347 5841 5790 5292 5429 5317 5903 5842 5332 5567 4767 5004 5454 5654 4915 5318 5630 5321 5822 5114 4936 5516 5611 5567 5456 5211 5659 5231 5329 5316 5288 5449 5162 4992 5577 5560 5627 5314 5271 5205 5052 5822 5317 5228 5577 6174 5663 6111 6192 5375 5163 5067 5243 5560 5238 5454 5874 6134 5127 5669 5793 5228 5253 5390 5361 5679 5527 5526 5427 5472 5268 5053 5325 5694 5681 5230 5288 5422 5610 5696 5711 5486 5330 5418 5191 5350 5734 5759 5025 5496 5635 5003 5223 5472 5535 5379 5835 5156 5273 5238 5078 5256 5334 5547 6087 5719 5497 5457 5464 5407 5605 5360 5709 4731 5945 5120 5562 5261 5331 5423 5268 5342 5242 5385 5619 5530 5051 5669 5841 5360 5396 5798 5605 5299 5455 5297 5679 5355 5099 5539 5156 5503 5178 5129 5182 5225 5148 5330 5215 5273 5276 5299 5531 5506 5288 5377 5837 5646 5411 5175 5523 5333 5086 5686 5101
5197 5137 4743 5250 5133 5334 5474 5332 5016 5079 5376 5110 5274 5220 5415 5060 4703 5259 5069 5183 4923 5317 5019 5136 5068 5246 4800 5656 4992 5022 5444 5266 5036 5499 5593 5315 5498 5212 5294 5832 5135 5333 5339 4982 5273 5262 5505 5185 5155 5190 5159 5361 5660 5275 5219 5295 5019 5231 4968 5301 5069 5537 5512 5385 5254 5118 5118 5113 5409 5175 5153 5401 5216 5297 5481 5270 5081 5247 5354 5248 5511 4928 5039 5323 5582 5307 5122 5230 4929 5148 5347 5246 5567 5501 4803 5175 5473 5587 5426 5328 5291 4728 4751 5245 5456 5001 5349 5394 5361 5581 5049 4960 5520 5636 4935 5367 5257 5523 5064 5229 5126 5135 5516 4974 5063 5621 5390 5387 5288 5086 5132 5127 5576 5198 5142 5465 5893 5425 6065 5754 5147 5353 5065 5424 5422 5149 5197 5730 5921 5049 5364 5411 5243 5485 5401 5041 5533 5309 5364 5426 5361 5535 5042 5351 5666 5497 5246 5208 5495 5305 5346 5467 5175 5549 5608 5132 5490 5674 5663 5188 5202 5689 5230 5096 5450 5432 4962 5610 4769 5541 5448 5244 5091 5272 5194 5933 5318 5281 5174 5569 5380 5535 5201 5641 4674 5511 4954 5435 5177 5344 5276 4900 5379 5260 5488 5565 5121 5049 5381 5577 5361 5077 5526 5189 5098 5091 5181 5446 5498 5013 5492 5264 5407 4905 4914 5133 5199 5408 4947 5288 4980 5101 4905 5193 5535 4808 5293 5724 5489 4911 5282 5334 5164 5225 5609 4898
4882 4775 4587 5111 4916 5280 5317 5318 4932 4814 5285 4906 4813 5036 5261 4896 4425 4921 5186 5125 4791 5229 4901 4951 5133 5386 4896 5084 4827 4958 5300 5102 5009 5081 5426 4939 5100 4929 5050 5479 4767 5104 5070 4746 5138 5093 5210 4894 5023 4842 5100 4960 5364 5053 4874 4990 4553 5015 4947 4825 4733 5088 5122 4918 5093 4936 5010 4885 5161 4889 4949 5097 5031 4809 5126 5250 4681 4991 4883 5013 4929 4762 4618 5056 5296 5041 4768 5030 4873 4797 5242 5156 5447 5121 4891 4683 4926 5005 5077 5042 5145 4491 5042 5108 4982 4665 5058 4795 4930 5327 4874 4400 5052 5369 5082 5136 4629 5100 4988 4686 5124 4890 5131 4654 5112 5355 4972 5392 4808 5180 4849 4523 5189 5114 4813 5147 5585 5157 5181 5293 5007 4809 4892 5022 4950 4809 5022 5100 5712 4749 5155 5179 4770 5156 5081 4865 5534 5152 5003 4918 5101 4836 5055 5036 5356 4997 4816 5151 4996 4895 5055 5195 4806 5278 5264 5024 4896 5257 5251 4601 5019 5360 4709 4844 5236 5145 5032 5547 4522 5165 5138 4880 4775 5205 4979 5460 5239 5342 4990 5260 5383 5169 4824 5472 4672 5195 4915 5167 5053 5006 4889 4728 5267 5119 5054 5414 5051 4712 5214 5036 4986 5170 5275 4982 4869 5080 4852 4974 5184 4744 5054 4979 5068 4880 4793 4778 4749 4968 4691 4978 4924 5313 4853 4728 5198 4827 4875 5266 4904 4859 4928 5275 4533 4663 5230 4500
4918 4897 4307 4886 4822 4604 5116 4684 4649 4760 4866 4985 4613 5020 5140 4864 4104 4855 5025 5170 4971 5114 4974 4615 4881 5035 4562 4856 4640 4591 4740 5129 4718 4924 5431 4963 5155 4978 5065 5216 4714 4997 4949 4563 5117 4785 5221 4690 4763 4989 5038 4835 5210 4820 4817 4805 4472 4862 4487 4808 4564 5273 5575 4952 5075 4746 4608 5048 5260 5023 4845 4922 4900 4559 5011 4918 4805 4978 5170 4856 5084 4687 4781 5140 5022 4871 4884 5151 4904 4689 5056 4984 5265 5102 4749 4829 4731 5263 5024 4717 4856 4499 4701 4941 4764 4874 5180 4998 4972 5501 4894 4094 5020 5367 4886 5189 4504 5006 4654 4661 4848 4692 5161 4503 4742 4987 4777 5208 4836 4666 4667 4453 5035 4884 4743 4867 5416 5030 5146 5384 5096 4695 4854 5053 5018 4702 4759 5379 5432 4464 5013 5034 4967 4627 4744 4931 5526 4986 4868 4964 4832 4651 4761 5161 5230 4792 4839 4603 5130 5184 4973 5405 4781 5227 5132 4930 4876 5161 5461 4314 5017 5339 4827 4662 4931 4935 4813 5271 4618 4806 5105 4746 5063 4879 4807 5543 5363 5084 5013 4717 5171 5444 4720 5021 4537 5200 4932 5142 4798 4690 5222 4763 4879 5125 4957 5391 5267 4792 5223 5234 4650 4550 5137 4874 4748 4951 4714 5101 5258 4675 5166 4630 5016 4638 4648 4858 4752 4940 4842 4900 4835 5045 4711 4735 5098 4572 4920 5602 4916 4809 4829 5189 4631 4618 5020 4572
5457 5148 4827 5406 5632 5508 5606 5408 5175 5248 5417 5690 5309 5570 5607 5201 4982 5487 5684 5497 5210 5570 5465 5298 5296 5552 5015 5568 5555 5195 5511 5685 5175 5803 5589 5472 5775 5262 5637 5899 5429 5729 5472 5142 5654 5401 5495 5584 5299 5285 5825 5452 5561 5411 5295 5363 5146 5267 5044 5499 5233 5668 5988 5636 5536 5177 5244 5646 5733 5343 5342 5235 5455 4960 5585 5622 5326 5598 5547 5404 5341 5047 5237 5548 5604 5375 5504 5402 5251 5383 5286 5524 6065 5919 5260 5248 5323 5579 5657 5550 5395 5045 5286 5671 5613 5114 5532 5318 5483 5676 5117 5037 5559 6202 5304 5385 5199 5382 4962 5513 5660 5678 5640 5155 5221 5673 5238 5565 5485 5268 5252 5289 5816 5251 5255 5380 5939 5709 5701 6043 5360 5366 5090 5464 5444 5510 5458 5893 5968 5432 5458 5675 5445 5447 5085 5620 5779 5384 5650 5555 5238 5271 5413 5503 5832 5519 5285 5219 5529 5483 5534 5913 5242 5616 5782 5322 5161 5565 5933 5042 5662 5476 5172 5318 5636 5821 5548 5897 5191 5398 5627 5125 5104 5755 5238 6138 5616 5575 5366 5287 5597 5764 5488 5824 4819 5510 5253 5507 5501 5243 5503 4986 5370 5445 5439 6004 5657 5052 5882 5607 5527 5401 5633 5364 5207 5410 5349 5692 5395 5347 5744 5341 5502 5272 5328 5204 5368 5434 5163 5061 5465 5632 5267 5215 5576 5178 5464 6035 5452 5195 5476 5995 5025 5480 5762 4996
5029 4663 4525 4986 4956 5092 5393 4943 4732 4877 5307 5208 5017 5143 5379 4797 4398 5175 5030 4985 4935 5496 4979 4774 4982 5046 4847 5455 5001 4625 5427 5313 5144 4959 5387 5052 5265 4742 5181 5452 5063 5492 5113 4902 5251 4998 5278 5003 5154 5086 5100 5171 5314 5265 5241 5340 4866 5116 4872 5225 4854 5277 5152 5257 4770 4833 5010 5316 5559 4891 5014 5096 5209 4740 5217 5066 5017 5122 5042 5057 5157 4643 4835 5170 5399 5134 5076 5084 4822 4662 4936 5040 5576 5416 5017 5099 5236 5382 5352 4946 5110 4715 4780 5151 5231 4472 5295 5061 5000 5199 4856 4892 5042 5499 5154 5103 5141 5350 5212 4825 5384 4940 5021 4704 4841 5566 5191 5239 4951 5172 4907 5122 5320 5311 4757 5285 5525 5217 5630 5587 5193 5164 4852 5201 4950 4818 4860 5453 5637 5147 5158 5230 5154 5355 4959 4888 5218 5363 5296 5015 4959 5189 5097 5194 5613 5165 4922 4844 5026 5273 5363 5173 5133 5103 5410 4838 4951 5247 5371 5069 5275 5618 4940 4752 4965 5420 4816 5312 4877 5370 5269 4768 4769 5308 5049 5612 5286 5429 5118 4954 5223 4959 5189 5327 4458 4999 4818 5035 5375 4978 5087 4696 5079 5337 5284 5645 5172 4789 5582 5318 4976 5166 5480 5065 4849 5080 5167 5179 5284 4742 5016 4839 5231 4898 4778 4703 5101 5186 4532 4797 5235 5476 4904 5032 5148 4866 5170 5384 5057 4888 5386 5417 4967 5071 5402 4573
5202 4727 4596 5334 5326 5207 5489 5252 5056 5101 5411 5501 5065 5170 5366 4920 4437 5052 5000 5161 4819 5571 4987 4946 5241 5341 4788 5331 4747 4770 5327 5400 5277 5345 5335 5106 5174 5131 5226 5515 5097 5394 5168 5313 5142 5081 5068 5033 5190 5126 5342 5193 5604 5376 5123 5096 4929 5126 4918 5239 4760 5690 5433 5421 5197 5204 4845 5276 5590 5168 5255 5256 5269 4825 5128 5195 4948 5365 5449 5140 5078 4715 5083 5317 5589 5325 5071 5438 5081 4974 5018 4792 5669 5303 5160 5085 5165 5225 5418 5172 5355 4713 5051 5323 5086 4752 5353 5184 5266 5514 4826 4718 5348 5906 5308 5122 4977 5356 4962 5063 5156 5480 5147 4974 5189 5566 5322 5414 5135 5312 4992 4764 5250 5287 5088 5321 5800 5700 5424 5596 5186 5007 5007 5177 5200 5185 5439 5424 5917 5104 5401 5219 5177 5262 5300 5152 5490 5140 5195 5217 5145 5065 5245 5161 5560 5123 5186 4920 5212 5182 5473 5496 5166 5322 5390 4795 5096 5376 5664 4689 5482 5665 5086 4939 5283 5129 5299 5377 4917 5250 5265 4890 4888 5450 5225 5785 5373 5577 5393 5231 5353 5380 4998 5430 4490 4927 4943 5507 5411 5299 5313 4877 5259 5373 5168 5581 5234 4832 5572 5213 5182 5143 5386 5211 5238 5166 5326 5119 5579 4898 5399 5031 5261 5004 5133 4996 4886 5098 5080 5238 5172 5272 4986 5176 5264 5078 5258 5488 5202 5154 5196 5529 4759 5119 5386 4994
4979 4868 4448 5173 5229 5145 5339 4868 4820 4769 5115 5173 4788 4951 5194 5057 4342 4953 5024 4999 4999 5324 5137 4856 5201 5444 4583 4957 4827 4770 5099 5150 5090 4985 5670 4949 5468 4901 5255 5367 4917 5344 5027 4730 5166 4914 5250 4973 4984 5142 5074 5372 5589 5015 5002 5165 4802 5040 4628 5206 4735 5211 5388 5019 5404 4820 4707 5295 5504 5217 4905 5053 5173 4909 5120 5295 4803 5363 5183 4978 4887 5008 5122 5452 5067 4951 4856 5147 4971 4975 5078 5175 5635 5445 4972 4912 5112 5351 5214 4928 5225 4693 5134 5504 5300 4774 5283 5011 5205 5713 4986 4505 5237 5575 5062 5269 4816 5073 4800 5013 4993 4987 5181 5020 4908 5393 5110 5074 4981 4991 4866 4992 5173 5112 5144 5324 5688 5439 5487 5205 5246 4807 4773 5317 5035 4749 5102 5324 5563 4876 5143 5265 4908 4933 4927 4944 5384 5055 5263 5090 5133 5009 4902 5023 5202 4877 5031 4968 5156 4994 5196 5376 4900 5379 5427 5094 5009 5203 5525 4866 5390 5223 5161 4850 5362 5197 4904 5364 4557 5103 5326 4930 5251 5445 4933 5785 5392 5295 4875 5255 5245 4928 5272 5168 4547 4916 5128 5236 5112 5165 5049 4736 5421 5217 5006 5466 5372 4778 5311 5474 5327 4945 5427 5226 4817 5197 5131 5122 5123 4944 5191 4676 5154 5094 4757 4682 4993 4682 5012 4922 5083 5395 5051 4905 5403 5111 5019 5539 5263 5010 5224 5439 4925 4920 5349 4780
4935 4882 4637 5109 5114 5025 5392 4853 4924 5059 4873 4960 4956 5180 5321 4963 4607 5191 5290 5210 4956 5242 5015 4868 5392 5154 4867 5106 5059 4875 5429 5349 5203 5377 5476 5227 5125 4904 5225 5429 4980 5213 5174 4999 5347 5310 5383 5083 4878 5429 5265 5083 5492 5032 4732 5375 4796 5164 5090 4888 4822 5551 5239 5224 5073 4900 4991 5338 5459 5015 5070 5347 5124 5088 5175 5084 5084 5321 5424 5187 5097 4788 4948 5366 5463 4970 4927 5375 4854 5099 5186 5138 5569 5172 4921 4866 5394 5586 5199 5304 5241 4755 4947 5270 5004 4787 5337 4848 5173 5469 4895 4519 5183 5799 4975 5141 5020 5153 5136 5093 5211 5214 5273 4972 5041 5349 5108 5225 5137 5211 5121 4832 5361 5178 5169 5280 5546 5288 5538 5522 5325 5040 5071 5216 5109 5156 5242 5451 5652 5013 5393 5527 4925 5185 4987 4869 5478 5215 5323 5383 5340 5041 4840 5092 5642 5052 4967 4999 5516 5271 5301 5485 4873 4998 5537 4914 5263 5573 5302 4996 5452 5565 4973 4861 5077 5338 5005 5431 4785 5373 5251 4737 5025 5210 4869 5642 5246 5287 5142 5454 5210 5178 5016 5426 4795 5171 5005 5278 4940 5307 5313 5001 5226 5343 5081 5578 5236 4877 5293 5295 4877 5371 5429 5001 4838 5272 5204 5258 5254 4728 5614 5010 5320 5220 4966 5000 5107 4933 5124 4895 5165 5332 4913 4944 5234 4696 5281 5552 5285 5127 5074 5211 4820 5040 5429 4769
4796 4684 4671 5000 4809 4614 5245 4878 4658 4727 5079 5202 4764 4906 5072 4542 4420 4839 4878 5088 4462 5237 5025 4714 5088 5075 4848 5171 4738 4663 4880 4960 4955 4968 5255 4783 5097 4516 4998 5504 4846 5137 4999 4829 5092 4876 4965 4775 4903 4944 5175 5086 5256 4859 4909 5124 4562 4877 4572 4970 4641 5126 5040 4888 4887 4820 4686 4927 5327 4758 4866 4976 5059 4708 5198 5227 4830 4956 5196 5035 5149 4389 4768 5400 5104 4942 4792 5080 4619 4725 4723 4959 5294 5135 4678 4812 4951 4914 5008 4868 4954 4443 4853 4844 5087 4701 4959 4899 4934 5348 4964 4312 5067 5355 5121 5036 4993 4784 4663 4805 4975 5002 5003 4769 4898 5248 4987 5131 5014 4924 4715 4823 4745 4885 4856 5125 5624 5126 5564 5292 4884 4792 4790 5065 5018 4764 4847 5225 5514 4684 4971 5161 5110 4876 5033 4849 5207 4895 5160 5009 4855 5105 4844 5115 5453 4964 4749 4872 5026 4777 5089 5173 4736 5317 5296 4878 4959 5260 5384 4814 5152 5406 4769 4688 5026 5033 5043 5442 4892 4668 5044 4676 4650 5178 4755 5376 5117 5278 5327 5078 4912 4971 4767 5271 4321 5002 4862 4844 4914 4907 5085 4580 5027 5174 4998 5448 4972 4803 5184 5375 4865 4720 5152 5020 4917 4719 4994 4862 5347 4899 5050 4872 5022 4788 4686 4877 4802 4783 4778 4822 4938 4777 4868 4900 5014 4747 5148 5450 5010 4927 4894 5097 4524 4638 5065 4415
4976 4508 4401 4970 5199 5040 5117 5082 4608 4719 4839 4790 4757 5046 5387 4766 4134 4868 4747 4932 4796 5320 4725 4810 5022 5212 4681 5030 4571 4772 5022 5014 4898 5049 5316 4824 5044 4828 5337 5281 4850 4880 4861 4926 4967 4904 4875 4962 4766 4949 4935 5016 5049 4868 4881 5138 4649 5017 4599 4782 4829 5181 5196 5060 4977 4773 4713 4862 5181 4785 4639 4902 4916 4586 4966 4861 4820 5015 5341 5072 5094 4546 4730 5126 5196 4751 4734 4942 4570 4893 4816 4964 5275 5022 4663 4673 4963 5162 5190 4938 5065 4703 4733 5057 4814 4641 5208 4688 4924 5202 4689 4367 5014 5677 4868 4975 4503 4864 4806 4821 5045 4903 4892 4541 4645 5249 4854 5176 4869 4978 4597 4542 4964 5058 4834 5061 5498 4972 5137 5307 5199 5034 4782 4971 5001 4580 5014 5225 5656 4511 5016 5176 4611 4916 4982 4953 5330 5235 5216 4966 4909 4576 4665 4691 5339 5051 4797 4523 5145 4938 5125 5092 4910 5323 5295 4419 4873 5108 5214 4509 5041 5377 4850 4682 5017 5145 5038 5369 4649 4699 4935 4884 4850 5112 4842 5354 5212 5339 4854 5172 5220 5320 4863 5235 4526 4941 5014 4753 4961 4548 5357 4615 4880 5222 4741 5127 5008 4755 5320 4923 4771 4911 4955 4997 4785 4929 4831 5102 5284 4676 5276 4728 4842 4675 4693 4732 4897 4972 4640 4917 4896 5028 4746 4764 5110 4480 4955 5460 5229 4868 4872 5125 4621 4786 5476 4594
5445 5321 4723 5197 5537 5455 5418 5392 5121 5155 5482 5526 5322 5324 5808 5173 4771 5366 5378 5363 5054 5571 5109 5298 5452 5547 5149 5411 5471 4978 5544 5520 5381 5374 5701 5269 5776 5285 5266 5841 5262 5526 5574 5122 5606 5217 5433 5581 5486 5396 5470 5489 5596 5536 5067 5178 5357 5144 4890 5227 4998 5744 5590 5141 5317 5136 5184 5728 5917 5393 5189 5349 5273 5156 5465 5604 5176 5379 5601 5381 5396 5270 5002 5543 5566 5722 5126 5424 5139 5344 5427 5287 5791 5608 5299 5118 5255 5486 5456 5442 5457 4857 5262 5552 5310 5030 5400 5321 5554 5698 5089 4985 5352 5751 5353 5451 4999 5353 5043 5311 5387 5631 5421 5078 5355 5857 5314 5744 5307 5331 4983 5112 5651 5347 5040 5742 5772 5731 5893 5842 5566 5350 4971 5552 5560 5284 5461 5920 6015 5142 5545 5571 5176 5638 5476 5522 5867 5418 5385 5365 5314 5250 5352 5185 5679 5338 4957 5305 5422 5249 5544 5489 5241 5478 5955 5058 5315 5433 5458 5395 5493 5897 5171 5171 5480 5794 5383 5707 4977 5578 5529 5011 5113 5414 5222 6224 5693 5710 5254 5438 5754 5738 5318 5443 4761 5398 5235 5543 5342 5275 5704 5136 5699 5377 5400 5806 5416 5027 5484 5813 5293 5017 5757 5375 5222 5375 5425 5561 5371 5274 5487 5300 5323 5390 5102 4864 5287 5299 5302 5447 5525 5574 5328 5097 5228 5268 5421 5826 5486 5060 5413 5560 5211 5317 5615 5128
4723 4660 4399 4801 4789 4954 5031 5155 4785 4614 4845 4999 4926 5174 5190 4832 4113 4964 4704 4632 4545 5210 4916 4798 4841 4983 4389 5030 4592 4496 4795 5019 4874 4800 5291 5052 5153 4572 4991 5330 4650 4966 4833 5081 5047 4738 4996 4854 4938 5141 4952 4952 5173 5002 4961 4921 4522 4946 4496 4890 4596 5095 4957 4967 4883 4483 4715 5003 5030 4751 5060 4980 4623 4473 5085 5037 4810 4934 4517 5000 4927 4512 4775 5094 5144 4776 4834 4996 4616 4598 4671 4913 5042 5117 5008 4857 4990 5026 4929 4702 4769 4597 4530 5033 5135 4694 5147 4886 4706 5267 4828 4219 5065 5542 4968 4871 4440 4807 4608 4944 5154 5056 4679 4638 4610 5051 4633 4936 4676 4602 4630 4636 4886 4971 4903 5076 5239 5208 5199 5367 5179 4739 4812 4730 4832 4612 4996 5428 5268 4603 4995 5254 4922 5006 4668 4731 5220 5125 4988 5050 4828 4683 4740 4804 5185 5061 4817 4751 4955 4848 5113 5184 4948 4950 5408 4536 4664 5030 5187 4474 4996 5312 4506 4536 4932 5037 4817 5186 4714 4713 4890 4672 4695 4953 4912 5435 5245 5093 5015 5005 5039 5100 4835 5243 4441 5097 4710 4791 5157 4488 4888 4676 4883 4763 4741 5213 4929 4761 5215 5214 4919 4711 5059 4838 4612 4731 4864 5012 5167 4716 5121 4711 4937 4750 4787 4642 4775 4962 4577 4652 4849 5171 4215 4735 4925 4610 4739 5327 4966 4544 4886 5168 4502 4856 4985 4487
5198 4977 4595 5133 5255 5549 5468 5187 4837 5192 5551 5232 5121 5469 5520 5054 4770 5366 5382 5237 4775 5690 5235 5025 5364 5596 5060 5442 5186 5233 5534 5609 5421 5374 5624 5112 5186 5345 5439 5671 5229 5548 5286 5355 5501 5412 5404 5262 5030 5288 5585 5603 5564 5378 5486 5299 5071 5524 5034 5388 5045 5629 5749 5258 5557 5159 5156 5529 5637 5304 5098 5530 5256 4779 5535 5329 5204 5247 5306 5425 5484 4865 5192 5532 5815 5269 5424 5411 5017 5319 5404 5300 5820 5594 5142 5495 5473 5826 5328 5433 5447 4914 4911 5730 5420 5012 5529 5373 5403 5561 5210 5038 5191 5896 5172 5431 5163 5481 4944 4999 5537 5363 5487 5149 5029 5584 5392 5527 5182 5284 5311 4983 5480 5104 5349 5393 6006 5635 5739 5847 5667 5453 5150 5430 5526 4848 5483 5788 5977 5029 5616 5551 5288 5670 5356 5105 5825 5616 5522 5443 5269 5150 5279 5496 5787 5455 5354 5213 5274 5880 5627 5739 5270 5584 5489 5597 5194 5631 5737 4927 5519 5679 5197 5191 5550 5603 5416 5889 4860 5280 5523 5222 5403 5607 5196 5851 5584 5518 5255 5391 5475 5538 5352 5565 4802 5581 5316 5246 5364 5349 5276 5046 5500 5632 5461 5798 5154 4962 5766 5611 5128 5579 5782 5496 5199 5374 5538 5420 5502 5012 5564 5218 5512 5034 4843 5136 5279 5253 5099 5218 5272 5503 5152 5377 5650 5169 5244 5987 5550 5250 5487 5743 5011 5252 5568 5104
4995 4814 4700 5245 5212 5167 5294 4837 4839 4897 5386 5003 4804 5187 5412 4925 4638 5027 5100 4855 4890 5229 5078 4746 4868 5070 4849 5113 4932 4736 5026 5280 5061 5055 5524 4932 5055 4937 5107 5678 4685 5431 4969 4880 5084 4808 5278 4969 4967 5037 5081 5342 5272 5371 4967 5069 4993 5198 4658 5033 4849 5490 5319 4847 4951 4950 4852 5132 5499 4923 4944 5081 5192 5051 5039 5079 4835 5049 5255 5089 5184 4826 4992 5215 5442 5098 4757 5042 4797 4972 5089 4924 5452 5165 4911 4957 5234 5080 5197 4849 5155 4708 4968 5160 5215 4846 5325 4993 5271 5531 4919 4297 5290 5610 5189 5158 4781 5165 4953 5099 5040 5052 5283 4975 4918 5406 5289 5294 4897 4814 4819 4998 5007 4962 4801 5511 5618 5295 5650 5441 5168 5008 5011 5249 5174 4828 5168 5460 5771 4842 5304 5277 5023 4987 5246 5233 5824 5251 5163 5137 5032 4897 4908 4896 5536 5103 4935 4855 4966 5328 5146 5166 4987 5292 5183 4765 5086 5313 5179 4897 5204 5415 4700 4824 5050 5023 5294 5486 4857 5333 5177 4761 5027 5216 4880 5733 5272 5290 5086 5215 5370 5249 5293 5534 4479 5368 4859 4965 5016 4848 5041 4504 5424 5284 5155 5355 5128 5004 5397 5119 4947 5080 5454 5200 5091 4996 5056 5154 5590 4939 5420 4906 5021 4709 4857 5124 4997 5151 4747 5124 5120 5017 4958 4721 5306 4656 5187 5520 5436 4991 5116 5217 4803 4994 5339 4594
5446 4870 5083 5375 5416 5649 5782 5416 5324 5248 5647 5482 5005 5418 5532 5389 4898 5388 5431 5353 5284 5572 5489 5215 5548 5514 5185 5544 5204 5009 5351 5501 5545 5209 6188 5346 5312 5326 5561 5889 5478 5887 5358 5239 5384 5017 5616 5460 5455 5548 5364 5438 5752 5551 5424 5502 5017 5433 5121 5077 5278 5704 5887 5458 5408 5220 5086 5445 5713 5369 5488 5435 5498 5136 5504 5652 5522 5537 5421 5608 5624 5114 5463 5598 5418 5499 5265 5707 5281 5308 5396 5414 5874 5687 5365 5476 5478 5729 5599 5170 5385 5098 5213 5458 5540 5071 5520 5492 5458 5742 5195 4999 5656 5981 5652 5689 5436 5358 5385 5474 5622 5257 5386 5183 5392 5769 5384 5537 5656 5276 5290 5295 5477 5371 5292 5696 5970 5618 5949 5796 5504 5419 5377 5504 5720 5000 5447 5785 6215 5080 5569 5604 5627 5760 5287 5848 6062 5673 5676 5593 5465 5308 5330 5744 6017 5261 5385 5523 5615 5403 5505 5525 5505 5696 5697 5360 5410 5690 5607 5122 5666 6075 5302 5414 5543 5416 5586 5934 5061 5533 5456 5223 5378 5703 5529 6088 5982 5846 5169 5491 5421 5415 5382 5991 4950 5370 5525 5370 5445 5130 5477 5033 5448 5754 5679 5805 5473 5031 5803 5557 5176 5599 5723 5318 5314 5376 5305 5297 5843 5171 5837 5116 5518 5112 5364 5385 5425 5378 4834 5472 5580 5342 5341 5325 5895 5198 5430 5954 5413 5230 5502 5462 5267 5185 5639 4921
4739 4769 4390 4860 4668 4949 5317 4598 4875 4728 4989 5270 4753 5220 5247 4562 4559 5000 5105 5010 4660 5256 4772 4707 4982 5268 4852 5114 4846 4645 4954 5089 4953 5070 5076 5044 5110 4971 5037 5500 4942 5214 5012 4994 5122 4820 5182 4957 4758 4788 5133 5119 5371 5030 5004 5297 4823 4898 4548 5012 4841 5278 4830 5004 4865 4879 4890 4905 5178 4591 4900 5023 4896 4699 5299 5034 4979 5077 5384 4848 5113 4555 4976 5299 5270 5224 4920 5000 4709 4737 5229 4954 5518 5370 4960 5004 5117 5466 5343 4854 4979 4618 4612 5099 5044 4514 4988 5165 4959 5422 4669 4785 4887 5545 5006 5032 4921 4828 4967 4608 4957 4965 5196 4540 4737 5321 5205 5223 5011 4780 4703 4695 5242 4924 4801 5271 5476 5170 5334 5135 5061 4950 4761 5206 4905 4745 4946 5072 5543 4811 5062 5159 4732 5056 4838 4779 5478 5144 5208 4911 4886 4945 5097 4892 5452 4906 4624 4877 4950 5149 5022 5360 4811 5103 5084 4679 4596 5082 5279 4559 5190 5311 4916 4822 5154 5118 5043 5137 4958 4999 5059 4673 4790 5024 4954 5586 5046 5261 4964 5068 5105 4935 4827 5373 4479 5064 4959 5069 5028 4957 4846 4800 5133 5243 5093 5564 4975 4712 5145 5229 4812 5055 5259 5044 4852 4896 5026 5045 5101 4615 5118 4920 5188 4612 4683 4714 5025 4961 4738 4928 4875 4754 4657 4917 5264 4630 5222 5405 5083 5067 4865 5413 4801 4923 5233 4659
5082 5079 4821 5296 5293 5265 5634 4979 5154 4917 5308 5248 4763 5139 5627 5131 4598 5006 5324 5281 4968 5357 5014 4861 5051 5721 4707 5087 5220 5057 5198 5329 5175 5255 5369 5255 5493 5156 5340 5449 5187 5186 5290 4945 5131 5230 5246 5364 5339 5445 5359 5406 5662 5374 4963 5333 4842 4905 4733 5266 4662 5581 5521 5381 5447 5007 4927 5074 5728 5123 5131 5392 5312 4794 5362 5302 5023 5429 5390 5362 5389 5032 5212 5515 5578 5089 5170 5528 4897 4996 5138 4838 5622 5612 5212 5110 5157 5381 5417 5238 5218 4735 5192 5217 5288 4770 5117 5357 5247 5604 4752 4732 5362 5883 5374 5205 4843 4985 4988 5070 5256 5067 5388 5012 5079 5706 5071 5395 5180 5297 5077 5008 5431 5254 5354 5492 5851 5854 5418 5457 5424 5022 5215 5220 5401 5020 5352 5725 5861 5233 5282 5454 5114 5207 5086 5224 5709 5563 5172 5179 5335 4949 4906 5201 5472 5017 5146 5119 5378 5303 5122 5720 5009 5215 5483 5175 5197 5545 5678 4669 5463 5401 5256 5244 5426 5336 5426 5536 4907 5413 5563 4941 5152 5209 5066 5643 5237 5502 5227 5198 5255 5505 5022 5391 4524 5363 5185 5497 5072 4961 5078 4627 5389 5382 5201 5607 5442 5182 5695 5482 4825 5142 5629 5194 5120 5149 5264 5179 5256 5099 5137 4984 5125 5055 4776 5068 5068 4905 5263 5185 5147 5434 4946 5173 5296 5135 5278 5805 5252 4845 5327 5705 4738 5155 5368 4840
5246 4827 4698 5098 5327 5454 5518 5086 4981 5061 5423 5179 5028 5151 5318 5110 4734 5225 5295 5290 4947 5478 5655 5074 5285 5422 4946 5469 4947 5000 5447 5437 5359 5313 5711 5198 5359 5155 5370 5873 5081 5523 5283 5026 5428 5262 5502 5118 5340 5305 5270 5379 5500 5461 5485 5411 4953 5081 4933 5443 5156 5674 5711 5158 5465 5100 5098 5171 5627 5106 5124 5244 5160 4957 5030 5232 5057 5123 5446 5420 5127 4737 5131 5307 5521 5350 5163 5464 5090 5091 5247 5201 5889 5481 5139 5095 5389 5397 5166 5333 5572 4749 5149 5185 5361 4936 5679 5124 5232 5582 5067 4810 5580 5689 5094 5275 5171 5321 5018 5082 5327 5371 5349 4913 5304 5686 5210 5210 5128 5048 4883 4992 5420 5336 5010 5620 5839 5634 5488 5718 5486 5235 5045 5538 5287 5077 5281 5547 5980 5332 5479 5341 5292 5595 5300 5315 5638 5579 5337 5409 5215 5128 5133 5540 5851 5255 5232 5242 5454 5319 5393 5569 4890 5494 5500 5010 5237 5597 5520 5016 5459 5502 5172 4923 5493 5534 5430 5744 4793 4988 5793 4970 5173 5404 5586 5810 5570 5430 5531 5407 5431 5631 5150 5263 4817 5405 5146 5451 5428 5179 5333 4662 5359 5746 5476 6010 5566 5173 5724 5557 5464 5342 5650 5478 5190 5165 5452 5436 5497 4985 5331 5333 5218 5082 4828 5143 4876 5232 4874 5183 5100 5281 5285 5171 5416 5100 5196 5814 5190 5372 5528 5495 5008 5249 5376 4635
5316 5125 4825 5446 5415 5566 5754 5170 5109 5281 5815 5373 4988 5225 5365 5328 5098 5226 5634 5453 5007 5557 5392 5254 5441 5440 5105 5477 5293 5141 5600 5544 5328 5460 5758 5560 5566 5560 5424 5992 5356 5617 5396 4884 5483 5355 5862 5522 5214 5376 5549 5405 5848 5472 5373 5534 5028 5293 5092 5332 5084 5772 5735 5318 5503 5324 5122 5378 5722 5201 5099 5253 5319 4965 5279 5483 5338 5537 5464 5454 5570 5347 5267 5389 5652 5630 5485 5727 5293 5178 5284 5297 6092 5947 5486 5095 5300 5821 5599 5307 5083 4871 5492 5318 5695 5147 5403 5180 5354 5937 5134 4906 5504 5818 5345 5429 5271 5381 5262 5200 5580 5260 5374 5094 5408 5783 5418 5473 5526 5301 5128 5168 5665 5426 5392 5625 5937 5671 5920 5899 5390 5308 5327 5526 5525 5135 5300 5777 5801 5242 5257 5712 5484 5494 5489 5501 5870 5576 5101 5481 5507 5163 5232 5598 5763 5185 5405 5270 5554 5462 5467 5676 5244 5668 5514 5137 5061 5788 5923 5033 5529 5578 5343 5504 5463 5523 5516 5810 5020 5550 5526 5176 5627 5356 5338 6003 5654 5534 5338 5491 5542 5572 5304 5955 4653 5285 5222 5732 5277 5588 5036 4904 5348 5478 5666 5675 5480 5090 5753 5758 5122 5021 5719 5526 5124 5592 5434 5370 5281 5127 5454 5273 5210 5202 5198 5032 5340 5121 5250 5398 5154 5582 5418 5230 5510 5195 5603 6007 5477 5171 5511 5832 4810 5085 5582 5027
4875 4619 4457 4881 4865 4771 5488 4889 4846 4824 4867 5048 4814 4817 5245 4650 4717 4677 4801 5036 4997 5258 4921 4734 4971 5141 4905 4817 4841 4768 5163 5108 4603 5019 5218 4778 5268 5099 4892 5400 4638 5054 5028 4778 5206 4807 4998 4877 4748 5044 5103 4993 5262 5065 4834 5139 4763 4727 4552 4719 4561 5540 5157 4916 5029 4780 4775 5025 5233 4742 4898 4853 5131 4667 4753 5116 5004 5001 5110 4935 5067 4833 4791 5187 5368 5100 4723 5095 4599 4696 4713 4925 5392 5349 4799 4759 4882 5383 4966 5205 4928 4591 4848 4938 4831 4660 5160 5100 5070 4994 4786 4309 5037 5583 5059 4962 4825 4783 4776 4774 5014 4974 5228 4820 5026 5373 4879 5307 5059 5005 4685 4707 4941 4855 4634 5078 5358 5145 5133 5058 4896 4768 4737 4817 5145 4666 4928 5230 5509 4757 5055 5239 4972 4867 4891 4871 5131 5123 5050 4936 4761 4496 4758 5051 5337 4963 4991 4777 5067 5129 5016 5230 4908 5260 5030 4941 4854 5388 5251 4602 5177 5186 4917 4812 4906 5202 5080 5531 4557 4959 5089 4792 4931 5161 4983 5436 5041 5223 4892 4980 5287 5200 4928 5148 4646 4964 4963 5093 5095 4894 5036 4683 5274 5131 5072 5202 5010 4851 5422 5155 4745 4957 5395 4989 4744 4891 4880 4978 5135 4697 5052 5131 4989 4954 4647 4921 4888 5156 5026 4832 5034 5159 4686 4882 5035 4812 4977 5376 5072 4434 4877 5315 4715 4691 4979 4550
5087 4991 4627 5097 5188 5149 5622 5358 5174 5003 5275 5201 5286 5239 5264 5065 4565 5103 5223 5347 4896 5491 4904 4843 5344 5404 4760 5064 5246 4815 5274 5180 5126 5053 5725 5114 5344 4940 5124 5809 5210 5804 5113 4719 5176 5060 5228 5380 5317 4941 5113 5352 5362 5117 5250 5276 5014 5371 4777 5150 4848 5605 5528 5008 5332 5107 5215 5236 5414 5154 5020 4915 5459 4838 5359 5230 5122 5286 5330 5505 5343 4743 5235 5361 5363 5367 5306 5268 5030 5111 4915 5135 5701 5335 5310 5182 5224 5313 5347 5147 5166 4824 4982 5438 5281 5027 5457 5176 5130 5547 4991 4772 5280 5912 5383 5407 5129 5021 4822 4853 5395 5164 5423 4791 5148 5505 5161 5526 5197 5162 4955 5001 4988 5241 5103 5401 5604 5328 5605 5524 5224 5078 5103 5411 5166 4975 5309 5544 5738 4980 5360 5170 5233 5381 5354 5015 5555 5358 5424 5428 5229 5206 5076 5214 5602 4804 4840 5190 5133 5066 5255 5531 5203 5512 5481 5213 5135 5582 5524 4979 5349 5366 5106 5074 5575 5424 5105 5612 5017 5289 5546 4808 5070 5239 5255 5807 5443 5169 5258 5410 5414 5148 5251 5548 4684 5199 5184 5095 5466 5059 5268 4799 5209 5473 5280 5631 5510 4984 5652 5421 5246 5091 5316 5170 5085 5238 5112 5032 5274 4966 5149 5290 5230 4875 5091 4920 5042 5456 5121 5082 5402 5619 5174 4992 5195 4929 5089 5641 5042 5076 5321 5402 4814 5007 5705 4922
5136 4884 4802 5151 5359 5302 5678 5416 4972 5022 5508 5307 4958 5320 5362 4931 4623 5369 5010 5151 4956 5414 5057 5060 5278 5183 4742 5216 4897 5016 5334 5465 5175 5468 5587 5143 5406 5207 5242 5965 5075 5191 5139 5102 5360 5117 5368 5132 5154 5314 5295 5250 5479 5057 5290 5210 4939 5401 4891 5391 4912 5490 5593 5262 5181 5060 5004 5184 5489 5012 5259 5280 5222 5078 5378 5418 5234 5250 5451 5025 5258 4808 5020 5155 5359 5220 4752 5389 4958 5116 5178 5247 5754 5296 5146 5106 5117 5238 5259 5181 5372 4720 4957 5125 5183 4848 5166 5018 5333 5584 4973 4700 5317 5831 5190 5199 4910 5266 4902 4952 5312 5231 5325 4887 4996 5724 5381 5217 5144 5138 5025 5059 5374 5190 5195 5289 5681 5536 5601 5474 5428 4931 5093 5426 5204 4852 5325 5658 6064 5229 5198 5355 5087 5486 5236 5337 5633 5235 5408 5177 5304 5059 5174 5124 5678 5169 5218 5024 5518 5205 5342 5577 5072 5469 5412 5132 5042 5439 5507 4915 5582 5709 5026 4972 5397 5202 5306 5339 4697 5147 5161 4958 4993 5419 4983 5690 5451 5247 5260 5261 5454 5150 5244 5451 4786 5068 5219 5235 5097 5109 5103 5065 5631 5356 4927 5686 5164 5091 5738 5343 5324 5243 5380 5373 5137 5358 5051 5437 5308 5025 5363 5320 5311 5100 4907 5046 4993 5152 5083 4781 5134 5509 5036 5010 5406 5151 5011 5541 5303 5103 5375 5488 5049 5221 5444 4978
5100 4595 4397 5155 5031 4926 5329 4910 4626 4940 5204 5020 4847 5167 5207 4724 4342 4811 5106 5200 4742 5256 4839 4725 5106 5122 4632 5014 5026 4644 5033 5429 4925 4982 5243 4862 4887 5028 5187 5582 4738 4942 5112 4835 5077 4861 5187 5008 4754 4783 5019 5089 5333 5117 4981 5279 4789 5096 4795 5024 4836 5270 5349 4967 5118 4978 4793 4940 5252 4774 4983 5118 4968 4768 4861 4884 4827 5236 5371 4801 5275 4681 4855 5131 5133 4881 4935 5283 4621 5045 5066 4800 5462 5101 4865 4918 5069 5359 5279 5185 5075 4603 4740 5055 4828 4827 5051 5100 4937 5428 4726 4528 5076 5664 5143 5042 4924 4984 4726 4800 4878 4794 5085 4703 4992 5406 5239 5124 5111 5076 4770 4818 5148 4960 4981 5272 5519 5309 5374 5482 4950 4834 4853 5182 4966 4715 5103 5212 5731 4679 5219 5322 5077 4927 5214 5214 5473 5393 5073 5100 4990 4891 4632 5159 5344 4905 4860 4992 5076 5192 5393 5235 4812 5381 5285 4738 5021 5185 5443 4992 5205 5332 4941 4726 5295 5295 5152 5308 4742 4916 5423 4805 4599 5465 4621 5709 5231 5159 4810 4872 5254 5024 4947 5345 4191 5294 5063 5176 5030 4988 5073 4620 5402 5179 5163 5386 5176 4470 5271 5035 4865 5090 5549 5161 5018 5153 4781 5025 4980 5065 5059 4972 5001 4879 4643 4779 4782 4940 4764 5125 5165 4831 5118 4800 5156 4654 5057 5557 4987 4855 5082 5373 4786 5018 5431 4642
4877 5066 4673 5293 5186 4906 5244 5090 4919 5019 5074 5249 4849 5309 5373 4892 4714 5053 4969 5004 4798 5367 4952 4916 5502 5231 4720 5105 5084 4672 4929 5325 5000 5307 5552 5094 5259 4802 5352 5591 5049 5449 5159 5003 5058 5076 5290 5253 4967 5030 5125 5358 5322 5219 5061 4981 4936 5219 4724 5268 4775 5379 5588 5107 5092 4863 5089 5268 5372 5033 5304 5201 5010 4852 5101 4985 5085 5378 5211 5004 5188 4766 5312 5245 5339 5158 4988 5371 4997 5149 4874 4998 5370 5464 5042 5064 5335 5460 5128 5047 4973 4618 4807 5169 5309 4701 5060 5160 5127 5482 4723 4492 5221 5774 5088 5015 5035 5150 5089 5074 5265 5175 5326 5102 4977 5697 5098 5349 5269 5099 5043 5111 5381 5044 4862 5175 5761 5658 5604 5477 5044 5055 5091 4885 5313 4878 5230 5461 5488 4826 5118 5323 5096 5004 4899 5350 5711 5198 5554 5221 5106 5218 4740 4922 5599 5126 4904 5166 4764 5195 5376 5380 5081 5388 5046 4760 5001 5532 5383 4693 5438 5323 5036 4850 5193 5156 5189 5471 4833 5109 5243 4996 5144 5294 5041 5598 5289 5139 5116 5226 5112 5006 5051 5484 4577 5264 5114 5293 5048 5006 5167 4472 5086 5397 5245 5488 5291 4996 5585 5385 5157 5047 5267 5032 4971 5247 5073 5001 5469 4828 5379 5249 5357 4893 4754 4843 5155 5102 4834 5033 4903 5355 4897 4944 5579 4945 5091 5557 5279 5108 5232 5165 4715 5142 5326 4683
5349 5012 4784 5239 5221 5547 5704 5325 5005 4862 5243 5195 4934 5532 5586 5099 4663 5229 5379 5236 5089 5649 5016 4923 5416 5397 4778 5247 5021 4901 5336 5475 5294 5119 5428 5001 5464 4856 5125 5547 5122 5442 5071 5090 5616 4920 5109 5079 5169 5119 4828 5161 5473 5541 5315 5092 4777 5305 4778 5074 4975 5356 5426 5159 5145 5083 4879 5220 5578 5073 5195 5218 5056 4742 5417 5174 5326 5290 5256 5564 5313 4632 5145 5369 5390 5539 5036 5397 5031 5016 5112 5060 5469 5642 5190 5262 5025 5538 5487 4961 5328 4725 4873 5550 4921 4902 5312 4961 5292 5510 4736 4522 5040 5701 5301 5243 5005 5157 4857 5051 5400 5265 5192 4963 5050 5847 5364 5495 5246 5134 4938 5081 5433 5096 5032 5389 5866 5458 5600 5470 5202 5043 5129 5116 5384 4891 5458 5682 5700 4856 5436 5172 5274 5220 5082 5231 5417 5389 5577 5453 5053 5290 4819 5132 5551 5072 4938 5189 5179 5295 5363 5635 5147 5427 5445 4861 5053 5513 5591 5019 5235 5496 5073 5089 5371 5596 5238 5700 4929 5034 5120 5084 5009 5456 5160 5933 5607 5492 5262 5226 5388 5526 4892 5233 4637 5188 5299 5229 5256 4884 5302 4832 5425 5315 5201 5513 5115 4716 5500 5396 5080 5006 5431 5271 5130 5093 5561 5235 5302 5051 5508 5011 5714 5001 4996 4880 4902 5161 4969 5317 5283 5350 4840 5051 5386 5106 5218 5818 5301 4906 5233 5423 4767 5093 5551 4895
5570 5261 5019 5549 5513 5437 5879 5298 5406 5147 5588 5591 5362 5442 5802 5396 5007 5549 5550 5547 5305 6020 5646 5352 5579 5370 5226 5530 5373 5453 5567 5618 5574 5365 6085 5754 5750 5293 5673 6149 5416 5698 5386 5424 5512 5503 5781 5366 5455 5599 5851 5631 5841 5578 5494 5381 5294 5496 4884 5628 5313 5813 5738 5487 5502 5189 5438 5588 5634 5245 5549 5483 5356 5179 5555 5400 5378 5686 5534 5523 5653 5194 5321 5552 5657 5574 5482 5626 5307 5428 5456 5242 5923 5826 5303 5449 5430 5647 5727 5457 5663 5025 5416 5533 5672 5203 5876 5802 5656 5911 5394 4913 5454 6044 5716 5563 5498 5486 5184 5587 5443 5591 5445 5347 5366 6020 5506 5757 5511 5142 5364 5370 5455 5630 5340 5714 6182 5860 6040 5748 5790 5240 5424 5712 5431 5053 5853 5904 6158 5405 5688 5843 5340 5579 5301 5776 6141 5596 5829 5679 5624 5123 5299 5597 5908 5440 5298 5606 5607 5514 5890 5820 5552 5835 5705 5389 5509 5580 5746 5215 5802 5839 5554 5308 5627 5501 5443 5735 5032 5742 5595 5205 5314 5883 5444 6024 5641 5630 5544 5665 5686 5612 5430 5882 5192 5677 5629 5527 5517 5398 5408 5110 5480 5683 5613 6062 5288 5368 5935 5645 5298 5306 5744 5562 5379 5579 5628 5708 5531 5192 5687 5473 5553 5137 5106 5129 5359 5503 5362 5406 5498 5581 5295 5395 5933 5236 5726 5947 5752 5400 5528 5514 5239 5407 5797 4939
4899 4853 4501 5249 5186 5169 5439 5328 4950 5132 5068 5109 5049 5193 5251 5017 4642 5282 5147 5146 4745 5405 5185 5053 5154 5456 4780 5043 5131 4672 5255 5353 5007 5488 5601 5035 5139 4985 5145 5615 5147 5208 5158 5131 5553 4868 5600 4981 5050 5047 5311 5255 5539 4910 4845 5435 4897 5110 5018 5303 4797 5289 5311 4973 5287 5017 5111 5304 5460 5134 5414 5049 5067 4932 5367 5206 4777 5201 5390 5095 5158 5093 5102 4946 5385 5337 4736 5481 4776 5223 4995 5240 5385 5174 4978 4924 4894 5480 5350 4933 5204 4743 5001 5128 5469 4750 5377 5098 5279 5694 5020 4651 5228 5650 4899 5307 5017 5282 4979 4899 5299 5137 5202 4785 5004 5505 5027 5191 5078 5172 4950 4909 5262 5078 4925 5350 5562 5090 5577 5215 5346 5020 4904 5136 5327 5141 4961 5431 5738 4921 5275 5511 4948 5320 5339 5092 5457 5265 5203 5281 4924 4832 4940 5216 5621 5499 4732 4956 5210 5222 5112 5563 4922 5183 5379 4986 5049 5600 5543 4630 5089 5553 5125 5027 5316 5465 5237 5292 4734 4962 5252 4860 5120 5319 5134 5619 5448 5356 5092 5195 5216 5524 5133 5307 4723 5391 4997 5463 5009 5197 5070 4732 5448 5394 4798 5680 5203 4866 5497 5453 5006 4968 5530 5201 5056 5274 5038 5291 5743 4806 5349 5274 5183 5216 5050 5005 4959 5058 5110 5118 5089 5645 5210 4786 5415 4866 5238 5551 5159 4987 5153 5314 4709 4744 5371 4633
5253 5037 4545 5325 5353 5128 5727 5105 4982 4969 5288 5453 4974 5278 5435 5113 4668 5224 5321 5328 4878 5835 5270 5342 5338 5737 4807 5179 5035 4943 5312 5331 5167 5147 5555 5274 5442 4997 5433 5791 5207 5476 5182 5012 5128 5313 5416 5316 5156 5465 5357 5409 5683 5253 5303 5312 4909 5118 4884 5311 4834 5481 5352 5297 5175 5138 5302 5432 5455 4951 5240 5412 5008 4808 5569 5200 4838 5347 5420 5311 5680 5000 5126 5317 5449 5108 5268 5407 4958 5123 5272 5478 5825 5355 5352 5288 5260 5989 5335 5369 5394 4648 5036 5070 5400 5084 5413 5580 5322 5718 5185 4609 5427 5793 5317 5381 4933 5326 5348 5129 5226 5206 5301 5072 5036 5466 5257 5360 5434 5157 5173 5218 5370 5271 5118 5561 5918 5373 5753 5380 5488 4918 4868 5329 5210 5090 5067 5720 5639 4968 5357 5670 5219 5521 5264 5100 5720 5754 5523 5401 5285 4948 5245 5377 5913 5417 5135 5140 5464 5437 5377 5489 5295 5494 5504 5058 5175 5555 5695 4831 5447 5720 4925 5005 5621 5323 5462 5872 4983 5261 5328 4964 5294 5442 5119 5886 5470 5519 5195 5550 5299 5148 5296 5795 4557 5492 5215 5280 5084 5069 5462 4802 5299 5435 5342 5618 5317 5111 5729 5632 5438 5160 5381 5400 5198 5219 5250 5112 5329 4923 5483 5343 5396 5120 4982 4920 5517 5192 5282 4998 5361 5468 4936 5152 5479 4923 5408 5859 5515 5125 5260 5332 5023 5301 5375 4711
4765 4854 4535 4809 5050 5071 5256 5076 4963 4908 5168 5124 4921 4820 5247 4664 4234 4986 4935 4897 4658 5150 4917 4665 5011 5240 4364 4938 5374 4686 4951 5031 4887 4787 5135 5014 5060 5047 4869 5504 4515 5081 4857 4548 5058 4898 5106 5025 4908 5030 5083 4905 5361 5283 4944 4905 4672 5155 4538 5007 4659 5099 5104 4738 4860 4925 4802 5305 5406 4956 4988 5136 5145 4839 4961 5190 4898 4751 5062 4952 5022 4553 4745 4910 4999 4862 4864 5041 4724 4753 4854 4831 5156 5100 4823 5020 4716 4972 5237 4911 4644 4686 4632 5091 5086 4608 5073 4754 5105 5240 5056 4442 4842 5454 4926 5069 4946 4832 4536 4783 5090 5116 4815 4822 4591 5124 4903 4944 4968 4804 4529 4722 5142 4924 4792 5081 5792 5128 5152 5160 5042 5065 4897 5069 5168 4754 5118 5264 5400 4778 5023 5040 4921 4775 4885 5131 5186 4918 4822 4957 4986 4760 4729 5061 5169 4925 4940 4938 4814 4846 5225 4970 4859 5097 5077 4592 4836 5311 5221 4830 5312 5113 4745 4846 5030 5250 4879 5464 4698 5139 5357 4746 4805 5107 4865 5833 4887 5133 4922 5062 5157 5153 4865 5122 4368 4928 4901 5212 5021 5021 4986 4620 5127 4951 5086 5432 5259 4843 5137 5203 4880 4709 5300 4786 4761 4947 5032 4847 4917 4809 5125 4728 5008 5001 4805 4812 4771 4745 4761 4716 5125 5137 4674 4929 5107 5037 4885 5693 5082 4587 5350 5053 4881 4734 4955 4682
5392 5246 4642 5478 5298 5330 5856 5206 5288 5216 5324 5202 5207 5393 5473 5392 4705 5500 5397 5285 5195 5575 5307 5050 5449 5795 5018 5304 5089 5131 5496 5497 5402 5326 5813 5420 5384 5247 5556 5947 5299 5701 5020 5067 5355 5444 5540 5392 5359 5605 5289 5400 6025 5521 5169 5573 4808 5512 4993 5357 5157 5685 5794 5360 5685 5454 5306 5167 5725 5448 5384 5380 5366 4914 5476 5403 5390 5394 5604 5455 5450 4977 5175 5381 5715 5330 5115 5538 5274 5562 5397 5451 5774 5671 5481 5414 5474 5618 5722 5249 5323 4770 5215 5521 5299 5257 5496 5345 5389 5871 5181 4795 5433 5955 5274 5517 5143 5384 5187 5263 5479 5421 5465 5057 5452 5849 5318 5324 5170 5169 5096 5187 5571 5422 5194 5333 5874 5633 6004 5591 5178 5262 5453 5302 5527 5324 5449 5960 6087 5046 5576 5564 5444 5399 5206 5456 5923 5513 5220 5717 5619 5405 5051 5400 5889 5271 5154 5328 5332 5343 5560 5745 5403 5369 6026 5315 5500 5656 5794 4962 5707 5873 5493 4955 5269 5454 5544 5863 5039 5301 5643 5100 5112 5533 5206 5811 5813 5813 5469 5446 5378 5758 5276 5777 4903 5269 5568 5592 5514 5344 5620 5027 5496 5548 5501 5858 5448 5241 5708 5854 5330 5276 5725 5336 5035 5267 5577 5167 5736 5129 5687 5078 5630 5183 5262 5200 5370 5212 5259 5385 5394 5514 5142 5258 5597 5126 5444 5797 5562 5374 5468 5456 5118 5205 5442 5081
5206 4878 4736 5173 5187 5093 5593 4901 4929 5124 5393 5395 4911 5097 5260 5030 4673 5111 5292 5194 4941 5389 5045 4637 5119 5148 4854 5152 5069 5019 5259 5105 5330 5186 5631 5304 5363 5056 5144 5592 5068 5442 5085 5014 5125 5029 5137 5103 5279 5207 5045 5289 5646 5376 5102 5326 4796 5009 4973 5357 4795 5296 5229 5142 5265 4915 4861 4986 5561 4996 4981 5321 5236 4798 5256 5218 5088 5217 5480 5368 5168 4944 5087 5232 5574 5191 5000 5222 4914 5103 5149 5060 5526 5572 5096 5253 4849 5464 5401 5022 5233 4722 4897 5562 5139 4749 5362 5410 5198 5544 5112 4751 5248 5626 5147 5128 5162 5042 4801 4976 5333 5258 5166 4911 5260 5663 5015 5461 5143 5057 4764 5000 5219 5117 5130 5177 5720 5425 5752 5429 5031 5114 5068 5146 5325 4693 5320 5601 5750 4841 5329 5378 5143 5052 5115 5117 5470 5087 5057 5332 5253 5161 4901 5315 5489 5141 5028 5040 5254 5330 5183 5588 5136 5325 5573 5124 5272 5512 5627 4862 5471 5619 5431 4957 5069 5266 5096 5618 4685 5045 5566 4735 5056 5317 5231 5724 5314 5424 5185 5268 5338 5314 5043 5282 4780 5108 5214 5172 5309 5229 4991 4961 5253 5585 5152 5741 5120 5160 5446 5371 5250 5047 5365 5457 5059 5117 5388 5065 5286 4976 5322 4941 5278 5028 4970 5349 4895 5065 4777 4972 5284 5311 4924 5048 5350 4979 5054 5544 5213 4838 5067 5436 4720 4964 5321 4782
4933 4980 4581 5153 5137 5332 5255 5131 4874 5047 5394 5064 4947 5409 5348 4876 4804 5248 5344 5197 4670 5201 4901 4797 5307 5168 4835 5085 5256 4901 5185 5232 5060 5243 5651 5220 5099 5250 5247 5605 5114 5320 5280 4939 5462 4788 5512 5250 5098 4914 5164 5232 5423 5065 5041 5261 4839 5021 4691 5169 4907 5328 5360 4903 5361 5236 5078 5193 5390 4881 5079 5201 5106 4738 5270 5261 5048 5136 5149 5104 5480 4818 4954 5260 5377 5119 5142 5156 4886 5090 5176 5151 5521 5424 4962 4944 4945 5399 5318 4887 5104 4938 4984 5291 5311 4707 5240 4912 5177 5410 4994 4850 5322 5601 5136 5033 4715 4921 4737 4769 5250 5266 5024 5050 5178 5269 5027 5244 5085 5107 4992 4841 5138 5125 4998 5275 5506 5385 5628 5473 5235 5032 4928 4986 5354 4948 5059 5328 5694 4758 5046 5449 5292 5257 4897 5059 5546 5211 5193 5235 5130 4883 5039 5324 5825 5124 4748 5092 5274 5213 5269 5326 4962 5302 5664 4902 4883 5346 5353 4952 5339 5497 5194 5218 5488 5375 5264 5442 4724 5267 5442 4874 5250 5252 5182 5698 5692 5457 5105 5103 5185 5169 4990 5206 4519 5297 4901 5188 5018 5018 5119 4893 5018 5303 5306 5642 5346 4927 5452 5303 5239 5387 5362 5132 5084 5172 5103 5001 5310 4878 5299 5206 5236 5006 5089 5016 5007 4881 4963 5168 5311 5192 4986 4872 5306 5065 5243 5581 5169 5033 5123 5362 4941 4884 5140 4782
4755 4621 4263 4555 4695 4683 5077 4906 4570 4808 4749 4679 4637 5023 4966 4722 4391 4729 5017 4606 4460 5026 4585 4610 4737 4975 4735 4834 4801 4418 5030 4983 4862 5043 5162 4704 5149 4546 4777 5057 4865 5076 4721 4715 5016 4584 5020 4654 4783 4744 4842 4891 5230 5099 4740 4844 4624 4911 4651 4589 4394 4820 5058 4650 4775 4592 4544 4841 5465 4660 4691 4874 4853 4564 4764 4990 4808 4816 5098 5022 4757 4475 4779 5003 5271 4900 4560 4940 4691 4906 4685 4791 5218 5021 4873 4717 4665 5250 5110 4666 4746 4548 4712 5264 4844 4582 4907 4898 4864 5073 4480 4506 4673 5334 4755 4760 4734 4979 4755 4596 4956 4873 4952 4616 4808 5093 4646 5155 4702 4897 4599 4323 5006 4835 4548 4985 5301 5114 5084 5175 4780 4647 4435 4761 4970 4551 4798 5240 5475 4470 5037 5043 4752 4680 5182 4864 5039 5093 4833 5016 4835 4705 4731 4858 5114 4869 4615 4906 4944 4886 5178 5089 4577 4995 5193 4861 4842 5332 5255 4632 4909 4872 4673 4797 4854 4977 4927 5184 4543 4828 5022 4721 4951 5139 4897 5478 5110 4961 4673 4852 5066 5006 4901 5279 4387 4884 4833 4855 4946 4940 4901 4656 5000 5060 4774 5167 4839 4544 4916 4885 4739 4815 5275 5093 4533 4728 4754 4670 4849 4611 5087 4447 5022 4803 4712 4514 4822 5057 4403 4828 5042 4949 4748 4665 4809 4704 4820 5321 4691 4768 4732 5023 4460 4798 5245 4385
4908 5136 4898 5488 5167 5171 5700 5148 5353 5055 5508 5480 5152 5250 5588 5103 4732 5518 5550 5430 5085 5567 5086 4955 5100 5658 5070 5475 5187 4846 5315 5301 5035 5309 5800 5221 5538 5050 5505 5672 5252 5509 5428 5295 5652 5320 5348 5380 5268 5179 5535 5478 5759 5498 5336 5600 5242 5195 5021 5489 5046 5682 5448 5383 5531 5145 5212 5335 5762 5065 5366 5463 5365 5107 5323 5208 4923 5436 5484 5279 5459 4938 5286 5566 5674 5326 5364 5405 5159 5027 5251 5367 5663 5545 5290 5272 5404 5526 5385 5122 5526 4939 5306 5203 5506 4747 5575 5333 5281 5759 4925 5002 5698 5994 5478 5580 5201 5432 5357 4954 5349 5212 5366 5041 5104 5877 5054 5526 5427 5360 4987 5401 5352 5179 5330 5783 5930 5662 5812 5782 5700 5333 5553 5316 5324 5166 5545 5734 6094 5121 5574 5427 5262 5385 5253 5365 5700 5407 5588 5390 5244 5193 5428 5498 6094 5480 5201 5171 5366 5690 5223 5726 5318 5402 5699 4968 5184 5507 5894 4817 5559 5662 5157 5106 5461 5563 5429 5725 5245 5521 5532 5201 5182 5485 5109 5941 5567 5645 5425 5204 5575 5669 5277 5586 4876 5467 5021 5476 5365 5129 5388 4859 5428 5726 5378 5945 5524 5334 5771 5575 5223 5383 5559 5529 5398 5213 5520 5371 5429 5013 5525 5364 5294 5091 4893 5228 5121 5250 5319 5327 5159 5599 5148 5367 5606 5145 5324 5806 5429 5110 5297 5745 5111 5110 5577 4848
4591 4616 4534 4794 4502 4701 4867 4599 4431 4663 4821 4920 4746 4756 5367 4474 3963 4685 4744 4575 4619 5082 4820 4438 4804 4681 4549 4658 4707 4647 4936 5056 4750 4905 5286 4745 4836 4829 4744 5232 4482 4848 4719 4655 5014 4654 4828 4638 4862 4765 5036 4997 5071 4921 4737 4548 4678 4490 4272 4766 4427 4714 4892 4845 4747 4491 4668 4986 5182 4770 4840 4686 4770 4649 4987 4847 4545 5010 4988 4693 4901 4528 4671 4906 5086 4822 4450 4855 4558 4645 4795 4666 5032 5281 4726 4549 4691 4924 4853 4614 4971 4629 4548 4892 4865 4345 5013 4626 4805 5241 4489 4563 4875 5095 4798 4721 4606 4751 4647 4528 4904 4805 4879 4392 4624 5318 4918 4996 4267 4784 4614 4753 4921 4834 4601 4737 5134 5122 4991 5030 4856 4551 4458 4887 4942 4534 4855 4961 5305 4722 4981 5009 4599 4723 4475 4747 4994 4966 4659 5118 4498 4690 4843 4784 5014 4805 4524 4556 4940 4983 4837 5041 4696 5147 4968 4572 4720 4955 5094 4599 4696 4963 4853 4482 4773 4768 4569 4862 4571 5004 5171 4555 4502 4922 4611 5608 5128 4833 4779 4782 5108 4804 4676 4978 4396 4943 4585 4780 4737 4947 4613 4570 4976 4797 4702 5092 4944 4643 5126 4917 4932 4858 4918 4789 4854 4926 4993 4766 4761 4568 4741 4679 4790 4763 4458 4651 4678 4805 4811 4682 4650 4596 4757 4664 5073 4698 4819 5306 4744 4692 4835 5032 4595 4613 4806 4419
5158 5029 4637 5177 5328 5332 5628 5142 4969 4975 5323 5230 5322 5166 5442 5191 4674 5226 5222 5198 4834 5338 5207 4928 5424 5435 5097 5153 5097 4886 5390 5320 5125 5390 5597 5313 5385 4970 5231 5730 4732 5386 5174 5208 5306 5253 5524 5373 5214 5329 5254 5416 5666 5358 5257 5288 5184 5228 4878 5216 4819 5889 5483 5294 5377 5095 5006 5252 5738 5017 4997 5261 5145 5025 5184 5251 5123 5334 5323 5270 5431 4904 5200 5334 5427 5273 5005 5303 4930 5283 5095 5119 5827 5492 5317 4895 5070 5490 5369 5241 5486 4563 4979 5153 5395 4867 5343 5271 5358 5516 5208 4550 5381 5730 5234 5231 4940 5336 4955 5135 5309 5408 5283 4896 5069 5718 5180 5226 5155 5081 4908 4872 5265 5210 5187 5504 5522 5600 5799 5527 5160 5079 4739 5372 5341 5193 5333 5571 5786 4769 5156 5223 5294 5284 5162 5352 5743 5311 5389 5527 5236 5144 4912 5156 5640 5265 4924 5009 5153 5394 5461 5187 5079 5659 5493 4929 5201 5530 5243 4932 5486 5576 5318 4572 5401 5520 5260 5415 4839 5292 5286 4967 5243 5152 5026 5863 5284 5447 5172 5454 5586 5628 5099 5506 4593 5499 5380 5384 5460 5289 5168 4951 5254 5407 5200 5644 5322 4804 5391 5375 5125 5106 5495 5241 5030 5321 5198 5252 5547 5050 5268 5331 5409 4935 5034 4913 4889 5292 5313 5310 5183 5608 5145 4770 5408 4883 5084 5651 5359 5313 4991 5338 4967 4952 5436 4699
4978 5383 4727 5047 5248 5404 5573 5256 4925 4691 5437 5103 4965 5160 5310 5076 4665 5281 5191 5347 4773 5198 4989 4971 5324 5253 4911 5424 5028 4852 5291 5059 5060 5183 5387 5038 5065 4996 4961 5606 4963 5442 5007 5136 5167 5021 5145 5207 5228 5180 5226 5141 5593 5486 5258 5238 4970 5067 4791 4972 5123 5574 5404 5070 4952 4957 5293 5061 5384 4755 4979 5164 5214 4983 5321 5021 5117 5042 5299 5058 5355 4597 5051 4843 5237 5121 5113 5031 4935 4940 5071 4949 5268 5216 5132 5362 5042 5617 5463 4846 5115 4880 4707 5345 5064 5065 5345 4973 5238 5344 4673 4855 5238 5788 5134 5309 4934 5070 4901 5014 5185 5095 5273 5079 5222 5454 5140 5380 5242 4952 5026 5191 5271 4775 4973 5499 5741 5166 5596 5383 4978 5097 5063 5162 4959 4891 5205 5363 5739 4557 5274 5116 5261 5139 5047 5017 5515 5128 5307 5221 4983 5224 4848 5409 5489 5196 4843 5070 5152 4966 4950 5324 5016 5365 5375 4878 4881 5334 5335 4673 5585 5445 4959 4757 5121 5362 5303 5756 4727 5416 5190 5033 5090 4873 5036 5775 5578 5142 4930 5180 5456 5392 5104 5531 4461 5395 4987 5334 5191 4854 5296 4728 5266 5476 5329 5290 5281 4774 5416 5208 5079 5055 5198 5106 4990 5211 5175 5120 5574 5093 5133 4989 5249 5136 4766 4867 5130 4884 5106 5212 5021 4944 5064 4983 5164 4781 5099 5870 5450 4911 5083 5525 4843 4642 5289 5057
4815 4763 4499 5095 4960 4993 5249 4880 4800 4622 5022 5097 4898 4982 5335 4768 4352 4843 4856 4876 4731 5567 4610 5070 5145 5360 4812 5017 5134 4827 5052 4898 5066 4893 5143 4826 5036 4977 5103 5461 4879 5067 4841 4830 4962 5003 5105 4794 4929 4826 4870 5019 5250 5069 4969 4980 4989 4950 4747 4966 4651 5261 5063 4844 4932 4897 4791 4618 5231 4846 5012 4966 4981 4730 5062 5146 4896 5103 5177 4896 4983 4818 4771 5090 5192 5302 4760 5131 4589 5119 4920 4879 5161 5169 4842 4682 4961 5126 5168 5007 4840 4667 4848 4973 4984 4775 5124 5042 5081 5125 4689 4418 5052 5424 5018 5076 4701 5080 4843 4848 5048 5015 4918 4627 4992 5437 4934 5143 4928 4865 4607 4699 5084 4924 4735 5448 5384 5316 5555 5067 4860 5027 4880 4918 4885 4801 5264 5435 5741 4826 4997 5262 4871 5290 4910 5181 5399 5193 5087 5088 5012 4846 4768 4985 5486 4891 4822 5046 5095 4894 5257 5247 5050 5168 5251 4384 5055 5085 5218 4843 5263 5288 5113 4779 4892 5137 5141 5030 4600 5200 5224 4643 4787 5351 5114 5521 5282 5295 4884 5042 5255 4911 4832 5365 4420 4904 5082 5046 5250 4885 4965 4555 5089 5115 5043 5340 4977 4688 5269 4979 4744 5142 5293 5005 4763 5273 4970 4898 4935 4922 5028 4993 4931 4851 4659 4628 5025 4923 4699 4932 5136 5241 4899 4832 5102 4882 5290 5462 5153 4898 4919 5223 4727 4918 5166 4494
5020 4913 4612 5344 5295 5240 5384 4998 4964 4960 5269 5344 4830 4977 5306 4856 4507 5014 5089 5026 4765 5475 4914 4940 5260 5397 4805 5222 4866 5033 5084 5177 5155 5096 5614 5197 5327 4820 5300 5711 5108 5432 5069 5005 5139 5059 5024 5190 5265 5333 5192 5101 5434 5182 5058 4956 4680 5228 4793 5170 4925 5596 5426 5217 5172 4948 4928 5188 5275 5238 5143 5267 4999 4720 5287 5103 4891 5221 5245 5144 5070 4857 5257 5245 5261 5175 5180 5298 5136 5127 5362 4956 5563 5288 5079 5117 5068 5542 5306 5102 5070 4495 4970 5372 5041 4632 5361 5109 5088 5625 4825 4747 5370 5636 5309 5236 4816 5057 4821 4957 5178 5072 5003 4705 5249 5616 4956 5212 5151 4928 4971 5097 5317 5010 5030 5252 5832 5393 5445 5496 5225 4921 5244 5031 5392 4982 5643 5747 5771 4909 5432 5255 5263 5443 5292 5389 5647 5171 5298 5168 5256 5037 5014 5207 5382 4800 4931 5215 4989 4977 5203 5191 5154 5328 5463 5018 4990 5273 5394 4700 5314 5706 5117 4785 5197 5355 5068 5650 4802 5161 5390 5030 5108 5359 5138 5750 5411 5360 5189 5485 5323 5137 4948 5339 4423 5160 5223 5250 5228 4833 5062 4789 5186 5171 5195 5527 5151 5107 5517 5399 5268 4984 5398 5300 5264 5220 5280 5073 5171 5061 5529 5024 5367 5100 4802 4952 4911 4976 4809 5335 5354 5135 5099 4966 5353 5188 5440 5524 5416 4939 5188 5465 4920 4992 5451 4764
4953 4869 4347 5172 4821 5048 5373 4897 4622 4955 5119 4974 4681 5057 5375 4808 4433 4893 5138 4624 4710 5392 5001 4694 5126 5102 4772 4856 4981 4793 5036 5360 4913 5001 5468 4920 5183 5008 4936 5415 4902 5289 5125 4915 5095 4921 5387 4769 4824 4956 4918 5056 5292 5171 5147 4960 4854 4980 4914 4902 4641 5191 5234 4935 4761 4864 4704 4790 5495 4893 4852 4842 5002 4579 5231 5087 5067 5058 5356 5158 5291 4432 4757 5272 5536 5051 4719 5072 4710 4854 4818 4672 5547 5456 4892 4831 4924 4998 5139 4674 5152 4942 4695 5034 5129 4701 5076 5121 5227 5046 4736 4492 5217 5497 5087 5047 4832 4923 4716 4907 5142 4929 4993 4663 4806 5400 4940 4983 4726 5113 4918 4895 5088 4748 4861 5497 5596 5268 5524 5276 4929 4720 4817 4958 5592 4780 5086 5367 5370 4823 4982 5069 4978 5182 5100 5109 5307 5341 5372 4962 5018 4853 4767 4905 5253 4908 4830 4598 5114 4954 5167 5179 4914 5207 5212 5019 4853 5123 5225 4616 4960 5315 5049 4674 5042 4858 4927 5328 4659 4973 5197 4697 4934 5047 5036 5333 5383 5316 4904 5127 5191 5393 4978 5397 4212 4971 5041 5231 5183 5166 4849 4902 5060 5286 5014 5319 4994 4884 5112 5158 4892 4746 5190 4658 4872 4979 5015 5035 5333 4564 5239 4933 4985 4758 4772 4917 4835 4905 4768 4868 4921 5133 4601 4770 5256 4804 5023 5209 4794 4843 4985 5479 4478 4797 5318 4555
5222 5141 4709 5161 5319 5443 5678 5268 5032 5032 5505 5430 5252 5594 5435 5147 4518 5391 5387 5155 5136 5515 5076 5112 5421 5707 4972 5412 5176 5099 5404 5533 5223 5219 5606 5437 5317 5010 5547 5895 5333 5765 5286 5066 5393 5035 5525 5463 5350 5183 5537 5558 5767 5424 5379 5427 5108 5625 4984 5497 5154 5509 5676 5526 5181 5072 5372 5265 5646 5106 5157 5335 5320 5241 5620 5359 5281 5442 5444 5333 5513 4922 5246 5497 5346 5417 5169 5314 5088 5384 5222 5391 5816 5616 5286 5123 5232 5492 5733 5182 5356 4917 5213 5446 5309 5231 5472 5307 5506 5742 5006 4728 5196 5975 5199 5253 4989 5483 5200 5043 5576 5348 5248 4964 5208 5848 5425 5466 5292 5385 5172 5407 5678 5529 5275 5318 5768 5465 5879 5452 5508 5249 5207 5529 5226 4919 5375 5672 5785 5124 5259 5449 5212 5550 5115 5211 5984 5506 5641 5308 5144 5070 5289 5311 5968 5203 5100 5183 5542 5331 5530 5478 5382 5292 5440 5024 5262 5466 5708 5146 5553 5836 5231 5076 5415 5474 5559 5667 5053 5414 5599 5155 5292 5553 5322 5888 5658 5591 5423 5504 5745 5222 5219 5785 4846 5310 5237 5212 5492 4966 5444 5017 5621 5749 5218 5628 5581 5054 5700 5596 5204 5328 5781 5387 5051 5392 5085 5260 5458 5206 5491 5248 5238 5031 5204 5055 5408 5398 5052 5271 5475 5255 5191 5341 5567 5059 5411 6006 5302 5014 5376 5329 5236 5162 5534 5078
4709 4796 4610 5088 5015 5129 5454 5017 4951 4770 5328 5057 4897 5025 5159 4613 4691 4986 4769 4698 4626 5100 4810 4694 5055 5027 4558 4964 4882 4555 5055 5242 4904 5079 5351 4968 5165 4939 5113 5364 4878 5202 4985 4589 5363 4793 5039 4820 4859 4911 5117 4960 5503 5142 5002 4868 4718 4911 4808 4956 4646 5211 5312 5003 5143 4855 4695 4918 5130 4937 4852 5074 5069 4786 4859 5257 4861 5047 5125 4951 5013 4875 4850 5112 5264 5048 4717 5155 4848 4717 4659 5169 5348 5260 4857 4941 4926 5091 5196 4939 5125 4608 4977 5034 5040 4589 5041 4979 5130 5315 4734 4403 5120 5503 4875 5109 4956 4886 4713 4875 5002 5102 5023 4704 4794 5439 4915 5153 5014 4967 4722 4693 5044 5075 4814 5255 5514 5207 5466 5464 4772 4931 4807 5168 5266 4907 4763 5287 5694 4741 5093 5256 5176 4854 4888 5274 5307 5076 5142 5035 4953 4888 4893 5103 5468 4777 4942 4906 4956 5024 5197 5392 4879 5241 5218 4669 4815 5296 5320 4559 4818 5160 4813 5033 5035 5061 4979 5189 4703 4851 5440 4823 5065 5203 4999 5542 5123 5251 4965 4663 5270 5201 5004 5140 4370 4996 5024 4973 4981 4954 4900 4629 5095 5085 4824 5239 4948 4750 5019 4997 5156 5001 5255 5011 5033 5066 4844 5229 5077 4769 5171 4670 5067 4896 4850 4771 4612 5012 4796 4874 5027 5370 4735 4926 5296 4797 4899 5428 4950 4912 5062 5468 4817 5002 5387 4641
4798 4711 4295 5004 4874 5068 5278 5076 4938 4811 5177 5091 4713 5082 5072 4836 4398 5010 4950 5069 4700 5347 4741 4749 5116 5120 4476 5072 4983 4639 5242 5126 4994 5121 5173 4738 5071 5072 5026 5396 4883 5220 5096 4748 4883 4826 4924 5041 5102 4956 5081 4976 5294 5083 5033 5195 4710 4976 4649 5196 4649 5251 5182 4991 5214 4771 4640 5123 5501 5039 4876 5125 5088 4607 4940 5226 4990 5202 5076 5163 5083 4797 5004 5101 4924 5238 4928 5170 4690 4681 4842 4912 5418 5320 4776 4801 4729 5246 5112 4759 4738 4831 4657 5143 4871 4545 4948 4775 5111 5172 5091 4509 4900 5490 5199 5201 4884 5054 4494 4637 5190 4950 4815 4637 4798 5159 5017 5257 5097 4882 4765 4887 5263 4932 4728 5231 5674 5290 5556 5139 5212 4979 4958 4923 4858 4854 5049 5293 5558 4828 4875 5222 5047 5079 4869 5066 5476 5048 5201 4744 5065 4768 5036 5220 5532 5070 4769 4847 5213 4828 5206 5203 4949 5164 5155 4846 4781 5103 5326 4691 5291 5445 4985 4991 5165 5410 5206 5396 4812 5027 5137 4867 4756 5247 5110 5569 5399 5218 5048 5214 5088 5158 4863 5458 4656 4971 4737 5220 5207 5078 4951 4713 5242 5004 4976 5446 5040 4646 5290 5421 4904 5017 5446 5198 4856 5111 5023 4943 4985 4700 5067 4910 4936 4756 4905 4760 5188 4865 4838 4913 5036 4946 4583 4998 4919 4870 5100 5544 4944 4890 5258 5057 4694 4708 5281 4724
5594 5290 4935 5347 5303 5616 5673 5594 5218 5254 5581 5326 5252 5585 5780 5753 4867 5605 5480 5281 5139 5626 5332 5440 5584 5640 5293 5402 5211 5084 5617 5619 5255 5246 6052 5457 5548 5154 5647 6174 5058 5657 5278 5195 5547 5484 5496 5084 5411 5408 5721 5670 5947 5543 5380 5718 5305 5398 5060 5422 5100 5931 5790 5378 5598 5304 5432 5312 6052 5342 5256 5387 5485 5109 5463 5588 5243 5598 5463 5525 5635 4940 5460 5659 5844 5361 5186 5418 5307 5551 5203 5309 5967 5809 5316 5290 5232 5787 5553 5441 5701 5187 5466 5489 5598 5196 5544 5513 5500 5797 5333 4854 5534 6083 5715 5404 5019 5661 5476 5316 5514 5523 5492 5124 5581 5583 5342 5651 5522 5395 5058 5313 5298 5472 5335 5902 6186 5664 5873 5951 5472 5208 5246 5698 5640 5125 5689 5929 6313 5054 5471 5731 5609 5477 5550 5523 5836 5875 5593 5691 5597 5140 5054 5553 6056 5659 5042 5063 5509 5576 5564 5807 5659 5834 5832 5315 5379 5616 5867 5051 5615 5708 5273 5150 5587 5734 5681 6019 5240 5358 5757 5246 5229 5550 5389 6090 5637 5924 5526 5769 5623 5865 5302 5815 4991 5614 5526 5490 5436 5464 5286 5191 5739 5708 5343 6283 5646 5285 5730 5628 5346 5218 5839 5378 5409 5508 5325 5349 5784 5283 5507 5578 5613 5175 5389 5382 5128 5515 5534 5463 5591 5575 5390 5373 5544 5277 5570 5865 5685 5353 5351 5785 5285 5320 5687 4962
5058 4800 4600 5239 5168 5227 5401 4925 4960 4899 5446 5311 4787 5309 5432 5158 4704 5051 5294 5180 4683 5431 4889 4728 5021 5417 4732 5359 4828 4788 5463 5378 5121 5211 5496 5074 5338 5180 5159 5545 4950 5353 5416 5060 5162 5134 5136 5362 5150 5286 5297 5403 5456 5286 5132 5281 5018 5020 4844 5147 4942 5600 5349 5280 5143 5063 4958 5165 5520 4783 5167 5241 5223 4744 5064 5197 5356 5156 5153 5166 5237 4692 5071 5389 5520 5068 5063 5210 4824 5156 5046 5096 5856 5357 5057 5267 5205 5613 5396 5271 5398 4678 5051 5356 5155 4597 5353 5238 5057 5531 4884 4944 5179 5686 5235 5157 5273 4947 4987 4954 5358 5051 5364 4877 4917 5473 5327 5359 5426 5027 5124 4970 5288 5210 5062 5441 5712 5597 5617 5783 5392 5064 4873 5172 5282 4846 5174 5424 5751 4967 5076 5147 5264 5124 5340 5287 5538 5353 5285 5171 5157 4970 5085 5277 5776 5002 5198 4938 5018 5445 5098 5426 5047 5420 5619 4905 4964 5505 5477 4918 5596 5479 5076 5022 5358 5286 5406 5536 4858 5490 5529 4902 4954 5410 5081 5792 5238 5566 5093 5006 5512 5207 5072 5381 4778 5423 4906 5319 5264 5065 5213 4668 5439 5514 5301 5554 5178 5084 5443 5377 5049 5258 5610 5176 4967 5088 5295 5330 5353 4921 5019 4954 5348 4861 4863 5040 5160 5121 4911 5216 5091 5232 4939 5116 5347 5106 5190 5740 5335 4906 5174 5372 5028 5379 5337 4513
5014 5002 4525 5037 5289 5344 5394 5090 4767 5013 5443 5167 4814 4965 5331 4910 4756 5089 4961 5075 5042 5359 5107 4784 4947 5170 5004 5316 4788 4760 5089 5327 4953 5030 5514 5071 5313 4977 5256 5648 5153 5360 5105 5096 5326 4908 5226 5035 4844 5118 5066 5256 5570 5259 5035 5200 4687 5156 4591 5031 4849 5347 5637 5146 5074 4901 5015 4995 5628 5109 5228 5108 4997 4778 4886 5026 5189 5443 5326 5029 5181 4762 4967 5218 5431 5165 4925 5314 5100 4947 5046 5218 5624 5385 4862 5024 5050 5497 5097 5019 5170 4700 5025 5005 4841 4919 5203 5134 5011 5378 4686 4595 5306 5630 5265 5200 4979 5071 4981 5039 5361 4935 5077 4761 4752 5252 5181 5354 4825 5253 4797 5096 5194 5204 4852 5622 5527 5126 5647 5646 5132 4936 5119 5209 5295 4881 5023 5555 5508 4571 5218 5345 5004 5132 5068 5236 5519 5280 5217 5131 5061 4875 4840 5120 5397 5148 4968 4906 5143 5117 5428 5259 4937 5363 5315 4912 4898 5132 5761 4647 5297 5213 5263 4975 5154 5418 4961 5516 4840 4979 5212 4887 4962 5150 5102 5897 5423 5396 4922 4911 5288 5262 5151 5316 4428 5095 5190 5367 5214 4947 5037 4646 5287 5366 5269 5454 5354 4986 5505 5398 5019 5014 5433 5300 4933 5117 5138 4991 5104 4925 5426 5086 5243 4778 4922 5151 4931 5139 4835 5190 5006 5429 4864 4859 5269 5067 5190 5732 5198 4749 5111 5366 4841 4831 5371 4807
4865 4963 4428 5023 5138 4906 5627 4984 4927 4725 5177 4879 4770 5387 5225 4807 4412 4808 5013 4903 4762 5457 4988 4896 5079 5113 4933 4918 4966 4558 5364 5265 5115 5185 5407 4982 5211 4753 5019 5359 4812 5068 4961 4686 5209 4955 5201 4952 4941 5175 4893 5068 5272 5080 5358 5277 4749 4808 4754 4931 4637 5543 5334 5218 4837 4960 4790 5121 5416 5072 4860 5214 5115 4634 5065 5084 4996 5119 5345 5160 5267 4667 5020 5396 5400 5010 4966 5071 4718 4577 5021 5059 5319 5130 5124 4848 5232 5587 5188 4993 5008 4396 4894 4948 5092 4813 5253 4958 5212 5287 4942 4567 5240 5542 5191 5152 4857 5207 5066 4726 5029 5073 5002 4913 4969 5473 5139 5145 5003 5081 4811 4861 5135 4960 4959 5524 5559 5127 5696 5387 5247 4778 4778 5102 5105 4992 5068 5602 5614 4640 5044 5257 5062 4939 5033 5076 5478 5421 5297 5210 5136 5018 4691 5176 5511 5452 4997 4929 5296 5100 5119 5310 5090 5272 5176 4655 5350 5351 5357 4768 5446 5565 4997 4618 5010 5390 5022 5448 4722 5159 5044 4834 4977 5131 4914 5430 5330 5120 4998 5188 5100 5250 4955 5569 4474 5315 5065 5248 5199 4959 5034 4532 5250 5171 5005 5309 4949 4877 5424 5379 4874 4972 5364 5204 4706 5030 5154 5339 5283 5143 5287 5144 5146 4998 4664 4890 5014 5188 5107 4851 5090 5509 4844 4832 5137 4808 5018 5591 5361 4815 5205 5229 4748 5048 5343 4749
5121 4901 4433 5035 5079 4917 5623 4954 4617 4917 5359 5193 4901 4922 5454 4911 4662 5079 5208 5345 4940 5498 4948 5010 4958 5379 5166 5259 4829 4776 5026 5094 4912 5276 5274 5056 5639 5044 5241 5414 5026 5282 4865 5222 4855 5049 5164 5044 5066 5099 5339 5320 5499 4998 5042 5339 4715 4948 4820 5102 4806 5536 5439 5172 4888 4793 4923 5081 5288 5007 4984 5297 5404 4845 5502 5045 5011 5179 5177 5033 5147 4712 5260 5309 5493 5348 5056 5173 4824 5088 5186 4948 5393 5399 5191 4861 4848 5274 5359 5069 5317 4551 4754 5079 5329 4724 5216 5458 5101 5472 4871 4708 5337 5551 5173 5010 4919 5161 4885 5262 5256 5174 4997 4896 5029 5403 5053 5215 5271 5049 4839 4801 4998 5162 5133 5225 5763 5479 5515 5664 5161 5020 4932 4988 5401 4639 5342 5614 5745 4926 5000 5257 5064 5354 5069 5133 5599 5386 5432 5430 5420 5083 4990 5186 5538 5544 5069 5120 5024 5150 5213 5506 5289 5540 5248 5028 5186 5311 5585 4756 5452 5590 5215 4964 5112 5032 5191 5744 4908 5093 5247 4736 5114 5149 4835 5718 5252 5426 4985 5413 5289 5339 5192 5575 4645 5199 5360 5417 5211 4896 5024 4966 5064 5211 5188 5579 5196 4954 5394 5312 5076 4950 5542 4915 5013 5454 4941 5276 5060 5021 5448 5107 5121 4856 5045 5113 5135 4710 4744 5015 5049 5427 4694 5089 5292 5007 5286 5764 5291 4885 4945 5516 4537 5062 5419 4763
4869 5045 4757 5364 5246 5410 5537 5339 5034 5075 5560 5104 5248 5513 5557 5186 4647 5199 5376 5224 4887 5628 5242 4863 5328 5464 4998 5027 5034 4911 5416 5510 5105 5390 5613 5451 5296 5143 5453 5759 5356 5617 5165 5038 5532 5043 5314 5270 5418 5129 5329 5487 5298 5161 5142 5214 5251 5258 4832 5293 5074 5333 5535 5256 5080 5078 5273 5325 5651 5127 5340 5212 5251 4877 5412 5006 4932 5141 5269 5176 5206 4905 5094 5196 5458 5227 5108 5397 4872 5143 5279 5204 5956 5765 5212 4968 5061 5496 5555 5311 5127 4842 5109 5237 5314 4841 5457 5030 5403 5616 4795 5096 5029 5599 5064 5349 5077 5377 5157 5093 5348 5370 5008 4915 5143 5635 5374 5400 5153 5126 5142 4942 5327 5063 5200 5542 5899 5404 5562 5795 5358 5085 5298 5418 5363 5120 5378 5488 5802 4990 5272 5481 5175 5305 5303 5379 5339 5269 5467 5251 5132 5103 5038 5110 5575 5308 4826 5214 5199 5171 5579 5500 5348 5466 5435 5174 4988 5493 5500 4852 5429 5583 5102 5197 5164 5721 5211 5557 4834 5471 5620 5132 5031 5428 5137 5639 5416 5290 5374 5176 5361 5379 5013 5557 4908 5355 5308 5506 5347 5201 5190 4844 5378 5272 5091 5903 5232 5087 5762 5423 5128 5004 5410 5272 4893 5336 5214 5343 5283 4850 5655 5344 5471 5208 4938 4827 5170 5191 5091 5181 5264 5407 5209 5020 5449 5259 5326 5534 5413 5006 5456 5281 4992 5163 5425 4779
4964 4622 4466 4996 5081 5019 5290 4975 4818 4788 4970 4763 4642 5022 4993 4846 4613 5160 5106 4941 4807 5212 4791 4658 4832 5029 4406 4943 4895 4850 5165 5503 4781 5110 5079 5021 5181 4829 5079 5508 4758 4963 4801 4529 4902 4820 4949 5043 5029 4910 5357 5112 5378 4947 4645 5163 4671 4890 4498 5048 4715 5105 5268 4885 5254 4787 4727 5306 5043 4793 4657 4970 4909 4812 4963 5073 4721 4845 5135 4985 4952 4660 4952 4990 5168 5085 4846 4926 4582 4663 4788 4963 5557 5258 4932 4753 4835 5127 5342 5000 5135 4367 5109 4983 4937 4874 5341 4844 4902 5350 4826 4452 4956 5631 4828 5018 4710 5040 4920 4785 5338 4915 4770 4749 5060 5303 5174 5298 4953 4747 4789 4822 5122 5064 4832 4984 5478 5190 5459 5322 5175 5107 4890 4979 4892 4855 5048 5300 5476 4931 4723 5046 4957 4711 4867 4864 5225 5086 5006 4979 4883 4609 5030 4820 5251 4717 4507 4746 4791 5283 5200 5221 5166 5048 4971 4657 4827 5301 5351 4569 5181 5515 4719 4859 5170 5029 4946 5605 4703 5237 5282 4545 5001 5204 4703 5657 4988 5355 5182 5005 5263 5187 4960 4969 4547 4884 4565 5119 4779 5086 5215 4645 4920 4923 4890 5264 5216 4501 5165 5157 4889 5092 5292 5080 4891 5050 5060 4962 4845 4682 5109 4833 5096 4766 4818 4962 4723 5095 5005 4852 4717 5030 4651 4830 5142 4701 4839 5478 4981 4710 5180 5295 4770 4842 5285 4574
5668 5272 5019 5578 5559 5872 5959 5406 5340 5451 5934 5511 5331 5589 5822 5484 5104 5493 5814 5392 5370 5719 5493 5269 5672 5715 5311 5416 5354 5299 5574 5833 5510 5444 6049 5393 5778 5475 5830 5968 5378 5798 5495 5306 6025 5304 5585 5447 5526 5473 5848 5376 6273 5727 5609 5572 5368 5415 5246 5642 5201 5884 5825 5470 5659 5376 5099 5550 5892 5435 5615 5538 5671 4974 5680 5695 5505 5442 5758 5815 5823 5191 5392 5758 5780 5496 5406 5583 5276 5234 5430 5595 6352 6113 5353 5216 5428 5805 5909 5400 5547 5111 5218 5545 5634 5249 5597 5409 5809 5658 5397 4836 5550 6031 5542 5675 5438 5696 5435 5298 5592 5414 5445 5110 5422 5669 5632 5534 5686 5685 5375 5419 5777 5554 5417 5711 6205 5795 5890 6132 5579 5437 5355 5836 6005 5515 5382 5864 6318 5230 5647 5787 5383 5573 5443 5494 5869 5708 5731 5593 5486 5278 5345 5440 5959 5443 5331 5344 5703 5720 5781 5738 5631 5800 5841 5443 5344 5716 5945 5230 5617 6242 5561 5458 5785 5775 5574 6124 5392 5574 5815 5386 5390 5783 5559 6272 5633 5994 5835 5678 5863 5848 5243 5932 4942 5474 5418 5613 5713 5553 5409 5536 5412 5526 5473 6297 5588 5023 5723 5487 5460 5466 5860 5689 5459 5445 5391 5442 5652 5348 5739 5363 5710 5131 5351 5370 5428 5366 5159 5669 5626 5719 5470 5627 5956 5618 5578 5772 5663 5297 5546 5761 5455 5492 5925 5292
5056 4728 4491 5097 5002 4926 5341 4872 4878 4931 5171 5312 4752 4986 5209 4934 4505 4921 4893 5014 4788 5268 4913 4773 5163 5297 4496 5173 4764 4691 5078 5279 5036 5074 5365 4946 5059 4782 5279 5719 4746 5059 5087 4870 5143 4860 5154 5020 5122 5067 5116 5063 5553 5121 5110 5288 4582 4886 4516 5144 4834 5467 5261 5142 5185 4913 5022 5004 5173 5006 5085 5019 5124 4627 5184 5191 4825 5253 4949 5389 5311 4602 4848 5192 5114 5001 5014 5021 4737 5060 5051 4991 5808 5311 4984 5366 5285 5440 5209 4985 5088 4587 4951 5126 5098 4605 5042 4954 5045 5329 4852 4495 5069 5586 5220 5012 4821 4870 4912 4899 5368 4810 5186 4820 4918 5233 4860 5209 5003 5024 4801 5294 5161 4985 4925 5036 5660 5332 5662 5521 5203 4898 4991 5226 5080 4761 5045 5319 5624 4805 5178 5158 5135 5235 4947 4965 5360 5159 5243 5108 4940 5008 4790 5137 5680 4948 4742 5309 5134 5212 5167 5580 4964 5301 5334 5007 4849 5454 5476 4715 5299 5455 4867 4781 5247 5204 5087 5372 4751 5112 5156 4683 4874 5093 5193 5624 5421 5107 5168 5219 5278 5046 4799 5082 4683 5190 5110 5154 5085 5118 5077 4545 5209 5247 4793 5490 5162 4897 5429 5257 5175 4936 5308 5051 4730 5101 4988 5129 5084 4777 4840 5030 5138 4910 4687 4829 4846 4982 4742 5018 4975 5239 5150 4936 5318 5087 5111 5789 4983 4807 5327 5418 4853 5039 5228 4717
4799 4879 4519 4985 5157 5008 5154 4925 4673 5049 4971 5160 4764 5020 5322 4912 4416 4911 4913 4829 4685 4993 4979 4826 5225 5434 4665 4927 4904 4785 4925 5116 5031 5190 5231 4809 5193 4837 5218 5490 4862 5293 4940 4870 4894 4914 5044 4908 4934 5055 5123 5079 5528 5159 5138 5322 4853 4884 4644 5130 4624 5329 5175 5106 5240 4796 4919 5130 5059 4859 4966 4976 5011 4677 5091 5084 5169 5282 5304 5006 5085 4636 4898 5323 5083 4883 5022 5188 4757 4880 5020 4797 5276 5328 4943 4613 5235 5131 5147 4919 4869 4733 4635 5135 4901 4819 5144 5080 5105 5247 4659 4538 5164 5682 4982 4900 4851 4859 5085 4814 4943 5034 5190 4820 5038 5333 5117 5346 5086 5171 4592 4947 5288 5243 4884 5162 5570 5502 5375 5216 4896 4971 5003 5095 4962 4616 5208 5194 5422 4748 5203 5086 5012 5116 4893 4787 5593 5209 5184 5149 5120 4966 4783 5201 5703 5144 4863 4918 5008 5153 5157 5126 5182 5232 5182 4861 4915 5385 5567 4744 5368 5305 4883 4698 5054 5171 4852 5341 5000 5074 5099 4888 4963 5249 5241 5618 5290 5277 5000 5154 5248 4992 5241 5596 4600 5252 4869 5071 5131 4772 4952 4614 5060 5273 5072 5448 4980 4664 5088 5164 5004 4998 5158 5198 4707 5016 5015 4808 5104 4863 5272 4848 5040 4815 4921 4917 5111 4787 4883 4794 4824 4958 4808 4716 5375 4711 5023 5273 5218 4721 5191 5045 4979 5020 5355 4534
5346 5319 5019 5491 5693 5474 5745 5281 5323 5345 5591 5522 5567 5409 5658 5424 4906 5471 5434 5456 5165 5507 5273 5340 5565 5714 5191 5592 5331 4771 5495 5536 5523 5447 5844 5505 5797 5178 5425 5976 5394 5985 5336 5161 5542 5533 5720 5553 5555 5664 5574 5540 5775 5401 5414 5630 5179 5567 5180 5401 5199 5739 5614 5282 5560 5423 5327 5437 5753 5227 5712 5539 5487 5057 5521 5280 5273 5224 5399 5528 5601 5159 5247 5383 5614 5536 5294 5523 5120 5007 5310 5551 5947 5804 5395 5531 5402 5463 5614 5387 5311 4948 5182 5418 5503 5029 5705 5573 5379 5884 5358 5022 5495 6081 5619 5567 5282 5507 5302 5341 5558 5641 5340 5046 5459 5837 5457 5576 5355 5472 5249 5332 5727 5495 5428 5660 6056 5675 5823 5764 5563 5540 5447 5301 5423 5253 5797 5930 6053 5184 5574 5603 5526 5533 5522 5685 5717 5795 5707 5520 5547 5175 5175 5847 6015 5264 5098 5428 5442 5218 5598 5474 5513 5656 5683 5060 5414 5611 5724 5298 5515 6044 5497 5286 5672 5590 5470 5947 5206 5402 5671 5179 5579 5542 5561 5981 5631 5689 5559 5550 5509 5349 5145 5786 5062 5335 5617 5701 5693 5393 5534 5310 5549 5555 5545 6033 5699 5157 5650 5580 5469 5398 5744 5354 5063 5650 5560 5625 5753 5049 5598 5172 5834 5663 5336 5294 5064 5268 5200 5480 5615 5779 5187 5327 5772 5397 5929 5909 5444 5251 5735 5610 5250 5330 5478 5154
5285 4983 4634 5600 5507 5309 5697 5342 5127 4836 5464 5319 5247 5365 5228 5379 4728 5197 5500 5213 4899 5373 5170 5033 5060 5673 4805 5119 5529 5169 5353 5637 5127 5337 5520 5411 4996 5218 5328 5762 4994 5444 5221 5153 5167 5187 5278 5325 5195 5287 5479 5588 5765 5370 5050 5363 5199 5426 4919 5386 4866 5664 5363 5354 5467 5255 5082 5243 5749 5155 5161 5389 5366 4817 5245 5140 5181 5385 5314 5510 5360 5031 5436 5425 5667 5177 5064 5420 4847 5226 5200 4982 5799 5621 5321 5217 5139 5734 5655 5401 5386 4843 5360 5371 5253 5033 5378 5373 5272 5563 5113 4799 5407 5786 5407 5198 4822 5555 5229 5198 5557 5241 5080 5388 5391 5599 5197 5648 5346 5038 5231 5101 5356 5098 4983 5720 5901 5410 5966 5572 5258 5125 5257 5118 5466 4923 5499 5898 6017 5008 5225 5531 5468 5400 5503 5263 5701 5336 5371 5190 5423 5020 4855 5425 5645 5253 4904 5580 5183 5573 5631 5480 5395 5421 5475 5133 5253 5759 5526 4802 5396 5740 5295 5154 5382 5639 5424 5769 4829 5361 5595 5106 5514 5317 5127 6013 5314 5561 5365 5489 5695 5512 5016 5454 4660 5450 5125 5372 5176 5172 4939 4758 5465 5498 5194 5629 5438 5155 5585 5573 5091 5137 5722 5374 4900 5612 5221 4955 5443 4981 5664 5420 5414 5319 5185 4979 5199 5377 5226 5319 5416 5502 5087 4998 5445 5098 5228 6054 5170 5077 5260 5471 4978 5006 5706 4783
5325 5079 4989 5276 5372 5626 5599 5284 4776 4979 5466 5423 5040 5455 5549 5335 4692 5262 5437 5450 5367 5783 5306 5217 5382 5325 4992 5361 5322 5136 5206 5619 5321 5105 5786 5285 5530 5065 5691 6166 5355 5670 5231 5116 5223 4877 5628 5254 5301 5150 5499 5553 5638 5337 5182 5521 5080 5021 4874 5394 5435 5655 5448 5312 5285 5322 5172 5496 5774 5437 5475 5282 5506 5183 5343 5241 4969 5484 5484 5282 5365 4876 5497 5444 5285 5511 5282 5339 5351 5115 5255 4974 5737 5382 5227 5236 5390 5402 5490 5232 5324 5020 5351 5282 5360 5087 5742 5388 5171 5915 5105 4819 5639 5898 5494 5420 5231 5106 5177 5122 5518 5265 5279 5076 5399 5564 5578 5778 5316 5428 5044 5331 5502 5418 5314 5798 5964 5472 5672 5758 5196 5229 5178 5401 5384 5129 5707 5589 6016 5212 5289 5515 5378 5379 5179 5449 5620 5567 5522 5437 5442 5280 5387 5444 5846 5333 5043 5403 5374 5345 5590 5306 5272 5626 5582 4981 5117 5846 5944 4893 5717 5683 5291 5198 5516 5549 5264 5731 4988 5786 5519 5070 5162 5534 5317 5922 5573 5365 5310 5494 5368 5106 5411 5705 4899 5798 5237 5569 5363 5352 5405 4876 5719 5555 5193 5603 5584 5040 5738 5528 5360 5105 5442 5336 5309 5541 5197 5410 5352 5588 5681 5447 5241 4976 5137 5127 5116 5280 5053 5260 5401 5549 5259 5180 5410 5096 5411 5936 5596 4932 5424 5701 4979 5201 5515 4919
5515 5483 4889 5707 5636 5649 6230 5618 5404 5436 5775 5718 5356 5543 5719 5444 4980 5356 5816 5573 5298 6082 5510 5410 5483 5738 4913 5524 5580 5420 5542 5887 5412 5538 5943 5543 5501 5461 5958 6057 5328 5675 5377 5219 5582 5715 5565 5527 5428 5562 5881 5700 5714 5661 5310 5707 5336 5613 5449 5751 5289 5971 5795 5686 5596 5378 5337 5625 5786 5508 5257 5614 5555 5279 5605 5580 5284 5437 5959 5500 5488 5128 5386 5641 5576 5591 5629 5780 5112 5282 5591 5460 6096 5749 5643 5589 5587 5892 5838 5651 5807 5202 5528 5802 5714 5185 5775 5595 5700 5989 5604 5374 5590 6372 5547 5663 5188 5684 5360 5373 5636 5678 5582 5436 5562 5892 5601 5747 5706 5365 5259 5405 5642 5728 5345 5875 6224 5809 6069 5806 5946 5439 5280 5796 5638 5399 5580 6170 6421 5487 5805 5845 5670 5912 5724 5735 5770 5705 5807 5505 5566 5435 5674 5732 6175 5666 5307 5491 5543 5765 5990 5871 5444 5794 5673 5417 5718 5889 6050 5146 5776 6039 5560 5343 5694 5976 5566 5882 5251 5608 5850 5235 5485 6010 5589 6216 5574 5772 5771 5668 5651 5603 5773 5777 4975 5552 5661 5903 5793 5481 5429 5213 6022 5860 5639 6133 5552 5208 5930 5605 5421 5737 5864 5738 5404 5587 5480 5768 5686 5457 5758 5508 5730 5443 4990 5360 5367 5677 5412 5345 5763 5773 5500 5429 5831 5222 5615 5960 5749 5479 5783 6082 5234 5510 6008 5300
4675 4817 4614 4829 4809 4870 5439 5084 4796 4768 4875 5062 5027 5007 5100 4864 4390 5067 5004 4833 4658 5198 5053 4943 5228 5147 4663 5325 4786 4657 4993 5068 5022 4762 5069 5103 4882 4764 5112 5641 4828 5240 5011 5175 5125 5052 5215 4895 4962 4916 5155 5150 5128 5237 5076 5174 4836 4944 4577 4839 4946 5419 5320 4896 5073 4899 4781 4937 5273 4744 4686 5101 5095 4683 5090 4837 4942 4884 5183 5205 5080 4402 5042 5028 5169 5002 4963 5031 4888 4946 4865 4763 5355 5411 4756 5003 5103 5231 4987 5063 5126 4533 4711 4839 5099 4897 5274 5041 5125 5204 4761 4391 5025 5247 5120 5133 4796 4960 4854 4878 5201 5238 5203 4858 4969 5402 5059 5303 5046 4748 4673 4966 5069 4932 4800 5138 5444 5418 5536 5272 5108 4883 4886 4944 4845 4666 5089 5493 5638 4778 4947 5017 4864 5143 5139 4835 5560 4874 5135 5013 4912 4917 4594 5097 5407 4883 4832 4934 4792 5221 5260 5051 5078 5133 5098 4871 4905 5234 5203 4767 5420 5359 4986 4821 5038 5218 5095 5418 4754 5142 5386 4705 4783 5081 4901 5634 5227 5004 5015 5122 5261 5053 4752 5226 4424 5136 4960 5070 5075 5165 4851 4674 5080 5167 5216 5336 5306 4621 5339 5326 5010 4929 5321 5038 4690 5086 5143 5204 5072 4361 5258 4783 5176 4630 4969 4750 5094 4827 4834 4987 4798 5051 4859 4704 5186 5038 4950 5619 4895 4722 4942 4955 4696 4659 5237 4661
5098 4816 4403 5157 4840 5230 5621 4737 5106 4776 5211 5216 4896 5157 5131 4836 4454 4859 5321 5156 4882 5438 4694 4996 5065 5329 4832 5030 4903 4868 5130 5169 5121 5197 5175 5010 5008 5043 5338 5359 4906 5050 5069 4854 5111 4762 5015 4901 4886 4937 5109 5131 5677 5101 4970 4998 4672 4889 4583 4968 4613 5365 5254 5046 5088 4856 4945 4960 5555 5174 4966 5460 5088 4801 5124 5096 4773 4970 5127 4942 5281 4854 5067 5136 5363 5200 5140 5152 4959 5088 4877 5207 5493 5227 4781 5125 4972 5639 5095 4984 5164 4592 4783 5308 5055 4776 5027 5070 5048 5543 5019 4390 4888 5654 5007 5228 4901 5301 4964 4936 4843 5017 5223 4720 4907 5312 4853 5172 5082 5034 4789 4879 5231 5126 4759 5343 5850 5117 5473 5160 5052 4951 4737 5100 5425 4825 5114 5425 5619 4872 5018 5313 4761 5095 5124 4877 5281 5191 5436 5109 4871 4660 4795 5084 5374 5287 4863 4997 4969 5211 5218 5244 4923 5512 5166 4662 4836 5367 5342 4654 5382 5548 4907 4797 5165 5402 5163 5316 4630 5230 5159 5052 5041 5262 5005 5787 5164 5228 5048 5260 5058 5101 4907 5193 4537 5047 5098 5239 5176 4968 5074 4606 5275 5291 4912 5342 5193 4861 5415 5360 4877 5061 5320 5343 4799 5303 5124 5330 5130 4813 5278 5103 5367 4924 4748 4837 4755 4856 4932 5119 5386 5074 4902 5072 5203 5035 5266 5577 5172 4768 5180 5243 4692 4787 5089 4837
4967 4844 4540 4747 4926 5319 5208 5032 5049 4735 5118 4995 4942 5020 5260 4922 4515 4985 5071 4849 4866 5154 5062 4797 4958 5202 4389 5111 4993 4972 5170 5087 5096 4980 5515 5067 5383 5058 4996 5667 5006 5152 5171 4785 5088 4825 4991 5470 5056 5183 5261 5206 5488 5282 4905 5329 4829 5014 4673 5022 4814 5459 5351 4902 5114 4928 4953 5013 5229 4995 5170 4945 5430 5008 5271 5254 4802 5218 5052 4889 5300 4637 4990 5288 5401 4883 4855 5026 4855 4888 5094 4897 5642 5369 5048 5298 5065 5326 5257 4982 5098 4623 4774 5194 5339 4781 4948 5309 4828 5263 4667 4650 5337 5629 5259 4874 4997 5091 5009 4869 5281 4976 5107 4787 4854 5338 4683 5126 5242 5064 5154 5112 5396 5025 4922 5247 5636 5396 5411 5507 5316 5021 4943 5126 5274 4737 5242 5212 5591 5026 5284 5223 4932 5253 5017 4983 5238 5309 5169 5144 4897 4807 4909 5131 5601 4875 5024 4923 5013 5211 5005 5388 4941 5171 5417 4985 4941 5554 5438 4697 5290 5329 4745 4902 5183 5169 5217 5382 4485 5220 5601 4717 5027 5301 5185 5438 5409 5298 5085 5170 5682 5375 5134 5314 4624 5495 4865 5006 4960 4799 5102 4720 5119 5227 4953 5451 5183 4901 5582 5270 5244 4908 5285 4991 5078 5043 4914 5265 5089 4845 5161 5115 4909 4825 4863 4867 5029 5379 4776 4787 5159 5183 4910 5065 5377 4853 4843 5874 5365 4658 5283 5460 5055 4920 5018 4665
5018 4671 4564 4876 5331 4963 5385 5022 4900 4877 4987 5050 4956 4942 5203 4788 4279 5262 4778 4861 4801 5545 5050 4880 5101 5088 4871 5144 4841 4533 5135 5197 5015 5125 5240 5166 5380 4677 5131 5584 4930 5153 4952 4696 5063 5054 5135 5288 5020 5283 5038 5206 5300 4953 4941 5146 4756 4986 4454 4960 4559 5314 5335 4946 4826 4705 4900 5144 5213 5023 4970 4927 5255 4827 5082 4993 4763 5066 5134 4864 4911 4682 5145 5138 5422 5115 5061 5156 4797 5052 5041 4996 5457 5017 5233 4962 5302 5446 5204 5262 5212 4479 4818 5015 5130 4780 4972 5040 4915 5667 5144 4670 5090 5491 5282 5123 4820 5001 5101 5174 5135 5251 5253 4406 4832 5621 5253 5306 5016 4993 4822 5007 5318 5079 4769 5424 5610 5483 5515 5493 5261 5040 4680 5358 5343 4858 5089 5575 5376 4836 5011 5231 4833 5038 4906 4901 5481 5331 5370 5116 4995 4886 4905 4860 5495 5303 4888 4957 5154 5040 5334 5342 5013 5364 5123 4994 4885 5440 5239 4786 5117 5216 4827 4659 5015 5434 4922 5239 4619 5351 5222 4919 4592 5062 4910 5728 5294 4959 5093 5284 5054 5045 5077 5400 4345 5110 4927 5152 5049 5139 5113 4762 5286 5256 4849 5585 5110 4986 5504 5272 5100 4844 5148 4790 4721 5310 4939 5206 5195 4713 5283 4993 5207 4947 4924 4834 4912 5113 4931 4909 5190 5086 5014 4770 5167 4821 5068 5492 5050 4884 5272 5254 4870 4979 5317 4439
4861 4894 4489 5034 4936 5035 5221 5039 4960 5005 4984 5255 4837 5038 5350 4738 4635 4673 5211 4716 4594 5282 4931 4848 5162 5308 4851 4990 4944 4547 4949 5292 4724 4979 5678 5107 5099 4851 5184 5420 4667 5400 4963 4710 5156 4879 5214 5183 5010 5005 5197 4785 5435 5162 4867 4968 5096 4958 4928 5206 4627 5347 5391 5198 5166 4700 4828 5140 5395 4910 5032 5121 5303 4652 5187 4878 4743 5082 5212 4881 4940 4898 5181 5080 5107 5126 4953 5226 4975 5139 4814 4871 5599 5515 5033 4742 4919 5079 5290 4790 5051 4642 4916 5254 5376 4807 4989 5122 5273 5384 4991 4457 5231 5692 5048 5245 4882 5178 4870 4912 5242 4978 5133 4719 4968 5419 4883 5151 4917 5065 4847 4905 5236 5152 4745 5302 5576 5479 5463 5224 5131 4964 4954 5209 5314 5024 5137 4917 5482 4740 5196 5208 4909 5074 4890 4923 5679 5073 5294 4956 5110 5268 4988 5021 5525 5018 4651 4696 5023 5031 5128 5175 4916 5369 5264 4937 5035 5114 5511 4632 5304 5233 4971 4593 5153 5159 4690 5508 4911 5096 5352 4851 4905 5029 4831 5455 5206 5090 5019 5194 5268 5235 4963 5426 4511 5096 4845 5236 5235 4957 5025 4689 5093 5250 5107 5538 5431 4783 5077 5247 5099 4944 5412 5119 4863 5069 5075 5225 5044 4997 5198 5385 4925 4993 4980 4965 4833 5129 4846 4857 4985 5033 4885 4814 5194 4774 4933 5308 4998 4957 5084 5516 4711 5027 5554 4741
4817 4751 4639 5136 4937 5409 5462 5148 4666 4876 5276 4977 4836 5129 5228 4885 4514 5147 5239 4996 4960 5371 5021 4790 4922 5413 4809 4972 4983 4638 5330 5405 5098 5240 5459 4998 5340 5433 5129 5508 4946 5125 5524 4995 5368 5074 5321 5135 5075 5215 5205 5429 5412 5237 5031 5328 4990 5153 4826 4964 4730 5255 5098 4902 5332 5018 4994 5183 5184 4899 5385 5300 5089 4644 5119 5229 4993 5212 5027 5030 5450 4960 4838 5351 5400 5278 5048 5301 4725 4827 5230 5346 5355 5597 5003 4942 4893 5502 5242 4965 5219 4820 5164 5068 5107 4737 5514 5140 5121 5443 5187 4611 5439 5397 5294 5171 4905 5293 5262 4992 5515 4863 4988 5114 4863 5398 4758 5282 5310 4947 4904 4871 5186 5217 4940 5499 5681 5257 5747 5399 5465 5083 5242 5040 5114 4783 5164 5634 5626 4919 4822 5379 5338 5196 5111 5062 5192 5521 5342 5142 4971 4824 4887 5270 5550 5162 4750 5178 5053 5230 5357 5416 5171 5116 5301 4791 4915 5608 5354 4584 5255 5590 5048 4910 5228 5193 5152 5805 4902 5143 5273 4769 5007 5420 5152 5857 5304 5477 4972 5232 5352 5235 5076 5317 4699 5276 5023 5271 4955 5130 5136 4830 5454 5076 5087 5618 5199 4970 5496 5458 4926 5326 5429 5228 4889 5093 5238 5302 5385 4692 5466 5249 5129 4982 4960 4969 5197 5288 5011 4849 4959 5198 4709 4959 5275 4847 5190 5764 5033 4676 5283 5405 4752 4734 5056 4486
5052 4987 4758 5118 5098 5232 5177 5165 5227 4853 5319 4990 5036 5175 5267 4988 4583 5239 5232 5032 4660 5458 5215 5118 5234 5272 4855 5216 5087 4770 5152 5256 5109 4978 5451 5050 5378 4846 5472 5620 5174 5281 5300 4973 5344 5131 5649 5000 5162 5261 5222 5175 5625 5299 5172 5415 5009 5310 4858 4865 4765 5457 5216 5075 5149 4860 5027 5170 5313 5192 5065 5375 5068 5041 5149 5449 5100 5097 5327 5216 5333 4722 4682 5120 5329 5106 5042 5428 5074 4770 5355 5277 5469 5360 5116 5056 5160 5478 5362 4838 5249 4637 4787 5129 5277 5028 5259 5021 5183 5442 4965 4539 5132 5580 5002 5077 5016 5017 4990 5085 5286 5048 4999 5012 5090 5305 5149 5243 5134 5087 4820 5031 5177 4900 5083 5268 5812 5342 5328 5637 5163 5266 4959 5152 5124 4606 5287 5404 5916 4870 5187 5505 5012 5355 4909 5277 5404 5594 5209 5301 5057 4890 4757 5091 5475 5292 5128 5308 5171 5016 5423 5466 5072 5216 5400 4883 4949 5105 5524 5145 5346 5426 5008 5014 5226 5338 5166 5421 4649 5082 5408 4999 4903 5200 5066 5859 5156 5271 5319 5198 5416 5314 5136 5513 4585 5286 5120 5168 5186 4895 5099 4749 5077 5405 5360 5647 5337 4925 5632 5195 5059 5064 5203 4985 4960 5054 5213 5029 5424 5039 5355 5002 5145 4907 5207 4894 5246 5043 4897 5062 5086 5350 4844 4838 5437 5309 5287 5976 5119 4865 5223 5527 4940 5090 5428 4816
5312 4981 4949 5399 5193 5344 5803 5330 5107 5272 5379 5117 5188 5609 5338 5203 4888 5286 5449 5242 5053 5628 5298 5198 5619 5572 4704 5135 5290 5126 5558 5652 5265 5185 5886 5213 5803 5331 5694 6185 5249 5558 5360 5028 5589 5529 5579 5217 5293 5569 5397 5547 5819 5450 5354 5762 5313 5250 5005 5441 4960 5679 5579 5337 5559 5377 5521 5509 5511 5366 5239 5380 5438 4973 5496 5682 5390 5440 5539 5434 5411 5196 5071 5658 5570 5425 5157 5804 5166 5404 5439 5282 5997 5773 5346 5173 5637 5571 5735 5379 5362 4775 5258 5306 5534 5002 5630 5450 5556 5725 5137 5078 5575 6103 5479 5285 5302 5209 5390 5096 5426 5201 5315 5134 5239 5560 5252 5393 5399 5323 4998 5132 5483 5496 5181 5480 5950 5737 6257 5984 5540 5360 5072 5738 5517 5016 5215 5966 6184 5256 5438 5673 5505 5445 5498 5682 5652 5651 5548 5221 5537 5367 5048 5449 5760 5314 5358 5180 5273 5504 5738 5635 5298 5850 5886 5291 5181 5706 5705 5013 5795 5710 5316 5235 5529 5607 5217 5671 4978 5322 5634 5116 5209 5656 5268 5919 5342 5807 5363 5451 5618 5650 5507 5712 4901 5485 5546 5438 5574 5086 5443 4875 5450 5679 5330 5700 5385 5200 5779 5554 5183 5446 5671 5494 5263 5287 5469 5410 5466 5084 5565 5383 5517 5029 5110 5174 5251 5507 5075 5107 5355 5533 5225 5067 5662 5243 5296 5793 5395 5579 5585 5718 5007 5493 5850 4688
5442 4980 4645 5447 5319 5501 5608 5141 5112 5047 5189 5287 4983 5534 5521 5109 4865 5411 5428 5283 5176 5477 5273 5089 5335 5630 4980 5407 5413 5136 5534 5381 5329 5495 5502 5517 5236 4965 5616 5824 5200 5528 5105 4898 5317 5162 5642 5501 5174 5262 5308 5437 5398 5414 5354 5365 4873 5429 5024 5473 5075 5500 5467 5178 5328 5138 4955 5231 5546 5050 5076 5169 5329 4824 5343 5401 5166 5459 5434 5459 5453 4794 5340 5254 5290 5235 5004 5276 4998 4895 5161 5330 5768 5583 5139 5100 4981 5556 5605 5173 5415 4905 5069 5373 5281 5114 5218 5174 5344 5719 5289 4664 5251 5705 5236 5545 5013 5613 4996 5035 5483 5086 5259 4948 5092 5614 5433 5514 5258 5080 5048 5107 5546 5173 5059 5563 6085 5372 5543 5627 5302 5316 5284 5411 5237 5285 5602 5834 5736 5116 5243 5575 5001 5264 4924 5518 5721 5549 5472 5281 5289 5136 5218 5317 5623 5310 5096 5217 5539 5391 5622 5733 5391 5423 5344 5228 5094 5584 5528 4883 5458 5484 5218 5222 5560 5554 5385 5821 5090 5247 5434 5133 5191 5616 5390 6025 5498 5446 5474 5488 5433 5646 5191 5709 4793 5389 5157 5399 5198 5261 5445 4808 5259 5511 5389 5893 5383 4988 5552 5262 5426 5194 5577 5365 5418 5383 5077 5123 5379 5276 5536 5295 5362 4981 5015 5096 4950 5285 5076 5321 5234 5584 4984 5208 5517 4976 5410 5939 5286 4888 5300 5521 5075 5072 5708 4833
5587 5485 5346 5725 5911 6027 6304 5942 5775 5686 6019 6034 5392 5875 5967 5821 5118 5804 5818 5609 5603 6357 5838 5548 5935 5852 5423 5674 5644 5718 5974 5812 5568 5738 6421 5885 5980 5882 6137 6065 5734 6200 5773 5670 6043 5674 6069 5513 5719 5939 5891 5768 6161 5920 5649 5702 5683 5908 5431 5774 5355 6363 6312 5785 5799 5850 5385 5741 6198 5902 5911 5898 5941 5624 6004 5920 5931 5849 6138 5654 6173 5890 5805 5863 5936 5878 5713 6028 5489 5726 5927 5550 6310 6209 5510 5737 5796 6030 6292 5629 5974 5404 5537 5880 5930 5502 5902 5841 6161 6392 5709 5257 5888 6479 5817 6096 5592 5962 5372 5328 5775 5891 6018 5441 5726 6203 6129 5888 5571 5810 5695 5335 5964 5757 5644 6132 6448 6023 6258 6039 5885 5766 5619 5936 6157 5557 5848 6351 6533 5406 5996 5891 5925 5923 5536 5916 6306 5811 5817 5823 5810 5518 5552 5923 6363 5848 5528 5606 6181 5934 5739 6056 5978 6096 5938 5524 5702 5869 6379 5354 6069 6435 5781 5581 5670 5933 5662 6366 5579 5966 5904 5791 5869 5986 5452 6576 6100 6244 5702 5885 5995 6225 5847 6059 5395 5989 5773 5945 5975 5685 5766 5440 6107 5989 5849 6505 5844 5455 5984 6122 5603 5859 6135 5735 5685 5758 5520 5932 6004 5415 6301 5611 6053 5563 5582 5472 5463 5880 5563 5608 5962 5921 5596 5558 6293 5540 6020 6265 5995 5671 5793 6048 5795 5634 6057 5493
5295 5172 4847 4962 4908 5004 5670 5045 5177 4887 5091 5146 5031 5197 5447 5188 4655 5212 5152 5282 4921 5394 5190 4841 5115 5461 4650 5014 5185 4916 5293 5304 5080 5076 5540 4954 5585 5267 5202 5943 5255 5161 5125 5165 5196 5215 5296 5071 5248 5103 5508 5313 5652 5161 5160 5265 5147 4993 4707 5008 4743 5573 5231 5400 5396 4881 4789 5458 5384 5278 5193 5315 4922 4637 5161 5328 4844 5074 5141 5390 5293 4867 5051 5500 5385 4974 5136 5390 5021 4861 5114 4950 5429 5659 4928 5205 5121 5541 5486 4990 4975 4604 4686 5127 5113 4752 5666 5046 5176 5413 4907 4664 5109 5603 5057 5324 5100 5253 4956 5072 5230 5139 4961 4994 5179 5586 5234 5280 5272 5207 4854 5053 5438 5015 5060 5290 5899 5410 5568 5649 5288 4907 5253 5243 5122 4775 5382 5175 5724 4855 5501 5481 5275 5139 5152 5326 5202 5286 5348 5237 5153 5153 4839 5221 5501 5237 5015 5171 5042 5245 5334 5532 5129 5229 5340 5136 4984 5482 5420 4706 5467 5528 5041 4752 5302 5366 5099 5579 4849 5118 5480 4970 4970 5353 5117 5809 5430 5446 5151 5224 5135 5441 5025 5247 4800 5194 5241 5312 5050 5276 5218 5030 5272 4921 5044 5823 5362 4845 5597 5462 5158 4811 5254 5208 4866 5015 5328 5235 5152 4919 5434 4975 5441 4976 4706 4829 5155 5029 4844 5257 5181 5228 4831 5075 5369 5045 5125 5477 5304 4780 5214 5373 4853 4954 5314 4760
4852 4754 4310 4716 4924 5134 4946 4949 4951 4707 5317 4994 4731 4867 5440 4834 4504 4938 5342 4854 4678 5059 4761 4869 5036 5124 4458 4916 4994 4844 5115 5089 4892 4884 5410 4744 5210 4969 4932 5469 4814 5301 5065 4594 5026 4995 5294 4929 5129 4963 5198 5089 5331 4865 4856 5415 4876 5068 4703 5176 4484 5227 5199 5084 4915 4911 5066 5003 5166 4850 4868 5161 4902 4715 5265 5041 4945 5155 5321 4892 5118 4545 4632 5124 5035 4987 4760 5173 4862 4817 5193 4799 5512 5413 5022 4780 5175 5071 5093 4676 5088 4733 4818 5031 5126 4789 5179 5009 4966 5336 4867 4726 5046 5679 5180 4933 4803 5198 5188 4742 5188 4944 4922 4808 4925 5124 5017 5078 4761 5078 4560 4968 5008 5139 4917 5270 5443 5203 5295 5178 5008 5057 4841 5300 4971 4335 4934 5459 5496 5035 4999 5079 4627 5010 4883 4832 5230 5189 5024 5143 5132 4940 4895 4973 5374 5002 4758 4874 5000 5119 5232 5319 4926 5329 5207 5038 5187 4964 5414 5043 5218 5304 5083 4766 5181 5293 4922 5288 4690 5250 5551 4731 4825 5366 4814 5419 5197 5375 5147 5141 5065 5127 5106 5027 4495 5077 4850 5062 5206 5051 5104 4555 5218 5381 5063 5224 4946 4551 5150 5160 4939 4973 5512 5113 4832 4999 5134 5005 4952 4722 5068 4812 5026 4718 4667 4493 5006 4980 4730 4974 5053 5094 4684 4730 5200 4782 5190 5634 5228 4882 5425 5443 4821 4762 5113 4473
5023 4342 4804 4988 4938 4859 5245 4890 4941 4957 4937 4968 4868 4966 5150 4747 4579 5119 5145 5223 4800 5199 4746 4965 4842 5122 4823 5106 4858 4746 4868 5272 5034 5015 5496 5144 5307 4871 5249 5786 4833 5266 4855 4847 5088 4844 5173 4908 5127 4508 5179 5130 5192 5145 5039 5282 4642 5124 4454 4964 4729 5304 5158 4757 5124 4712 4854 5199 5159 4723 4918 4912 4702 4926 5010 5099 4641 5031 5315 5136 4923 4577 4963 4929 5455 5145 4869 5202 5018 4920 4910 4697 5603 5294 4915 4749 4970 5176 5317 4949 5053 4490 5007 5087 5229 4757 5105 5083 5024 5417 5000 4341 5034 5578 4988 4872 4812 5069 4692 5084 5111 4739 5245 4785 4615 5313 5153 4977 4892 4936 4553 4562 5222 4965 5233 5036 5591 5330 5330 5472 5099 4906 4697 5122 4850 4667 5105 5021 5667 4904 4982 5116 4918 4829 4958 4952 5611 4976 5115 5009 4849 5045 4962 4981 5462 4722 5222 4620 4963 5372 5311 5294 4709 5231 5143 4761 4688 4906 5615 4854 5145 5210 4953 4895 5032 4989 5137 5321 5025 4919 5055 4984 4732 5102 4831 5568 5462 5473 4933 4881 5125 5032 4989 5321 4589 4903 4956 5117 4939 5044 4852 4741 5058 5310 5234 5594 5152 4841 5178 5084 4707 4908 5500 5311 4805 4998 5171 5115 4992 4565 5207 4839 4894 4882 4732 4736 4710 4982 4767 4630 5121 4936 4822 5071 5289 5096 5107 5508 5117 5013 5204 5253 4768 4819 5462 4438
4485 4691 4124 4541 4763 4837 4905 4625 4518 4752 4760 4755 4633 4816 4860 4636 4266 4776 4675 4790 4384 5118 4508 4510 4819 4644 4526 4779 4523 4556 4817 4973 4544 4775 5201 4748 5015 4607 4628 5314 4541 4878 4580 4527 4732 4605 4815 4612 4778 4648 4887 4778 5026 4723 4634 4762 4395 4796 4336 4823 4257 5056 4950 4391 4734 4520 4598 4888 5034 4578 4515 5047 4719 4633 4983 4766 4574 4724 4700 4562 4738 4724 4696 4681 4945 4537 4560 4819 4607 4747 4683 4804 5090 4856 4545 4770 4700 5041 5180 4780 4778 4134 4370 4609 4819 4411 4881 4807 4738 5004 4490 4421 4728 5088 4697 4957 4494 4799 4746 4492 4760 4675 4676 4307 4286 5218 4743 4791 4685 4541 4313 4356 4771 4776 4477 5090 5214 4964 4893 5060 4689 4600 4344 4948 4783 4479 4598 4992 5248 4479 4921 4939 4467 4908 4795 4775 5048 4748 4785 4486 4881 4522 4601 4980 5075 4825 4665 4565 4801 4892 4685 4837 4568 4993 5196 4439 4485 4833 4954 4632 4916 4890 4711 4291 5122 5022 4565 5249 4407 4648 4804 4492 4425 4726 4513 5184 4968 4804 4674 4715 4873 4968 4737 5105 4240 4835 4796 4682 4796 4633 4760 4621 4871 4923 4762 5120 4848 4585 5114 4943 4708 4746 5315 5014 4541 4910 4632 4898 4913 4652 4702 4562 4791 4164 4337 4468 4674 4834 4727 4656 4866 5003 4699 4392 4889 4655 5039 5142 5040 4619 4739 4846 4619 4563 4943 4233
4992 4740 4859 5109 5161 5255 5179 4952 4963 4838 5150 4980 4782 5531 5429 4792 4490 5438 5250 4952 4983 5513 5133 4822 5131 5081 4945 4991 5078 5093 5235 5531 5065 4949 5469 5293 5256 5035 5192 5498 5055 5593 5274 4715 5083 4847 5239 5108 5088 4911 5059 5353 5497 5186 5187 4974 4970 5286 4751 5186 4582 5317 5506 4734 5272 4868 4950 5077 5489 5164 5288 5146 4897 4791 5183 5478 5083 5113 5305 5092 5133 4781 5003 5184 5330 5043 4901 5298 5098 4851 4997 5077 5468 5499 4905 5023 5044 5110 5074 5011 5013 4807 5059 5188 5255 5072 4990 4980 5061 5370 4763 4481 5220 5646 5086 5225 5090 4777 4884 5005 5135 5031 5383 4717 4944 5540 5134 5260 5010 4814 4648 4828 5484 5115 5054 5563 5721 5388 5544 5560 4837 4959 5128 5223 5418 5018 5000 5316 5641 5114 5273 5325 5169 5202 4830 5053 5677 5412 5054 5101 5037 4817 4910 5222 5571 5109 5229 4797 5145 5526 5163 5361 5019 5137 5276 4940 4860 5159 5796 4686 5195 5440 4981 4917 5082 5238 5139 5620 5136 5095 5566 4904 4637 5221 5102 5400 5595 5532 5269 4946 5048 5453 4982 5475 4525 5327 4780 4871 5145 4811 5171 4793 5182 5400 5237 5738 5249 4953 5490 5317 5112 4970 5479 5030 5007 4937 5228 4908 5191 4947 5450 4908 5123 4953 4866 4983 5071 5308 5058 4858 5271 5062 4831 5207 5146 5087 5254 5468 5156 4931 5119 5292 4881 5093 5188 4479
5385 5486 4798 5644 5444 5757 5668 5268 5321 5163 5745 5657 5241 5663 5900 5323 4834 5685 5601 5470 5271 5671 5216 5415 5491 5841 5046 5590 5538 5183 5861 5892 5453 5758 5723 5539 5397 5333 5538 5736 5396 5911 5912 5260 5637 5450 5693 5712 5749 5666 5773 5557 6208 5820 5417 5588 5441 5469 5083 5492 5291 5803 5780 5699 5692 5392 5489 5569 5913 5392 5240 5694 5559 5264 5588 5710 5533 5505 5228 5354 5562 5423 5055 5420 5774 5864 5412 5596 5327 5421 5688 5510 5948 5967 5426 5074 5602 5726 5659 5531 5691 5138 5387 5566 5822 5389 5585 5481 5387 5923 5312 4888 5548 6094 5401 5438 5094 5595 5459 5466 5314 5456 5727 5561 5451 5964 5517 5727 5608 5210 5325 5361 5630 5592 5578 5868 6218 5947 5653 6089 5758 5398 5432 5473 5647 5108 5561 5876 6137 5599 5598 5743 5482 5774 5261 5485 5818 5686 5619 5740 5399 5163 5718 5495 6067 5608 5292 5380 5696 5502 5665 5768 5271 5796 5749 5336 5321 5805 5954 5362 5685 5964 5512 5445 5796 5430 5531 5580 5083 5742 5780 5186 5392 5727 5184 6208 5935 5854 5503 5299 5744 5840 5210 5725 4849 5852 5349 5657 5482 5251 5566 5276 5641 5726 5428 5841 5432 5127 5739 5741 5536 5592 6103 5357 5466 5461 5565 5683 5680 5374 5542 5328 5369 5504 5056 5231 5356 5364 5202 5430 5616 5356 5176 5232 5734 5568 5795 6151 5614 5427 5672 5602 5254 5524 5685 5107
5034 5112 4464 5133 4999 5113 5279 5094 4806 4735 5497 5015 5142 5500 5414 4796 4455 5046 4975 4891 4961 5472 4721 5001 5167 4953 4937 5047 4941 4888 4902 5276 5071 5292 5571 4983 5287 4988 5139 5593 5056 5440 5153 5299 5265 5112 5285 5141 5079 4910 5132 5149 5414 4982 5262 5001 4892 5316 4695 5235 5039 5568 5474 5108 5214 4983 5034 5019 5634 4892 5007 4961 5045 4747 5319 5063 5109 5000 5408 5056 5321 4829 4859 5190 5375 5118 4816 5298 5040 5297 4982 5036 5332 5748 4928 4724 5071 5004 5339 5011 5110 4865 5063 5158 5227 4893 5190 4976 5134 5383 4948 4757 5176 5554 4988 5066 5136 5054 4929 5065 5321 5065 5186 4782 4927 5335 5388 5426 5085 5042 4986 4902 5273 5330 4932 5456 5569 5416 5492 5614 5327 5081 5093 5197 5199 4979 5238 5398 5763 5026 5085 5274 5175 5227 5066 5268 5486 5418 5459 5328 5226 5044 4798 5113 5643 5208 4887 4817 5193 5154 5419 5331 4976 5391 5312 4934 5113 5383 5713 4632 5354 5471 4826 5008 5244 5199 5164 5390 5002 5230 5424 4839 4960 5398 5033 5716 5582 5281 5113 5237 5406 5224 5241 5389 4521 5371 4969 5129 5294 5139 5232 4750 5458 5542 5103 5663 5258 5186 5347 5230 5345 5091 5526 5149 5073 5145 5066 5317 5309 4908 5304 5379 5185 4815 4670 5013 5004 5179 4749 4930 5155 5121 4866 5102 5286 4829 5064 5627 5385 5015 5253 5283 4908 4959 5427 4681
4933 4895 4297 4818 5268 5070 5451 4899 4949 5134 5065 4994 4836 4805 5131 4995 4507 4870 4987 4832 4787 5494 5129 4852 4954 5185 4588 5083 5068 4785 5083 5122 5089 5003 5248 5016 4954 5124 5078 5361 4815 5210 5195 4789 5059 4800 5005 4916 5335 5213 5074 5185 5564 5292 4989 4920 4549 5051 4743 4989 4722 5367 5392 4893 5107 4712 4776 5035 5700 4917 4633 4793 5057 4755 4934 5247 4702 4870 5225 4913 5094 4719 4878 5138 5025 4966 5012 5300 4652 4864 5136 4880 5637 5177 4934 4910 4787 5389 5300 4909 5262 4565 5035 4941 5024 4705 4940 5139 5066 5285 4790 4585 5188 5550 5189 5343 4582 5130 4866 4600 5219 5115 4893 4837 4800 5481 4945 5162 4990 4793 4989 4899 5253 4981 4711 5261 5512 5507 5415 5254 5173 4859 4888 5007 5223 4821 4805 5578 5643 4919 4921 5320 5071 5207 5116 5183 5245 5050 5029 4990 4937 4622 4912 5143 5456 4954 4764 4714 5028 4935 5012 5025 4825 5332 5168 4809 4817 5376 5206 4559 5150 5146 4953 4957 5117 5167 5192 5166 4532 5036 5406 4734 5157 5152 4900 5727 5225 5383 4987 5035 5208 5115 4863 5285 4354 5216 4938 5233 4897 4910 4939 4593 5062 5166 4913 5570 5188 4978 5465 5265 4738 5015 5227 5095 5027 5153 5035 5061 5484 4917 5236 5028 5133 4913 4820 4770 5135 4974 4788 4972 4993 5091 5115 4843 5161 4854 4865 5525 4688 4957 4972 5525 4559 5043 5089 4665
5785 5486 5407 5809 6066 5823 6365 5882 5579 5661 6042 6025 5778 6013 6144 5736 4910 5878 5834 5711 5558 6155 5796 5404 5999 5846 5566 5771 5532 5696 5995 6012 5774 5822 6282 5959 5866 5778 5697 6431 5741 6165 5733 5660 5924 5695 5833 6097 5792 5899 5664 5946 6218 6010 5743 5739 5705 6007 5379 5603 5383 6174 6312 5869 5587 5770 5708 5892 6205 5988 5954 5734 6190 5500 5766 5704 5882 6299 5781 6120 5746 5608 5834 6219 6206 6026 5748 6042 5737 5571 5667 5723 6436 6059 5634 5897 5766 5957 5893 6164 5990 5397 5598 5918 5942 5344 6017 5708 5526 6044 5596 5159 5965 6496 6093 5830 5765 5890 5470 5672 6030 5851 6061 5311 5800 6380 5939 6316 5688 5967 5352 5714 5939 6106 5747 6251 6651 6261 6194 6277 6015 5842 5729 5891 6029 5689 6103 6226 6454 5440 6016 5988 5812 6096 5906 5569 6266 5913 6090 5799 5874 5837 5708 5947 6194 5850 5794 5980 5944 5824 5893 6187 5964 6033 6087 5655 5845 6466 6297 5491 6156 6231 5609 5462 5978 5964 5466 6305 5596 6053 5981 5576 5651 6155 5720 6433 6198 6063 6015 5990 6006 5858 5676 6390 5468 5768 5783 5882 5770 5578 5853 5582 5959 5939 5700 6369 6148 5495 6198 5935 5788 5745 5961 5648 5613 5967 5758 5670 6034 5626 5969 5659 5805 5482 5540 5617 5683 5987 5659 5674 6100 6287 5734 5864 5783 5707 5956 6394 5828 5619 5864 6035 5530 5414 6038 5355
5085 4920 4601 5214 5183 5057 5756 5014 4978 5218 5265 5047 4677 5068 5314 4822 4594 5187 5016 5037 4755 5369 4937 4787 5329 5271 4841 5082 4840 4826 5089 5275 4931 5245 5614 5041 5248 4980 5382 5857 4707 5326 5160 4981 5325 5075 5379 4968 5056 5294 5027 5074 5358 5312 5098 5086 4798 5062 4747 4987 4733 5278 5407 4913 5146 4824 5012 5187 5235 5029 4860 5039 4996 4826 5138 5316 5019 5304 5239 5264 5180 5112 4870 5341 5390 5391 4914 5367 4780 5014 5139 5150 5453 5362 4990 4812 5136 5291 5201 5204 5277 4568 4888 4852 5070 5163 5216 5128 5314 5679 4993 4471 5181 5667 5119 5347 4961 5182 5146 5052 5198 4970 5329 4707 4922 5589 5133 5326 4795 5204 4703 4942 5361 5364 5008 5256 5540 5428 5495 5398 5079 5021 4949 5278 5239 4839 5042 5592 5396 4544 5372 5302 5071 5372 5187 5178 5607 5343 5189 5136 4911 4820 4955 5172 5672 5108 4938 5067 5346 5167 5125 5333 4967 5373 5446 5008 5031 5333 5347 4820 5133 5565 4910 4824 5307 5268 4923 5489 5055 5050 5180 4719 4886 5092 4800 5860 5588 5404 5074 5096 5299 5260 5092 5481 4686 5260 5122 5333 4981 5051 5108 4846 5336 5113 5106 5467 5200 4788 5372 5419 4879 5246 5359 4971 5039 5257 5093 5209 5105 4540 5027 5035 5233 4928 4721 4852 4967 5252 5057 4907 5118 5438 4961 4816 5611 5064 5015 5376 5180 4955 5214 5322 5009 4965 5405 4615
5001 4951 4631 5076 4930 5195 5418 5177 4752 4824 5218 5393 5222 4981 5362 5048 4516 4947 5035 5169 4865 5338 4946 5027 5327 5374 4617 5163 5041 4714 5221 5141 5033 5222 5312 5224 5163 5202 5163 5596 5002 5216 5083 4921 5042 5157 5459 5406 5230 4738 5213 5152 5516 5069 5301 5437 4939 4966 4674 5231 4820 5249 5327 4840 5390 5038 5118 5269 5192 4952 5117 5245 5229 4753 5342 5221 4974 5220 4981 5070 5346 4871 5057 5187 5152 5117 5052 5185 5011 4909 5221 4993 5454 5671 4952 5074 4922 5258 5242 5180 5232 4886 4758 5182 5368 4924 5205 5263 5255 5398 5076 4932 5168 5349 5239 5188 5101 5164 4770 5254 4919 5261 5078 5045 5136 5423 5074 5294 5085 4860 4957 4930 5180 5054 5020 5343 5548 5508 5423 5245 5275 5025 4814 5097 5169 4816 5281 5156 5845 4882 5164 5219 5028 5299 4978 4988 5388 5294 5182 5270 4939 5288 5069 5407 5528 5116 4902 5116 5241 5271 5275 5266 5237 5526 5457 5074 4933 5408 5535 4883 5506 5561 5194 5054 5442 5187 4979 5437 4809 5466 5302 4559 4952 5084 5303 5604 5199 5295 5200 5346 5198 5284 5216 5425 4737 5270 4939 5240 5242 4922 5032 4908 5153 5233 5207 5634 5361 4845 5163 5391 5393 4912 5429 4897 5038 5174 5317 5143 5119 4715 5146 5137 5272 5007 4752 4871 5224 5063 4963 4968 5012 5170 4907 5326 5134 5128 5157 5603 5036 4946 5128 5250 4889 5093 5221 4808
5115 4987 4515 5521 5323 5553 5598 5286 5148 5186 5519 5281 5182 5253 5519 5282 4508 5168 5339 5249 4967 5510 5202 5127 5366 5408 4926 5153 5065 5024 5344 5476 5360 5227 5552 5313 5586 5420 5238 5708 5215 5244 5299 5222 5162 5361 5563 5395 5240 5436 5450 5492 5828 5439 5462 5151 4924 5079 4825 5270 5034 5601 5551 5106 5482 4931 5075 5157 5456 5070 5225 5443 5177 4830 5425 5472 5439 5421 5402 5225 5318 4980 5167 5362 5518 5189 5359 5434 5121 5354 5283 5279 5829 5665 5380 5673 5079 5636 5614 5209 5391 5011 5200 5451 5210 5125 5555 5436 5197 5474 5130 4931 5428 5841 5419 5332 4970 5251 4998 5069 5395 5266 5394 5073 4916 5723 5244 5506 5451 5058 5039 5025 5361 5165 5259 5291 5906 5734 5665 5630 5390 5288 5069 5453 5555 4991 5502 5909 5978 5253 5178 5422 5534 5273 5273 5278 5541 5761 5562 5542 5364 5168 5319 5593 5767 5334 5237 5138 5358 5265 5415 5565 5542 5603 5412 5491 5109 5531 5654 4886 5752 5383 5372 5075 5647 5723 5338 5858 5028 5179 5533 4937 5317 5350 5485 5933 5845 5264 5060 5324 5510 5504 5285 5680 4715 5627 5408 5500 5289 5170 5329 4916 5379 5511 5425 5617 5356 5025 5678 5516 5366 5328 5600 5354 5245 5436 5234 5039 5353 4984 5440 5108 5476 5213 5148 5027 5145 5203 5287 5285 5213 5262 5038 5211 5580 5106 5192 5961 5541 5102 5568 5548 4990 5265 5299 4915
5133 4910 4481 5060 5369 5299 5566 5368 4987 4951 5183 5177 4997 4934 5444 4952 4633 5345 5450 5236 4900 5521 4823 4800 5068 5505 4775 5437 5131 4881 5283 5086 5145 5372 5531 5194 5558 5384 5076 5640 5043 5278 5272 5077 5192 5039 5364 5332 5158 5207 5075 5251 5338 5136 5243 5170 4678 5130 4827 4997 4793 5653 5363 5139 5072 4954 5130 5564 5360 5135 5116 5154 5123 4667 5170 5256 4648 5363 5635 5319 5248 4857 4921 5221 5396 5401 4933 5439 4895 5029 5023 5102 5746 5198 5036 5054 4936 5287 5334 5031 5153 5033 5021 5093 5356 4744 5357 5029 5149 5487 4860 4671 5457 5632 5145 5380 5166 5280 4890 5052 5551 5225 5254 5040 5120 5357 5069 5210 5233 5089 4873 5070 5373 5162 4914 5471 5891 5445 5530 5360 5227 4989 5262 5152 5110 4949 5244 5581 6022 5190 5301 5350 5365 5439 5276 5320 5535 5353 5276 5056 5159 4942 5270 5302 5585 5155 5185 5211 4968 5150 5422 5312 5236 5216 5264 4938 5140 5510 5651 4905 5421 5485 4797 5111 5443 5437 5279 5705 4949 5196 5146 4761 4979 5476 4987 5762 5445 5487 4999 5201 5220 5306 5377 5400 4536 5051 5192 5435 5084 5074 5230 4652 5486 5169 5182 5688 5252 4998 5509 5347 5160 4991 5322 5425 5094 5107 5094 5136 5481 4906 5542 5145 5152 4798 4892 5073 4991 5303 4954 5067 5266 5594 4935 5150 5153 5087 5069 5646 5108 4771 5246 5632 4862 5052 5222 4739
4891 4503 4555 4768 4768 4868 5316 5111 4650 4622 5088 5024 4753 4851 5078 4767 4495 4981 5034 4610 4816 5048 4937 4613 5219 4942 4520 5098 4603 4786 5184 5230 5065 5188 5279 5109 5123 4960 5082 5281 4716 4825 4743 4894 5108 4586 5145 4962 4701 4707 4928 5058 5422 5370 4772 5135 4779 5107 4846 4870 4908 5414 5189 4985 4833 4838 4693 4914 5360 4838 4800 4810 4851 5015 5076 4893 4912 5473 5431 5197 4929 4706 4950 5084 5440 4938 4908 5064 4811 4876 4845 4786 5564 5218 4874 4695 4894 5468 5055 5084 5158 4610 4794 5228 5048 4706 5002 4892 5132 5214 4768 4418 5329 5398 5080 4735 4853 5128 4773 4911 5081 4935 5170 4813 4697 5312 5140 5181 5137 5059 4926 4895 5180 5116 4749 5145 5548 5105 5391 5458 5173 5095 4595 5130 4925 4503 4895 5567 5546 4915 4921 5353 4979 4903 5200 4642 5295 5273 5144 5057 4981 4812 4757 5072 5384 5084 4988 5019 5293 4998 4954 5209 4847 5282 5032 4633 4698 5315 5304 4724 5000 5380 4696 4953 5280 5106 5037 5394 4782 5054 5021 4808 5018 4870 5024 5831 5311 4958 4804 5183 5243 5456 4985 5389 4263 5285 4968 5207 5017 4977 4959 4506 5144 5161 4847 5270 5035 4903 5306 5402 4910 5014 5339 5197 5185 5011 4897 5056 4976 4606 5054 5125 4858 4965 4870 4878 4774 4963 4743 4691 4883 4954 4787 4882 4982 4676 4891 5893 5006 4707 4801 5455 4632 4731 5263 4710
5133 5021 4708 5387 5327 5093 5659 5253 5081 4937 5480 5132 5239 5233 5429 5087 4563 5374 5114 4993 5184 5503 5154 5126 5242 5183 5354 5260 4919 4876 5255 5255 5212 5290 5503 5386 5418 5238 5144 5671 5157 5402 5123 5021 5536 5128 5576 5083 5193 5295 5423 5326 5769 5261 5063 5259 4952 5150 4662 5220 5057 5424 5357 5425 5297 4874 5123 5227 5418 4928 5203 5045 5237 4836 5533 5109 5148 5239 5391 5225 5289 4627 5069 5296 5625 5140 5130 5285 5019 5039 5297 5151 5505 5511 5005 5066 5009 5659 5722 5091 5124 4689 4880 5358 5248 4913 5388 5451 5048 5534 5016 4709 5321 5637 5092 5199 4944 5347 4884 5162 5245 5202 5232 4936 4933 5425 5256 5452 5445 5203 5074 4977 5129 4926 5118 5435 5892 5529 5816 5825 5545 5241 4867 5420 5445 4975 5286 5378 5644 4897 5237 5337 5131 5389 4949 5238 5523 5222 5282 5409 5151 5160 4958 5161 5590 5328 5080 5109 4930 5174 5543 5544 5123 5428 5455 5153 5204 5538 5576 4976 5368 5388 5125 5091 5403 5545 5157 5425 4799 5217 5646 5052 5036 5502 5111 5637 5506 5478 5078 5210 5344 5373 5220 5419 4676 5284 5287 5335 5021 5152 5156 5166 5312 5265 5235 5637 5279 4972 5426 5323 4986 4939 5431 5129 4972 5173 5151 5177 5646 5287 5358 5216 5027 5070 4857 5148 5115 5058 4885 5202 5219 5246 5046 5019 5566 5091 5052 5569 5127 4904 5268 5374 5109 4874 5617 4874
4944 4708 4171 4757 4842 4976 5248 4903 4643 4611 5044 4777 4845 4811 4974 4777 4371 4788 4892 4967 4738 5442 4555 4638 4856 5020 4687 4848 4713 4693 5243 5095 4691 4740 5405 4808 5187 4648 4854 5272 4639 5024 4945 4486 4833 4876 4858 4970 4803 4846 4908 4910 5203 4804 4810 4966 4713 4915 4603 5109 4622 5311 5160 4875 4924 4746 4745 5013 5187 4932 4811 5054 5041 4535 4852 4906 4853 4978 5000 4705 4803 4464 4990 5228 5089 5123 4702 4940 4643 4741 4692 4738 5396 5219 4790 4788 4827 4910 4878 4909 5129 4401 4653 4671 5015 4531 5210 4898 4812 5103 4955 4244 5011 5266 4832 4854 4671 5218 4783 4894 4964 4962 4845 4515 4587 5158 4567 5108 4704 4802 4764 4592 5005 4987 4691 5119 5471 4965 5371 5222 4608 4664 4742 4793 4995 4666 4826 5482 5392 4659 4820 4902 4765 5114 4758 4844 5334 5002 4923 4984 4851 4670 4427 4805 5308 4732 4874 4873 4696 4961 5113 4887 4928 5181 5063 4533 5007 5222 5138 4526 5089 5248 4842 4536 4945 4849 4771 4985 4727 5051 5018 4584 4999 4981 4631 5260 5061 5118 5040 4904 4790 5201 4627 4839 4490 4912 4630 5084 4997 4846 4726 4660 4907 4786 4946 5230 4813 4582 5254 5046 4720 4742 5044 4882 4783 5006 4922 4910 4738 4650 4952 4868 4966 4548 4418 4637 4606 5131 4826 4520 5001 5300 4419 4822 4844 4798 4909 5147 4925 4633 4997 5032 4460 4762 4950 4350
4916 4708 4534 5025 5162 4744 5180 4935 4436 4666 4858 4802 4500 4942 5060 4456 4293 4814 4839 4895 4578 5320 4743 4816 4918 4903 4510 4939 4756 4535 4854 5016 4627 4780 5176 4965 5028 4406 5126 5495 4805 4862 4822 4721 4992 4861 5087 4879 4888 4840 5202 4878 5106 5037 4757 4840 4457 4794 4478 4866 4768 5193 5200 4583 4921 4729 4831 4755 5000 4932 4869 4840 4681 4442 4971 4968 4686 4903 5081 4983 4887 4714 4822 4615 5318 4826 4775 5010 4479 4794 4626 4859 5205 4851 4679 4591 4957 5341 5095 4693 4928 4331 4814 4848 4895 4696 4965 4862 4796 5453 4752 4351 4986 5248 4963 4944 4732 4743 4716 4849 4923 4781 4764 4540 4805 5131 4814 4871 4723 4906 4813 4897 4995 4893 4749 4880 5362 4795 5332 5175 4863 4607 4617 4976 4843 5037 4854 5298 5382 4637 4911 5152 4853 4888 4755 4840 5040 4876 4857 4987 4889 4801 4648 4991 5457 4826 4692 4710 4980 4741 4925 5167 4754 5140 5042 4677 4774 4963 5364 4284 4849 5234 4724 4798 5023 4965 4765 5273 4476 4869 4950 4544 4755 4796 4538 5403 4903 5081 4902 5020 5098 5063 4692 5224 4368 4802 4936 5027 4721 4779 5021 4414 4838 4947 4773 5243 5109 4609 5258 5055 4927 4622 5101 4708 4840 4754 5046 4974 5058 4664 4937 4897 4784 4690 4384 4665 4741 4703 4660 4755 4781 5183 5059 4784 5144 4871 5010 5224 4956 4843 4837 5041 4653 4632 5225 4586
4971 4783 4280 4962 4838 5143 5007 4776 4672 4852 5061 4783 4818 4977 5195 4799 4278 5026 4772 4706 4729 5237 4799 4877 4952 4936 4413 4987 4786 4558 5129 5142 5097 4769 5310 5002 4895 5037 4938 5442 4905 4942 4898 4764 5044 4680 5115 4698 4839 5032 5016 5028 5255 4956 5094 5020 4711 4940 4540 4928 4622 4940 5243 4943 5140 4896 4731 4950 5412 4981 5076 4971 4956 4506 4923 5071 4761 5091 5032 5211 5213 4662 5072 5172 5285 4894 4924 5097 4642 4999 4835 4939 5354 5073 4677 4730 4998 5139 5233 4899 4962 4749 4585 5226 4929 4827 4970 4843 5121 5159 4879 4512 5367 5574 5018 4991 4969 5293 4699 4694 5038 4891 5014 4633 4512 4931 5058 4827 4905 4866 4647 4677 5134 5025 4806 5267 5327 5182 5498 5139 5294 4978 4779 5050 4947 4878 4816 5313 5347 4695 4888 5267 4766 5065 4989 4886 5544 5249 5127 4928 5002 4785 4843 4910 5556 4998 4908 4699 5277 5013 5389 5275 4848 4949 5311 4473 4894 5376 5370 4695 5083 5379 5034 4808 5092 5017 5277 5327 4801 4769 4838 4891 4760 5262 5056 5556 5480 5137 5016 4798 5005 4903 4790 5182 4416 5057 4642 5053 4987 4940 5017 4562 4917 5048 5139 5294 5088 4675 5168 5113 4713 4947 5271 5034 4692 5072 4869 4893 5068 4569 4965 4653 5216 4830 4968 4705 4834 4785 4692 5049 5087 5079 4748 4777 4937 4607 4875 5374 4852 4905 5073 4971 4677 4872 5349 4343
5507 5216 4904 5369 5482 5404 5801 5632 5162 5434 5673 5368 5451 5622 5588 5204 5331 5311 5371 5480 5165 5865 5354 5283 5554 5725 5176 5542 5339 5260 5648 5542 5194 5560 5851 5437 5819 5486 5319 6172 5250 5879 5556 5380 5506 5364 5596 5273 5523 5452 5702 5722 5838 5450 5316 5396 5229 5438 5263 5272 5253 6092 5893 5438 5284 5528 5216 5500 5933 5264 5303 5431 5283 5425 5739 5736 5286 5771 5653 5589 5964 5027 5578 5658 5806 5730 5326 5571 5042 5470 5607 5456 6012 5815 5429 5239 5478 5831 5562 5483 5317 4833 5344 5528 5729 5298 5551 5602 5606 5920 5250 4839 5739 6086 5597 5601 5412 5509 5488 5366 5743 5752 5794 5130 5539 5588 5576 5660 5571 5409 5199 5302 5530 5419 5326 5977 6039 5660 6138 5773 5450 5467 5191 5562 5613 5308 5607 6240 6144 5678 5459 5734 5545 5526 5490 5504 5992 5581 5535 5701 5673 5337 5549 5559 6026 5397 5368 5276 5616 5502 5821 5747 5211 5958 5691 5358 5443 5926 5838 5084 5563 5734 5491 5491 5655 5553 5913 6055 5075 5566 5678 5182 5391 5608 5421 6429 5785 5897 5320 5767 5530 5534 5382 6036 4764 5656 5747 5639 5628 5736 5614 5378 5852 5641 5647 6108 5605 5325 5909 5752 5193 5360 5767 5784 5418 5550 5452 5702 5764 5327 5556 5698 5665 5330 5219 5348 5310 5512 5609 5516 5482 5790 5393 5312 5613 5355 5740 6154 5563 5251 5529 5889 4977 5277 5731 5072
5498 5508 4760 5443 5248 5539 5674 5251 5166 5203 5539 5507 5468 5558 5487 5326 4829 5441 5286 5277 5309 5826 5506 5179 5696 5843 5126 5579 5271 5133 5300 5752 5383 5285 6007 5288 5635 5620 5293 6025 5329 5790 5608 5162 5479 5015 5636 5223 5458 5516 5411 5570 5779 5615 5410 5437 5036 5331 5097 5609 5363 5673 5922 5479 5529 5394 4948 5511 5785 5429 5457 5503 5527 4962 5672 5412 5277 5318 5575 5431 5529 5010 5387 5603 5628 5498 5580 5469 5184 5237 5515 5377 5639 6041 5320 5451 5180 5637 5742 5165 5542 4995 5267 5529 5610 4998 5723 5502 5652 5513 5054 4944 5438 5818 5334 5680 5351 5423 4844 5315 5523 5444 5630 5106 5143 5893 5354 5669 5502 5260 5200 5379 5585 5194 5236 5941 6052 5615 5835 5753 5439 5087 5339 5456 5591 5165 5245 5717 6078 5224 5493 5603 5489 5717 5349 5471 5970 5529 5707 5245 5399 5352 5139 5406 5877 5205 5306 5031 5398 5599 5469 5614 5059 5660 5920 4993 5085 5716 5877 4966 5676 5898 5456 5194 5605 5302 5317 6236 5241 5507 5530 5208 5515 5509 5239 5935 5972 5732 5324 5531 5623 5605 5397 5740 4667 5540 5042 5736 5387 5302 5552 5246 5640 5575 5298 5804 5608 5304 5874 5389 5359 5165 5666 5549 5249 5486 5376 5527 5752 5237 5818 5255 5227 5408 5133 5251 5256 5298 4931 5059 5363 5443 5218 5352 5500 5142 5443 5883 5338 5232 5315 5588 4917 5207 5724 4898
5039 5116 4768 5155 4976 5192 5305 4997 5154 4941 5381 5485 5023 4925 5295 5203 4717 5208 5399 5192 4819 5443 4990 4623 5305 5495 4722 5283 5057 4777 5016 5232 5294 5316 5446 5150 4999 5365 5231 5838 5076 5187 5120 4778 5230 5066 5422 5262 5152 5300 5252 5139 5749 5175 4977 5288 4909 5150 5154 5102 4745 5370 5317 5294 5341 5129 5100 5375 5296 5105 5284 5326 5182 4851 5316 4926 4911 5349 5313 5238 5062 4771 4986 5369 5351 5075 5137 5207 5147 5069 5289 5384 5781 5555 5218 5286 4980 5687 5529 5230 5300 4788 4784 5395 5229 4960 5354 5111 5019 5566 5062 4697 5178 5433 5278 5102 5185 5228 5033 5007 5343 5042 5024 4822 4990 5570 5102 5245 5137 5055 4899 5018 5153 5301 4827 5621 5827 5238 5737 5650 5330 5071 5227 5318 5205 4727 5192 5500 5809 5056 5439 5457 5194 5511 4998 5238 5336 5218 5315 5279 5137 5183 5034 5306 5741 5396 4741 5371 5222 5410 5476 5494 5222 5305 5412 5093 5128 5433 5421 5046 5377 5576 5037 4793 5194 5441 4859 5479 5000 5206 5552 4833 4915 5448 5319 5851 5124 5232 5401 5282 5169 5269 5179 5411 4859 5518 4979 5146 5158 4977 5328 4945 5245 5175 5076 5748 5435 4748 5406 5471 5127 5175 5504 5173 4889 5009 5474 5120 5143 4994 5559 5099 5280 5013 5099 4840 5220 5284 4910 4992 5334 5306 4967 5153 5227 5229 5284 5693 5044 4974 5230 5523 4954 4924 5376 4550
4783 4667 4265 5018 4958 4767 5164 4620 4438 4724 5055 4924 4683 4782 4961 4506 4182 4329 4863 4680 4476 5099 4922 4533 4973 4986 4729 5007 4742 4257 4746 4979 4842 4987 5222 4746 5052 4913 4714 5394 4571 5040 4827 4405 4937 4750 4986 4901 4766 4933 4888 4831 5026 4945 4970 4715 4627 4757 4636 5023 4511 5020 4928 4801 4741 4512 4563 4831 5037 4791 4932 4832 4884 4551 4784 5058 4420 4833 4835 5031 4831 4331 4869 4909 5083 4784 4872 4902 4476 4865 4664 4976 5124 5112 4769 4708 4688 5262 4885 5058 4683 4436 4750 4892 4974 4427 4915 4906 4942 5246 4767 4521 4951 5011 4895 4944 4798 4987 4695 4681 4689 4644 4747 4571 4460 5417 4556 4905 5192 4947 4460 4821 4961 4594 4645 5111 5505 5021 5484 5133 4921 4812 4582 4743 5122 4749 4800 5110 5331 4758 4887 5189 4894 4913 4891 4911 5262 4873 5016 4904 4831 4708 4431 5256 5387 4926 4561 4785 4766 4797 5087 5179 4948 5120 4968 4758 4669 5010 5366 4450 4758 4949 4682 4601 4991 4846 4758 5175 4844 4630 5112 4489 4656 4938 4943 5431 4998 4962 4731 4755 4776 4678 4696 5133 4376 4772 4708 4817 4926 4912 4868 4380 5011 5006 4891 5510 5034 4717 5239 4885 4734 4721 5128 4751 4795 5000 4710 4686 5027 4608 4760 4769 4738 4692 4451 4719 4565 4744 4597 4798 4958 5196 4672 4832 5059 4680 4828 5118 4704 4776 4919 5149 4441 4738 5002 4344
4986 4896 4548 5117 5326 5089 5427 4945 4737 4892 5257 5163 5078 5294 5531 4700 4481 5102 5307 4755 4830 5429 4903 4950 5041 4898 4907 5290 4961 4736 5264 5276 4969 5171 5399 4943 5322 4931 5093 5496 4798 5325 5064 4863 5330 4965 5116 4866 4994 5122 5148 5267 5110 4978 5259 5135 5138 4966 4775 5085 4579 5310 5215 5083 4995 4820 4995 5126 5248 4843 5067 4884 5070 4819 5283 4982 4881 5008 5271 4957 5056 4637 4808 5403 5545 4965 5035 5026 4712 4935 5026 5196 5691 5358 4988 5046 5103 5507 5100 5084 5099 4793 4913 5148 5375 4568 5190 5024 5014 5295 4915 4665 5207 5616 4867 4961 4626 4925 4887 4972 5222 5113 5359 4934 5139 5553 4840 5348 5295 5051 4956 4984 5213 4936 4800 5410 5473 5382 5705 5398 5408 5106 4940 5085 5052 4858 5019 5538 5755 4945 5143 5356 4996 5256 5133 5151 5638 5134 5233 5041 5092 4881 4848 5158 5736 5316 4898 5003 4941 5189 5180 5270 4989 5347 5344 4784 5221 5282 5152 4822 5226 5567 4882 4644 5259 5165 4938 5115 5118 4983 5361 4792 4898 5391 5075 5460 5335 5190 5032 5211 5502 5155 5032 5306 4559 4993 5003 5207 5278 4994 5099 4562 5145 5361 5215 5587 5058 4944 5550 5355 5113 5186 5423 5161 4815 5175 5109 5212 5400 4827 5244 5219 4875 4874 4957 4931 5134 5095 5042 4804 5300 5197 4816 4874 5374 4907 5038 5459 5297 5084 5186 5444 4914 4797 5500 4537
4952 5106 4843 5413 5450 5308 5618 5067 5304 5197 5402 5164 5165 5123 5296 5053 4661 5276 5386 5434 5068 5496 5145 5080 5337 5368 5006 5273 5186 4996 5233 5439 4918 5212 5509 5601 5431 4859 5269 5920 5071 5334 5265 5000 5361 5159 5552 5409 5270 5331 5702 5301 5720 5432 5165 5407 4772 5298 4788 5167 4848 5706 5495 5100 5430 4754 5006 5308 5464 5123 5194 5403 5301 4915 5239 5289 5184 5259 5246 5364 5379 5097 5002 5066 5583 5273 5375 5421 5025 4992 5110 5034 5775 5377 5059 5095 5280 5350 5608 5164 5302 4734 5080 5211 5416 5015 5453 5269 5172 5482 5112 4628 5397 5919 5381 5273 4867 5209 5000 5155 5490 5176 5525 4786 5182 5610 5260 5416 5292 4967 5020 5067 5430 5191 5216 5487 5712 5667 5671 5474 5396 5153 5125 5325 5328 5077 5473 5639 5830 4998 5186 5595 5388 5243 5229 5394 5734 5295 5407 5229 5181 5045 5107 5297 5574 5024 5243 5316 5171 5324 5420 5402 5147 5325 5157 5067 5111 5454 5581 5079 5614 5540 5330 5288 5443 5821 5400 5583 4989 5370 5486 5085 5272 5241 5164 5757 5420 5318 5572 5179 5639 5633 5290 5616 4706 5213 5286 5516 5134 5154 4857 4973 5364 5477 5494 5643 5349 4947 5552 5103 5220 5258 5684 5240 5187 5098 5061 5167 5460 5108 5393 5229 5353 5028 5097 5245 4921 5052 4879 5223 5295 5263 5078 4806 5484 5216 5404 5747 5111 5068 5333 5460 5054 4953 5435 4864
5019 4819 4517 5054 4950 5116 5483 4979 4688 4611 5134 4937 4943 5030 5226 4824 4859 5078 5218 4759 4892 5072 4921 4694 5026 4906 4600 5203 4858 4846 5018 5159 5090 5044 5199 4957 5090 5080 5021 5575 4744 5138 4670 4654 4982 4594 5078 4951 4956 4991 5123 4892 5220 5034 4963 5025 4714 4622 4681 4975 4812 5236 5355 4962 5085 4908 4602 4972 5213 4961 4900 4969 4947 4768 5010 4810 4696 5135 5219 5052 5098 4527 4672 5281 5302 5072 5033 4833 4814 4647 5080 5043 5576 5217 5112 4850 4717 5477 5128 4966 5005 4445 4700 4996 5155 4482 5023 4898 4954 5458 4747 4496 5044 5489 4865 4980 4896 5051 4597 4603 5231 5067 4842 4766 4858 5257 4892 5072 5043 5136 5064 4835 5261 4822 4816 4966 5588 4927 5310 5274 4949 4879 4737 4921 5291 5006 5024 5488 5727 4835 5180 5189 5038 4920 4713 4926 5477 4969 5046 4867 4943 5035 4941 5099 5409 4847 4608 4798 5150 5175 4665 5265 4798 4996 5248 4651 4811 5339 5312 4638 4961 5529 4891 4766 5209 4927 4717 5228 4789 5028 4929 4504 4806 5076 4684 5730 5392 5181 5153 4963 5195 5000 4822 5436 4317 5225 4824 5066 4869 4967 5066 4643 5023 4924 4833 5299 5037 4573 5105 5057 5038 5018 5152 5020 4833 5103 5191 5245 5000 4713 4984 4789 4922 5037 4675 4668 4758 5014 4849 4668 4983 5242 4866 4766 5343 4780 5009 5480 4937 4915 5027 5466 4585 4670 5335 4609
5247 5163 4781 4925 5136 5257 5479 5102 5031 4977 5410 5321 5400 5402 5426 5142 4680 5309 5223 5096 4978 5395 5312 5056 5158 5231 5213 5192 5274 4955 5190 5414 5257 5215 5745 5044 5503 5194 5245 5730 5165 5445 5310 5079 5293 5124 5580 5272 5055 5152 5379 5609 5497 5314 5229 5328 5110 5333 4778 5410 4980 5365 5466 5012 5356 4939 4987 5366 5522 5066 5066 5305 5228 4903 5371 5340 5071 5125 5385 5222 5396 5023 5262 5600 5556 5273 5040 5301 4872 4872 5148 5489 5616 5566 5310 4987 5073 5477 5404 5136 5081 4838 4971 5157 5399 5051 5617 5260 5278 5593 5282 4795 5189 5802 5197 5445 5055 5201 4857 4855 5344 5270 5165 4911 5170 5431 4901 5379 5011 5136 4889 4788 5473 5198 5082 5508 5746 5349 5597 5555 5182 5127 4924 5482 5327 5013 5213 5770 5839 5068 5143 5486 5123 5323 5131 5127 5664 5339 5263 5228 5058 5115 5112 5152 5597 5450 5285 5051 5119 5284 5401 5391 5067 5545 5736 5101 5084 5405 5471 4890 5165 5496 4956 5002 5319 5493 5130 5588 5051 5202 5447 5106 5280 5449 5258 5988 5523 5396 5237 5428 5485 5178 5170 5774 4761 5467 5162 5290 5324 4972 5313 5004 5435 5292 5302 5667 5272 5048 5736 5380 5057 5158 5540 5316 5051 5201 5216 5171 5381 5011 5262 5095 5319 5146 5115 4918 5063 5314 5071 4895 5266 5405 4995 5160 5387 4818 5330 5779 5353 5084 5154 5517 4902 4966 5482 4699
5319 5281 4711 5491 5372 5357 5636 5157 4927 5016 5440 5167 5148 5525 5407 4882 4806 5155 5415 5195 5039 5669 5285 5128 5298 5471 5291 5310 5228 5189 5367 5556 5209 5177 5395 5167 5438 5176 5323 5880 5129 5592 5536 5202 5574 5096 5462 5334 5328 5314 5275 5381 5802 5409 5331 5206 5047 5009 4944 5271 5118 5698 5639 5198 5403 5108 5338 5264 5743 5281 5254 5354 5147 4874 5426 5344 5058 5329 5411 5198 5500 4907 5197 5394 5608 5376 5174 5358 4921 5238 5358 5343 5741 5635 4961 5157 5420 5522 5465 5181 5369 4831 5169 5276 4992 5227 5451 5089 5350 5641 5021 4540 5502 5650 5472 5555 5138 5336 5144 5123 5226 5290 5317 4984 5260 5694 5251 5514 5451 5119 4995 5241 5653 5256 4916 5751 6064 5402 5980 5779 5271 4989 5207 5395 5634 5157 5387 5557 5932 5191 5421 5681 5144 5339 5227 5178 5873 5347 5589 5304 5351 5301 5146 5115 5738 5291 4942 5012 5178 5340 5645 5636 5114 5624 5704 5202 4871 5378 5700 4762 5567 5745 5329 4955 5406 5711 5376 5624 5037 5554 5467 5213 4892 5444 5210 5959 5686 5488 5010 5454 5615 5322 4703 5625 4520 5454 5224 5301 5367 5205 5413 4857 5577 5408 5132 5913 5357 5170 5783 5571 5025 5203 5502 5264 5199 5260 5473 5435 5726 5254 5368 5130 5496 4940 5079 5081 5396 5064 5375 5600 5397 5510 5008 5075 5365 5037 5459 5923 5390 4997 5098 5725 4953 5169 5297 4755
4991 4646 4506 4846 4768 4679 5153 4838 4520 4630 4841 4928 4752 5176 4868 4916 4267 4927 4924 5042 4779 5042 4849 4493 4908 5198 4651 4619 4706 4701 4852 4879 4859 4785 5384 5093 4964 4676 4903 5547 4902 5363 4788 4728 5260 4730 4948 4838 4762 4863 5025 5166 5161 4859 4742 4983 4508 4944 4431 4732 4716 5050 5242 4731 4993 4694 4517 5235 5204 4751 4935 4879 4704 4515 4893 4850 4730 5051 4868 4931 4955 4471 4995 4869 4981 4820 4991 4942 4885 4872 4747 4896 5193 5096 4770 5024 4690 5461 5070 5030 4717 4405 4690 4977 4996 4746 4965 4945 4799 5070 4774 4332 4866 5513 5051 4807 4855 4939 4654 4895 4947 4867 5110 4634 4606 5130 4733 5255 4798 4717 4601 4794 5086 4853 4683 5360 5410 5085 5178 5281 4984 4622 4826 5056 4877 4675 4945 5073 5298 4469 4967 5101 4931 4942 4798 5034 5224 4986 5181 5182 4833 4612 4703 5005 5143 4834 4747 4966 4935 4910 4873 5210 4738 4911 5167 4639 4792 5146 5379 4517 5276 5224 4853 4594 5029 4908 5232 5110 4511 4778 4919 4787 4775 4903 4852 5377 5311 5123 4900 5092 4941 4848 4760 5306 4553 5021 4824 4722 4804 4616 4937 4664 5034 4869 4766 5397 5071 4845 5495 4967 4806 4603 5091 4949 4788 4859 4684 4555 5072 4792 5139 4832 4839 4874 4544 4692 4812 4772 4881 4789 5021 4947 4739 4857 4980 4789 4905 5295 5034 4558 4723 4947 4578 4652 5080 4313
5466 5224 4776 5442 5376 5745 5457 5327 5350 5231 5647 5384 5102 5558 5360 5341 4731 5345 5280 5155 5044 5628 5264 5112 5479 5565 5110 5340 5364 5265 5421 5623 5283 5264 5799 5282 5385 5311 5378 5945 5069 5383 5091 4994 5361 5303 5615 5402 5180 5458 5431 5248 5678 5372 5233 5312 5237 5351 5195 5544 4977 5661 5616 5713 5502 5293 4872 5365 5608 5276 5227 5585 5312 5062 5283 5504 5240 5400 5524 5189 5518 4965 5169 5474 5543 5262 5125 5371 5179 5282 5261 5425 5763 5619 5453 5284 5324 5690 5666 5145 5320 5008 5259 5458 5337 5022 5488 4992 5635 5861 5056 4783 5284 6047 5138 5498 5209 5263 5017 5129 5440 5474 5399 5068 5102 5806 5306 5520 5351 4989 5095 5023 5360 5287 5111 5511 5905 5377 5779 5936 5594 5154 5261 5561 5448 5005 5255 5706 6038 5233 5584 5867 5326 5261 5108 5481 5950 5654 5431 5319 5540 5196 5005 5143 5750 5355 5388 5278 5397 5480 5447 5637 5282 5405 5576 5034 5091 5680 5561 4928 5363 5854 5151 5139 5375 5377 5490 5761 4929 5497 5212 5278 5502 5664 5141 6155 5541 5783 5430 5370 5473 5809 5189 5567 5061 5132 5174 5626 5367 5235 5350 4958 5496 5555 5241 5697 5557 5064 5722 5359 5280 5376 5463 5601 5260 5234 5303 5273 5558 5189 5669 5181 5300 5115 5106 5183 5264 5156 5104 5389 5305 5607 5027 5070 5540 5133 5400 5763 5540 5193 5295 5649 4855 5164 5715 4860
4742 5036 4528 5136 4982 4918 5418 4986 4837 4882 4936 5228 4892 5154 5264 4920 4420 4946 5084 5113 4905 5160 5012 4856 5060 5181 4937 4901 4969 4675 5051 5221 4852 5122 5286 4916 5059 4960 5266 5529 5043 5112 5003 4900 5133 5047 5559 5034 5103 5177 5189 4976 5589 5288 4748 5096 4740 4969 4739 4992 4842 5438 5188 5083 5166 5050 5009 5030 5478 4663 5158 4868 4968 4688 5209 5050 4941 5177 5047 5057 5153 4745 4830 4897 5307 5205 4927 5269 5021 5006 5311 4904 5285 5597 5080 4813 4934 5193 5338 5081 5261 4738 4814 5337 5184 4545 4895 5113 5114 5392 5092 4614 5048 5479 5034 4861 4636 5112 5011 5088 5180 5001 5352 4557 5027 5745 5131 5209 5039 4994 4655 4762 5154 4857 5102 5291 5641 5542 5214 5188 5229 4903 4965 4947 5152 4815 5126 5520 5632 4877 5223 5021 5106 5050 5258 5161 5399 5161 5143 5358 5060 4908 4897 5164 5518 5144 4726 4880 5274 5322 5167 5331 4935 5345 5478 4797 4973 5385 5393 4781 5242 5288 5031 4768 5239 5123 5064 5191 4768 4882 5333 4920 4719 5399 4943 5707 5499 5164 4851 5169 5354 5106 4743 5124 4374 4961 5068 5131 5044 4983 5201 4792 5122 5328 5009 5664 5132 4966 5206 4959 5105 4900 5348 5232 5010 5211 5267 4970 5219 4708 5104 5005 5222 4929 4829 4764 4654 4768 5040 5017 5163 5280 4878 4544 5433 5041 5174 5459 4970 5036 4951 5431 4940 4881 5446 4502
5016 4886 4351 5201 5131 5006 5250 4763 5009 5111 5034 4881 4861 5150 5294 4899 4500 5031 5207 4858 4943 5428 4842 4940 5149 5209 4725 5089 4795 4754 4986 5314 5054 4724 5506 4932 5390 5079 5058 5455 4958 5338 5087 4757 5194 4954 5117 4889 5085 5227 5265 4978 5591 5202 4954 4950 4709 4706 4661 5017 5113 5265 5209 4870 5404 4714 4695 5075 5355 4827 4962 4940 5168 4690 4976 4904 4879 5028 5137 4956 5267 4529 4977 5388 5208 5077 5256 5094 4899 4897 4923 5107 5478 5349 4676 4943 4945 5378 5083 5091 4952 4683 4837 5241 4766 4764 5117 4969 5204 5549 4880 4603 5095 5585 4983 5312 4841 5001 4794 4791 5068 5009 5265 4650 4815 5672 4664 4870 4736 5004 4757 4828 5300 4829 4814 5153 5497 5345 5455 5375 5374 4855 5152 5190 5070 5068 5012 5166 5492 4644 5069 5040 5002 5107 4784 5089 5330 5159 5139 4971 5177 4826 4881 4972 5438 4888 4797 4755 5170 5137 5140 5579 4790 5202 5254 4840 4798 5321 5507 4614 5064 5337 5087 4859 5451 5024 5091 5239 4562 4962 5129 4901 4989 5319 4844 5491 5293 5217 4964 5054 5340 4915 4823 5251 4539 5010 5139 5196 4900 4988 5035 4921 5330 5014 5203 5726 5472 4957 5260 5155 4939 4764 5262 5114 4654 5105 5143 4819 5164 4754 5143 4832 5076 4985 4644 4959 5083 4766 4930 5089 5079 5138 4898 4872 5240 4906 4921 5473 4865 4761 5063 5320 4672 5012 5309 4494
4787 4552 4246 4889 4637 4794 5165 4439 4503 4537 5045 4866 4294 4635 4969 4613 4165 4722 4866 4826 4597 5288 4580 4556 4867 4926 4427 5062 4455 4444 4675 4859 4620 4560 5056 4856 4941 4556 4873 5210 4444 4722 4967 4371 4822 4664 4921 4890 4686 4901 4810 4738 5000 4760 4697 4776 4532 4719 4488 4895 4395 5011 5110 4811 4731 4520 4672 4484 5121 4525 4682 4815 4708 4334 4607 4659 4631 4903 4845 4768 4945 4457 4666 4985 5106 4658 4753 4906 4735 4579 4824 4714 5227 4850 4626 4719 4827 5391 4706 4972 4855 4322 4475 4845 4759 4328 4942 4759 4831 5169 4630 4317 5032 5480 4896 4678 4721 4640 4687 4817 4830 4621 4875 4436 4587 5258 4536 4778 4884 4808 4522 4831 4839 4715 4729 5149 5493 4946 5220 5222 4937 4551 4611 4910 4983 4363 5041 5187 5167 4676 4673 5061 4626 5074 4843 4648 5147 5038 5064 4958 4671 4587 4557 4971 5174 4739 4795 4546 5003 4820 4756 5144 4749 5187 5245 4472 4738 4973 5209 4331 5067 5354 4772 4513 4941 4786 4754 5035 4654 4862 4922 4572 4640 4844 4636 5119 4759 5112 4849 4956 4713 4768 4841 4835 4209 4720 4807 4778 4816 4655 4872 4582 4546 5034 4830 5255 4837 4558 4996 4945 4878 4641 5107 4743 4560 4894 5037 4929 4723 4366 4848 4738 4727 4642 4468 4553 4528 4721 4640 4520 4875 5062 4486 4860 4952 4732 4771 5310 4801 4498 5001 5093 4524 4798 4905 4316
4879 4788 4370 4862 5067 5130 5245 4933 4603 4730 5343 4874 4783 5041 5109 4912 4190 5153 4993 4904 4846 5366 4925 4588 5094 5264 4769 5071 4878 4549 4885 4903 4840 4936 5608 4711 4988 4964 4874 5672 4776 4841 4973 4809 5121 4884 5055 5065 4832 5037 4779 5049 5057 5028 4899 5082 4627 5085 4479 4762 4762 5245 5137 4951 5021 4840 4869 5086 5404 4899 5030 4917 5199 4417 5026 4778 4880 4843 4906 5157 5044 4448 5049 5220 5177 4699 4838 5143 4664 4862 4931 4937 5114 5050 4770 5036 5127 5348 5190 4657 5034 4719 4823 5111 4928 4658 5215 4821 4694 5194 4699 4422 5070 5427 4988 5047 4856 4964 5035 4653 4741 5128 4833 4807 4822 5243 4764 5102 5143 4684 4522 4768 5053 4784 4624 5359 5518 5068 5410 5226 5167 4818 4752 5189 5042 4381 4854 5004 5385 4473 5187 5181 4757 5069 5107 4816 5354 5039 5380 4895 4890 4741 4681 4892 5432 4870 4738 5008 4782 4990 5199 4853 4895 5366 5162 4861 4760 5298 5056 4800 5036 5303 5046 4620 4818 5189 4810 5282 4829 4912 5168 4860 4984 5057 4916 5378 5099 4965 5163 5150 5161 5117 4897 5100 4378 5195 4893 4945 4947 4700 5180 4687 4884 5181 5041 5293 5078 4854 5360 5220 4904 4954 5112 5098 4782 4858 4793 4895 5288 4962 5215 4922 4887 4523 4746 4755 4873 4925 4728 4970 4973 4734 4910 4897 5065 4686 4825 5422 4976 4671 5113 5203 4613 4745 4997 4440
4862 4795 4551 4823 4735 5043 5182 4891 4782 4647 5328 5071 4613 4826 5033 4879 4439 4928 4961 4902 4678 5327 4870 4823 5013 5089 4384 4955 4750 4608 5135 5166 5057 5100 5270 5125 5013 4746 5108 5501 4700 5174 4762 4692 5046 4819 4915 4827 4970 5089 4911 5078 5223 4808 4703 4840 4640 5058 4591 4981 4786 5274 5371 4784 4993 4728 4867 4935 5292 4885 4952 5118 5106 4748 4815 5046 4821 5016 5132 4964 4670 4738 4967 5206 5137 4850 4652 5134 4697 4769 4891 4969 5532 5380 5037 4933 4981 5370 4995 4802 5202 4405 5028 4977 4839 4434 4906 4866 4845 5323 4528 4501 5063 5458 4793 4706 4763 5073 4719 4909 4975 5154 5087 4534 4927 5181 4765 5247 4911 4685 4691 4775 5062 4989 4932 5163 5555 5023 5333 5435 4953 4746 4906 4916 4858 4903 4972 5302 5737 4737 4983 5270 4849 5143 4998 4974 5191 5103 4988 5157 4926 4652 4700 5019 5465 4610 4907 4802 5049 4860 4920 5282 4708 5069 5370 4652 4677 5190 5306 4477 4915 5263 4616 4729 4874 4865 4968 5248 4687 5069 5122 4862 5112 4953 4806 5464 5250 5239 5224 4945 5169 5202 4842 5042 4196 4851 4714 4999 4910 4968 4805 4587 5055 5402 5028 5354 5015 4998 5145 5161 5023 4854 5464 4851 4867 4934 4884 5201 5106 4777 5091 4960 5263 4985 4578 4816 4454 4847 4619 4539 5021 5064 4519 5055 4980 4828 5004 5497 5104 4729 5115 5371 4750 4862 4945 4608
5136 5200 4692 5365 5260 5634 5543 5214 5306 5248 5351 5364 5340 5467 5637 5054 4862 5275 5562 5319 5143 5699 5646 5352 5459 5539 5178 5389 5169 5024 5384 5681 5262 5560 5852 5387 5342 5187 5616 5953 5329 5996 5458 5374 5401 5041 5670 5320 5242 5357 5634 5534 5746 5470 5392 5226 5061 5478 4965 5422 5086 5749 5600 5162 5405 5153 5398 5310 5814 5255 5265 5408 5401 5137 5477 5500 5209 5359 5333 5338 5453 5238 5259 5191 5657 5506 5276 5585 5274 5481 5319 5421 5981 5720 5246 5380 5378 5540 5650 5448 5509 5200 5222 5401 5538 5100 5431 5340 5531 5606 5180 4665 5670 6087 5290 5591 5234 5552 5488 5320 5595 5121 5689 5080 5159 5732 5363 5659 5385 5296 5034 5201 5427 5554 5086 5578 5976 5624 5749 5680 5546 5183 5338 5628 5506 5069 5555 5648 5971 5168 5600 5705 5201 5598 5457 5192 5904 5339 5667 5349 5484 5043 5238 5349 5761 5274 4960 5088 5603 5594 5357 5689 5048 5561 5717 5234 5099 5570 5678 4956 5558 5523 5307 5286 5315 5587 5406 5715 5259 5404 5489 5153 5475 5724 5366 5953 5600 5518 5433 5561 5621 5436 5167 5715 4850 5552 5329 5429 5390 5246 5396 4852 5521 5527 5399 5938 5407 5357 5989 5496 5511 5344 5579 5554 5361 5359 5379 5376 5516 5146 5563 5428 5345 5098 5189 5118 5210 5451 5428 5262 5308 5503 5201 5285 5571 5109 5708 6001 5668 5100 5233 5489 5036 5317 5600 5025
5055 4918 4404 5037 5175 5062 5235 5052 4882 4876 5221 5074 4927 5272 5186 4905 4644 4988 4876 5012 4689 5421 5125 4802 5309 5222 4651 5199 5044 4941 5106 5134 4832 5147 5466 5146 5412 4974 5111 5666 5020 5351 5130 4985 5429 5141 5184 4875 4746 5190 5154 4966 5493 5256 5018 5186 4770 5154 4692 5179 4821 5419 5473 5140 5143 4983 5056 5096 5449 5025 4858 5059 5091 4894 4996 5098 4895 4989 5445 5145 5120 4819 5045 5201 5312 5104 5019 5246 4888 5028 5046 4972 5490 5240 5061 4911 5199 5547 5175 5021 5160 4840 4989 5120 5137 4853 5385 5040 5230 5502 4930 4385 5198 5794 5119 5292 4874 5076 4833 4693 5162 5120 5051 4631 5027 5488 4866 5361 4912 5005 4948 4978 5229 5006 4909 5309 5613 5356 5356 5484 5199 4856 5053 5373 5069 4869 5024 5452 5742 4660 5032 5238 5135 5037 4963 5138 5366 5171 4965 4952 5122 4921 4982 5131 5458 5102 4838 4831 5070 4975 5086 5368 4916 5396 5304 4990 5023 5295 5586 4819 5289 5286 4634 4714 5112 5206 5011 5364 4657 4918 5449 5114 5062 4975 5144 5625 5269 5133 5243 5256 5308 5298 5159 5205 4601 5271 4691 5056 5073 5103 5078 4809 5201 5448 4967 5771 5249 4802 5439 5291 5280 4936 5413 4993 4978 5184 5154 5290 5394 4935 5452 5214 5127 4943 4919 4796 4752 5058 4772 4831 4986 5244 4682 4926 5073 4829 5027 5796 5339 5197 5311 5455 4859 4987 5353 4543
5159 5175 4690 5412 5242 5170 5643 5389 5208 5142 5472 5045 5322 5506 5508 5197 4752 5425 5396 5201 5046 5541 5214 4826 5553 5567 4854 5236 4936 5233 5617 5416 5405 5476 5740 5289 5562 5180 5172 5831 5340 5714 5313 5150 5338 5464 5553 5362 5300 5644 5336 5373 5765 5596 5329 5461 5089 5449 5105 5194 5393 5846 5552 5334 5243 5136 5558 5256 5649 5015 5412 5509 5359 5096 5405 5328 5257 5578 5371 5342 5311 5113 5236 5554 5773 5598 5340 5105 5188 5318 5411 5479 5926 5728 5080 5454 5431 5731 5397 5346 5673 4903 4916 5558 5715 4841 5649 5453 5265 5767 5146 4910 5585 5984 5409 5073 5417 5477 5192 5190 5454 5415 5605 4931 5020 5817 5175 5388 5217 5389 5184 5136 5496 5393 5204 5536 6008 5653 5797 5786 5395 5388 5027 5412 5274 5069 5517 5796 6009 5215 5538 5367 5347 5730 5259 5053 5808 5703 5516 5366 5414 5158 5056 5520 5936 5481 5205 5066 5309 5473 5520 5961 5039 5622 5727 5161 5220 5746 5800 4928 5531 5832 5281 5218 5659 5750 5563 5453 5047 5372 5569 5105 5193 5499 5528 5724 5529 5382 5334 5573 5660 5543 5412 5802 4962 5418 5373 5362 5616 4969 5427 4921 5544 5558 5410 5741 5327 5249 5750 5617 5213 5352 5575 5240 5289 5281 5540 5405 5620 4855 5156 5109 5455 5192 5089 5138 5258 5469 5298 5236 5185 5399 5157 5485 5530 5265 5358 6002 5679 5336 5377 5464 5021 5413 5461 4851
4695 4947 4436 5072 5225 5174 5683 5236 4903 4864 5196 5274 4896 5113 5187 4981 4509 5246 5453 5040 4630 5460 4849 4793 5233 5406 4597 5107 5113 4815 5265 5503 4973 5104 5441 4973 5255 5109 5416 5444 5011 5280 5013 4772 5510 4961 5431 5091 5165 5119 5136 5052 5466 5180 5161 5262 5124 5301 4777 5300 4791 5479 5388 5031 4887 4774 4981 5280 5447 4864 5290 5220 5191 4680 5111 4880 5003 5329 4994 4998 5330 4764 4821 5195 5259 5115 5017 5321 4640 5084 4883 5185 5611 5424 5056 5130 5378 5356 5147 5011 5359 4660 4920 5196 5259 4747 5197 4855 5236 5501 4747 4534 5123 5778 5206 5356 4884 5560 4996 4776 5366 5153 5302 4807 5233 5678 4825 5392 4995 5275 5191 5086 5373 5162 4824 5537 5607 5673 5598 5397 5507 5157 5117 5125 5132 4836 5261 5503 5575 4929 5068 5214 5001 5383 4856 5098 5394 5356 5401 5023 5128 4986 4869 5140 5710 4869 4889 5345 5038 5086 5299 5406 5117 5403 5244 4848 5167 5465 5397 4704 5378 5567 4987 4835 5406 5336 5078 5440 4888 5262 5409 4913 5160 5560 4821 5724 5245 5248 5233 5281 5384 5319 5177 5318 4597 5167 5131 5154 5282 4938 5092 4771 5123 5277 5157 5496 5368 4735 5412 5349 5183 5206 5422 5195 5019 5210 5074 5015 5268 4829 5326 5033 5351 4879 4936 4906 4992 5163 4789 5074 5057 5221 5145 5024 5312 4919 5259 5732 4975 4856 5301 5475 4897 5078 5272 4687
4691 4645 4253 4713 4604 4827 4848 4648 4660 4462 4830 4670 4444 4652 5155 4329 4344 4759 4708 4812 4495 4916 4608 4411 4933 4688 4277 4786 4473 4375 4605 5013 4585 4621 5166 4483 5045 4749 4845 5045 4307 4800 4964 4250 4739 4475 5032 4794 4424 4728 4942 4938 5000 4950 4778 4804 4568 4680 4517 4536 4634 5123 4947 4749 4979 4585 4560 4661 4850 4823 4737 5011 4623 4399 4517 4774 4668 4585 4900 4761 4771 4729 4404 4845 4806 4677 4756 4880 4832 4679 4840 4699 5228 4894 4764 4490 4696 4943 5055 4595 4817 4263 4500 4534 4809 4534 4933 4652 4665 5457 4819 4210 4814 5036 4816 4993 4666 4686 4577 4508 4688 4471 4963 4486 4648 4864 4785 4840 4817 4676 4608 4655 5070 4801 4782 4574 5309 4746 4991 5162 4713 4409 4552 4746 4665 4389 4918 4864 5345 4268 4872 5039 4683 4801 4796 4810 5032 4757 4989 4945 4584 4409 4897 4721 5055 4815 4517 4619 4918 4849 4682 5043 4512 5016 4978 4540 4419 4724 4961 4240 4665 5053 4509 4493 4936 4767 4739 5339 4726 4931 4769 4529 4735 4689 4559 5374 4798 4823 4721 4671 4919 5102 4860 5006 4071 4895 4711 5002 4590 4617 4746 4706 4993 4960 4641 5173 4812 4417 4773 4805 4623 4871 4976 4551 4369 4686 4546 5079 4963 4397 4642 4590 4621 4563 4369 4570 4553 4581 4476 4481 4688 4753 4693 4552 5063 4713 4885 5099 4918 4577 4674 4895 4324 4624 4776 4315
4958 4874 4539 5123 4880 5244 5339 5223 5033 5082 5491 5216 5266 5109 5400 4968 4605 5267 5085 5049 4802 5345 4794 4965 5304 5088 4827 4928 5033 5000 5221 5159 5014 4979 5324 5104 5102 4983 5186 5624 4850 5546 4933 4859 5125 5132 5232 5116 5234 5039 5230 5311 5212 5034 5198 4971 5109 5173 4786 5214 4638 5371 5205 4914 5130 5061 4950 5238 5376 4954 4870 4968 5046 4816 5294 5403 5008 4979 5107 5217 5121 4805 4983 5117 5175 5201 4851 5416 4904 4942 5155 4773 5433 5452 4983 5021 5069 5161 5186 5170 4938 4525 4794 5104 5145 4797 5261 5081 5318 5394 5016 4795 5304 5573 5164 5102 5036 5000 4954 4997 5265 5085 5331 4936 4996 5492 5205 5387 5218 5039 4811 4815 5314 5039 4860 5157 5673 5556 5512 5561 5067 5020 5252 5140 5140 4556 5161 5248 5500 4878 5097 5268 5180 5414 5012 5135 5614 5156 4938 5078 5109 5015 5034 5362 5601 5019 5007 5020 4914 5305 5306 5262 5136 5332 5295 4962 5166 5576 5407 4728 5143 5629 4932 5119 5223 5435 4884 5527 4952 5190 5533 4977 4967 5289 5087 5752 5536 5483 5233 5313 5148 5362 5063 5377 4449 5232 5145 5262 5217 5058 5038 4720 4992 5172 5358 5621 4989 4915 5138 5448 5075 5246 5437 4982 5044 5264 5169 4967 5145 4572 5312 4986 5187 4982 4735 4809 4960 5080 4800 4897 5181 5058 4962 4861 5146 5125 5160 5652 5212 4976 5532 5351 4837 4928 5461 4662
5544 5089 4753 5336 5385 5464 5398 5373 5066 5099 5514 5669 5252 5415 5462 5228 4610 5365 5269 5236 5306 5752 5375 5091 5270 5514 4984 5824 5339 5177 5691 5469 5356 5477 5832 5310 5579 5416 5258 5903 5570 5746 5272 5063 5393 5226 5576 5511 5439 5451 5368 5556 5665 5502 5434 5514 5165 5262 5115 5498 5311 5831 5686 5503 5580 5284 5446 5558 5675 5015 5414 5381 5596 5167 5346 5654 5410 5575 5468 5315 5340 5024 5272 5519 5644 5583 5312 5694 5037 5473 5442 5276 5854 5668 5387 5309 5554 5780 5660 5218 5540 5063 5369 5779 5450 5005 5567 5289 5450 6023 5302 5187 5497 6170 5275 5299 5424 5516 5277 5413 5613 5202 5602 5239 5522 5718 5403 5443 5512 5174 5271 5506 5531 5652 5233 5720 6025 5576 5888 5751 5454 5475 5125 5437 5583 5079 5497 5740 6147 5425 5655 5552 5288 5780 5376 5208 5838 5611 5348 5597 5337 5208 5262 5351 6132 5495 5335 5391 5772 5376 5549 5619 5372 5610 5823 5050 5394 5889 5725 5111 5477 5972 5278 5303 5586 5358 5505 5742 5222 5614 5481 5048 5162 5578 5442 6227 5708 5677 5385 5557 5465 5330 5602 5668 4871 5475 5231 5558 5391 5393 5663 4794 5821 5697 5737 5876 5213 5283 5726 5617 5352 5558 5963 5325 5297 5450 5497 5757 5787 5141 5231 5207 5300 5019 5107 5303 5419 5367 5207 5235 5381 5574 5212 5329 5463 5184 5520 5712 5614 5279 5492 5590 5202 5153 5492 4893
4875 4857 4349 4961 5076 5147 5292 5293 4745 5091 5052 4876 4927 5302 5156 4901 4582 5015 5372 4973 4598 5521 4990 5012 5037 5252 4742 5024 4915 4858 5139 5305 4945 5053 5216 4985 4951 5090 5030 5594 4702 5024 4932 4889 5116 4881 5216 4825 4877 5104 5194 5105 5135 5159 4933 5255 4857 4964 4894 5036 4532 5287 5185 5041 4875 5006 4935 5211 5521 4774 4893 5099 4766 4578 5361 5050 5143 4892 5049 5148 5146 4659 5031 5176 5078 4930 4913 5118 4753 4956 5002 5079 5455 5129 4965 4898 5334 5280 5069 5092 5180 4691 5081 5218 5093 5097 5100 4879 5039 5504 4903 4730 5020 5675 5161 5239 4602 4963 5187 4828 5098 5169 5049 4613 5071 5309 4979 5174 5010 4899 4669 4804 5080 5137 4846 5524 5307 5423 5452 5303 5452 4803 4803 5154 4941 4582 4658 5346 5726 4917 5096 5302 4753 5003 4989 4994 5511 5237 4976 5023 5099 4869 5001 4934 5374 5121 4979 4892 4961 5361 5294 5361 4785 5331 5315 4840 4806 5107 5420 4619 5254 5442 4950 4735 5180 5050 5112 5412 4804 5113 5161 4936 4767 5219 4732 5535 5319 5321 4831 5240 5256 5220 4951 5672 4418 5226 4953 4975 5101 5036 5277 4790 5202 5069 5118 5366 5065 4887 5531 5327 4918 5120 5346 5173 4804 4955 4996 4930 5202 4918 5236 5019 5256 4766 5023 4863 5108 5301 4902 5098 5074 5185 4691 4630 5217 4567 5009 5348 5045 4982 4928 5436 4643 4994 5392 4743
5003 4784 4425 5006 5252 5094 5425 5023 4879 4828 4992 5065 4989 5196 5123 4894 4346 5084 5021 5041 4529 5369 4774 4899 5238 5322 4609 5035 5310 4882 5111 5060 5032 5031 5267 5060 5061 5071 5198 5584 4649 5134 4945 4760 5113 5023 5354 4957 4803 5076 5132 5061 5444 5063 5101 5292 4629 4910 4623 5009 4809 5461 5282 4898 5257 4991 4930 5009 5096 4732 5080 5177 4918 4729 5130 5132 4771 4838 5164 5024 5251 4727 4707 5022 5472 5137 4978 5286 4822 4975 4851 4855 5406 5122 5132 5127 5013 5499 5163 5158 5165 4848 4866 5148 5067 4590 5004 5100 5141 5439 4814 4595 5030 5589 5172 5255 4887 5066 4983 4620 5175 5064 4960 4881 4796 5429 5109 5203 4937 5020 4832 4736 5360 4998 4982 4975 5578 5244 5429 5228 5163 4691 4875 4878 5123 4786 5241 5507 5679 4806 5075 5337 5230 4950 5062 4853 5425 5304 5181 5152 5046 4924 4804 5278 5384 5054 4713 4828 5029 5044 5030 5272 5085 5021 5195 4806 4844 5390 5494 4664 5361 5404 4865 4834 5062 4959 4928 5181 4772 4982 5063 4837 4936 5165 4982 5527 5288 5234 4830 5101 5224 5079 4802 5279 4629 5243 4905 5316 4892 5054 4909 4574 4911 5288 5140 5591 5110 4876 5420 5579 4809 4830 5152 5229 4896 5089 5197 5188 5160 4861 5259 4831 5033 5040 4816 4647 5136 5018 5051 4964 5175 5291 4999 4996 5077 4795 5070 5584 5076 4914 5158 5436 4824 4776 5312 4742
5556 5363 4788 5712 5334 5566 5971 5415 5311 5360 5699 5694 5410 5534 5612 5207 4882 5514 5456 5516 5033 5697 5578 5460 5829 5874 5117 5584 5472 5001 5763 5725 5510 5787 6003 5554 5702 5416 5844 5914 5283 5500 5586 5442 5634 5575 5863 5612 5601 5455 5621 5536 6000 5678 5470 5269 5544 5402 5114 5678 4926 5912 5889 5456 5849 5169 5247 5364 5786 5455 5495 5533 5389 4988 5579 5853 5230 5502 5580 5535 5505 5239 5587 5536 5825 5521 5316 5880 5196 5703 5317 5544 5798 5759 5488 5428 5493 5915 5877 5159 5158 5104 5510 5655 5661 4988 5570 5641 5832 5984 5294 4922 5591 6280 5243 5559 5416 5598 5115 5518 5442 5645 5560 5431 5406 6027 5182 5716 5614 5480 5328 5333 5538 5335 5321 5533 6366 5896 5873 5933 5621 5460 5183 5634 5791 5181 5902 5934 6214 5159 5886 5892 5571 5653 5581 5558 5952 5795 5927 5602 5248 5286 5220 5469 6077 5611 5376 5294 5566 5503 5724 5730 5412 5812 5957 5546 5246 5928 5753 4994 5558 5775 5318 5367 5752 5897 5735 5960 5226 5335 5640 5175 5424 5740 5579 6028 5694 5716 5656 5690 5656 5871 5438 5703 5122 5534 5495 5649 5645 5407 5418 5032 5614 5686 5415 5947 5475 5468 5959 5749 5560 5482 5745 5504 5298 5517 5679 5816 5662 5190 5651 5647 5669 5648 5243 5365 5298 5427 5454 5388 5722 5713 5350 5583 5682 5465 5622 5826 5718 5301 5682 5718 5017 5527 5889 5145
4759 4673 4318 4586 4634 4736 4907 4621 4373 4207 4807 4950 4346 4499 4996 4504 4119 4589 4753 4620 4307 5016 4526 4498 4745 4906 4643 4647 4844 4576 4626 4734 4692 4710 4838 4804 4665 4676 4847 5049 4612 4504 4618 4415 4851 4585 5032 4762 4445 4593 4579 4561 5044 4877 4565 4783 4364 4828 4637 4688 4542 4962 4922 4407 4615 4629 4532 4688 5048 4698 4794 4833 4727 4454 4930 4578 4420 4705 5133 4504 4909 4374 4669 4773 4791 4842 4495 4711 4247 4626 4759 4574 4971 5013 4687 4482 4601 5117 4697 4579 4614 4568 4354 4770 4875 4497 4573 4761 4722 5106 4628 4286 4632 4995 4903 4729 4478 4910 4668 4519 4823 4707 4629 4437 4637 5092 4732 5112 4834 4770 4695 4696 4949 4548 4432 5178 5311 4792 5047 4727 4618 4590 4609 4646 4816 4392 4908 5072 5375 4491 4597 5127 4564 4998 4828 4494 5089 4959 4963 4618 4603 4427 4427 4645 4863 4452 4582 4862 4724 4698 4648 5019 4677 4914 4835 4536 4531 4902 5237 4397 4685 4927 4593 4568 5048 4614 4637 5171 4591 4842 4739 4524 4554 4741 4583 5322 4923 4655 4650 4713 4589 4399 4657 5173 4202 4778 4603 4976 4538 4577 4709 4267 4818 4870 4752 5007 4718 4424 5096 4906 4415 4686 4829 4600 4672 4803 4730 4601 4854 4470 4882 4824 4716 4666 4271 4489 4706 4540 4520 4501 4662 4874 4593 4515 4925 4452 4879 5245 4809 4287 4519 5223 4370 4738 4799 4387
5146 4912 4604 5266 5083 5458 5577 5018 5141 5042 5402 5447 5356 5425 5452 4949 4747 4946 5438 5343 5116 5547 5407 5142 5512 5432 4830 5236 5322 5198 5487 5181 5411 5217 5803 4991 5234 5375 5250 5850 5297 5462 5215 5278 5207 5176 5776 5151 5248 5508 5564 5325 5445 5293 5389 5514 4948 5131 4764 5027 5173 5556 5506 5300 5279 5131 5350 5509 5596 5290 5202 5132 5423 5040 5612 5616 5273 5249 5378 5496 5266 5259 5067 5611 5215 5468 5359 5389 5224 5087 5403 5079 5840 5415 5041 5081 5229 5336 5602 5255 5421 5012 5023 5307 5689 4991 5438 5425 5225 5512 5445 4858 5602 5840 5394 5226 5344 5107 5055 5174 5215 5166 5488 5148 5402 5643 5298 5326 5233 5149 5212 5131 5352 5463 5081 5588 5742 5662 5737 5290 5250 5217 5122 5438 5588 4856 5205 5581 6146 5210 5404 5552 5184 5532 5187 5171 5748 5451 5313 5165 5375 5320 5321 5573 5771 5176 5162 5325 5477 5455 5596 5549 5102 5616 5702 5246 5214 5567 5488 4873 5526 5865 5331 5240 5405 5678 5278 5560 4820 5471 5287 4993 5290 5490 5431 5789 5699 5509 5410 5599 5433 5412 5257 5725 4961 5754 5288 5418 5393 5003 5393 4768 5431 5249 5387 5642 5204 5110 5669 5448 5136 5242 5323 5352 5055 5045 5255 5407 5368 5011 5543 5244 5474 5246 4913 4948 5290 5277 4972 5129 5033 5392 5164 5065 5679 4924 5058 5579 5397 5092 5449 5646 5060 5109 5595 4714
5241 5180 5023 5665 5206 5420 5930 5322 5316 5172 5675 5520 5373 5733 5593 5201 4885 5349 5539 5320 5205 5725 5332 5144 5578 5545 5142 5277 5238 5301 5269 5558 5294 5465 5732 5541 5472 5360 5437 5877 5473 5830 5266 5352 5585 5205 5735 5502 5247 5395 5483 5403 5903 5556 5419 5449 5096 5426 4946 5572 5147 5724 5530 5430 5462 5060 5331 5427 5790 5258 5320 5611 5384 5206 5686 5185 5157 5454 5647 5500 5419 5192 5435 5258 5716 5508 5289 5753 5382 5395 5318 5284 5802 5735 5234 5402 5290 5851 5796 5353 5648 5073 5132 5544 5450 5036 5510 5687 5583 5761 5133 4839 5535 5931 5464 5536 5250 5400 5232 5193 5308 5317 5561 5275 5425 5770 5466 5476 5505 5253 5288 5327 5820 5332 5343 5544 6226 5714 5717 5723 5322 5093 5396 5390 5630 5025 5349 5811 6008 5002 5349 5652 5367 5668 5335 5192 5913 5373 5525 5498 5211 5425 4980 5499 5947 5171 5270 5214 5344 5445 5546 5676 5319 5416 5643 5078 5206 5846 5486 5133 5690 5723 5352 5225 5464 5681 5553 5803 5193 5513 5660 5292 5159 5548 5208 6061 5597 5644 5590 5421 5379 5582 5285 5623 4711 5595 5203 5633 5326 5322 5316 5080 5407 5604 5474 5746 5440 5161 5730 5618 5295 5435 5661 5541 5287 5424 5512 5412 5623 5131 5495 5135 5643 5352 5255 5129 5402 5016 5378 5372 5413 5517 5380 5523 5545 5223 5710 6022 5603 5260 5265 5667 5056 5301 5613 4853
5469 5081 4847 5315 5159 5407 5337 5040 5223 4970 5291 5499 5068 5384 5745 5040 4686 5259 5346 5192 5160 5889 5142 4913 5441 5446 5009 5511 5094 5165 5292 5548 5619 5044 5766 5052 5386 5274 5452 5923 5026 5716 5356 5276 5387 5067 5551 4871 5148 5056 5208 5436 5570 5504 5483 5402 4884 5431 5061 5089 4981 5575 5219 5193 5102 5287 5222 5518 5774 5204 5196 5292 5218 4925 5417 5337 5086 5380 5481 5588 5280 4938 4961 5329 5393 5402 5108 5459 5287 5265 5321 5071 5721 5528 5348 5032 5421 5600 5343 5230 5310 5180 5025 5414 5272 4906 5454 5149 5315 5489 5136 4857 5219 6007 5347 5538 5303 5182 5316 5055 5387 5223 5308 5115 5281 5547 5289 5779 5263 5180 5014 5142 5387 5333 5080 5815 5932 5837 5459 5629 5483 5038 5276 5408 5235 4741 5390 5532 5921 5151 5446 5487 5157 5558 5339 5092 5704 5526 5564 5156 5333 4986 5266 5325 5647 5144 5146 5186 5366 5315 5318 5403 5109 5762 5685 4889 5052 5236 5651 5038 5650 5717 5067 5124 5227 5414 5113 5713 5076 5510 5320 4970 5194 5576 5197 5937 5317 5588 5366 5623 5349 5263 5216 5501 4904 5303 5282 5446 5407 5205 5461 5001 5312 5470 5118 5667 5415 5366 5632 5383 5309 5263 5396 5403 5139 5137 5483 5300 5391 5015 5377 5294 5205 5224 4969 4803 5114 5246 5008 5146 5159 5292 5184 5263 5319 5258 5467 5640 5610 5077 5309 5566 4865 5480 5469 4945
4755 4967 4651 4901 4927 4917 5211 5065 4750 4505 4992 5039 4717 4824 4990 4630 4462 4805 4872 4889 4564 5091 4798 4646 5066 5059 4824 4912 4894 4690 4926 5016 4684 4855 5240 4860 4987 4775 5134 5363 4575 5091 4826 4720 4845 4884 4938 4797 4689 5032 5180 4861 5156 4962 4872 5051 4818 4954 4597 4959 4705 5351 4988 4806 4844 4827 4832 4911 5152 4934 4793 4951 4924 4610 4894 5021 4778 4912 5047 4995 5065 4566 4731 4983 5142 4809 4805 4798 4599 4616 4598 4992 5223 5338 4922 4571 5046 5114 5051 4790 4927 4329 4819 4823 5027 4754 5076 4785 4952 5250 4766 4136 4966 5342 4926 5027 4780 4944 4891 4683 5106 4877 4895 4749 4859 5250 4795 5243 5001 4802 4558 4698 4955 4938 4752 5089 5592 5150 5237 5234 4933 4701 4855 4866 5096 4619 4937 5348 5512 4542 4977 5027 4709 4856 4635 5172 5285 4964 4923 4934 4820 4830 4801 4846 5379 4892 4612 4799 4656 5134 5224 5161 5148 5287 4888 4720 4805 5034 5243 4592 5278 5189 4799 4745 4885 5111 4892 5496 4734 4852 5185 4998 4926 5134 4818 5562 5084 4978 5099 5066 5278 5164 4609 5301 4278 4894 4921 4908 5010 5070 4888 4566 4959 5228 5014 5348 4933 4545 5117 4926 4765 4910 5349 4916 4589 4985 4783 4768 5166 4722 5006 4930 4817 4634 4808 4811 4852 4815 4843 4762 4691 5159 4747 4590 5000 4773 4861 5511 5047 4731 4925 5063 4658 4717 5057 4680
5250 5212 4601 5172 5301 5526 5422 5087 4977 4991 5441 5209 5019 5273 5426 5175 4628 5378 5316 5236 5091 5536 5071 4960 5284 5468 4909 4977 5384 5270 5240 5228 5161 5153 5737 5027 5664 5111 5235 5875 5021 5548 5432 5196 5436 5252 5588 5295 5110 5091 5378 5518 5642 5225 5231 5504 4917 5350 4881 5484 5090 5424 5432 4998 5292 5140 5139 5569 5726 5124 5207 5135 5162 4721 5098 5318 4930 5348 5496 5247 5349 4902 5403 5523 5326 5182 5032 5382 4916 4945 5249 5076 5817 5518 5284 5022 5351 5425 5280 5173 5198 4803 5210 5328 5301 5144 5287 5307 5175 5677 4948 4777 5506 5501 5453 5276 5197 5466 5069 4941 5403 5262 5208 4840 4925 5746 5199 5276 5184 5307 5137 5095 5698 5268 5361 5635 5846 5716 5695 5539 5250 5056 5308 5197 5262 5152 5155 5684 5867 5052 5356 5387 5264 5138 5367 5378 5608 5538 5325 5394 5441 4956 5076 5132 5833 5247 5340 4834 5285 5405 5544 5536 5171 5495 5453 4995 5111 5471 5798 4965 5628 5638 5282 5159 5363 5722 5059 5682 4941 5291 5629 5146 5111 5342 5191 5967 5531 5372 5196 5432 5391 5360 5125 5678 4947 5518 5167 5268 5518 5314 5285 4799 5448 5324 5525 5797 5200 5005 5851 5571 5137 5160 5651 5347 5518 5316 5541 5231 5245 5163 5501 5391 5558 4860 4754 5083 5146 5172 4902 5182 5273 5432 5196 5185 5379 4806 5245 5911 5471 5168 5455 5611 5043 5245 5405 4791
5751 5553 5275 5414 5418 5772 6157 5501 5491 5379 5732 5587 5328 5537 5819 5687 5306 6023 5941 5392 5602 5897 5445 5604 5690 6026 5228 5665 5543 5372 5762 5797 5457 5499 5894 5723 6106 5539 6053 6267 5344 5670 5387 5436 5660 5571 5709 5522 5581 5472 5619 5826 6185 5771 5542 5676 5461 5801 5462 5639 5426 6045 5995 5727 5840 5600 5426 5457 5908 5497 5630 5795 5655 5483 5652 5683 5757 5802 5786 5858 5744 5372 5435 5860 5927 5551 5270 6080 5541 5413 5660 5472 6203 5812 5637 5756 5793 5981 5931 5410 5811 5010 5422 5585 5455 5288 5709 5631 5574 6068 5381 5114 5711 6199 5665 5642 5437 5742 5680 5432 5761 5597 5637 5381 5773 6072 5705 6005 5610 5772 5378 5779 6105 5801 5482 5923 6247 6103 6281 6258 5556 5554 5580 5840 5651 5306 5848 5948 6322 5370 5785 5963 5595 5974 5572 5833 5833 6042 6026 5734 5877 5499 5397 5644 5970 5271 5467 5802 5801 5832 5832 5962 5729 5648 5843 5362 5400 5866 6021 5188 5716 6241 5680 5289 5800 5854 5600 6128 5308 5807 5698 5566 5753 5723 5669 6378 5846 6087 5833 5898 6038 6047 5513 5953 4982 5801 5841 5789 5741 5484 5830 5271 5803 5889 5604 6134 5895 5409 5804 5810 5601 5583 5761 5836 5391 5848 5640 5616 5827 5324 6021 5664 5812 5366 5256 5437 5473 5725 5425 5540 5513 5767 5372 5540 6124 5408 5621 6294 5607 5314 5924 6005 5469 5489 5883 5306
4710 5061 4550 4872 4794 4979 5095 4763 4886 4576 5098 5152 4763 4986 5361 4804 4423 4922 5059 4810 4751 5273 4895 4598 5030 4952 4803 4988 4688 4778 4840 5133 4999 4832 5244 4934 5015 5009 5067 5384 4785 5041 4865 4920 5064 4777 5020 4687 4858 4897 5046 5096 5099 4896 5070 5033 4631 4912 4601 5028 4587 5166 4961 4845 4940 4845 4839 4850 5509 4724 4955 5006 5055 4682 5149 4940 4744 4775 5200 4911 5104 4433 4658 5123 5083 4738 4693 4765 4554 4684 4958 4890 5230 5033 4706 4719 4565 5043 5149 4911 4758 4605 4598 5039 4886 4622 4764 4865 5068 5433 4823 4555 5061 5524 5156 5012 4610 4859 4655 4649 5007 4992 4992 4643 5016 5421 4867 5193 4786 4949 4694 4662 4847 4733 4852 5332 5514 5128 5430 5178 4883 4710 4837 5000 4946 4729 5006 5182 5617 4568 4842 5352 4570 4794 4830 4869 5308 5058 4945 5004 4966 4884 4710 4986 5388 5172 4675 4855 4968 5027 5156 5297 5008 5344 5275 4799 5002 4983 5217 4452 5183 5169 5078 4743 5029 5257 5087 5422 4485 4878 5152 5012 4518 5093 4983 5385 5105 5042 4923 5216 5199 5088 4809 5070 4483 5129 4788 4885 5138 4666 4893 4557 5158 5202 4952 5329 5005 4704 5232 5097 4812 4805 5244 4936 4677 4921 4836 5033 5055 4853 5062 4812 5066 4842 4730 4714 4622 4539 4813 5039 5003 5045 4675 4716 4932 4601 4965 5360 5126 4716 4947 5365 4710 4809 5115 4774
5318 5271 5016 5453 5473 5628 6058 5715 5205 5589 5589 5688 5353 5571 5874 5369 5011 5413 5875 5679 5146 5744 5262 5153 5846 5868 5172 5566 5671 5148 5650 5910 5384 5568 6112 5203 5826 5589 5889 6089 5414 5994 5554 5177 5476 5451 5773 5470 5516 5660 5864 5603 5989 5858 5448 5739 5284 5522 5593 5486 5329 5778 5701 5520 5284 5534 5397 5740 5811 5635 5593 5702 5783 5437 5625 5591 5385 5945 5603 5472 5718 5358 5467 5811 5674 5465 5343 5656 5262 5470 5402 5488 6057 5935 5561 5462 5522 5755 5934 5516 5361 5361 5395 5564 5795 5113 5707 5329 5633 6007 5438 5045 5584 6251 5564 5512 5535 5543 5335 5224 5776 5730 5491 5523 5607 6090 5579 5740 5383 5677 5286 5288 5503 5568 5585 5766 6284 5741 5990 5703 5390 5563 5376 5317 5723 5415 5514 6362 6304 5569 5636 5760 5550 5772 5502 5504 5699 5738 5922 5630 5666 5433 5569 5889 6067 5501 5232 5703 5564 5616 5874 5948 5825 6146 5877 5310 5722 6109 6140 5329 5636 5976 5186 5338 5837 5725 5712 6148 5604 5674 5821 5214 5708 5643 5518 6400 5587 5782 5768 5801 5690 5666 5492 5941 5058 5477 5774 5905 5730 5433 5583 5310 5735 5818 5573 5880 5778 5078 5617 5753 5730 5416 5987 5675 5488 5683 5474 5331 5659 5397 5603 5415 5687 5358 5430 5333 5297 5228 5709 5489 5476 6008 5509 5615 5830 5223 5879 6230 5700 5491 5812 6052 5344 5351 6002 5166
5251 5129 4583 5154 5209 5249 5302 5000 4965 5018 5220 5075 4969 5289 5381 5079 4539 5265 5139 5122 4910 5568 5207 5010 5018 5118 5012 5187 5217 5155 5273 5633 5018 5093 5696 5226 5435 4793 4917 5747 5046 5321 5010 4997 5391 5070 5329 5121 5029 4989 5418 4977 5573 4968 5337 5295 5044 5142 4864 5138 4734 5538 5429 4987 5368 4828 4822 5353 5299 5043 5100 5283 5147 5183 5427 5347 5091 5143 5200 5186 5499 4678 4913 5201 5411 5126 5100 5406 4952 5198 5146 4977 5692 5135 5153 5099 5298 5759 5462 5045 5191 4793 4840 5393 4942 4747 5459 5203 5243 5314 4720 4690 5352 5951 5018 5212 4863 5328 4917 4822 5281 4990 5095 4755 4887 5590 5001 5477 5080 4860 4929 5125 5381 4810 5093 5245 5604 5465 5557 5575 5521 4967 5102 5256 5227 5001 5059 5450 5747 4712 5443 5303 5152 5171 5006 5038 5600 5323 5264 5194 5316 5071 4980 5252 5644 4990 4932 4914 5312 5323 5133 5471 4981 5059 5620 4884 5072 5433 5671 4889 5271 5586 5054 4825 5335 5348 5036 5444 4708 4985 5303 4979 5241 5528 5126 5818 5623 5453 5322 4992 5469 5342 5096 5243 4660 5219 5045 4871 5065 5043 5192 4964 5340 5371 5259 5676 5417 4975 5443 5300 5206 4968 5284 5108 5238 5283 5350 5062 5343 5083 5399 4995 5013 4844 4786 5091 5043 5185 4963 5129 5381 5297 5107 4812 5194 4828 5078 5694 4952 5132 5286 5419 4926 4891 5442 4781
5188 4917 4716 5320 5369 5344 5432 5035 5206 4944 5666 4987 5145 5472 5440 5187 4550 5238 5392 5081 5105 5708 4819 5028 5227 5567 4833 5091 5320 5063 5270 5255 5088 5151 5635 5108 5410 5087 5460 5841 4983 5573 5261 5108 5495 4955 5279 5106 5378 5158 5177 5269 5427 5404 5399 5364 4850 5480 4707 5147 4855 5401 5480 5060 5298 4954 4913 5248 5549 4947 5090 5123 5236 5032 5558 5338 5138 5072 5277 5421 5227 4748 5263 5297 5401 5118 5049 5308 4917 5185 5361 5229 5376 5488 5179 5058 5133 5590 5559 5182 5059 4990 4997 5276 5221 5171 5258 5202 5267 5678 4835 4529 5198 5920 5281 5316 4909 5414 5199 4983 5340 5132 5130 5014 5202 5610 5129 5378 5474 5069 5115 5005 5418 5157 5017 5522 5890 5476 5719 5633 5295 5120 5165 5360 5299 4819 5129 5809 5795 5097 5401 5449 5057 5199 5056 5455 5823 5542 5269 5340 5480 5013 4991 5327 5692 5002 5123 5166 5239 5462 5457 5656 5211 5488 5494 5064 5161 5466 5498 4951 5250 5711 5285 5304 5053 5541 5559 5741 5023 5223 5496 5057 5085 5626 5216 6012 5650 5572 5515 5097 5542 5273 5090 5462 4762 5356 5267 5095 5382 4962 5315 4731 5619 5433 5399 5533 5154 4976 5606 5244 4933 5126 5577 5485 5040 5310 5199 5399 5238 4829 5448 5007 5536 5186 4950 4944 5217 5316 5082 5332 5320 5158 5267 5093 5480 5073 5465 5917 5419 4773 5610 5394 5142 5012 5543 4824
4948 4753 4668 5028 5122 5162 5197 5069 5113 4757 5167 4993 4959 5392 5177 4885 4596 4917 4985 5019 4834 5234 5179 4800 5165 4919 4489 5159 5012 4723 5097 5163 5172 5164 5583 5061 5088 5073 5183 5713 4976 5329 4888 4863 5135 5035 5214 5126 5356 4780 5151 5130 5466 5207 5043 5431 4603 5085 4824 4952 4536 5280 5443 4921 5047 4811 4846 5157 5421 5106 4849 5080 5240 4779 5138 5190 4886 5210 4979 5270 5439 4744 4974 5149 5353 5074 4925 5206 4850 4861 5040 4973 5424 5284 5191 5091 5509 5279 5142 4810 5223 4721 4860 4991 5070 4501 5139 4989 5108 5353 4679 4733 5184 5647 5079 5049 5168 5178 4880 4986 5254 5119 4815 4761 4953 5433 5261 5005 4993 4916 4926 4958 5387 4859 5102 5322 5516 5421 5653 5521 5096 5212 4949 5223 5120 4945 5284 5401 5564 4615 5112 5080 5009 5085 5001 5306 5432 5397 5286 4894 4953 4965 5092 5073 5444 4985 4904 4958 5190 5213 5114 5309 4882 5231 5410 4573 4739 5426 5217 4774 5186 5421 4746 5130 5181 5245 4991 5504 4641 5147 5085 4662 4905 5236 5036 5707 5217 5315 5083 5171 5154 4819 5148 5155 4775 5262 4791 5164 5174 4957 5210 4665 5072 5028 5107 5360 5250 4691 5333 5469 5036 4935 4988 4877 4599 5015 4982 5509 5287 4700 5340 4792 5179 4718 4889 4978 4869 5171 4816 4924 4930 5336 4910 4941 5141 4714 4877 5388 4850 4877 5134 5338 4736 5063 5485 4825
4692 5046 4610 5195 4927 5094 5677 4917 4880 5055 5309 5109 5009 5262 5346 4966 4523 4985 5218 5279 4867 5296 5196 4743 5286 5240 4979 5202 4999 4875 5070 5548 4856 4926 5612 5160 5599 5168 5161 5644 4775 5100 5077 4829 5347 4952 5531 5123 5137 5205 5472 5046 5402 5211 5252 5294 4873 5056 4745 5151 4871 5398 5409 5091 4957 4843 5219 5078 5468 4792 5027 5210 5185 4839 5154 5195 5156 5173 5202 5195 5145 4886 4990 5284 5576 5283 4998 5178 5063 4990 4994 5178 5678 5307 5023 4761 5161 5301 5427 5092 5219 4637 4965 5251 4940 5041 5195 5028 5334 5480 4711 4703 5304 5673 5206 5344 4868 5005 5161 4838 5296 5131 5337 4758 5111 5381 5268 5325 4933 5032 4931 4944 5203 4925 5096 5496 5636 5597 5644 5452 5303 4924 4927 5234 5370 4867 5034 5452 5819 4997 5215 5274 5059 4970 4935 5057 5507 5297 5242 5004 5087 5283 4850 5144 5403 5133 5046 4954 5348 5365 5550 5544 5300 5381 5312 5009 5134 5414 5579 4958 5591 5241 4988 4852 5353 5453 4870 5563 4766 5159 5506 4940 4897 5046 4895 5609 5186 5327 5370 5028 5357 5360 5154 5312 4685 5452 5060 5231 5154 4922 5106 4957 5194 5326 5103 5433 5290 4886 5561 5222 5159 5113 5328 5215 4753 5069 5145 5115 5254 4808 5386 5074 5318 5065 5035 4987 4946 5015 4942 5203 4924 5301 5075 4909 5311 4966 5022 5492 5137 5073 5134 5383 4905 5115 5234 4685
4771 5017 4438 5054 5032 5133 5519 4932 4998 5010 5375 5310 4937 5285 5411 5130 4422 4971 5155 5043 5101 5170 5078 4984 5119 5448 4889 5310 4899 4746 5067 5226 4948 5195 5229 5090 5354 5026 5224 5703 4908 5240 5228 4886 5309 4987 5576 4818 5068 5092 5210 5125 5812 5409 5225 5323 4661 4892 4801 4872 4710 5395 5512 5234 5147 4913 4963 4918 5346 4974 5242 5077 4946 4711 5232 5284 5084 5284 5219 5279 5270 4839 4975 5309 5397 5119 4847 5448 4921 4809 5278 5114 5568 5582 5135 4941 5193 5397 5353 4922 5273 4667 5011 5185 5332 4708 5087 5172 5074 5509 4679 4752 5071 5701 5001 5056 4963 5247 5290 4683 5100 4777 5191 4572 5031 5784 4898 4974 5272 5245 4579 5133 5434 5176 4995 5508 5675 5480 5557 5224 5148 5045 4958 5254 5174 4857 5045 5678 5835 5084 5343 5301 4976 5402 5235 5106 5431 5356 5177 5343 5153 5109 4979 5359 5581 4984 4910 4968 5391 5075 5151 5701 5233 5379 5594 4869 4924 5299 5619 4653 5084 5353 4876 5105 5272 5259 5169 5458 4882 4914 5132 4848 5069 5084 5318 5947 5163 5318 5329 5131 5225 5227 4792 5247 4632 5150 5016 5439 5101 5152 5259 4929 5254 5234 5064 5666 5158 4898 5436 5252 5045 4945 5445 5187 4992 5085 5119 5392 5288 4665 5326 4947 5367 4916 4861 4951 5035 4908 4985 5062 4933 5346 4975 5024 5388 4956 5106 5775 5051 4869 5206 5492 4916 5072 5525 4917
5142 4750 4371 4763 5028 5126 5247 4886 4961 4837 5203 5109 4819 5224 5017 5047 4266 5052 5082 4790 4529 5445 4738 4855 4994 5105 4632 5105 4806 4697 4978 5271 4676 4966 5394 5239 5171 4808 4998 5620 4787 5197 5124 4664 4962 4995 5215 4935 4857 5127 4962 5094 5202 4985 4941 5186 4910 4968 4778 5096 4515 5328 5301 4900 5390 4725 4654 5104 5144 4774 5077 5199 4838 4802 5084 4916 4894 5265 5033 4898 4967 4616 4910 5060 5313 4830 4940 5232 4876 4956 5057 5019 5368 5245 4764 5102 4888 5445 5235 4928 5218 4421 4631 5070 5330 4799 5118 5028 4918 5312 5073 4354 4998 5733 5141 5150 4965 5043 4701 4747 5078 4823 4972 4652 4737 5314 4795 4932 4909 4979 4638 4875 5226 4979 5045 5117 5617 5256 5537 5446 4995 5061 4836 5040 5134 4778 5031 5429 5582 4804 5250 5044 4720 5426 4913 5025 5223 5341 5040 5194 5144 4920 4701 4916 5372 5077 4928 4928 4997 5090 5138 5326 5044 5165 5432 4510 5093 5088 5587 4547 5142 5417 4926 4672 5288 5285 4995 5189 4749 4877 5191 4815 4840 5039 4823 5433 5132 4934 5262 5138 5104 4977 4931 5303 4527 5038 4991 4988 5079 5011 5002 4665 5079 5034 5151 5479 5315 4800 5304 5338 5039 4666 5402 5041 4836 5101 5131 5142 4999 4733 4881 4951 4926 4805 4990 4823 4953 4925 4924 4542 5065 5052 4799 4833 5202 4852 4849 5637 5175 4714 5137 5209 4808 5098 5244 4722
4738 4496 4368 4926 4762 4895 5432 4765 4860 4724 5153 4872 4929 4925 4894 4884 4361 4725 4788 4955 4552 5235 4702 4743 4867 5092 4572 4914 4791 4686 4972 4856 4641 4728 5497 4979 4909 4672 4673 5274 4451 5102 4903 4484 5196 4520 5200 4956 4818 5121 5120 4802 5135 4972 4757 5124 4605 4791 4625 4822 4609 5177 5083 5115 4822 4743 4612 4957 5020 4774 4819 4810 4898 4752 5054 4731 4589 4883 4784 4992 4950 4655 4825 4819 5119 5093 4606 5002 4857 4557 4877 4698 5337 4785 4725 4717 4703 5219 5073 4758 4944 4437 4617 4990 4903 4691 5321 5025 4899 5389 4746 4279 5341 5471 5107 4995 4738 4790 4704 4704 4847 4922 5059 4782 4782 5220 4971 4862 4933 4487 4746 4681 4906 4842 5029 5208 5549 5060 5407 5063 4889 4397 4576 5028 4911 4596 4727 5006 5560 4598 5116 5273 4664 4773 4954 4709 5417 5003 4969 5070 5023 4875 5006 4895 5109 4860 4977 5024 4858 4809 5094 5243 4757 5052 5144 4498 4842 5343 5062 4411 5075 5413 4986 4469 4901 4865 5015 5150 4551 4954 4982 4563 4750 4914 4744 5438 5142 5233 5100 4947 4786 5095 4695 5012 4395 5063 4684 4998 4985 4752 4809 4410 4972 5117 4802 5288 4857 4779 5010 5272 4913 4561 5141 4905 4895 4943 4920 4826 5327 4644 4926 4857 4979 4969 4845 4760 4616 4651 4923 4902 4930 5081 4812 4820 5162 4672 4877 5487 4956 4687 4854 5206 4557 4519 4936 4400
5285 5080 4683 5358 5279 5343 5638 5230 5060 5076 5516 5387 5021 5238 5464 5037 5020 5222 5312 5164 5062 5609 5482 5153 5279 5446 4963 5481 5073 5120 5402 5406 5434 5407 5642 5314 5308 5376 5316 5734 5189 5677 5391 5121 5555 5185 5605 5147 5060 5306 5500 5412 5722 5194 5420 5486 4711 5195 5140 5414 4835 5675 5786 5217 5492 4935 5079 5490 5603 5189 5335 5227 5107 4986 5636 5336 5322 5393 5516 5435 5359 4902 5196 5532 5625 5460 5455 5543 4965 5023 5399 5376 5796 5569 5297 5233 5186 5392 5473 5226 5389 4820 5132 5520 5345 5185 5297 5288 5459 5440 5057 4795 5333 5791 5454 5290 5280 5241 5101 5105 5222 5136 5459 4922 5202 5554 5280 5353 5224 5167 4924 5003 5228 5250 5135 5556 5783 5631 5818 5638 5385 4985 5398 5454 5397 5108 5388 5741 5911 5097 5543 5620 5553 5447 5209 5349 5690 5447 5220 5392 5300 5069 5429 5656 5636 5344 5217 5300 5556 5358 5543 5527 5275 5483 5684 5175 5158 5434 5684 4901 5778 5711 5279 5231 5354 5507 5093 5735 4852 5401 5418 4971 5321 5606 5341 5946 5341 5716 5312 5392 5515 5470 5285 5435 4599 5317 4984 5315 5340 5264 5173 5208 5324 5583 5375 5721 5398 5043 5603 5402 5245 5403 5741 5157 5343 5312 5423 5254 5352 4930 5636 4933 5445 5313 5158 5221 5144 5141 4938 5221 5414 5547 5189 5223 5649 5314 5406 5698 5462 5195 5490 5595 4937 4952 5681 4793
5030 4900 4613 5146 4897 5098 5329 5260 4931 4867 5364 5097 4888 5357 5326 4915 4659 5037 5433 5230 4864 5048 4968 4842 5089 5244 4930 5012 5103 5001 5083 5341 5150 5294 5471 5066 5531 5192 5222 6040 5083 5189 4991 4898 5178 5129 5533 5299 5155 5220 5258 5280 5276 5197 4997 5117 5095 5067 4810 5076 4705 5428 5224 5068 4878 4959 5010 5207 5342 4815 5253 5249 5089 4817 5182 5239 5071 5148 5315 5101 5352 4764 5218 5043 5272 4973 4673 5209 5230 5166 5282 5182 5593 5387 5057 5055 5179 5450 5401 5114 5358 4801 4669 5378 5023 4812 5194 5002 5177 5803 4638 4679 5249 5583 5127 4992 5015 5105 5159 5026 5197 5106 5222 4683 4977 5539 5179 5290 5203 5258 5000 4986 5362 5034 5170 5467 5793 5377 5523 5524 5340 5103 4963 5182 5259 4764 5146 5543 5740 5074 5158 5323 4869 4885 5075 5273 5551 5344 5171 5109 5311 5129 4963 4973 5635 4916 5165 4972 5317 5320 5034 5548 5002 5242 5326 4856 4972 5386 5372 4910 5491 5562 5064 4883 5083 4953 5235 5537 4951 4965 5330 4925 4641 5288 4925 5956 5372 5220 5154 5328 5305 5175 4899 5349 4820 5290 5016 5206 5182 5042 5442 4779 5224 5091 5280 5518 5297 5080 5486 5505 5051 4962 5454 5314 4922 5212 5036 5312 5170 5034 5255 5207 5203 5146 4997 5019 5088 5068 5051 5037 5036 5082 5001 4986 5286 4973 5099 5617 5178 4963 5252 5443 4999 5030 5259 4770
4892 5054 4495 5164 4804 5153 5559 4941 4877 4892 4975 5147 4927 5242 5456 4867 4565 4836 4921 5089 4804 5487 4917 4799 5194 5224 4596 5232 4839 4746 5175 5200 5221 5101 5561 5080 5191 5083 5158 5505 5022 5182 4870 4949 5163 5066 5199 5278 5047 5108 4867 5006 5553 5276 5078 5183 4707 5229 4680 5046 5123 5428 5208 5171 5015 4740 5058 5169 5576 5001 4873 5068 4987 4986 5146 5188 4874 5072 5341 5195 5043 4634 4910 5202 5318 5241 4979 5141 4952 5215 5178 5010 5429 5478 5039 5257 5117 5356 5169 5236 5064 4790 4842 5201 5012 4843 5437 5255 5108 5364 4746 4540 5110 5537 5206 5138 4899 5026 4881 5112 5109 5036 5395 4659 4855 5407 5016 5203 5221 4667 5062 4825 5116 5044 5080 5372 5716 5217 5393 5645 5322 4883 5053 5260 5211 4817 5327 5575 5569 4848 5198 5392 4966 5277 5115 5117 5516 5132 5162 5189 4918 5013 4709 5041 5309 5037 5227 4768 5245 5098 5126 5177 4989 5358 5296 4937 5039 5519 5334 4685 5455 5432 4862 4972 5066 5195 5065 5318 4706 5436 5286 4855 4831 5170 5120 5704 5150 5428 4828 5138 4957 5279 4978 5171 4502 5320 5109 5200 5203 5187 5134 5034 5276 5414 5068 5489 5026 4928 5342 5289 5029 4979 5446 5254 4837 4990 5228 5324 5089 4835 5331 5022 5221 5067 4820 4872 5033 5137 5002 4782 5009 5381 4695 4951 4928 4849 5123 5806 5449 4616 5231 5267 4972 4907 5354 4661
4856 4785 4554 4866 5040 4825 5329 4908 4690 4621 5155 5090 4772 5133 5204 4730 4489 5020 4878 4783 4852 5181 4998 4771 4898 5091 4469 4871 5015 4714 4981 5291 5048 5254 5346 4956 5228 4933 5146 5510 4848 5012 4872 4940 5115 4941 5152 4930 4958 4998 5170 5259 5202 5300 5100 5097 4876 5015 4676 5082 4497 5257 5268 4933 5271 4710 4745 4915 5226 4974 4895 5115 5125 4876 5118 5209 4683 4879 5214 5297 5172 4997 4855 5077 5215 4957 4617 5224 4711 4843 5099 4806 5233 5233 5129 5152 5042 5297 5080 4786 5081 4784 4804 4860 5040 4502 4791 5204 5091 5261 4819 4525 5212 5438 5061 5080 4756 5022 4982 4764 5357 4815 5205 5002 4794 5383 5145 5213 5078 4971 4897 5030 5260 4778 4844 5139 5555 5362 5432 5456 5246 4758 5050 4985 4997 4629 5127 5191 5661 4643 5021 5232 5006 4880 5075 5012 5496 5322 5173 4902 4988 4730 4835 5100 5440 5070 5046 5040 4955 5041 5271 5574 4641 5017 5158 5001 4884 5215 5390 4408 4906 5411 4699 4868 4935 4963 5017 5605 4722 4993 5325 4526 4962 5167 5014 5632 5313 5293 5020 4976 5197 5098 5327 5207 4502 5216 4984 4997 4807 5027 5124 4625 5279 5247 4809 5391 5030 4849 5242 5182 5292 5113 5301 4897 4989 5249 5034 5433 5290 4659 5191 5014 5044 5129 4736 4634 4897 5104 4788 4691 4822 5173 4670 4878 5573 4839 4665 5430 5001 4793 5143 5431 5026 4794 5410 4738
5075 4826 4396 4821 5156 4952 5143 5056 4990 5042 5073 4922 5141 5320 5465 4696 4418 4941 5037 5041 4856 5191 5021 4914 5024 5035 4671 5194 4999 4784 4914 5158 5035 5006 5313 4975 5354 4850 5077 5536 4730 5267 4749 4913 5005 4946 5170 4876 5162 5185 5066 5233 5049 5097 5184 5276 4699 5004 4355 4927 4882 5115 5217 4947 5038 4808 4806 5031 5466 4996 5018 5017 5145 4959 4936 5263 4786 4747 5089 5276 5067 4465 4807 5124 5170 4999 4934 5105 4787 4658 4943 5021 5441 5197 4683 4881 5074 5110 5103 5061 5216 4730 4788 5303 4937 4689 4973 5037 5064 5409 4930 4715 5069 5579 4944 5257 4951 5024 4891 4900 5124 4778 5072 4908 4771 5054 5232 5265 4835 5013 4788 4906 5177 5006 5004 4887 5613 5285 5249 5346 5129 4908 4863 5094 5030 4835 5077 5225 5806 4678 5142 5301 4885 5057 5050 4936 5395 5208 4995 5022 5026 4786 4720 5007 5327 4896 4916 4957 5078 5030 5202 5164 4730 5041 5128 4835 4990 5379 5248 4745 5235 5279 4743 4773 5037 5198 5059 5431 4728 5045 5183 4876 4681 5272 4967 5762 5382 5386 5208 5020 5258 5311 4887 5250 4384 5123 4918 5147 4774 5124 5047 4699 5341 5196 5250 5440 5355 4920 5430 5016 4843 4870 5226 5228 4955 5178 4873 5173 5304 4736 5048 4580 5395 4959 4780 4843 5137 4973 4448 5057 4972 5129 4941 4949 5274 5082 4875 5541 5133 4946 5091 5288 4864 5085 5314 4357
5281 5032 4889 5430 5533 5409 5887 5286 5225 5438 5702 5457 5421 5326 5598 5143 4828 5400 5652 5245 5119 5866 5376 5191 5549 5783 5211 5350 5127 5054 5448 5542 5673 5463 5659 5432 5605 5449 5455 5816 5221 5786 5466 5467 5628 5144 5543 5189 5617 5363 5497 5583 5961 5418 5567 5286 5174 5349 5056 5419 4795 5862 5643 5398 5365 5151 5380 5486 5785 5431 5475 5514 5292 4974 5624 5523 5273 5574 5571 5564 5390 5368 5442 5710 5719 5502 5130 5597 5311 5275 5097 5491 5880 5828 5270 5171 5099 5605 5635 5377 5374 4824 5414 5635 5507 5366 5633 5419 5369 5790 5408 5068 5567 5856 5493 5471 5196 5511 5166 5123 5552 5354 5446 5102 5491 5583 5264 5573 5616 5302 5245 5082 5585 5156 5289 6354 6038 5659 6124 5785 5623 5281 5004 5340 5595 5321 5376 5772 6146 5375 5512 5749 5276 5523 5492 5282 5731 5348 5390 5546 5386 5176 5322 5893 5722 5303 5216 5196 5216 5245 5581 5722 5565 5786 5740 5383 5280 5658 5946 4946 5650 5754 5498 5322 5483 5693 5550 5777 5064 5501 5741 5119 5203 5500 5347 6058 5418 5825 5408 5692 5572 5762 5059 5689 4830 5374 5357 5534 5678 5348 5286 5309 5522 5606 5292 5783 5573 5344 5894 5719 5188 5275 5791 5325 5265 5342 5590 5302 5401 5371 5660 5308 5511 5441 5339 5122 5117 5270 5295 5388 5499 5611 5189 5213 5595 5611 5516 5983 5527 5412 5631 5918 4894 5224 5648 4998
5205 5057 4680 5102 5233 5318 5237 5174 5057 5051 5315 5088 5347 5358 5451 5081 4622 5461 5381 5266 4840 5644 4778 4973 5532 5598 4819 5587 5396 4974 5263 5455 5322 5225 5495 5563 5490 5057 5252 6052 5384 5615 5285 5086 5570 5042 5439 5368 5312 5161 5436 5464 5475 5257 5244 5336 5102 5263 4748 5135 4951 5382 5368 5183 5342 5196 5056 5426 5712 5197 5097 5267 5418 4830 5288 5261 4902 5219 5546 5168 5317 4753 5234 5211 5554 5109 5106 5209 5100 5191 5175 5090 5974 5407 5091 5192 5243 5689 5602 5219 5219 5068 5035 5437 5106 5049 5563 5289 5164 5758 4780 4925 5402 5857 5384 5266 5284 4966 5054 5121 5661 5328 5460 5039 4988 5692 5389 5506 5115 5379 5140 5252 5389 5219 5398 5334 5794 5497 5552 5818 5300 5035 5340 5389 5302 4918 5234 5347 5722 5001 5252 5606 5127 5259 5343 5316 5763 5525 5621 5276 5352 5143 5099 5133 5886 5054 5150 5004 5380 5558 5545 5619 4942 5269 5238 4990 5044 5809 5458 5002 5465 5495 5127 5005 5555 5442 5281 5554 5156 5216 5594 5081 5090 5326 5284 5661 5478 5488 5381 5420 5408 5340 5304 5589 4894 5406 5156 5359 5324 5313 5201 4713 5215 5546 5241 5684 5423 5267 5585 5676 5040 5038 5581 5334 5062 5125 5460 5175 5370 5032 5411 5300 5415 5278 4912 4929 5154 5353 5054 5007 5329 5062 5138 5311 5293 4935 5341 5843 5201 4781 5382 5520 4795 5171 5228 4790
5052 4970 4380 4849 5016 5212 5116 4811 4772 4573 5396 4935 4811 4875 5027 4668 4520 5053 5120 4898 4562 5205 5075 4861 5190 5082 4861 5172 4758 4526 5106 5107 5115 5154 5299 4759 5117 4889 4842 5530 4765 5064 4876 4650 5143 4769 5264 5171 5005 4957 5117 5131 5236 4999 4908 4923 4819 4831 4659 5155 4716 5364 5300 4937 4924 5051 4861 4846 5477 4765 5030 5143 4649 4755 4958 5047 4702 4965 4966 5005 5212 4607 4963 5301 5292 5162 5034 5127 4788 4757 4945 5114 5451 5214 5012 4827 4882 5215 5074 4790 5008 4454 4939 5040 5031 4658 5050 4798 5194 5488 4893 4556 5186 5351 4934 5154 4742 5161 4805 4835 4875 4981 4702 4912 5055 5445 4821 5147 5100 4913 4611 4792 5210 4928 4876 5256 5492 4984 5287 5384 5045 4772 4946 5164 5183 4597 5412 5272 5502 4790 4984 5169 4877 5134 5046 5153 5663 5211 5245 5064 4971 4722 4839 4980 5372 5060 4612 4933 5205 5044 5166 5206 4821 5354 5379 4588 4759 5045 5258 4646 5109 5446 4945 4748 5204 5023 5003 5723 4820 4967 4868 4892 4867 5081 4797 5431 5408 5435 5083 5182 5045 5300 4822 5159 4606 4892 4819 5173 4990 5004 5124 4578 4999 5266 5173 5587 4988 4719 5259 5414 4923 4807 5148 5102 4912 5143 5134 5223 4941 4790 5396 5010 5240 4965 4598 4673 4711 4716 4880 4871 4976 5236 4884 4730 5156 4933 5207 5611 5152 4779 5225 5018 4501 4661 5006 4572
5104 4796 4662 5346 5176 5496 5568 5108 5325 5157 5636 5169 5065 5314 5580 5291 4783 5189 5351 5357 4904 5638 5090 4925 5317 5314 4899 5363 5085 5005 5382 5304 5351 5393 5593 5279 5360 5140 5311 5715 5128 5307 5394 4899 5254 5521 5594 5247 5197 5382 5137 5459 5347 5469 4980 5493 5033 5018 5078 5243 4810 5806 5483 5434 5568 5214 5138 5105 5520 5111 5067 5501 5240 4774 5272 5394 5329 5392 5595 5347 5347 5046 5206 5601 5715 5421 5269 5430 5045 5060 5533 5209 5836 5629 5082 5302 5218 5630 5706 5227 5675 4779 4860 5380 5342 4933 5629 5230 5157 5639 5304 4929 5529 5983 5548 5430 5379 4984 5094 5182 5398 5122 5359 4846 5130 5449 5511 5540 5415 5143 5038 5096 5321 5402 5360 5399 5916 5297 5650 5775 5224 5521 4957 5290 5329 4988 5267 5724 5779 5323 5086 5471 5429 5397 5422 5537 5811 5695 5518 5593 5332 5267 5234 5387 5672 5306 5143 5206 5430 5219 5595 5272 5405 5568 5530 4879 5162 5610 5477 5021 5413 5724 5507 5163 5626 5324 5382 5741 5139 5471 5652 5066 5052 5449 5187 6141 5371 5666 5287 5478 5511 5623 5392 5779 4810 5408 5314 5562 5396 5300 5388 4801 5218 5482 5706 5659 5447 4889 5526 5569 5252 5603 5707 5411 5153 5196 5294 5247 5560 4898 5397 5350 5411 5220 5193 4983 5254 5239 5410 5227 5382 5476 5121 4947 5726 4969 5375 5950 5522 5123 5349 5394 4921 5204 5619 4958
5214 4653 4628 5343 5225 5383 5648 5148 4912 5228 5330 5115 5012 5525 5350 4966 4599 5070 5571 5258 4635 5559 5147 4817 5070 5556 4959 5122 5265 5081 5398 5454 5114 5360 5577 5261 5440 5116 5116 5686 5124 5359 5237 4892 5215 4987 5205 5432 5481 5352 4969 5356 5363 5307 5379 5368 5036 5130 4813 5293 4938 5497 5554 5129 5261 5095 4948 5308 5505 5256 5212 5319 5156 4946 5215 5291 5050 5358 5276 5234 5183 4802 5116 5385 5787 5178 5072 5339 5046 5124 5319 5048 5838 5369 5204 5059 5217 5674 5413 5243 5560 4478 5118 5317 5335 4843 5350 5188 5218 5643 5033 4679 5330 5685 5438 5269 4825 5133 4942 5249 5067 5016 5267 4857 5054 5758 5160 5380 5198 5147 5135 4849 5232 5413 5078 5554 5871 5528 5787 5698 5419 5046 4973 5174 5547 4933 5265 5871 5884 5546 5122 5451 5076 5442 5324 4932 5576 5500 5497 5276 5121 5005 5063 5176 5536 5106 5145 5416 5293 5447 5288 5514 5010 5445 5403 5063 5285 5541 5618 4886 5413 5728 5328 4770 5501 5258 5366 5711 5082 5579 5385 4837 5154 5238 5111 5746 5747 5448 5549 5242 5428 5645 5035 5528 4833 5493 5167 5443 5286 5224 5208 4653 5550 5397 5253 5828 5483 5148 5856 5672 5177 5128 5675 5433 5169 5159 5355 5373 5533 5035 5305 5245 5337 5199 4815 5035 5176 5244 5140 5198 5434 5494 5010 5310 5282 5262 5483 5833 5402 4929 5377 5656 4796 5099 5295 4679
4865 4542 4433 4676 4773 4824 5144 4998 4922 4837 5052 4745 4910 4799 4884 5010 4179 4674 4853 4972 4616 5027 4555 4605 4878 4937 4697 4846 4888 4737 4862 5175 4689 4703 5359 4808 5036 4900 4705 5367 4662 5104 5112 4571 4872 4937 5009 4731 4735 5193 4985 4971 5256 4679 4613 4786 4588 4922 4630 4726 4411 5245 5009 4766 4939 4596 4451 4848 5109 4769 4904 4958 5011 4597 5052 4781 4664 4915 4878 4672 4985 4795 4669 4897 4943 4871 4610 5054 4401 4786 4747 4708 5153 5213 4707 4910 4723 5196 5191 5053 4669 4241 4579 4783 5126 4546 5007 4848 4950 5203 4658 4360 4765 5442 4907 5104 4765 4663 4670 4709 4921 4890 4924 4819 4631 5198 4916 5099 4905 4543 4749 4600 4930 4727 4704 5342 5417 5024 5342 5369 4912 4859 4637 4792 4945 4601 4689 5222 5551 4920 4826 4917 4861 4952 5032 4853 5118 4868 5089 4861 5105 4623 4563 5179 5044 4906 4827 4741 4777 4853 4993 5100 4859 4905 4957 4793 4653 5295 5177 4455 4857 5180 4726 4843 4943 5239 5005 5137 4635 5065 5084 4715 5100 4992 4750 5506 5183 5117 4638 4865 4901 5054 4632 5162 4664 4886 4878 5031 4984 4828 4597 4502 5113 4924 4756 5199 5129 4511 5185 5019 4685 4577 5238 4793 4471 4908 4548 4995 5238 4758 5007 4621 4879 4555 4833 4641 4823 4788 4866 4853 4701 4797 4625 4891 4806 4718 4802 5247 4975 4616 4831 5272 4670 4653 4972 4363
5032 4780 4581 4831 5076 4856 5449 4843 4796 4647 4963 5246 4819 4715 5025 4733 4568 5010 5224 5072 4570 5131 4897 4763 4980 4933 4732 4847 4799 4542 4908 5206 5039 4677 5351 4867 4902 4997 5306 5552 4920 5019 4829 4606 5073 4940 5288 5046 4835 5010 5175 5117 5518 5221 4825 4870 4568 5091 4623 4674 4356 5222 5255 4572 4700 4470 4765 5109 5244 5057 4849 5023 4942 4610 4978 5013 4675 5231 5069 5097 5134 4776 4801 4975 5104 4968 4774 5113 4978 4789 4805 4960 5328 4890 5001 4962 4834 5378 5050 5160 5246 4442 4768 4855 5168 4861 5054 4979 4943 5279 4816 4452 5124 5503 5200 4939 4865 4935 5015 5088 4830 5098 4935 4562 4972 5225 4964 5106 4942 5000 4683 4649 5086 5185 4813 5349 5548 5212 5412 5233 4982 4721 4667 5151 5076 4808 5077 5411 5684 4834 4965 5225 4929 5086 5059 4778 5274 5117 5120 5044 4678 4739 4874 5289 5108 4833 4715 5052 4791 5277 4923 5144 5063 5032 5112 4809 4934 5146 5304 4663 5205 5130 4736 4791 5139 5113 5121 5458 4830 4907 5140 4620 4742 4993 4689 5544 5237 5113 4868 5086 4805 4908 4594 5262 4380 4910 5050 5128 4946 4895 5048 4681 4873 5041 4951 5468 5244 4609 5223 5189 4936 4824 5211 5129 4729 4643 5079 4774 4818 4796 5239 4774 5157 4875 4704 4790 4687 4883 4992 4698 5148 5269 4892 4847 5094 4962 5123 5487 4859 4710 5088 5387 4701 4841 5048 4524
5146 4822 4577 5042 5321 5039 5413 5002 5115 5002 5194 5272 5070 4992 5209 4694 4542 5278 5255 4932 4776 5164 5041 4654 5031 5531 4696 4828 5255 4621 4976 5089 5172 4997 5565 5275 5221 4950 5195 5679 4846 5180 5161 4896 5204 5082 5207 5156 5075 5118 5005 5277 5318 5213 5108 5150 4625 4947 4600 4976 4626 5272 5234 4922 5369 4958 4770 5023 5255 4956 4954 5203 4848 4605 5164 4951 4906 4958 5142 5327 4986 4631 4786 5108 5462 4935 5016 5316 4805 4947 5109 5045 5388 5360 5170 4972 5087 5097 5145 4958 4992 4515 4856 5043 5273 4867 5080 5093 5017 5581 4897 4870 4933 5699 5025 5310 5008 5030 4829 4867 5149 5188 5082 4803 4936 5354 5123 5160 5001 4986 4460 4839 5441 5064 4958 5132 5884 5220 5374 5379 5174 5115 4793 5079 5248 4790 4925 5380 5407 4959 5394 5228 4842 5064 5115 4973 5276 5139 5283 5208 4804 4921 4902 4980 5278 5116 4993 4908 4939 5163 5152 5326 5234 5020 5034 5042 4919 4952 5487 4771 5008 5459 5073 5036 5198 5433 4900 5428 4748 5134 5169 4652 4876 4924 4961 5558 5313 5206 5381 4989 4913 5403 4833 5462 4636 5081 5184 5301 5066 4859 5116 4677 5118 4968 5224 5393 5227 4908 5462 5380 5035 4832 5193 4930 4778 4894 5243 5114 5043 4755 5070 4825 4896 4833 4708 4750 4778 4759 4940 4950 5039 5088 4901 5002 5275 5149 5073 5367 4872 4640 5238 5406 4821 4954 5004 4846
4865 4810 4495 4621 4686 5000 5224 4827 4778 4593 4896 4960 4892 5083 5024 4791 4422 4918 5292 4766 4549 5183 4733 4764 4935 5119 4564 4675 4660 4764 4949 5322 5063 4895 5267 4720 4993 4768 5032 5514 4683 4950 4913 4971 5029 4571 5043 4628 4825 5022 5074 5138 5172 5075 5037 4968 4704 4677 4488 4957 4484 5307 5078 4890 5133 4599 4521 4784 5211 4758 4749 5017 4484 4555 5032 4926 4782 4754 5092 4981 4905 4730 4718 4951 5224 4753 4921 4920 4593 4977 4803 4651 5580 5046 4838 4976 4677 5182 5251 4714 4836 4437 4593 5026 4858 4576 5051 5009 5015 5237 4766 4365 4907 5459 4989 4951 4619 4815 4677 4626 5037 4731 5112 4683 4837 5028 4981 5204 4779 4840 4932 4577 5227 4702 4527 4957 5295 5122 5326 5331 4764 4541 4481 4928 4727 4478 5155 5102 5624 4618 4893 5055 4941 5027 5111 4892 5228 4973 5018 4982 5028 4676 4814 5017 5155 4805 4771 4739 4714 5094 5170 5084 4543 5322 5217 4805 4438 4949 5225 4290 5035 5142 4916 4694 5119 5226 4973 5214 4744 5013 5112 4550 4879 4904 4844 5449 5194 4952 4923 5004 5077 5256 4826 5394 4189 5215 4800 5122 5070 4574 4864 4610 5166 4961 4703 5294 4939 4660 5308 5075 4808 4876 5017 5142 4832 4907 5005 4904 4981 4632 4888 4833 5160 4990 4558 4573 4580 5006 4922 4518 4871 4908 4697 4577 5038 4775 4978 5604 4927 4732 4951 5280 4542 4877 5112 4609
4890 4805 4386 5004 4882 4918 5360 4955 4640 4938 5153 4924 4647 5006 5211 4402 4598 4854 4723 4838 4495 5003 4955 4799 5095 4993 4578 5068 4494 4651 4917 5118 4790 5086 5390 5085 5189 4816 4974 5418 4699 5046 4736 4891 4987 4814 5112 4895 4983 4951 4974 4939 5255 4981 4766 4644 4804 4769 4453 4934 4663 5424 5107 5012 4788 4609 4702 4952 5108 4899 4829 4954 4918 4596 5004 4928 4707 4880 5100 4868 4873 4525 4762 5155 5213 5012 4814 5164 4672 4875 4801 4853 5284 5236 4796 4754 4809 5128 4961 4835 5125 4399 4865 5126 4847 4677 5058 5004 5060 5444 4470 4500 5063 5382 4750 4933 4839 4883 4718 4932 4919 5022 5099 4589 4647 5347 4787 4829 4987 4748 4665 4757 5033 5014 4797 5174 5653 5112 5303 5381 5140 4773 4746 5166 5137 4855 4847 5056 5430 4783 5105 5312 4904 5178 5033 4871 5321 4934 5071 4960 4760 4825 4995 4772 5414 5046 4814 4478 4977 4704 5000 5102 4656 5067 5238 4833 4835 5189 5409 4447 5071 5303 5027 4766 4924 4913 4846 5356 4712 4677 4923 4795 4747 4785 4932 5303 5153 5152 5032 4974 4995 5119 5097 5114 4437 4894 4819 5097 4847 4895 4982 4694 4883 5105 4983 5452 4845 4860 5087 5132 4838 4838 5165 4784 4877 5069 4935 5297 5117 4780 4983 4896 4907 4843 4778 4713 4822 4719 4696 4852 4744 5042 4920 4852 5118 4702 4679 5176 4981 4703 4988 5253 4629 4750 5041 4446
5803 5238 4765 5546 5345 5621 5914 5316 5194 5542 5640 5467 5400 5859 5873 5273 4986 5553 5574 5351 5382 5840 5426 5256 5655 5650 5083 5675 5392 5201 5703 5573 5558 5507 5861 5380 5941 5643 5557 6036 5258 5867 5609 5406 5691 5545 5567 5511 5565 5644 5652 5481 5707 5738 5627 5821 5381 5526 5144 5645 5258 5999 5759 5490 5419 5364 5199 5704 6023 5403 5392 5479 5693 5240 5494 5732 5460 5659 5714 5753 5816 5230 5364 5893 5838 5648 5292 5621 5448 5291 5695 5268 5779 5907 5363 5427 5518 5887 5594 5480 5686 5035 5365 5910 5631 5165 5717 5413 5639 5936 5492 5131 5360 6195 5748 5638 5498 5478 5048 5352 5424 5606 5694 5299 5599 5939 5548 5584 5654 5443 5354 5395 5679 5458 5404 5792 6181 6028 5888 6140 5876 5352 5314 5688 5652 5405 5698 5954 6197 5429 5808 5921 5763 5643 5568 5579 5976 5891 5672 5413 5297 5336 5524 5528 5960 5570 5472 5482 5829 5755 5739 5897 5409 5791 5965 5293 5338 5811 5885 5260 5828 6191 5343 5390 5651 5763 5650 6047 5209 5705 5680 5406 5096 5610 5432 6249 5780 5853 5436 5589 5483 5628 5720 5844 5049 5709 5420 5710 5561 5544 5730 5387 5820 5890 5652 6124 5624 5394 6040 5930 5638 5309 5842 5692 5466 5581 5520 5558 5589 5150 5592 5463 5692 5597 5182 5355 5417 5544 5213 5370 5632 5762 5293 5376 5676 5255 5444 6103 5824 5260 5840 5963 5262 5533 6082 5057
5118 5106 4592 4925 5207 5449 5516 5065 5047 4983 5305 5052 5086 5047 5455 5163 4694 5148 5371 5216 4866 5685 5243 5021 5156 5316 4974 5427 4908 4971 5299 5330 5325 5165 5557 5063 5222 5449 5196 5583 5170 5368 5289 4982 5223 5173 5453 5353 5302 5140 5382 5507 5599 5302 5544 5222 4857 5135 4798 4964 4800 5577 5687 5160 5443 5049 5169 5273 5708 5366 4995 5197 5470 4749 5370 5326 5044 5152 5444 5510 5092 4692 5231 5540 5425 5338 5128 5387 5124 4915 5135 5052 5591 5449 5268 5131 4939 5432 5418 5043 5244 4972 5042 5308 5259 5006 5634 5367 5094 5484 5156 5058 5270 5745 5234 5331 5132 5096 5049 5120 5572 5165 5381 5084 5089 5524 5304 5264 5189 5175 5153 4814 5257 5189 5099 5782 5869 5340 5301 5528 5252 5109 4983 5345 5312 5069 5428 5432 5969 4894 5321 5462 5123 5200 5328 5071 5430 5424 5466 5206 4991 5303 5235 5418 5538 5152 5388 5107 5229 5304 5482 5398 5021 5303 5433 5075 4970 5646 5757 4536 5504 5307 5296 5239 5334 5396 5151 5875 4845 5191 5267 4979 4976 5304 5192 6030 5553 5584 5160 5305 5368 5490 5235 5344 4497 5338 5353 5674 5266 5183 5400 4741 5389 5341 5273 5704 5360 5179 5542 5425 5312 4952 5525 5367 4979 5042 5473 5077 5354 5044 5636 4997 5464 5387 5100 4940 5256 5291 5128 5169 5233 5514 4935 5245 5371 5105 5191 5666 5402 4962 5335 5693 4790 4956 5402 4749
4966 5015 4590 5102 5318 5156 5413 5186 4794 4948 5260 5094 4805 5206 5324 5014 4640 5010 5200 5096 4721 5370 5001 4896 5227 5256 4687 4968 5064 4823 5193 5279 4890 5176 5389 5172 5227 5196 5216 5826 5277 5142 4874 5075 5197 5110 4922 5089 5148 5213 5223 5372 5692 5507 5098 5104 5096 5265 4830 4986 4819 5393 5335 5214 5276 5066 5027 5073 5509 4893 5041 5105 5112 4922 5174 5159 5138 5229 5479 5262 5310 4891 5276 5253 5404 5067 4970 5277 4850 5308 5000 5237 5505 5194 5315 5230 5234 5495 5310 5129 5048 4943 5023 5258 5017 4821 5028 5106 5163 5370 4873 4348 5163 5520 5321 5099 4866 5012 5080 4949 5312 5296 5402 4782 5058 5465 5181 5472 4910 5021 4813 5027 5117 5040 5015 5265 5797 5308 5383 5519 5110 5098 5230 5039 5103 4846 5441 5732 5778 4767 5167 5429 5024 5131 5221 5402 5616 5503 5063 5088 5308 4916 5049 5163 5524 5104 4789 5226 5262 5061 5341 5407 5272 5437 5318 5086 4887 5721 5507 4721 5070 5177 4906 4959 5178 5272 5155 5598 5024 4966 5599 4968 4895 5155 5378 5990 5341 5354 5185 5288 5259 5284 5199 5655 4476 5364 5258 5082 5158 4964 5257 4799 5279 5405 5203 5427 5355 5027 5487 5416 4850 5175 5316 5500 4958 5124 5017 4999 5087 4740 5440 5085 5369 5349 5057 4961 4999 5254 5199 5095 5102 5056 4981 4841 5044 4963 5189 5644 5136 4719 5358 5257 4803 4847 5208 4784
5084 4690 4397 5130 5166 5122 5415 5049 5087 4863 4992 4943 4722 5018 5147 4890 4661 4984 5309 4945 4662 5225 5019 4771 5011 5241 4777 5122 4872 4928 5092 5246 5000 5068 5531 5048 5331 4931 5290 5319 4917 5337 4807 4751 5150 4865 5059 4969 5024 4812 5267 4857 5373 5110 5135 5144 4569 4878 4816 5003 4657 5333 5423 5073 4952 4604 4842 4942 5034 4729 4787 4804 5070 4871 5151 4844 4664 4937 5004 4938 5134 4479 4651 4871 5106 5140 4996 4765 5104 4785 4968 4898 5499 5373 4872 4880 4708 5090 5322 4830 5235 4490 4813 5279 5106 4624 5299 5315 4817 5255 4814 4552 4954 5515 4984 5025 4951 5145 4980 4782 5168 5016 5031 4747 4989 5544 5188 4947 5243 4794 4904 4833 5223 4934 4919 5211 5680 5340 5283 5535 5178 5193 4742 5103 5181 4691 5119 5164 5526 4692 5120 5115 4888 4894 4592 4984 5164 5248 5350 5188 4889 5114 5059 5067 5546 5216 4802 4759 4971 5042 4926 5316 5098 5340 5058 4875 4931 5149 5211 4639 5215 5567 4898 4933 5055 5375 4927 5482 4766 5024 5174 4906 4807 5293 4966 5800 5223 5343 4871 5066 5001 5435 5051 5396 4568 4939 5238 5131 4965 4871 5094 5004 4963 5372 4985 5694 5131 4448 4918 5009 5132 4855 5282 4908 4761 5159 5185 5210 5094 4826 5132 4857 5028 4730 4921 4977 4956 4779 4664 4804 5058 5054 4860 4774 5310 4924 4993 5512 5017 4797 4958 5329 4863 4968 5340 4657
4909 4994 4938 5329 5290 5327 5836 5115 5141 5172 5411 4979 4962 5386 5288 4852 4733 5180 5544 4929 4912 5236 5032 4840 5154 5286 4853 5139 4782 4866 4939 5279 4808 5149 5538 5126 5330 5185 5333 5648 5031 5399 5132 5035 5303 5182 5320 4987 4990 5255 5203 5062 5622 5135 5124 5298 4738 5278 4830 4729 4783 5598 5642 5225 5320 4972 4881 5168 5280 5273 5137 5313 5016 4771 5268 5351 5193 5025 5429 5594 5197 4873 5059 5419 5624 5117 5110 5490 4823 5269 5294 5170 5632 5238 5112 5133 5245 5363 5481 5020 5219 4826 4900 5284 4991 5028 5161 5164 5240 5580 5027 4867 5215 5788 5138 5508 4774 5020 5247 5037 5229 5098 5500 4597 5227 5393 5216 5411 5198 5169 5091 4896 5644 5212 4878 5161 5586 5501 5617 5542 5255 4779 5063 5414 5414 4995 5333 5428 5691 4767 5254 5518 5254 5311 5371 5252 5343 5347 5225 5251 5314 4987 5079 5301 5654 5124 4978 5030 5149 5091 5388 5499 4945 5264 5572 5181 5104 5378 5693 4773 5188 5475 5307 5017 5158 5158 5307 5605 4921 5269 5545 4930 5150 5028 5064 5684 5331 5407 5317 5335 5349 5499 5038 5509 4674 5363 5420 5419 5124 5036 5295 4997 5392 5142 5177 5604 5300 5187 5575 5277 5183 5406 5201 5156 5045 4976 5099 5277 5396 4926 5417 4962 5342 5143 5055 5039 4767 5227 5169 5296 5190 5125 4934 5104 5499 4866 5363 5678 5279 5055 5292 5473 4919 5060 5540 4990
5211 4765 4667 4915 4890 5201 5244 4826 4748 4854 5253 4958 4558 5069 5447 4910 4536 5103 5007 4918 4970 5323 4922 4869 5136 5333 4848 5105 4906 4730 4990 5066 4779 4953 5426 5156 5212 4845 5129 5599 4967 5073 4709 4810 5386 4821 5060 5089 4953 4902 5191 4994 5384 5177 5032 5152 4867 5051 4744 4894 4757 5257 5263 5060 5093 4884 4842 4933 5424 4925 4953 5055 5022 4625 5214 4919 5029 5211 5162 4996 5241 4707 4951 5132 5354 5130 4824 5304 4780 4853 4860 4876 5312 5270 5156 4968 5129 5446 5307 4656 4998 4674 4967 5165 5183 4662 5098 4858 5063 5271 4677 4767 5205 5574 5084 4927 5000 5074 4942 4854 5091 4910 4880 4646 5143 5264 5161 5025 4877 4882 4739 4940 5311 4974 4859 5410 5545 5109 5492 5502 5026 5013 4700 5142 5175 4686 4983 5387 5652 4617 5224 5270 5036 5146 5032 5090 5274 5338 5227 5290 4838 5040 4938 5315 5387 4838 4895 5036 4939 5183 5162 5195 5013 5554 5431 4793 4762 5185 5491 4801 5063 5309 5185 4889 5222 5229 5122 5506 4601 5062 5385 4802 5077 5073 4999 5538 5207 5501 5157 4934 5089 5480 5061 5313 4387 5074 4776 5088 5085 4875 5118 4820 4852 5202 5191 5349 5278 4497 5322 5184 4957 4877 5085 4966 5041 5030 5176 4956 4965 5043 5202 4898 5180 4868 4533 4934 4714 4893 4760 4992 4988 5236 4978 5083 5315 4907 5032 5408 5214 4900 5110 5330 4814 4780 5399 4814
4991 4653 4433 4968 4934 5059 5127 4868 4659 4687 5077 4906 5112 4911 5351 4659 4252 4667 5024 4895 4695 5253 5038 4708 4955 5135 4606 5233 4665 4588 4984 5083 4991 5018 5478 5151 5269 4957 5226 5531 4588 5069 5048 4605 5045 4901 5027 5055 4859 5113 5317 5011 5142 5312 4787 4924 4798 4744 4577 5128 4431 5203 4727 4973 4755 4678 4833 5144 5244 5026 4782 4952 4983 4712 4911 4941 4704 5174 5054 4958 5156 4796 4758 5295 5181 4997 4687 5097 4878 4827 4891 4727 5281 5142 4985 4921 5017 5255 5120 4914 4818 4645 4954 5161 4974 4629 5087 4974 5091 5444 4766 4791 4947 5544 5089 4939 4857 4848 4764 4886 4965 5011 4997 4736 4809 5326 4639 5049 5004 5142 4775 4978 5193 4962 4823 5422 5516 5222 5244 5336 5218 4895 4761 5210 4937 4807 5044 5505 5616 4917 5182 5217 4878 5086 4932 5059 5457 5315 4985 4760 4779 4827 4989 4993 5417 4774 4919 4796 4899 4957 5174 5115 4861 5140 5344 4793 4996 5052 5053 4763 5039 5390 4911 4735 5106 5149 4760 5114 4689 5016 5158 4802 4692 5280 4802 5386 4720 5185 4855 4830 5182 5130 5071 5180 4511 4996 4868 5040 5050 4853 4993 4795 4966 5445 5236 5266 4933 4617 5248 5139 4958 4762 5358 4785 4694 5063 4994 5056 5088 4758 4873 4704 4719 4858 4690 4570 4664 5134 4720 4964 5097 5141 4718 4968 5217 4791 4928 5364 5104 4929 5320 5406 4837 4919 5471 4428
4629 4561 4091 4751 4882 4738 4924 4450 4505 4680 4848 4633 4374 4833 4703 4634 4290 4828 4878 4420 4285 4751 4396 4357 4715 4764 4398 4641 4485 4521 4769 4628 4474 4747 4953 5012 4820 4391 4869 5110 4787 4695 4518 4342 4669 4661 4602 4911 4541 4596 4621 4540 4984 4751 4646 4758 4582 4545 4320 4714 4379 4855 4912 4678 4721 4544 4614 4818 5005 4455 4566 4512 4630 4388 4807 4701 4617 4836 4811 4729 4801 4162 4634 4619 4790 4455 4666 4692 4549 4673 4585 4363 5185 4771 4575 4611 4676 4957 4635 4642 4822 4241 4700 4685 4904 4590 4711 4524 4615 5049 4390 4260 4744 5113 4541 4770 4303 4597 4388 4620 4473 4671 4802 4416 4657 5040 4326 4614 4706 4464 4635 4624 4740 4729 4478 4902 5114 4995 5249 5103 4760 4529 4500 4923 4767 4423 4724 4977 4933 4421 4624 4935 4579 4688 4527 4638 5059 4739 4722 4597 4697 4541 4457 4811 5229 4757 4490 4717 4624 4755 4704 4954 4545 4871 5045 4572 4575 4854 4905 4415 4839 4900 4625 4675 4686 5086 4819 4974 4239 4882 4721 4404 4746 4470 4834 5063 4963 4716 4759 4549 4737 4948 4602 5003 4121 4684 4731 4777 4795 4675 4719 4469 4480 5012 4639 5121 4825 4281 4803 4764 4568 4556 4680 4648 4715 4858 4544 4795 4980 4537 4599 4752 4658 4473 4296 4636 4600 4576 4673 4685 4732 4875 4543 4443 4707 4457 4615 5278 4818 4378 4692 5050 4466 4628 4956 4265
4890 4869 4386 5255 5152 5144 5414 5244 4836 5007 5002 4992 4974 5241 5457 4851 4461 4960 5127 4965 4926 5321 5045 4869 4977 5227 4791 5089 5102 4942 5093 5170 4992 5105 5334 5144 5392 4994 5064 5580 4996 5082 4983 4880 5354 5052 5177 5173 5107 5135 5233 4936 5501 5398 5109 5106 4775 4863 4804 5060 4611 5396 5250 5031 5197 4875 4899 5256 5197 5128 5185 5051 5133 4699 5248 5198 4902 5140 5156 5176 5121 4943 5079 5237 5322 5096 4903 5501 4954 5140 4850 5047 5430 5229 4865 4944 5090 5406 5329 5183 5196 4681 4821 5128 5017 4850 5064 4851 5132 5721 4923 4689 5193 5509 5288 5232 4691 5134 5063 4907 5209 4873 5284 4681 4877 5481 5236 5214 4889 5339 4704 4853 5516 5093 4864 5348 5757 5133 5418 5085 5054 4797 4825 5214 5282 5226 5023 5506 5545 4820 5046 5338 5070 5114 5006 4981 5408 5188 4944 5041 5171 5060 4842 5297 5451 5210 4937 4859 5231 5077 5534 5504 4977 5244 5289 4878 4872 5426 5620 4477 5203 5189 5151 4825 5182 5305 5063 5300 4787 5077 5207 4977 4876 5263 5047 5855 5237 5188 4957 5135 5479 5363 5140 5459 4592 5217 4835 5343 5042 5095 5168 4708 5419 5105 5071 5445 5461 4867 5469 5218 4981 4879 5367 5133 5068 4999 4988 5031 5265 4718 5173 5007 5171 4927 4835 4881 4811 5190 4942 5079 5060 5212 4865 4969 5191 4901 5031 5607 5024 4868 5086 5251 4875 4740 5465 4778
4712 4745 4234 4817 4919 4615 5202 4725 4507 4613 5032 4848 4707 4794 4751 4611 4225 4728 4819 4723 4381 5070 4812 4484 4576 4961 4720 4844 4709 4429 5095 5045 4769 4692 4955 4690 5061 4854 4801 5094 4877 5102 4905 4863 5047 4567 4971 4890 4874 4933 5027 4980 5188 4870 4775 4733 4602 4883 4574 4609 4425 5416 5131 4860 4836 4525 4622 4722 5305 4860 4946 4737 4955 4347 5158 4969 4827 4899 5041 5075 4903 4575 4729 4690 5119 4940 4704 5145 4603 4933 4675 4774 5249 5209 4731 4820 4740 5026 5124 4882 4751 4609 4599 5136 5002 4566 5045 4878 4760 5093 4606 4375 4857 5442 4777 4977 4888 4792 4661 4912 5066 4902 4982 4406 4708 5002 4758 4974 4813 4653 4546 4603 4813 4745 4617 5060 5395 5034 5387 5222 4882 4849 4750 5063 4916 4572 4997 5249 5198 4580 4902 5069 5044 5047 4823 4679 5220 4919 4919 4860 4813 4667 4506 4645 4996 4862 4756 4653 4786 4891 4967 5139 4861 4901 4909 4730 4729 4942 5183 4383 5011 5142 4572 4715 4673 5056 4949 5462 4893 4635 5032 4596 4866 4745 4617 5410 5145 5193 4781 4767 4820 5146 4889 5095 4004 4760 4964 4754 4626 4682 4910 4490 4898 5071 4803 5189 4783 4759 5043 5197 4724 4535 5077 4953 4625 4831 4814 4870 5166 4592 4961 4815 4920 4842 4841 4641 4637 4511 4733 4777 5005 4998 4670 4706 4955 4750 5023 5509 4648 4517 4601 4959 4483 4584 4910 4579
5604 5465 5201 5541 5509 5670 5928 5473 5463 5147 5594 5909 5661 5899 5710 5424 5005 5716 5505 5407 5486 5924 5563 5435 5677 5668 5233 5690 5665 5458 5745 5904 5492 5453 5773 5558 5680 5244 5754 6311 5384 5822 5874 5298 5703 5344 5659 5403 5252 5496 5929 5852 5736 5513 5726 5950 5461 5557 5223 5695 5343 5986 6041 5532 5771 5495 5334 5683 5932 5629 5568 5432 5565 5572 5620 5820 5487 5601 5715 5612 5806 5220 5293 5623 6055 5435 5558 5623 5562 5521 5608 5485 6225 5669 5211 5370 5481 5885 5868 5964 5770 5095 5503 5675 5711 5166 5750 5668 5417 6008 5162 5174 5671 6324 5668 5671 5510 5358 5347 5353 5716 5706 5551 5486 5530 5914 5579 5887 5922 5758 5350 5456 5861 5717 5508 5905 6281 6003 6017 6153 5662 5303 5439 5708 5789 5446 5600 6064 6373 5601 5684 5867 5483 5632 5410 5447 5892 5808 5954 5926 5706 5698 5230 5592 6187 5626 5369 5582 5746 5949 5935 5812 5584 5677 5963 5099 5518 5961 5774 5454 6126 6133 5498 5476 5804 6011 5613 6042 5302 5613 5854 5442 5241 6041 5476 6372 5912 5796 5656 5758 5873 5798 5436 5825 5129 5894 5323 5685 5567 5572 5683 5176 5770 5846 5563 6328 5723 5328 6087 6006 5610 5470 5966 5635 5490 5850 5713 5680 5541 5237 5777 5597 5484 5457 5439 5287 5753 5597 5415 5397 5917 5785 5557 5534 5831 5480 5726 6197 5596 5540 5665 5726 5426 5472 6058 5193
